Time (%),Total Time (ms),Instances,Avg (ms),Med (ms),Min (ms),Max (ms),StdDev (ms),GridXYZ,BlockXYZ,Name
23.7,7581.0858,26208,0.2893,0.2613,0.0984,1.0880,0.1237,   1    1    1,  32    1    1,"construct_columns_kernel(const vmesh::VelocityMesh *, unsigned int, unsigned int *, unsigned int *, ColumnOffsets *, unsigned int)"
6.4,2048.3749,50756,0.0404,0.0195,0.0150,1.1474,0.0421,   1    1    1,1024    1    1,"void split::tools::loop_compact<Hashinator::hash_pair<unsigned int, unsigned int>, spatial_cell::SpatialCell::adjust_velocity_blocks(const std::vector<spatial_cell::SpatialCell*, std::allocator<spatial_cell::SpatialCell*>> &, unsigned int, bool)::[lambda(const Hashinator::hash_pair<unsigned int, unsigned int> &) (instance 2)], (unsigned long)1024>(split::SplitVector<T1, split::split_unified_allocator<T1>> &, split::SplitVector<T1, split::split_unified_allocator<T1>> &, T2)"
5.5,1768.3824,52416,0.0337,0.0186,0.0136,0.6498,0.0308,   1    1    1,1024    1    1,"void split::tools::loop_compact<Hashinator::hash_pair<unsigned int, unsigned int>, gpu_acc_map_1d(spatial_cell::SpatialCell *, unsigned int, float, float, float, float, unsigned int, CUstream_st *)::[lambda(const Hashinator::hash_pair<unsigned int, unsigned int> &) (instance 1)], (unsigned long)1024>(split::SplitVector<T1, split::split_unified_allocator<T1>> &, split::SplitVector<T1, split::split_unified_allocator<T1>> &, T2)"
4.2,1347.1341,26208,0.0514,0.0419,0.0166,1.0183,0.0399,   1    1    1,   1    1    1,"count_columns_kernel(ColumnOffsets *, unsigned int *, split::SplitVector<unsigned int, split::split_unified_allocator<unsigned int>> *, split::SplitVector<Hashinator::hash_pair<unsigned int, unsigned int>, split::split_unified_allocator<Hashinator::hash_pair<unsigned int, unsigned int>>> *, split::SplitVector<Hashinator::hash_pair<unsigned int, unsigned int>, split::split_unified_allocator<Hashinator::hash_pair<unsigned int, unsigned int>>> *, split::SplitVector<Hashinator::hash_pair<unsigned int, unsigned int>, split::split_unified_allocator<Hashinator::hash_pair<unsigned int, unsigned int>>> *)"
3.4,1102.2590,26208,0.0421,0.0330,0.0127,0.6587,0.0311,   1    1    1,   1    1    1,"offsets_into_columns_kernel(ColumnOffsets *, Column *, unsigned int)"
2.8,887.3279,25378,0.0350,0.0181,0.0140,0.8300,0.0397,   1    1    1,1024    1    1,"void split::tools::loop_compact_keys<Hashinator::hash_pair<unsigned int, unsigned int>, unsigned int, spatial_cell::SpatialCell::adjust_velocity_blocks(const std::vector<spatial_cell::SpatialCell*, std::allocator<spatial_cell::SpatialCell*>> &, unsigned int, bool)::[lambda(const Hashinator::hash_pair<unsigned int, unsigned int> &) (instance 1)], (unsigned long)1024>(split::SplitVector<T1, split::split_unified_allocator<T1>> &, split::SplitVector<T2, split::split_unified_allocator<T2>> &, T3)"
2.7,871.1587,25378,0.0343,0.0173,0.0136,0.9865,0.0386,   1    1    1,1024    1    1,"void split::tools::loop_compact<Hashinator::hash_pair<unsigned int, unsigned int>, spatial_cell::SpatialCell::adjust_velocity_blocks(const std::vector<spatial_cell::SpatialCell*, std::allocator<spatial_cell::SpatialCell*>> &, unsigned int, bool)::[lambda(const Hashinator::hash_pair<unsigned int, unsigned int> &) (instance 3)], (unsigned long)1024>(split::SplitVector<T1, split::split_unified_allocator<T1>> &, split::SplitVector<T1, split::split_unified_allocator<T1>> &, T2)"
2.6,846.3776,103201,0.0082,0.0023,0.0016,0.3444,0.0170,   8    1    1,1024    1    1,"void Hashinator::Hashers::reset_all_to_empty<unsigned int, unsigned int, (unsigned int)4294967295>(Hashinator::hash_pair<T1, T2> *, Hashinator::Info *, unsigned long)"
2.4,769.8366,4544,0.1694,0.1512,0.0650,0.6974,0.0778,  52    1    1,  16    1    1,"acceleration_kernel(const vmesh::VelocityMesh *, vmesh::VelocityBlockContainer *, VecSimple<float> *, unsigned int *, unsigned int *, Column *, unsigned int, float, float, float, float, float, float, float, float, unsigned long)"
2.4,753.5688,26208,0.0288,0.0162,0.0137,0.5503,0.0269,   1    1    1,1024    1    1,"void split::tools::loop_compact<Hashinator::hash_pair<unsigned int, unsigned int>, gpu_acc_map_1d(spatial_cell::SpatialCell *, unsigned int, float, float, float, float, unsigned int, CUstream_st *)::[lambda(const Hashinator::hash_pair<unsigned int, unsigned int> &) (instance 2)], (unsigned long)1024>(split::SplitVector<T1, split::split_unified_allocator<T1>> &, split::SplitVector<T1, split::split_unified_allocator<T1>> &, T2)"
2.3,729.9312,26208,0.0279,0.0146,0.0133,0.4204,0.0249,   1    1    1, 256    1    1,"void cub::DeviceRadixSortSingleTileKernel<cub::DeviceRadixSortPolicy<unsigned int, unsigned int, unsigned int>::Policy800, (bool)0, unsigned int, unsigned int, unsigned int>(const T3 *, T3 *, const T4 *, T4 *, T5, int, int)"
2.2,717.8372,4224,0.1699,0.1536,0.0625,0.6479,0.0730,  36    1    1,  16    1    1,"acceleration_kernel(const vmesh::VelocityMesh *, vmesh::VelocityBlockContainer *, VecSimple<float> *, unsigned int *, unsigned int *, Column *, unsigned int, float, float, float, float, float, float, float, float, unsigned long)"
2.1,684.2159,51586,0.0133,0.0048,0.0016,0.9673,0.0263,   1    1    1,   1    1    1,"resize_vbc_kernel_pre(vmesh::VelocityMesh *, vmesh::VelocityBlockContainer *, split::SplitVector<unsigned int, split::split_unified_allocator<unsigned int>> *, split::SplitVector<Hashinator::hash_pair<unsigned int, unsigned int>, split::split_unified_allocator<Hashinator::hash_pair<unsigned int, unsigned int>>> *, split::SplitVector<Hashinator::hash_pair<unsigned int, unsigned int>, split::split_unified_allocator<Hashinator::hash_pair<unsigned int, unsigned int>>> *, split::SplitVector<Hashinator::hash_pair<unsigned int, unsigned int>, split::split_unified_allocator<Hashinator::hash_pair<unsigned int, unsigned int>>> *, unsigned int *, float *)"
2.1,668.3048,22435,0.0298,0.0098,0.0075,0.9827,0.0435,  64    1    1, 832    1    1,"update_velocity_halo_kernel(vmesh::VelocityMesh *, unsigned int, unsigned int *, Hashinator::Hashmap<unsigned int, unsigned int, (unsigned int)4294967295, (unsigned int)4294967294, Hashinator::HashFunctions::Fibonacci<unsigned int>, Hashinator::Hashers::Hasher<unsigned int, unsigned int, Hashinator::HashFunctions::Fibonacci<unsigned int>, (unsigned int)4294967295, (unsigned int)4294967294, (int)32, (int)1>, split::split_unified_allocator<Hashinator::Info>> *, Hashinator::Hashmap<unsigned int, unsigned int, (unsigned int)4294967295, (unsigned int)4294967294, Hashinator::HashFunctions::Fibonacci<unsigned int>, Hashinator::Hashers::Hasher<unsigned int, unsigned int, Hashinator::HashFunctions::Fibonacci<unsigned int>, (unsigned int)4294967295, (unsigned int)4294967294, (int)32, (int)1>, split::split_unified_allocator<Hashinator::Info>> *)"
1.8,589.9091,25378,0.0232,0.0200,0.0175,0.2331,0.0137,   1    1    1,1024    1    1,"void split::tools::loop_compact_keys<Hashinator::hash_pair<unsigned int, unsigned int>, unsigned int, Hashinator::Hashmap<unsigned int, unsigned int, (unsigned int)4294967295, (unsigned int)4294967294, Hashinator::HashFunctions::Fibonacci<unsigned int>, Hashinator::Hashers::Hasher<unsigned int, unsigned int, Hashinator::HashFunctions::Fibonacci<unsigned int>, (unsigned int)4294967295, (unsigned int)4294967294, (int)32, (int)1>, split::split_unified_allocator<Hashinator::Info>>::extractAllKeysLoop(split::SplitVector<unsigned int, split::split_unified_allocator<unsigned int>> &, CUstream_st *)::[lambda(const Hashinator::hash_pair<unsigned int, unsigned int> &) (instance 1)], (unsigned long)1024>(split::SplitVector<T1, split::split_unified_allocator<T1>> &, split::SplitVector<T2, split::split_unified_allocator<T2>> &, T3)"
1.5,488.6154,10394,0.0470,0.0063,0.0034,1.1401,0.0781,   1    1    1,   1    1    1,"resize_vbc_kernel_post(vmesh::VelocityMesh *, vmesh::VelocityBlockContainer *, unsigned int)"
1.5,473.8281,2016,0.2350,0.2182,0.0897,0.7222,0.0841,  44    1    1,  16    1    1,"acceleration_kernel(const vmesh::VelocityMesh *, vmesh::VelocityBlockContainer *, VecSimple<float> *, unsigned int *, unsigned int *, Column *, unsigned int, float, float, float, float, float, float, float, float, unsigned long)"
1.5,466.8479,30,15.5616,13.6007,13.4947,20.3983,3.0420,   9   72    1,   4    4    4,"translation_kernel(unsigned int, float, unsigned int *, unsigned int *, unsigned int *, unsigned int, unsigned int, unsigned int, float, split::SplitVector<vmesh::VelocityMesh *, split::split_unified_allocator<vmesh::VelocityMesh *>> *, split::SplitVector<vmesh::VelocityBlockContainer *, split::split_unified_allocator<vmesh::VelocityBlockContainer *>> *, float **, VecSimple<float> **, float *, float *, unsigned int *)"
0.9,287.7397,1852,0.1554,0.1416,0.0692,0.4869,0.0664,  58    1    1,  16    1    1,"acceleration_kernel(const vmesh::VelocityMesh *, vmesh::VelocityBlockContainer *, VecSimple<float> *, unsigned int *, unsigned int *, Column *, unsigned int, float, float, float, float, float, float, float, float, unsigned long)"
0.9,275.2810,1505,0.1829,0.1808,0.0040,0.6132,0.1098, 912    1    1,   4    4    4,"void spatial_cell::add_blocks_from_buffer_kernel<float>(const vmesh::VelocityMesh *, vmesh::VelocityBlockContainer *, unsigned int, const unsigned int *, const T1 *, unsigned int)"
0.8,260.3010,10776,0.0242,0.0075,0.0058,0.9872,0.0393,  52    1    1,1024    1    1,"update_neighbour_halo_kernel(vmesh::VelocityMesh *, unsigned int, unsigned int **, unsigned int *, Hashinator::Hashmap<unsigned int, unsigned int, (unsigned int)4294967295, (unsigned int)4294967294, Hashinator::HashFunctions::Fibonacci<unsigned int>, Hashinator::Hashers::Hasher<unsigned int, unsigned int, Hashinator::HashFunctions::Fibonacci<unsigned int>, (unsigned int)4294967295, (unsigned int)4294967294, (int)32, (int)1>, split::split_unified_allocator<Hashinator::Info>> *, Hashinator::Hashmap<unsigned int, unsigned int, (unsigned int)4294967295, (unsigned int)4294967294, Hashinator::HashFunctions::Fibonacci<unsigned int>, Hashinator::Hashers::Hasher<unsigned int, unsigned int, Hashinator::HashFunctions::Fibonacci<unsigned int>, (unsigned int)4294967295, (unsigned int)4294967294, (int)32, (int)1>, split::split_unified_allocator<Hashinator::Info>> *)"
0.8,255.1243,10394,0.0245,0.0034,0.0020,0.9411,0.0484,   4    1    1,1024    1    1,"void split::tools::scan_reduce_raw<Hashinator::hash_pair<unsigned int, unsigned int>, void Hashinator::Hashmap<unsigned int, unsigned int, (unsigned int)4294967295, (unsigned int)4294967294, Hashinator::HashFunctions::Fibonacci<unsigned int>, Hashinator::Hashers::Hasher<unsigned int, unsigned int, Hashinator::HashFunctions::Fibonacci<unsigned int>, (unsigned int)4294967295, (unsigned int)4294967294, (int)32, (int)1>, split::split_unified_allocator<Hashinator::Info>>::clean_tombstones<(bool)0>(CUstream_st *)::[lambda(Hashinator::hash_pair<unsigned int, unsigned int> &) (instance 1)]>(T1 *, unsigned int *, T2, unsigned long)"
0.7,239.0919,10394,0.0230,0.0041,0.0028,0.9680,0.0458,   4    1    1,1024    1    1,"void split::tools::split_compact_raw<Hashinator::hash_pair<unsigned int, unsigned int>, void Hashinator::Hashmap<unsigned int, unsigned int, (unsigned int)4294967295, (unsigned int)4294967294, Hashinator::HashFunctions::Fibonacci<unsigned int>, Hashinator::Hashers::Hasher<unsigned int, unsigned int, Hashinator::HashFunctions::Fibonacci<unsigned int>, (unsigned int)4294967295, (unsigned int)4294967294, (int)32, (int)1>, split::split_unified_allocator<Hashinator::Info>>::clean_tombstones<(bool)0>(CUstream_st *)::[lambda(Hashinator::hash_pair<unsigned int, unsigned int> &) (instance 1)], (unsigned long)1024, (unsigned long)32>(T1 *, unsigned int *, unsigned int *, T1 *, T2, unsigned long, unsigned long, unsigned int *)"
0.7,237.8959,22,10.8135,10.5400,9.8736,16.0552,1.2432,1224    1    1,   4    4    4,"first_moments_kernel(vmesh::VelocityBlockContainer **, double *, unsigned int)"
0.7,234.8395,1010,0.2325,0.2170,0.0894,0.6346,0.0846,  88    1    1,  16    1    1,"acceleration_kernel(const vmesh::VelocityMesh *, vmesh::VelocityBlockContainer *, VecSimple<float> *, unsigned int *, unsigned int *, Column *, unsigned int, float, float, float, float, float, float, float, float, unsigned long)"
0.7,218.5548,996,0.2194,0.2049,0.0795,0.6870,0.0837,  60    1    1,  16    1    1,"acceleration_kernel(const vmesh::VelocityMesh *, vmesh::VelocityBlockContainer *, VecSimple<float> *, unsigned int *, unsigned int *, Column *, unsigned int, float, float, float, float, float, float, float, float, unsigned long)"
0.6,199.4972,7800,0.0256,0.0069,0.0052,0.6864,0.0407,  34    1    1,1024    1    1,"update_neighbour_halo_kernel(vmesh::VelocityMesh *, unsigned int, unsigned int **, unsigned int *, Hashinator::Hashmap<unsigned int, unsigned int, (unsigned int)4294967295, (unsigned int)4294967294, Hashinator::HashFunctions::Fibonacci<unsigned int>, Hashinator::Hashers::Hasher<unsigned int, unsigned int, Hashinator::HashFunctions::Fibonacci<unsigned int>, (unsigned int)4294967295, (unsigned int)4294967294, (int)32, (int)1>, split::split_unified_allocator<Hashinator::Info>> *, Hashinator::Hashmap<unsigned int, unsigned int, (unsigned int)4294967295, (unsigned int)4294967294, Hashinator::HashFunctions::Fibonacci<unsigned int>, Hashinator::Hashers::Hasher<unsigned int, unsigned int, Hashinator::HashFunctions::Fibonacci<unsigned int>, (unsigned int)4294967295, (unsigned int)4294967294, (int)32, (int)1>, split::split_unified_allocator<Hashinator::Info>> *)"
0.6,184.4029,10394,0.0177,0.0030,0.0019,0.9445,0.0395,   1    1    1,   2    1    1,"void split::tools::split_prescan<unsigned int>(T1 *, T1 *, T1 *, int, unsigned long)"
0.6,176.2003,848,0.2078,0.1934,0.0818,0.5725,0.0856,  80    1    1,  16    1    1,"acceleration_kernel(const vmesh::VelocityMesh *, vmesh::VelocityBlockContainer *, VecSimple<float> *, unsigned int *, unsigned int *, Column *, unsigned int, float, float, float, float, float, float, float, float, unsigned long)"
0.4,143.1292,808,0.1771,0.1645,0.0908,0.4663,0.0662,  92    1    1,  16    1    1,"acceleration_kernel(const vmesh::VelocityMesh *, vmesh::VelocityBlockContainer *, VecSimple<float> *, unsigned int *, unsigned int *, Column *, unsigned int, float, float, float, float, float, float, float, float, unsigned long)"
0.4,138.3132,14880,0.0093,0.0068,0.0060,0.2536,0.0171, 228    1    1,  64    1    1,"update_velocity_block_content_lists_kernel(vmesh::VelocityMesh *, vmesh::VelocityBlockContainer *, Hashinator::Hashmap<unsigned int, unsigned int, (unsigned int)4294967295, (unsigned int)4294967294, Hashinator::HashFunctions::Fibonacci<unsigned int>, Hashinator::Hashers::Hasher<unsigned int, unsigned int, Hashinator::HashFunctions::Fibonacci<unsigned int>, (unsigned int)4294967295, (unsigned int)4294967294, (int)32, (int)1>, split::split_unified_allocator<Hashinator::Info>> *, Hashinator::Hashmap<unsigned int, unsigned int, (unsigned int)4294967295, (unsigned int)4294967294, Hashinator::HashFunctions::Fibonacci<unsigned int>, Hashinator::Hashers::Hasher<unsigned int, unsigned int, Hashinator::HashFunctions::Fibonacci<unsigned int>, (unsigned int)4294967295, (unsigned int)4294967294, (int)32, (int)1>, split::split_unified_allocator<Hashinator::Info>> *, double)"
0.4,131.5260,788,0.1669,0.1515,0.0772,0.5215,0.0702,  57    1    1,  16    1    1,"acceleration_kernel(const vmesh::VelocityMesh *, vmesh::VelocityBlockContainer *, VecSimple<float> *, unsigned int *, unsigned int *, Column *, unsigned int, float, float, float, float, float, float, float, float, unsigned long)"
0.4,128.9164,4544,0.0284,0.0134,0.0106,0.9348,0.0380,  52    1    1,  32    1    1,"evaluate_column_extents_kernel(unsigned int, const vmesh::VelocityMesh *, ColumnOffsets *, Column *, split::SplitVector<unsigned int, split::split_unified_allocator<unsigned int>> *, Hashinator::Hashmap<unsigned int, unsigned int, (unsigned int)4294967295, (unsigned int)4294967294, Hashinator::HashFunctions::Fibonacci<unsigned int>, Hashinator::Hashers::Hasher<unsigned int, unsigned int, Hashinator::HashFunctions::Fibonacci<unsigned int>, (unsigned int)4294967295, (unsigned int)4294967294, (int)32, (int)1>, split::split_unified_allocator<Hashinator::Info>> *, Hashinator::Hashmap<unsigned int, unsigned int, (unsigned int)4294967295, (unsigned int)4294967294, Hashinator::HashFunctions::Fibonacci<unsigned int>, Hashinator::Hashers::Hasher<unsigned int, unsigned int, Hashinator::HashFunctions::Fibonacci<unsigned int>, (unsigned int)4294967295, (unsigned int)4294967294, (int)32, (int)1>, split::split_unified_allocator<Hashinator::Info>> *, unsigned int *, unsigned int *, float, float, float, float, int, int, float, float, unsigned int *)"
0.4,125.8739,4224,0.0298,0.0139,0.0113,0.9375,0.0412,  36    1    1,  32    1    1,"evaluate_column_extents_kernel(unsigned int, const vmesh::VelocityMesh *, ColumnOffsets *, Column *, split::SplitVector<unsigned int, split::split_unified_allocator<unsigned int>> *, Hashinator::Hashmap<unsigned int, unsigned int, (unsigned int)4294967295, (unsigned int)4294967294, Hashinator::HashFunctions::Fibonacci<unsigned int>, Hashinator::Hashers::Hasher<unsigned int, unsigned int, Hashinator::HashFunctions::Fibonacci<unsigned int>, (unsigned int)4294967295, (unsigned int)4294967294, (int)32, (int)1>, split::split_unified_allocator<Hashinator::Info>> *, Hashinator::Hashmap<unsigned int, unsigned int, (unsigned int)4294967295, (unsigned int)4294967294, Hashinator::HashFunctions::Fibonacci<unsigned int>, Hashinator::Hashers::Hasher<unsigned int, unsigned int, Hashinator::HashFunctions::Fibonacci<unsigned int>, (unsigned int)4294967295, (unsigned int)4294967294, (int)32, (int)1>, split::split_unified_allocator<Hashinator::Info>> *, unsigned int *, unsigned int *, float, float, float, float, int, int, float, float, unsigned int *)"
0.4,112.2224,1568,0.0716,0.0705,0.0577,0.0927,0.0041, 456    1    1,  32    1    1,"void arch::reduction_kernel<(unsigned int)32, (arch::reduce_op)2, (unsigned int)4, (unsigned int)0, DRO::VariablePrecipitationDiffFlux::reduceData(const spatial_cell::SpatialCell *, char *)::[lambda(unsigned int, unsigned int, unsigned int, unsigned int, double *) (instance 1)], double>(T5, const T6 *, T6 *, const unsigned int *, unsigned int, unsigned int, T6 *)"
0.3,107.5238,590,0.1822,0.1617,0.0872,0.6214,0.0738,  91    1    1,  16    1    1,"acceleration_kernel(const vmesh::VelocityMesh *, vmesh::VelocityBlockContainer *, VecSimple<float> *, unsigned int *, unsigned int *, Column *, unsigned int, float, float, float, float, float, float, float, float, unsigned long)"
0.3,98.4915,4544,0.0217,0.0078,0.0058,0.2605,0.0306,  52    1    1,  16    1    1,"reorder_blocks_by_dimension_kernel(vmesh::VelocityBlockContainer *, VecSimple<float> *, unsigned int *, unsigned int *, ColumnOffsets *)"
0.3,95.0907,572,0.1662,0.1487,0.0767,0.5607,0.0685,  56    1    1,  16    1    1,"acceleration_kernel(const vmesh::VelocityMesh *, vmesh::VelocityBlockContainer *, VecSimple<float> *, unsigned int *, unsigned int *, Column *, unsigned int, float, float, float, float, float, float, float, float, unsigned long)"
0.3,93.5806,4224,0.0222,0.0084,0.0063,0.3490,0.0299,  36    1    1,  16    1    1,"reorder_blocks_by_dimension_kernel(vmesh::VelocityBlockContainer *, VecSimple<float> *, unsigned int *, unsigned int *, ColumnOffsets *)"
0.3,91.9772,1529,0.0602,0.0476,0.0042,0.5667,0.0616,  29    1    1,1024    1    1,"void Hashinator::Hashers::insert_index_kernel<unsigned int, unsigned int, (unsigned int)4294967295, Hashinator::HashFunctions::Fibonacci<unsigned int>, (int)32, (int)1>(T1 *, Hashinator::hash_pair<T1, T2> *, Hashinator::Info *, unsigned long)"
0.3,89.9110,1658,0.0542,0.0442,0.0020,0.4709,0.0429,   1    1    1, 128    1    1,"void split::tools::block_compact<Hashinator::hash_pair<unsigned int, unsigned int>, void Hashinator::Hashmap<unsigned int, unsigned int, (unsigned int)4294967295, (unsigned int)4294967294, Hashinator::HashFunctions::Fibonacci<unsigned int>, Hashinator::Hashers::Hasher<unsigned int, unsigned int, Hashinator::HashFunctions::Fibonacci<unsigned int>, (unsigned int)4294967295, (unsigned int)4294967294, (int)32, (int)1>, split::split_unified_allocator<Hashinator::Info>>::device_rehash<(bool)1>(int, CUstream_st *)::[lambda(Hashinator::hash_pair<unsigned int, unsigned int> &) (instance 1)], (unsigned long)1024>(T1 *, T1 *, unsigned long, T2, unsigned int *)"
0.3,85.4164,528,0.1618,0.1470,0.0772,0.4433,0.0695,  59    1    1,  16    1    1,"acceleration_kernel(const vmesh::VelocityMesh *, vmesh::VelocityBlockContainer *, VecSimple<float> *, unsigned int *, unsigned int *, Column *, unsigned int, float, float, float, float, float, float, float, float, unsigned long)"
0.3,84.4714,484,0.1745,0.1572,0.0887,0.4990,0.0683,  82    1    1,  16    1    1,"acceleration_kernel(const vmesh::VelocityMesh *, vmesh::VelocityBlockContainer *, VecSimple<float> *, unsigned int *, unsigned int *, Column *, unsigned int, float, float, float, float, float, float, float, float, unsigned long)"
0.3,83.8868,1509,0.0556,0.0587,0.0069,0.2370,0.0363, 912    1    1,  64    1    1,"update_velocity_block_content_lists_kernel(vmesh::VelocityMesh *, vmesh::VelocityBlockContainer *, Hashinator::Hashmap<unsigned int, unsigned int, (unsigned int)4294967295, (unsigned int)4294967294, Hashinator::HashFunctions::Fibonacci<unsigned int>, Hashinator::Hashers::Hasher<unsigned int, unsigned int, Hashinator::HashFunctions::Fibonacci<unsigned int>, (unsigned int)4294967295, (unsigned int)4294967294, (int)32, (int)1>, split::split_unified_allocator<Hashinator::Info>> *, Hashinator::Hashmap<unsigned int, unsigned int, (unsigned int)4294967295, (unsigned int)4294967294, Hashinator::HashFunctions::Fibonacci<unsigned int>, Hashinator::Hashers::Hasher<unsigned int, unsigned int, Hashinator::HashFunctions::Fibonacci<unsigned int>, (unsigned int)4294967295, (unsigned int)4294967294, (int)32, (int)1>, split::split_unified_allocator<Hashinator::Info>> *, double)"
0.2,78.0040,348,0.2241,0.2036,0.1052,0.4777,0.0757, 112    1    1,  16    1    1,"acceleration_kernel(const vmesh::VelocityMesh *, vmesh::VelocityBlockContainer *, VecSimple<float> *, unsigned int *, unsigned int *, Column *, unsigned int, float, float, float, float, float, float, float, float, unsigned long)"
0.2,77.5467,4224,0.0184,0.0044,0.0032,0.1622,0.0237,   9    1    1,  32    1    1,"order_GIDs_kernel(const vmesh::VelocityMesh *, unsigned int *, unsigned int *, unsigned int, unsigned int *, unsigned int *, unsigned int, ColumnOffsets *)"
0.2,74.7414,2784,0.0268,0.0079,0.0062,0.3351,0.0336,  58    1    1,  64    1    1,"update_velocity_blocks_kernel(vmesh::VelocityMesh *, vmesh::VelocityBlockContainer *, split::SplitVector<unsigned int, split::split_unified_allocator<unsigned int>> *, split::SplitVector<Hashinator::hash_pair<unsigned int, unsigned int>, split::split_unified_allocator<Hashinator::hash_pair<unsigned int, unsigned int>>> *, split::SplitVector<Hashinator::hash_pair<unsigned int, unsigned int>, split::split_unified_allocator<Hashinator::hash_pair<unsigned int, unsigned int>>> *, split::SplitVector<Hashinator::hash_pair<unsigned int, unsigned int>, split::split_unified_allocator<Hashinator::hash_pair<unsigned int, unsigned int>>> *, unsigned int, unsigned int, unsigned int, float *)"
0.2,66.3945,3872,0.0171,0.0043,0.0035,0.1733,0.0221,  11    1    1,  32    1    1,"order_GIDs_kernel(const vmesh::VelocityMesh *, unsigned int *, unsigned int *, unsigned int, unsigned int *, unsigned int *, unsigned int, ColumnOffsets *)"
0.2,66.3690,4224,0.0157,0.0043,0.0032,0.3868,0.0226,   8    1    1,  32    1    1,"order_GIDs_kernel(const vmesh::VelocityMesh *, unsigned int *, unsigned int *, unsigned int, unsigned int *, unsigned int *, unsigned int, ColumnOffsets *)"
0.2,64.3489,2016,0.0319,0.0140,0.0113,0.9260,0.0554,  44    1    1,  32    1    1,"evaluate_column_extents_kernel(unsigned int, const vmesh::VelocityMesh *, ColumnOffsets *, Column *, split::SplitVector<unsigned int, split::split_unified_allocator<unsigned int>> *, Hashinator::Hashmap<unsigned int, unsigned int, (unsigned int)4294967295, (unsigned int)4294967294, Hashinator::HashFunctions::Fibonacci<unsigned int>, Hashinator::Hashers::Hasher<unsigned int, unsigned int, Hashinator::HashFunctions::Fibonacci<unsigned int>, (unsigned int)4294967295, (unsigned int)4294967294, (int)32, (int)1>, split::split_unified_allocator<Hashinator::Info>> *, Hashinator::Hashmap<unsigned int, unsigned int, (unsigned int)4294967295, (unsigned int)4294967294, Hashinator::HashFunctions::Fibonacci<unsigned int>, Hashinator::Hashers::Hasher<unsigned int, unsigned int, Hashinator::HashFunctions::Fibonacci<unsigned int>, (unsigned int)4294967295, (unsigned int)4294967294, (int)32, (int)1>, split::split_unified_allocator<Hashinator::Info>> *, unsigned int *, unsigned int *, float, float, float, float, int, int, float, float, unsigned int *)"
0.2,62.2820,4224,0.0147,0.0032,0.0024,0.2296,0.0250,   9    1    1,  32    1    1,"blocksID_mapped_dim1_kernel(const vmesh::VelocityMesh *, unsigned int *, unsigned int *, unsigned int)"
0.2,60.7394,352,0.1726,0.1562,0.0891,0.5027,0.0689,  79    1    1,  16    1    1,"acceleration_kernel(const vmesh::VelocityMesh *, vmesh::VelocityBlockContainer *, VecSimple<float> *, unsigned int *, unsigned int *, Column *, unsigned int, float, float, float, float, float, float, float, float, unsigned long)"
0.2,57.7031,327,0.1765,0.1610,0.0826,0.3999,0.0647,  94    1    1,  16    1    1,"acceleration_kernel(const vmesh::VelocityMesh *, vmesh::VelocityBlockContainer *, VecSimple<float> *, unsigned int *, unsigned int *, Column *, unsigned int, float, float, float, float, float, float, float, float, unsigned long)"
0.2,56.1041,4224,0.0133,0.0035,0.0027,0.4869,0.0244,   8    1    1,  32    1    1,"blocksID_mapped_dim0_kernel(const vmesh::VelocityMesh *, unsigned int *, unsigned int *, unsigned int)"
0.2,54.9541,12,4.5795,5.4161,0.3313,5.5938,1.9858, 728    1    1,   4    4    4,"first_moments_kernel(vmesh::VelocityBlockContainer **, double *, unsigned int)"
0.2,54.1871,278,0.1949,0.1760,0.0850,0.5184,0.0793, 108    1    1,  16    1    1,"acceleration_kernel(const vmesh::VelocityMesh *, vmesh::VelocityBlockContainer *, VecSimple<float> *, unsigned int *, unsigned int *, Column *, unsigned int, float, float, float, float, float, float, float, float, unsigned long)"
0.2,53.6856,3872,0.0139,0.0031,0.0025,0.2389,0.0234,  11    1    1,  32    1    1,"blocksID_mapped_dim2_kernel(const vmesh::VelocityMesh *, unsigned int *, unsigned int *, unsigned int)"
0.2,53.3790,1281,0.0417,0.0091,0.0066,0.4027,0.0560, 684    1    1,  64    1    1,"update_velocity_blocks_kernel(vmesh::VelocityMesh *, vmesh::VelocityBlockContainer *, split::SplitVector<unsigned int, split::split_unified_allocator<unsigned int>> *, split::SplitVector<Hashinator::hash_pair<unsigned int, unsigned int>, split::split_unified_allocator<Hashinator::hash_pair<unsigned int, unsigned int>>> *, split::SplitVector<Hashinator::hash_pair<unsigned int, unsigned int>, split::split_unified_allocator<Hashinator::hash_pair<unsigned int, unsigned int>>> *, split::SplitVector<Hashinator::hash_pair<unsigned int, unsigned int>, split::split_unified_allocator<Hashinator::hash_pair<unsigned int, unsigned int>>> *, unsigned int, unsigned int, unsigned int, float *)"
0.2,52.4664,2016,0.0260,0.0112,0.0078,0.3576,0.0343,  44    1    1,  16    1    1,"reorder_blocks_by_dimension_kernel(vmesh::VelocityBlockContainer *, VecSimple<float> *, unsigned int *, unsigned int *, ColumnOffsets *)"
0.2,51.0684,1852,0.0276,0.0132,0.0103,0.2989,0.0279,  58    1    1,  32    1    1,"evaluate_column_extents_kernel(unsigned int, const vmesh::VelocityMesh *, ColumnOffsets *, Column *, split::SplitVector<unsigned int, split::split_unified_allocator<unsigned int>> *, Hashinator::Hashmap<unsigned int, unsigned int, (unsigned int)4294967295, (unsigned int)4294967294, Hashinator::HashFunctions::Fibonacci<unsigned int>, Hashinator::Hashers::Hasher<unsigned int, unsigned int, Hashinator::HashFunctions::Fibonacci<unsigned int>, (unsigned int)4294967295, (unsigned int)4294967294, (int)32, (int)1>, split::split_unified_allocator<Hashinator::Info>> *, Hashinator::Hashmap<unsigned int, unsigned int, (unsigned int)4294967295, (unsigned int)4294967294, Hashinator::HashFunctions::Fibonacci<unsigned int>, Hashinator::Hashers::Hasher<unsigned int, unsigned int, Hashinator::HashFunctions::Fibonacci<unsigned int>, (unsigned int)4294967295, (unsigned int)4294967294, (int)32, (int)1>, split::split_unified_allocator<Hashinator::Info>> *, unsigned int *, unsigned int *, float, float, float, float, int, int, float, float, unsigned int *)"
0.1,47.4055,224,0.2116,0.1953,0.0898,0.7503,0.0904, 107    1    1,  16    1    1,"acceleration_kernel(const vmesh::VelocityMesh *, vmesh::VelocityBlockContainer *, VecSimple<float> *, unsigned int *, unsigned int *, Column *, unsigned int, float, float, float, float, float, float, float, float, unsigned long)"
0.1,47.2495,1568,0.0301,0.0369,0.0041,0.2280,0.0286,  29    1    1, 512    1    1,"void arch::reduction_kernel<(unsigned int)512, (arch::reduce_op)2, (unsigned int)4, (unsigned int)3, DRO::VariableEnergyDensity::reduceData(const spatial_cell::SpatialCell *, char *)::[lambda(unsigned int, unsigned int, unsigned int, unsigned int, double *) (instance 1)], double>(T5, const T6 *, T6 *, const unsigned int *, unsigned int, unsigned int, T6 *)"
0.1,47.0449,1852,0.0254,0.0112,0.0085,0.1925,0.0311,  58    1    1,  16    1    1,"reorder_blocks_by_dimension_kernel(vmesh::VelocityBlockContainer *, VecSimple<float> *, unsigned int *, unsigned int *, ColumnOffsets *)"
0.1,46.7542,2786,0.0168,0.0043,0.0035,0.1868,0.0228,  16    1    1,  32    1    1,"order_GIDs_kernel(const vmesh::VelocityMesh *, unsigned int *, unsigned int *, unsigned int, unsigned int *, unsigned int *, unsigned int, ColumnOffsets *)"
0.1,44.5517,209,0.2132,0.1903,0.0888,0.5521,0.0808, 104    1    1,  16    1    1,"acceleration_kernel(const vmesh::VelocityMesh *, vmesh::VelocityBlockContainer *, VecSimple<float> *, unsigned int *, unsigned int *, Column *, unsigned int, float, float, float, float, float, float, float, float, unsigned long)"
0.1,43.3977,352,0.1233,0.1117,0.0617,0.5719,0.0645,  54    1    1,  16    1    1,"acceleration_kernel(const vmesh::VelocityMesh *, vmesh::VelocityBlockContainer *, VecSimple<float> *, unsigned int *, unsigned int *, Column *, unsigned int, float, float, float, float, float, float, float, float, unsigned long)"
0.1,42.7158,352,0.1214,0.1146,0.0613,0.5044,0.0524,  46    1    1,  16    1    1,"acceleration_kernel(const vmesh::VelocityMesh *, vmesh::VelocityBlockContainer *, VecSimple<float> *, unsigned int *, unsigned int *, Column *, unsigned int, float, float, float, float, float, float, float, float, unsigned long)"
0.1,42.4892,274,0.1551,0.1413,0.0802,0.5289,0.0675,  86    1    1,  16    1    1,"acceleration_kernel(const vmesh::VelocityMesh *, vmesh::VelocityBlockContainer *, VecSimple<float> *, unsigned int *, unsigned int *, Column *, unsigned int, float, float, float, float, float, float, float, float, unsigned long)"
0.1,42.2385,256,0.1650,0.1439,0.0759,0.4693,0.0726,  74    1    1,  16    1    1,"acceleration_kernel(const vmesh::VelocityMesh *, vmesh::VelocityBlockContainer *, VecSimple<float> *, unsigned int *, unsigned int *, Column *, unsigned int, float, float, float, float, float, float, float, float, unsigned long)"
0.1,42.1035,1560,0.0270,0.0063,0.0046,0.6625,0.0452,  22    1    1,1024    1    1,"update_neighbour_halo_kernel(vmesh::VelocityMesh *, unsigned int, unsigned int **, unsigned int *, Hashinator::Hashmap<unsigned int, unsigned int, (unsigned int)4294967295, (unsigned int)4294967294, Hashinator::HashFunctions::Fibonacci<unsigned int>, Hashinator::Hashers::Hasher<unsigned int, unsigned int, Hashinator::HashFunctions::Fibonacci<unsigned int>, (unsigned int)4294967295, (unsigned int)4294967294, (int)32, (int)1>, split::split_unified_allocator<Hashinator::Info>> *, Hashinator::Hashmap<unsigned int, unsigned int, (unsigned int)4294967295, (unsigned int)4294967294, Hashinator::HashFunctions::Fibonacci<unsigned int>, Hashinator::Hashers::Hasher<unsigned int, unsigned int, Hashinator::HashFunctions::Fibonacci<unsigned int>, (unsigned int)4294967295, (unsigned int)4294967294, (int)32, (int)1>, split::split_unified_allocator<Hashinator::Info>> *)"
0.1,41.3878,204,0.2029,0.1863,0.0802,0.5694,0.0812,  99    1    1,  16    1    1,"acceleration_kernel(const vmesh::VelocityMesh *, vmesh::VelocityBlockContainer *, VecSimple<float> *, unsigned int *, unsigned int *, Column *, unsigned int, float, float, float, float, float, float, float, float, unsigned long)"
0.1,40.9766,1568,0.0261,0.0047,0.0041,0.0619,0.0224,  29    1    1, 512    1    1,"void arch::reduction_kernel<(unsigned int)512, (arch::reduce_op)2, (unsigned int)4, (unsigned int)3, DRO::VariablePTensorDiagonal::reduceData(const spatial_cell::SpatialCell *, char *)::[lambda(unsigned int, unsigned int, unsigned int, unsigned int, double *) (instance 1)], double>(T5, const T6 *, T6 *, const unsigned int *, unsigned int, unsigned int, T6 *)"
0.1,40.8908,1568,0.0261,0.0047,0.0041,0.0692,0.0223,  29    1    1, 512    1    1,"void arch::reduction_kernel<(unsigned int)512, (arch::reduce_op)2, (unsigned int)4, (unsigned int)3, DRO::VariablePTensorOffDiagonal::reduceData(const spatial_cell::SpatialCell *, char *)::[lambda(unsigned int, unsigned int, unsigned int, unsigned int, double *) (instance 1)], double>(T5, const T6 *, T6 *, const unsigned int *, unsigned int, unsigned int, T6 *)"
0.1,40.2775,172,0.2342,0.2206,0.1196,0.4842,0.0768, 123    1    1,  16    1    1,"acceleration_kernel(const vmesh::VelocityMesh *, vmesh::VelocityBlockContainer *, VecSimple<float> *, unsigned int *, unsigned int *, Column *, unsigned int, float, float, float, float, float, float, float, float, unsigned long)"
0.1,40.2614,2304,0.0175,0.0043,0.0035,0.3980,0.0245,  13    1    1,  32    1    1,"order_GIDs_kernel(const vmesh::VelocityMesh *, unsigned int *, unsigned int *, unsigned int, unsigned int *, unsigned int *, unsigned int, ColumnOffsets *)"
0.1,39.7462,190,0.2092,0.1914,0.0894,0.5156,0.0839, 106    1    1,  16    1    1,"acceleration_kernel(const vmesh::VelocityMesh *, vmesh::VelocityBlockContainer *, VecSimple<float> *, unsigned int *, unsigned int *, Column *, unsigned int, float, float, float, float, float, float, float, float, unsigned long)"
0.1,39.6432,176,0.2252,0.2016,0.0882,0.6049,0.0896, 122    1    1,  16    1    1,"acceleration_kernel(const vmesh::VelocityMesh *, vmesh::VelocityBlockContainer *, VecSimple<float> *, unsigned int *, unsigned int *, Column *, unsigned int, float, float, float, float, float, float, float, float, unsigned long)"
0.1,39.3222,180,0.2185,0.1982,0.1051,0.4780,0.0815, 103    1    1,  16    1    1,"acceleration_kernel(const vmesh::VelocityMesh *, vmesh::VelocityBlockContainer *, VecSimple<float> *, unsigned int *, unsigned int *, Column *, unsigned int, float, float, float, float, float, float, float, float, unsigned long)"
0.1,37.3881,191,0.1957,0.1768,0.0796,0.4609,0.0780, 105    1    1,  16    1    1,"acceleration_kernel(const vmesh::VelocityMesh *, vmesh::VelocityBlockContainer *, VecSimple<float> *, unsigned int *, unsigned int *, Column *, unsigned int, float, float, float, float, float, float, float, float, unsigned long)"
0.1,34.3887,1264,0.0272,0.0078,0.0063,0.2438,0.0334,  57    1    1,  64    1    1,"update_velocity_blocks_kernel(vmesh::VelocityMesh *, vmesh::VelocityBlockContainer *, split::SplitVector<unsigned int, split::split_unified_allocator<unsigned int>> *, split::SplitVector<Hashinator::hash_pair<unsigned int, unsigned int>, split::split_unified_allocator<Hashinator::hash_pair<unsigned int, unsigned int>>> *, split::SplitVector<Hashinator::hash_pair<unsigned int, unsigned int>, split::split_unified_allocator<Hashinator::hash_pair<unsigned int, unsigned int>>> *, split::SplitVector<Hashinator::hash_pair<unsigned int, unsigned int>, split::split_unified_allocator<Hashinator::hash_pair<unsigned int, unsigned int>>> *, unsigned int, unsigned int, unsigned int, float *)"
0.1,33.9417,1190,0.0285,0.0080,0.0063,0.2715,0.0365,  42    1    1,  64    1    1,"update_velocity_blocks_kernel(vmesh::VelocityMesh *, vmesh::VelocityBlockContainer *, split::SplitVector<unsigned int, split::split_unified_allocator<unsigned int>> *, split::SplitVector<Hashinator::hash_pair<unsigned int, unsigned int>, split::split_unified_allocator<Hashinator::hash_pair<unsigned int, unsigned int>>> *, split::SplitVector<Hashinator::hash_pair<unsigned int, unsigned int>, split::split_unified_allocator<Hashinator::hash_pair<unsigned int, unsigned int>>> *, split::SplitVector<Hashinator::hash_pair<unsigned int, unsigned int>, split::split_unified_allocator<Hashinator::hash_pair<unsigned int, unsigned int>>> *, unsigned int, unsigned int, unsigned int, float *)"
0.1,33.4883,173,0.1936,0.1765,0.0928,0.4610,0.0773,  75    1    1,  16    1    1,"acceleration_kernel(const vmesh::VelocityMesh *, vmesh::VelocityBlockContainer *, VecSimple<float> *, unsigned int *, unsigned int *, Column *, unsigned int, float, float, float, float, float, float, float, float, unsigned long)"
0.1,33.2575,2016,0.0165,0.0042,0.0035,0.4079,0.0275,  12    1    1,  32    1    1,"order_GIDs_kernel(const vmesh::VelocityMesh *, unsigned int *, unsigned int *, unsigned int, unsigned int *, unsigned int *, unsigned int, ColumnOffsets *)"
0.1,32.6971,1569,0.0208,0.0047,0.0044,0.5201,0.0619,  29    1    1, 512    1    1,"void arch::reduction_kernel<(unsigned int)512, (arch::reduce_op)2, (unsigned int)4, (unsigned int)4, void blockVelocityFirstMoments<double, (unsigned int)4>(vmesh::VelocityBlockContainer *, T1 (&)[T2], unsigned int)::[lambda(unsigned int, unsigned int, unsigned int, unsigned int, double *) (instance 1)], double>(T5, const T6 *, T6 *, const unsigned int *, unsigned int, unsigned int, T6 *)"
0.1,32.0672,1254,0.0256,0.0077,0.0062,0.2595,0.0336,  36    1    1,  64    1    1,"update_velocity_blocks_kernel(vmesh::VelocityMesh *, vmesh::VelocityBlockContainer *, split::SplitVector<unsigned int, split::split_unified_allocator<unsigned int>> *, split::SplitVector<Hashinator::hash_pair<unsigned int, unsigned int>, split::split_unified_allocator<Hashinator::hash_pair<unsigned int, unsigned int>>> *, split::SplitVector<Hashinator::hash_pair<unsigned int, unsigned int>, split::split_unified_allocator<Hashinator::hash_pair<unsigned int, unsigned int>>> *, split::SplitVector<Hashinator::hash_pair<unsigned int, unsigned int>, split::split_unified_allocator<Hashinator::hash_pair<unsigned int, unsigned int>>> *, unsigned int, unsigned int, unsigned int, float *)"
0.1,31.6079,1010,0.0313,0.0148,0.0107,0.9014,0.0396,  88    1    1,  32    1    1,"evaluate_column_extents_kernel(unsigned int, const vmesh::VelocityMesh *, ColumnOffsets *, Column *, split::SplitVector<unsigned int, split::split_unified_allocator<unsigned int>> *, Hashinator::Hashmap<unsigned int, unsigned int, (unsigned int)4294967295, (unsigned int)4294967294, Hashinator::HashFunctions::Fibonacci<unsigned int>, Hashinator::Hashers::Hasher<unsigned int, unsigned int, Hashinator::HashFunctions::Fibonacci<unsigned int>, (unsigned int)4294967295, (unsigned int)4294967294, (int)32, (int)1>, split::split_unified_allocator<Hashinator::Info>> *, Hashinator::Hashmap<unsigned int, unsigned int, (unsigned int)4294967295, (unsigned int)4294967294, Hashinator::HashFunctions::Fibonacci<unsigned int>, Hashinator::Hashers::Hasher<unsigned int, unsigned int, Hashinator::HashFunctions::Fibonacci<unsigned int>, (unsigned int)4294967295, (unsigned int)4294967294, (int)32, (int)1>, split::split_unified_allocator<Hashinator::Info>> *, unsigned int *, unsigned int *, float, float, float, float, int, int, float, float, unsigned int *)"
0.1,30.9541,176,0.1759,0.1612,0.0883,0.4985,0.0627,  78    1    1,  16    1    1,"acceleration_kernel(const vmesh::VelocityMesh *, vmesh::VelocityBlockContainer *, VecSimple<float> *, unsigned int *, unsigned int *, Column *, unsigned int, float, float, float, float, float, float, float, float, unsigned long)"
0.1,30.3860,1163,0.0261,0.0078,0.0063,0.2470,0.0333,  40    1    1,  64    1    1,"update_velocity_blocks_kernel(vmesh::VelocityMesh *, vmesh::VelocityBlockContainer *, split::SplitVector<unsigned int, split::split_unified_allocator<unsigned int>> *, split::SplitVector<Hashinator::hash_pair<unsigned int, unsigned int>, split::split_unified_allocator<Hashinator::hash_pair<unsigned int, unsigned int>>> *, split::SplitVector<Hashinator::hash_pair<unsigned int, unsigned int>, split::split_unified_allocator<Hashinator::hash_pair<unsigned int, unsigned int>>> *, split::SplitVector<Hashinator::hash_pair<unsigned int, unsigned int>, split::split_unified_allocator<Hashinator::hash_pair<unsigned int, unsigned int>>> *, unsigned int, unsigned int, unsigned int, float *)"
0.1,30.3178,152,0.1995,0.1836,0.0732,0.4717,0.0791,  96    1    1,  16    1    1,"acceleration_kernel(const vmesh::VelocityMesh *, vmesh::VelocityBlockContainer *, VecSimple<float> *, unsigned int *, unsigned int *, Column *, unsigned int, float, float, float, float, float, float, float, float, unsigned long)"
0.1,30.1569,156,0.1933,0.1806,0.0879,0.4828,0.0730,  89    1    1,  16    1    1,"acceleration_kernel(const vmesh::VelocityMesh *, vmesh::VelocityBlockContainer *, VecSimple<float> *, unsigned int *, unsigned int *, Column *, unsigned int, float, float, float, float, float, float, float, float, unsigned long)"
0.1,30.0096,130,0.2308,0.2129,0.1031,0.4581,0.0759, 110    1    1,  16    1    1,"acceleration_kernel(const vmesh::VelocityMesh *, vmesh::VelocityBlockContainer *, VecSimple<float> *, unsigned int *, unsigned int *, Column *, unsigned int, float, float, float, float, float, float, float, float, unsigned long)"
0.1,29.3107,2016,0.0145,0.0032,0.0025,0.1603,0.0243,  13    1    1,  32    1    1,"blocksID_mapped_dim1_kernel(const vmesh::VelocityMesh *, unsigned int *, unsigned int *, unsigned int)"
0.1,29.2270,996,0.0293,0.0142,0.0108,0.9212,0.0394,  60    1    1,  32    1    1,"evaluate_column_extents_kernel(unsigned int, const vmesh::VelocityMesh *, ColumnOffsets *, Column *, split::SplitVector<unsigned int, split::split_unified_allocator<unsigned int>> *, Hashinator::Hashmap<unsigned int, unsigned int, (unsigned int)4294967295, (unsigned int)4294967294, Hashinator::HashFunctions::Fibonacci<unsigned int>, Hashinator::Hashers::Hasher<unsigned int, unsigned int, Hashinator::HashFunctions::Fibonacci<unsigned int>, (unsigned int)4294967295, (unsigned int)4294967294, (int)32, (int)1>, split::split_unified_allocator<Hashinator::Info>> *, Hashinator::Hashmap<unsigned int, unsigned int, (unsigned int)4294967295, (unsigned int)4294967294, Hashinator::HashFunctions::Fibonacci<unsigned int>, Hashinator::Hashers::Hasher<unsigned int, unsigned int, Hashinator::HashFunctions::Fibonacci<unsigned int>, (unsigned int)4294967295, (unsigned int)4294967294, (int)32, (int)1>, split::split_unified_allocator<Hashinator::Info>> *, unsigned int *, unsigned int *, float, float, float, float, int, int, float, float, unsigned int *)"
0.1,29.1139,158,0.1843,0.1683,0.0973,0.3505,0.0603,  95    1    1,  16    1    1,"acceleration_kernel(const vmesh::VelocityMesh *, vmesh::VelocityBlockContainer *, VecSimple<float> *, unsigned int *, unsigned int *, Column *, unsigned int, float, float, float, float, float, float, float, float, unsigned long)"
0.1,28.8864,2016,0.0143,0.0034,0.0027,0.1956,0.0241,  12    1    1,  32    1    1,"blocksID_mapped_dim0_kernel(const vmesh::VelocityMesh *, unsigned int *, unsigned int *, unsigned int)"
0.1,27.7671,135,0.2057,0.1863,0.0990,0.6812,0.0774,  76    1    1,  16    1    1,"acceleration_kernel(const vmesh::VelocityMesh *, vmesh::VelocityBlockContainer *, VecSimple<float> *, unsigned int *, unsigned int *, Column *, unsigned int, float, float, float, float, float, float, float, float, unsigned long)"
0.1,26.5466,10,2.6547,2.9282,0.0774,3.0636,0.9093,1952    1    1,1024    1    1,"reduce_v_dt_kernel(const split::SplitVector<vmesh::VelocityMesh *, split::split_unified_allocator<vmesh::VelocityMesh *>> *, double *, const double *, unsigned int)"
0.1,25.9578,848,0.0306,0.0142,0.0106,0.2476,0.0297,  80    1    1,  32    1    1,"evaluate_column_extents_kernel(unsigned int, const vmesh::VelocityMesh *, ColumnOffsets *, Column *, split::SplitVector<unsigned int, split::split_unified_allocator<unsigned int>> *, Hashinator::Hashmap<unsigned int, unsigned int, (unsigned int)4294967295, (unsigned int)4294967294, Hashinator::HashFunctions::Fibonacci<unsigned int>, Hashinator::Hashers::Hasher<unsigned int, unsigned int, Hashinator::HashFunctions::Fibonacci<unsigned int>, (unsigned int)4294967295, (unsigned int)4294967294, (int)32, (int)1>, split::split_unified_allocator<Hashinator::Info>> *, Hashinator::Hashmap<unsigned int, unsigned int, (unsigned int)4294967295, (unsigned int)4294967294, Hashinator::HashFunctions::Fibonacci<unsigned int>, Hashinator::Hashers::Hasher<unsigned int, unsigned int, Hashinator::HashFunctions::Fibonacci<unsigned int>, (unsigned int)4294967295, (unsigned int)4294967294, (int)32, (int)1>, split::split_unified_allocator<Hashinator::Info>> *, unsigned int *, unsigned int *, float, float, float, float, int, int, float, float, unsigned int *)"
0.1,25.6914,878,0.0293,0.0082,0.0062,0.2967,0.0369,  50    1    1,  64    1    1,"update_velocity_blocks_kernel(vmesh::VelocityMesh *, vmesh::VelocityBlockContainer *, split::SplitVector<unsigned int, split::split_unified_allocator<unsigned int>> *, split::SplitVector<Hashinator::hash_pair<unsigned int, unsigned int>, split::split_unified_allocator<Hashinator::hash_pair<unsigned int, unsigned int>>> *, split::SplitVector<Hashinator::hash_pair<unsigned int, unsigned int>, split::split_unified_allocator<Hashinator::hash_pair<unsigned int, unsigned int>>> *, split::SplitVector<Hashinator::hash_pair<unsigned int, unsigned int>, split::split_unified_allocator<Hashinator::hash_pair<unsigned int, unsigned int>>> *, unsigned int, unsigned int, unsigned int, float *)"
0.1,25.5583,996,0.0257,0.0116,0.0081,0.2023,0.0301,  60    1    1,  16    1    1,"reorder_blocks_by_dimension_kernel(vmesh::VelocityBlockContainer *, VecSimple<float> *, unsigned int *, unsigned int *, ColumnOffsets *)"
0.1,25.3424,112,0.2263,0.2125,0.1175,0.5952,0.0829,  98    1    1,  16    1    1,"acceleration_kernel(const vmesh::VelocityMesh *, vmesh::VelocityBlockContainer *, VecSimple<float> *, unsigned int *, unsigned int *, Column *, unsigned int, float, float, float, float, float, float, float, float, unsigned long)"
0.1,25.2968,1010,0.0250,0.0116,0.0071,0.2419,0.0319,  88    1    1,  16    1    1,"reorder_blocks_by_dimension_kernel(vmesh::VelocityBlockContainer *, VecSimple<float> *, unsigned int *, unsigned int *, ColumnOffsets *)"
0.1,25.0501,116,0.2159,0.1998,0.0891,0.5242,0.0788, 114    1    1,  16    1    1,"acceleration_kernel(const vmesh::VelocityMesh *, vmesh::VelocityBlockContainer *, VecSimple<float> *, unsigned int *, unsigned int *, Column *, unsigned int, float, float, float, float, float, float, float, float, unsigned long)"
0.1,24.6266,136,0.1811,0.1569,0.0721,0.4637,0.0764,  84    1    1,  16    1    1,"acceleration_kernel(const vmesh::VelocityMesh *, vmesh::VelocityBlockContainer *, VecSimple<float> *, unsigned int *, unsigned int *, Column *, unsigned int, float, float, float, float, float, float, float, float, unsigned long)"
0.1,24.5303,537,0.0457,0.0074,0.0050,0.9381,0.0900, 166    1    1,  64    1    1,"update_velocity_blocks_kernel(vmesh::VelocityMesh *, vmesh::VelocityBlockContainer *, split::SplitVector<unsigned int, split::split_unified_allocator<unsigned int>> *, split::SplitVector<Hashinator::hash_pair<unsigned int, unsigned int>, split::split_unified_allocator<Hashinator::hash_pair<unsigned int, unsigned int>>> *, split::SplitVector<Hashinator::hash_pair<unsigned int, unsigned int>, split::split_unified_allocator<Hashinator::hash_pair<unsigned int, unsigned int>>> *, split::SplitVector<Hashinator::hash_pair<unsigned int, unsigned int>, split::split_unified_allocator<Hashinator::hash_pair<unsigned int, unsigned int>>> *, unsigned int, unsigned int, unsigned int, float *)"
0.1,24.3871,673,0.0362,0.0069,0.0049,0.6343,0.0592, 164    1    1,  64    1    1,"update_velocity_blocks_kernel(vmesh::VelocityMesh *, vmesh::VelocityBlockContainer *, split::SplitVector<unsigned int, split::split_unified_allocator<unsigned int>> *, split::SplitVector<Hashinator::hash_pair<unsigned int, unsigned int>, split::split_unified_allocator<Hashinator::hash_pair<unsigned int, unsigned int>>> *, split::SplitVector<Hashinator::hash_pair<unsigned int, unsigned int>, split::split_unified_allocator<Hashinator::hash_pair<unsigned int, unsigned int>>> *, split::SplitVector<Hashinator::hash_pair<unsigned int, unsigned int>, split::split_unified_allocator<Hashinator::hash_pair<unsigned int, unsigned int>>> *, unsigned int, unsigned int, unsigned int, float *)"
0.1,24.0096,117,0.2052,0.1907,0.1028,0.4667,0.0747, 121    1    1,  16    1    1,"acceleration_kernel(const vmesh::VelocityMesh *, vmesh::VelocityBlockContainer *, VecSimple<float> *, unsigned int *, unsigned int *, Column *, unsigned int, float, float, float, float, float, float, float, float, unsigned long)"
0.1,23.6862,1848,0.0128,0.0031,0.0025,0.1367,0.0219,  16    1    1,  32    1    1,"blocksID_mapped_dim2_kernel(const vmesh::VelocityMesh *, unsigned int *, unsigned int *, unsigned int)"
0.1,22.9226,786,0.0292,0.0080,0.0062,0.2144,0.0350,  52    1    1,  64    1    1,"update_velocity_blocks_kernel(vmesh::VelocityMesh *, vmesh::VelocityBlockContainer *, split::SplitVector<unsigned int, split::split_unified_allocator<unsigned int>> *, split::SplitVector<Hashinator::hash_pair<unsigned int, unsigned int>, split::split_unified_allocator<Hashinator::hash_pair<unsigned int, unsigned int>>> *, split::SplitVector<Hashinator::hash_pair<unsigned int, unsigned int>, split::split_unified_allocator<Hashinator::hash_pair<unsigned int, unsigned int>>> *, split::SplitVector<Hashinator::hash_pair<unsigned int, unsigned int>, split::split_unified_allocator<Hashinator::hash_pair<unsigned int, unsigned int>>> *, unsigned int, unsigned int, unsigned int, float *)"
0.1,22.6569,120,0.1888,0.1648,0.0812,0.4277,0.0714, 102    1    1,  16    1    1,"acceleration_kernel(const vmesh::VelocityMesh *, vmesh::VelocityBlockContainer *, VecSimple<float> *, unsigned int *, unsigned int *, Column *, unsigned int, float, float, float, float, float, float, float, float, unsigned long)"
0.1,22.4489,808,0.0278,0.0136,0.0108,0.2419,0.0272,  92    1    1,  32    1    1,"evaluate_column_extents_kernel(unsigned int, const vmesh::VelocityMesh *, ColumnOffsets *, Column *, split::SplitVector<unsigned int, split::split_unified_allocator<unsigned int>> *, Hashinator::Hashmap<unsigned int, unsigned int, (unsigned int)4294967295, (unsigned int)4294967294, Hashinator::HashFunctions::Fibonacci<unsigned int>, Hashinator::Hashers::Hasher<unsigned int, unsigned int, Hashinator::HashFunctions::Fibonacci<unsigned int>, (unsigned int)4294967295, (unsigned int)4294967294, (int)32, (int)1>, split::split_unified_allocator<Hashinator::Info>> *, Hashinator::Hashmap<unsigned int, unsigned int, (unsigned int)4294967295, (unsigned int)4294967294, Hashinator::HashFunctions::Fibonacci<unsigned int>, Hashinator::Hashers::Hasher<unsigned int, unsigned int, Hashinator::HashFunctions::Fibonacci<unsigned int>, (unsigned int)4294967295, (unsigned int)4294967294, (int)32, (int)1>, split::split_unified_allocator<Hashinator::Info>> *, unsigned int *, unsigned int *, float, float, float, float, int, int, float, float, unsigned int *)"
0.1,22.3723,888,0.0252,0.0078,0.0062,0.2001,0.0308,  66    1    1,  64    1    1,"update_velocity_blocks_kernel(vmesh::VelocityMesh *, vmesh::VelocityBlockContainer *, split::SplitVector<unsigned int, split::split_unified_allocator<unsigned int>> *, split::SplitVector<Hashinator::hash_pair<unsigned int, unsigned int>, split::split_unified_allocator<Hashinator::hash_pair<unsigned int, unsigned int>>> *, split::SplitVector<Hashinator::hash_pair<unsigned int, unsigned int>, split::split_unified_allocator<Hashinator::hash_pair<unsigned int, unsigned int>>> *, split::SplitVector<Hashinator::hash_pair<unsigned int, unsigned int>, split::split_unified_allocator<Hashinator::hash_pair<unsigned int, unsigned int>>> *, unsigned int, unsigned int, unsigned int, float *)"
0.1,22.1113,88,0.2513,0.2250,0.1128,0.6241,0.0968, 132    1    1,  16    1    1,"acceleration_kernel(const vmesh::VelocityMesh *, vmesh::VelocityBlockContainer *, VecSimple<float> *, unsigned int *, unsigned int *, Column *, unsigned int, float, float, float, float, float, float, float, float, unsigned long)"
0.1,21.9992,383,0.0574,0.0077,0.0050,0.7120,0.0913, 136    1    1,  64    1    1,"update_velocity_blocks_kernel(vmesh::VelocityMesh *, vmesh::VelocityBlockContainer *, split::SplitVector<unsigned int, split::split_unified_allocator<unsigned int>> *, split::SplitVector<Hashinator::hash_pair<unsigned int, unsigned int>, split::split_unified_allocator<Hashinator::hash_pair<unsigned int, unsigned int>>> *, split::SplitVector<Hashinator::hash_pair<unsigned int, unsigned int>, split::split_unified_allocator<Hashinator::hash_pair<unsigned int, unsigned int>>> *, split::SplitVector<Hashinator::hash_pair<unsigned int, unsigned int>, split::split_unified_allocator<Hashinator::hash_pair<unsigned int, unsigned int>>> *, unsigned int, unsigned int, unsigned int, float *)"
0.1,21.7771,788,0.0276,0.0134,0.0105,0.2243,0.0269,  57    1    1,  32    1    1,"evaluate_column_extents_kernel(unsigned int, const vmesh::VelocityMesh *, ColumnOffsets *, Column *, split::SplitVector<unsigned int, split::split_unified_allocator<unsigned int>> *, Hashinator::Hashmap<unsigned int, unsigned int, (unsigned int)4294967295, (unsigned int)4294967294, Hashinator::HashFunctions::Fibonacci<unsigned int>, Hashinator::Hashers::Hasher<unsigned int, unsigned int, Hashinator::HashFunctions::Fibonacci<unsigned int>, (unsigned int)4294967295, (unsigned int)4294967294, (int)32, (int)1>, split::split_unified_allocator<Hashinator::Info>> *, Hashinator::Hashmap<unsigned int, unsigned int, (unsigned int)4294967295, (unsigned int)4294967294, Hashinator::HashFunctions::Fibonacci<unsigned int>, Hashinator::Hashers::Hasher<unsigned int, unsigned int, Hashinator::HashFunctions::Fibonacci<unsigned int>, (unsigned int)4294967295, (unsigned int)4294967294, (int)32, (int)1>, split::split_unified_allocator<Hashinator::Info>> *, unsigned int *, unsigned int *, float, float, float, float, int, int, float, float, unsigned int *)"
0.1,21.3864,788,0.0271,0.0116,0.0087,0.2295,0.0334,  57    1    1,  16    1    1,"reorder_blocks_by_dimension_kernel(vmesh::VelocityBlockContainer *, VecSimple<float> *, unsigned int *, unsigned int *, ColumnOffsets *)"
0.1,21.3010,808,0.0264,0.0120,0.0072,0.2180,0.0327,  92    1    1,  16    1    1,"reorder_blocks_by_dimension_kernel(vmesh::VelocityBlockContainer *, VecSimple<float> *, unsigned int *, unsigned int *, ColumnOffsets *)"
0.1,20.3730,804,0.0253,0.0079,0.0063,0.2101,0.0290,  65    1    1,  64    1    1,"update_velocity_blocks_kernel(vmesh::VelocityMesh *, vmesh::VelocityBlockContainer *, split::SplitVector<unsigned int, split::split_unified_allocator<unsigned int>> *, split::SplitVector<Hashinator::hash_pair<unsigned int, unsigned int>, split::split_unified_allocator<Hashinator::hash_pair<unsigned int, unsigned int>>> *, split::SplitVector<Hashinator::hash_pair<unsigned int, unsigned int>, split::split_unified_allocator<Hashinator::hash_pair<unsigned int, unsigned int>>> *, split::SplitVector<Hashinator::hash_pair<unsigned int, unsigned int>, split::split_unified_allocator<Hashinator::hash_pair<unsigned int, unsigned int>>> *, unsigned int, unsigned int, unsigned int, float *)"
0.1,20.2952,1504,0.0135,0.0047,0.0043,0.2370,0.0242, 114    1    1, 512    1    1,"void arch::reduction_kernel<(unsigned int)512, (arch::reduce_op)2, (unsigned int)4, (unsigned int)4, void blockVelocityFirstMoments<double, (unsigned int)4>(vmesh::VelocityBlockContainer *, T1 (&)[T2], unsigned int)::[lambda(unsigned int, unsigned int, unsigned int, unsigned int, double *) (instance 1)], double>(T5, const T6 *, T6 *, const unsigned int *, unsigned int, unsigned int, T6 *)"
0.1,20.0436,848,0.0236,0.0107,0.0070,0.2537,0.0314,  80    1    1,  16    1    1,"reorder_blocks_by_dimension_kernel(vmesh::VelocityBlockContainer *, VecSimple<float> *, unsigned int *, unsigned int *, ColumnOffsets *)"
0.1,19.4977,109,0.1789,0.1682,0.0978,0.3472,0.0532,  93    1    1,  16    1    1,"acceleration_kernel(const vmesh::VelocityMesh *, vmesh::VelocityBlockContainer *, VecSimple<float> *, unsigned int *, unsigned int *, Column *, unsigned int, float, float, float, float, float, float, float, float, unsigned long)"
0.1,18.9796,94,0.2019,0.1846,0.0888,0.5467,0.0843, 111    1    1,  16    1    1,"acceleration_kernel(const vmesh::VelocityMesh *, vmesh::VelocityBlockContainer *, VecSimple<float> *, unsigned int *, unsigned int *, Column *, unsigned int, float, float, float, float, float, float, float, float, unsigned long)"
0.1,18.9521,688,0.0275,0.0086,0.0062,0.2188,0.0330,  60    1    1,  64    1    1,"update_velocity_blocks_kernel(vmesh::VelocityMesh *, vmesh::VelocityBlockContainer *, split::SplitVector<unsigned int, split::split_unified_allocator<unsigned int>> *, split::SplitVector<Hashinator::hash_pair<unsigned int, unsigned int>, split::split_unified_allocator<Hashinator::hash_pair<unsigned int, unsigned int>>> *, split::SplitVector<Hashinator::hash_pair<unsigned int, unsigned int>, split::split_unified_allocator<Hashinator::hash_pair<unsigned int, unsigned int>>> *, split::SplitVector<Hashinator::hash_pair<unsigned int, unsigned int>, split::split_unified_allocator<Hashinator::hash_pair<unsigned int, unsigned int>>> *, unsigned int, unsigned int, unsigned int, float *)"
0.1,18.6243,1504,0.0124,0.0042,0.0039,0.4417,0.0269, 114    1    1, 512    1    1,"void arch::reduction_kernel<(unsigned int)512, (arch::reduce_op)2, (unsigned int)4, (unsigned int)3, void blockVelocitySecondMoments<double, (unsigned int)3>(vmesh::VelocityBlockContainer *, T1, T1, T1, T1 (&)[T2], unsigned int)::[lambda(unsigned int, unsigned int, unsigned int, unsigned int, double *) (instance 1)], double>(T5, const T6 *, T6 *, const unsigned int *, unsigned int, unsigned int, T6 *)"
0.1,18.5595,92,0.2017,0.1974,0.1038,0.4184,0.0735,  97    1    1,  16    1    1,"acceleration_kernel(const vmesh::VelocityMesh *, vmesh::VelocityBlockContainer *, VecSimple<float> *, unsigned int *, unsigned int *, Column *, unsigned int, float, float, float, float, float, float, float, float, unsigned long)"
0.1,18.4668,710,0.0260,0.0077,0.0062,0.2192,0.0328,  68    1    1,  64    1    1,"update_velocity_blocks_kernel(vmesh::VelocityMesh *, vmesh::VelocityBlockContainer *, split::SplitVector<unsigned int, split::split_unified_allocator<unsigned int>> *, split::SplitVector<Hashinator::hash_pair<unsigned int, unsigned int>, split::split_unified_allocator<Hashinator::hash_pair<unsigned int, unsigned int>>> *, split::SplitVector<Hashinator::hash_pair<unsigned int, unsigned int>, split::split_unified_allocator<Hashinator::hash_pair<unsigned int, unsigned int>>> *, split::SplitVector<Hashinator::hash_pair<unsigned int, unsigned int>, split::split_unified_allocator<Hashinator::hash_pair<unsigned int, unsigned int>>> *, unsigned int, unsigned int, unsigned int, float *)"
0.1,18.3711,417,0.0441,0.0077,0.0050,0.2804,0.0573, 165    1    1,  64    1    1,"update_velocity_blocks_kernel(vmesh::VelocityMesh *, vmesh::VelocityBlockContainer *, split::SplitVector<unsigned int, split::split_unified_allocator<unsigned int>> *, split::SplitVector<Hashinator::hash_pair<unsigned int, unsigned int>, split::split_unified_allocator<Hashinator::hash_pair<unsigned int, unsigned int>>> *, split::SplitVector<Hashinator::hash_pair<unsigned int, unsigned int>, split::split_unified_allocator<Hashinator::hash_pair<unsigned int, unsigned int>>> *, split::SplitVector<Hashinator::hash_pair<unsigned int, unsigned int>, split::split_unified_allocator<Hashinator::hash_pair<unsigned int, unsigned int>>> *, unsigned int, unsigned int, unsigned int, float *)"
0.1,18.3665,80,0.2296,0.2148,0.1265,0.4443,0.0775, 127    1    1,  16    1    1,"acceleration_kernel(const vmesh::VelocityMesh *, vmesh::VelocityBlockContainer *, VecSimple<float> *, unsigned int *, unsigned int *, Column *, unsigned int, float, float, float, float, float, float, float, float, unsigned long)"
0.1,18.2243,92,0.1981,0.1851,0.1029,0.3622,0.0635, 109    1    1,  16    1    1,"acceleration_kernel(const vmesh::VelocityMesh *, vmesh::VelocityBlockContainer *, VecSimple<float> *, unsigned int *, unsigned int *, Column *, unsigned int, float, float, float, float, float, float, float, float, unsigned long)"
0.1,17.5843,417,0.0422,0.0161,0.0128,0.2847,0.0456, 280    1    1, 832    1    1,"update_velocity_halo_kernel(vmesh::VelocityMesh *, unsigned int, unsigned int *, Hashinator::Hashmap<unsigned int, unsigned int, (unsigned int)4294967295, (unsigned int)4294967294, Hashinator::HashFunctions::Fibonacci<unsigned int>, Hashinator::Hashers::Hasher<unsigned int, unsigned int, Hashinator::HashFunctions::Fibonacci<unsigned int>, (unsigned int)4294967295, (unsigned int)4294967294, (int)32, (int)1>, split::split_unified_allocator<Hashinator::Info>> *, Hashinator::Hashmap<unsigned int, unsigned int, (unsigned int)4294967295, (unsigned int)4294967294, Hashinator::HashFunctions::Fibonacci<unsigned int>, Hashinator::Hashers::Hasher<unsigned int, unsigned int, Hashinator::HashFunctions::Fibonacci<unsigned int>, (unsigned int)4294967295, (unsigned int)4294967294, (int)32, (int)1>, split::split_unified_allocator<Hashinator::Info>> *)"
0.1,17.5701,590,0.0298,0.0131,0.0075,0.2325,0.0354,  91    1    1,  16    1    1,"reorder_blocks_by_dimension_kernel(vmesh::VelocityBlockContainer *, VecSimple<float> *, unsigned int *, unsigned int *, ColumnOffsets *)"
0.1,17.2113,246,0.0700,0.0150,0.0050,0.9857,0.1247, 158    1    1,  64    1    1,"update_velocity_blocks_kernel(vmesh::VelocityMesh *, vmesh::VelocityBlockContainer *, split::SplitVector<unsigned int, split::split_unified_allocator<unsigned int>> *, split::SplitVector<Hashinator::hash_pair<unsigned int, unsigned int>, split::split_unified_allocator<Hashinator::hash_pair<unsigned int, unsigned int>>> *, split::SplitVector<Hashinator::hash_pair<unsigned int, unsigned int>, split::split_unified_allocator<Hashinator::hash_pair<unsigned int, unsigned int>>> *, split::SplitVector<Hashinator::hash_pair<unsigned int, unsigned int>, split::split_unified_allocator<Hashinator::hash_pair<unsigned int, unsigned int>>> *, unsigned int, unsigned int, unsigned int, float *)"
0.1,17.1809,84,0.2045,0.1922,0.0946,0.8131,0.1058, 118    1    1,  16    1    1,"acceleration_kernel(const vmesh::VelocityMesh *, vmesh::VelocityBlockContainer *, VecSimple<float> *, unsigned int *, unsigned int *, Column *, unsigned int, float, float, float, float, float, float, float, float, unsigned long)"
0.1,16.7999,590,0.0285,0.0138,0.0109,0.2229,0.0278,  91    1    1,  32    1    1,"evaluate_column_extents_kernel(unsigned int, const vmesh::VelocityMesh *, ColumnOffsets *, Column *, split::SplitVector<unsigned int, split::split_unified_allocator<unsigned int>> *, Hashinator::Hashmap<unsigned int, unsigned int, (unsigned int)4294967295, (unsigned int)4294967294, Hashinator::HashFunctions::Fibonacci<unsigned int>, Hashinator::Hashers::Hasher<unsigned int, unsigned int, Hashinator::HashFunctions::Fibonacci<unsigned int>, (unsigned int)4294967295, (unsigned int)4294967294, (int)32, (int)1>, split::split_unified_allocator<Hashinator::Info>> *, Hashinator::Hashmap<unsigned int, unsigned int, (unsigned int)4294967295, (unsigned int)4294967294, Hashinator::HashFunctions::Fibonacci<unsigned int>, Hashinator::Hashers::Hasher<unsigned int, unsigned int, Hashinator::HashFunctions::Fibonacci<unsigned int>, (unsigned int)4294967295, (unsigned int)4294967294, (int)32, (int)1>, split::split_unified_allocator<Hashinator::Info>> *, unsigned int *, unsigned int *, float, float, float, float, int, int, float, float, unsigned int *)"
0.1,16.3155,88,0.1854,0.1743,0.0944,0.4044,0.0623,  85    1    1,  16    1    1,"acceleration_kernel(const vmesh::VelocityMesh *, vmesh::VelocityBlockContainer *, VecSimple<float> *, unsigned int *, unsigned int *, Column *, unsigned int, float, float, float, float, float, float, float, float, unsigned long)"
0.0,15.7546,924,0.0171,0.0042,0.0035,0.1420,0.0232,  19    1    1,  32    1    1,"order_GIDs_kernel(const vmesh::VelocityMesh *, unsigned int *, unsigned int *, unsigned int, unsigned int *, unsigned int *, unsigned int, ColumnOffsets *)"
0.0,15.6180,580,0.0269,0.0078,0.0063,0.2130,0.0339,  64    1    1,  64    1    1,"update_velocity_blocks_kernel(vmesh::VelocityMesh *, vmesh::VelocityBlockContainer *, split::SplitVector<unsigned int, split::split_unified_allocator<unsigned int>> *, split::SplitVector<Hashinator::hash_pair<unsigned int, unsigned int>, split::split_unified_allocator<Hashinator::hash_pair<unsigned int, unsigned int>>> *, split::SplitVector<Hashinator::hash_pair<unsigned int, unsigned int>, split::split_unified_allocator<Hashinator::hash_pair<unsigned int, unsigned int>>> *, split::SplitVector<Hashinator::hash_pair<unsigned int, unsigned int>, split::split_unified_allocator<Hashinator::hash_pair<unsigned int, unsigned int>>> *, unsigned int, unsigned int, unsigned int, float *)"
0.0,15.5652,572,0.0272,0.0076,0.0063,0.2181,0.0341,  98    1    1,  64    1    1,"update_velocity_blocks_kernel(vmesh::VelocityMesh *, vmesh::VelocityBlockContainer *, split::SplitVector<unsigned int, split::split_unified_allocator<unsigned int>> *, split::SplitVector<Hashinator::hash_pair<unsigned int, unsigned int>, split::split_unified_allocator<Hashinator::hash_pair<unsigned int, unsigned int>>> *, split::SplitVector<Hashinator::hash_pair<unsigned int, unsigned int>, split::split_unified_allocator<Hashinator::hash_pair<unsigned int, unsigned int>>> *, split::SplitVector<Hashinator::hash_pair<unsigned int, unsigned int>, split::split_unified_allocator<Hashinator::hash_pair<unsigned int, unsigned int>>> *, unsigned int, unsigned int, unsigned int, float *)"
0.0,15.3458,572,0.0268,0.0132,0.0106,0.2412,0.0259,  56    1    1,  32    1    1,"evaluate_column_extents_kernel(unsigned int, const vmesh::VelocityMesh *, ColumnOffsets *, Column *, split::SplitVector<unsigned int, split::split_unified_allocator<unsigned int>> *, Hashinator::Hashmap<unsigned int, unsigned int, (unsigned int)4294967295, (unsigned int)4294967294, Hashinator::HashFunctions::Fibonacci<unsigned int>, Hashinator::Hashers::Hasher<unsigned int, unsigned int, Hashinator::HashFunctions::Fibonacci<unsigned int>, (unsigned int)4294967295, (unsigned int)4294967294, (int)32, (int)1>, split::split_unified_allocator<Hashinator::Info>> *, Hashinator::Hashmap<unsigned int, unsigned int, (unsigned int)4294967295, (unsigned int)4294967294, Hashinator::HashFunctions::Fibonacci<unsigned int>, Hashinator::Hashers::Hasher<unsigned int, unsigned int, Hashinator::HashFunctions::Fibonacci<unsigned int>, (unsigned int)4294967295, (unsigned int)4294967294, (int)32, (int)1>, split::split_unified_allocator<Hashinator::Info>> *, unsigned int *, unsigned int *, float, float, float, float, int, int, float, float, unsigned int *)"
0.0,15.1062,572,0.0264,0.0112,0.0085,0.2007,0.0335,  56    1    1,  16    1    1,"reorder_blocks_by_dimension_kernel(vmesh::VelocityBlockContainer *, VecSimple<float> *, unsigned int *, unsigned int *, ColumnOffsets *)"
0.0,15.0345,524,0.0287,0.0081,0.0063,0.2568,0.0368,  38    1    1,  64    1    1,"update_velocity_blocks_kernel(vmesh::VelocityMesh *, vmesh::VelocityBlockContainer *, split::SplitVector<unsigned int, split::split_unified_allocator<unsigned int>> *, split::SplitVector<Hashinator::hash_pair<unsigned int, unsigned int>, split::split_unified_allocator<Hashinator::hash_pair<unsigned int, unsigned int>>> *, split::SplitVector<Hashinator::hash_pair<unsigned int, unsigned int>, split::split_unified_allocator<Hashinator::hash_pair<unsigned int, unsigned int>>> *, split::SplitVector<Hashinator::hash_pair<unsigned int, unsigned int>, split::split_unified_allocator<Hashinator::hash_pair<unsigned int, unsigned int>>> *, unsigned int, unsigned int, unsigned int, float *)"
0.0,14.6545,528,0.0278,0.0108,0.0086,0.3186,0.0378,  59    1    1,  16    1    1,"reorder_blocks_by_dimension_kernel(vmesh::VelocityBlockContainer *, VecSimple<float> *, unsigned int *, unsigned int *, ColumnOffsets *)"
0.0,13.9871,260,0.0538,0.0075,0.0049,0.7519,0.0839, 159    1    1,  64    1    1,"update_velocity_blocks_kernel(vmesh::VelocityMesh *, vmesh::VelocityBlockContainer *, split::SplitVector<unsigned int, split::split_unified_allocator<unsigned int>> *, split::SplitVector<Hashinator::hash_pair<unsigned int, unsigned int>, split::split_unified_allocator<Hashinator::hash_pair<unsigned int, unsigned int>>> *, split::SplitVector<Hashinator::hash_pair<unsigned int, unsigned int>, split::split_unified_allocator<Hashinator::hash_pair<unsigned int, unsigned int>>> *, split::SplitVector<Hashinator::hash_pair<unsigned int, unsigned int>, split::split_unified_allocator<Hashinator::hash_pair<unsigned int, unsigned int>>> *, unsigned int, unsigned int, unsigned int, float *)"
0.0,13.9371,23,0.6060,0.5995,0.3416,0.7403,0.0999,1952    1    1,   4    4    4,"first_moments_kernel(vmesh::VelocityBlockContainer **, double *, unsigned int)"
0.0,13.8310,484,0.0286,0.0132,0.0108,0.2295,0.0304,  82    1    1,  32    1    1,"evaluate_column_extents_kernel(unsigned int, const vmesh::VelocityMesh *, ColumnOffsets *, Column *, split::SplitVector<unsigned int, split::split_unified_allocator<unsigned int>> *, Hashinator::Hashmap<unsigned int, unsigned int, (unsigned int)4294967295, (unsigned int)4294967294, Hashinator::HashFunctions::Fibonacci<unsigned int>, Hashinator::Hashers::Hasher<unsigned int, unsigned int, Hashinator::HashFunctions::Fibonacci<unsigned int>, (unsigned int)4294967295, (unsigned int)4294967294, (int)32, (int)1>, split::split_unified_allocator<Hashinator::Info>> *, Hashinator::Hashmap<unsigned int, unsigned int, (unsigned int)4294967295, (unsigned int)4294967294, Hashinator::HashFunctions::Fibonacci<unsigned int>, Hashinator::Hashers::Hasher<unsigned int, unsigned int, Hashinator::HashFunctions::Fibonacci<unsigned int>, (unsigned int)4294967295, (unsigned int)4294967294, (int)32, (int)1>, split::split_unified_allocator<Hashinator::Info>> *, unsigned int *, unsigned int *, float, float, float, float, int, int, float, float, unsigned int *)"
0.0,13.7155,528,0.0260,0.0131,0.0107,0.2236,0.0250,  59    1    1,  32    1    1,"evaluate_column_extents_kernel(unsigned int, const vmesh::VelocityMesh *, ColumnOffsets *, Column *, split::SplitVector<unsigned int, split::split_unified_allocator<unsigned int>> *, Hashinator::Hashmap<unsigned int, unsigned int, (unsigned int)4294967295, (unsigned int)4294967294, Hashinator::HashFunctions::Fibonacci<unsigned int>, Hashinator::Hashers::Hasher<unsigned int, unsigned int, Hashinator::HashFunctions::Fibonacci<unsigned int>, (unsigned int)4294967295, (unsigned int)4294967294, (int)32, (int)1>, split::split_unified_allocator<Hashinator::Info>> *, Hashinator::Hashmap<unsigned int, unsigned int, (unsigned int)4294967295, (unsigned int)4294967294, Hashinator::HashFunctions::Fibonacci<unsigned int>, Hashinator::Hashers::Hasher<unsigned int, unsigned int, Hashinator::HashFunctions::Fibonacci<unsigned int>, (unsigned int)4294967295, (unsigned int)4294967294, (int)32, (int)1>, split::split_unified_allocator<Hashinator::Info>> *, unsigned int *, unsigned int *, float, float, float, float, int, int, float, float, unsigned int *)"
0.0,13.5448,796,0.0170,0.0043,0.0035,0.1245,0.0213,  18    1    1,  32    1    1,"order_GIDs_kernel(const vmesh::VelocityMesh *, unsigned int *, unsigned int *, unsigned int, unsigned int *, unsigned int *, unsigned int, ColumnOffsets *)"
0.0,13.5369,301,0.0450,0.0075,0.0050,0.7541,0.0692, 163    1    1,  64    1    1,"update_velocity_blocks_kernel(vmesh::VelocityMesh *, vmesh::VelocityBlockContainer *, split::SplitVector<unsigned int, split::split_unified_allocator<unsigned int>> *, split::SplitVector<Hashinator::hash_pair<unsigned int, unsigned int>, split::split_unified_allocator<Hashinator::hash_pair<unsigned int, unsigned int>>> *, split::SplitVector<Hashinator::hash_pair<unsigned int, unsigned int>, split::split_unified_allocator<Hashinator::hash_pair<unsigned int, unsigned int>>> *, split::SplitVector<Hashinator::hash_pair<unsigned int, unsigned int>, split::split_unified_allocator<Hashinator::hash_pair<unsigned int, unsigned int>>> *, unsigned int, unsigned int, unsigned int, float *)"
0.0,13.5044,68,0.1986,0.1870,0.0947,0.4716,0.0754, 117    1    1,  16    1    1,"acceleration_kernel(const vmesh::VelocityMesh *, vmesh::VelocityBlockContainer *, VecSimple<float> *, unsigned int *, unsigned int *, Column *, unsigned int, float, float, float, float, float, float, float, float, unsigned long)"
0.0,13.3397,168,0.0794,0.0781,0.0720,0.0951,0.0043, 720    1    1,  32    1    1,"void arch::reduction_kernel<(unsigned int)32, (arch::reduce_op)2, (unsigned int)4, (unsigned int)0, DRO::VariablePrecipitationDiffFlux::reduceData(const spatial_cell::SpatialCell *, char *)::[lambda(unsigned int, unsigned int, unsigned int, unsigned int, double *) (instance 1)], double>(T5, const T6 *, T6 *, const unsigned int *, unsigned int, unsigned int, T6 *)"
0.0,12.7944,58,0.2206,0.2130,0.1017,0.6508,0.0821, 129    1    1,  16    1    1,"acceleration_kernel(const vmesh::VelocityMesh *, vmesh::VelocityBlockContainer *, VecSimple<float> *, unsigned int *, unsigned int *, Column *, unsigned int, float, float, float, float, float, float, float, float, unsigned long)"
0.0,12.7900,504,0.0254,0.0076,0.0063,0.2289,0.0327,  86    1    1,  64    1    1,"update_velocity_blocks_kernel(vmesh::VelocityMesh *, vmesh::VelocityBlockContainer *, split::SplitVector<unsigned int, split::split_unified_allocator<unsigned int>> *, split::SplitVector<Hashinator::hash_pair<unsigned int, unsigned int>, split::split_unified_allocator<Hashinator::hash_pair<unsigned int, unsigned int>>> *, split::SplitVector<Hashinator::hash_pair<unsigned int, unsigned int>, split::split_unified_allocator<Hashinator::hash_pair<unsigned int, unsigned int>>> *, split::SplitVector<Hashinator::hash_pair<unsigned int, unsigned int>, split::split_unified_allocator<Hashinator::hash_pair<unsigned int, unsigned int>>> *, unsigned int, unsigned int, unsigned int, float *)"
0.0,12.5085,434,0.0288,0.0080,0.0063,0.2117,0.0343,  88    1    1,  64    1    1,"update_velocity_blocks_kernel(vmesh::VelocityMesh *, vmesh::VelocityBlockContainer *, split::SplitVector<unsigned int, split::split_unified_allocator<unsigned int>> *, split::SplitVector<Hashinator::hash_pair<unsigned int, unsigned int>, split::split_unified_allocator<Hashinator::hash_pair<unsigned int, unsigned int>>> *, split::SplitVector<Hashinator::hash_pair<unsigned int, unsigned int>, split::split_unified_allocator<Hashinator::hash_pair<unsigned int, unsigned int>>> *, split::SplitVector<Hashinator::hash_pair<unsigned int, unsigned int>, split::split_unified_allocator<Hashinator::hash_pair<unsigned int, unsigned int>>> *, unsigned int, unsigned int, unsigned int, float *)"
0.0,12.5073,56,0.2233,0.2062,0.1331,0.3802,0.0681, 113    1    1,  16    1    1,"acceleration_kernel(const vmesh::VelocityMesh *, vmesh::VelocityBlockContainer *, VecSimple<float> *, unsigned int *, unsigned int *, Column *, unsigned int, float, float, float, float, float, float, float, float, unsigned long)"
0.0,12.2452,64,0.1913,0.1825,0.0888,0.4078,0.0701,  87    1    1,  16    1    1,"acceleration_kernel(const vmesh::VelocityMesh *, vmesh::VelocityBlockContainer *, VecSimple<float> *, unsigned int *, unsigned int *, Column *, unsigned int, float, float, float, float, float, float, float, float, unsigned long)"
0.0,12.2205,260,0.0470,0.0070,0.0051,0.7588,0.0846, 168    1    1,  64    1    1,"update_velocity_blocks_kernel(vmesh::VelocityMesh *, vmesh::VelocityBlockContainer *, split::SplitVector<unsigned int, split::split_unified_allocator<unsigned int>> *, split::SplitVector<Hashinator::hash_pair<unsigned int, unsigned int>, split::split_unified_allocator<Hashinator::hash_pair<unsigned int, unsigned int>>> *, split::SplitVector<Hashinator::hash_pair<unsigned int, unsigned int>, split::split_unified_allocator<Hashinator::hash_pair<unsigned int, unsigned int>>> *, split::SplitVector<Hashinator::hash_pair<unsigned int, unsigned int>, split::split_unified_allocator<Hashinator::hash_pair<unsigned int, unsigned int>>> *, unsigned int, unsigned int, unsigned int, float *)"
0.0,11.9955,245,0.0490,0.0071,0.0051,1.0833,0.0950, 167    1    1,  64    1    1,"update_velocity_blocks_kernel(vmesh::VelocityMesh *, vmesh::VelocityBlockContainer *, split::SplitVector<unsigned int, split::split_unified_allocator<unsigned int>> *, split::SplitVector<Hashinator::hash_pair<unsigned int, unsigned int>, split::split_unified_allocator<Hashinator::hash_pair<unsigned int, unsigned int>>> *, split::SplitVector<Hashinator::hash_pair<unsigned int, unsigned int>, split::split_unified_allocator<Hashinator::hash_pair<unsigned int, unsigned int>>> *, split::SplitVector<Hashinator::hash_pair<unsigned int, unsigned int>, split::split_unified_allocator<Hashinator::hash_pair<unsigned int, unsigned int>>> *, unsigned int, unsigned int, unsigned int, float *)"
0.0,11.8118,191,0.0618,0.0080,0.0051,0.9471,0.1213, 162    1    1,  64    1    1,"update_velocity_blocks_kernel(vmesh::VelocityMesh *, vmesh::VelocityBlockContainer *, split::SplitVector<unsigned int, split::split_unified_allocator<unsigned int>> *, split::SplitVector<Hashinator::hash_pair<unsigned int, unsigned int>, split::split_unified_allocator<Hashinator::hash_pair<unsigned int, unsigned int>>> *, split::SplitVector<Hashinator::hash_pair<unsigned int, unsigned int>, split::split_unified_allocator<Hashinator::hash_pair<unsigned int, unsigned int>>> *, split::SplitVector<Hashinator::hash_pair<unsigned int, unsigned int>, split::split_unified_allocator<Hashinator::hash_pair<unsigned int, unsigned int>>> *, unsigned int, unsigned int, unsigned int, float *)"
0.0,11.6508,664,0.0175,0.0044,0.0036,0.1417,0.0226,  22    1    1,  32    1    1,"order_GIDs_kernel(const vmesh::VelocityMesh *, unsigned int *, unsigned int *, unsigned int, unsigned int *, unsigned int *, unsigned int, ColumnOffsets *)"
0.0,11.3758,348,0.0327,0.0136,0.0085,0.2011,0.0383, 112    1    1,  16    1    1,"reorder_blocks_by_dimension_kernel(vmesh::VelocityBlockContainer *, VecSimple<float> *, unsigned int *, unsigned int *, ColumnOffsets *)"
0.0,10.9613,44,0.2491,0.2273,0.1297,0.5397,0.0891, 136    1    1,  16    1    1,"acceleration_kernel(const vmesh::VelocityMesh *, vmesh::VelocityBlockContainer *, VecSimple<float> *, unsigned int *, unsigned int *, Column *, unsigned int, float, float, float, float, float, float, float, float, unsigned long)"
0.0,10.4169,360,0.0289,0.0078,0.0063,0.2883,0.0356,  67    1    1,  64    1    1,"update_velocity_blocks_kernel(vmesh::VelocityMesh *, vmesh::VelocityBlockContainer *, split::SplitVector<unsigned int, split::split_unified_allocator<unsigned int>> *, split::SplitVector<Hashinator::hash_pair<unsigned int, unsigned int>, split::split_unified_allocator<Hashinator::hash_pair<unsigned int, unsigned int>>> *, split::SplitVector<Hashinator::hash_pair<unsigned int, unsigned int>, split::split_unified_allocator<Hashinator::hash_pair<unsigned int, unsigned int>>> *, split::SplitVector<Hashinator::hash_pair<unsigned int, unsigned int>, split::split_unified_allocator<Hashinator::hash_pair<unsigned int, unsigned int>>> *, unsigned int, unsigned int, unsigned int, float *)"
0.0,10.2995,348,0.0296,0.0137,0.0107,0.2198,0.0315, 112    1    1,  32    1    1,"evaluate_column_extents_kernel(unsigned int, const vmesh::VelocityMesh *, ColumnOffsets *, Column *, split::SplitVector<unsigned int, split::split_unified_allocator<unsigned int>> *, Hashinator::Hashmap<unsigned int, unsigned int, (unsigned int)4294967295, (unsigned int)4294967294, Hashinator::HashFunctions::Fibonacci<unsigned int>, Hashinator::Hashers::Hasher<unsigned int, unsigned int, Hashinator::HashFunctions::Fibonacci<unsigned int>, (unsigned int)4294967295, (unsigned int)4294967294, (int)32, (int)1>, split::split_unified_allocator<Hashinator::Info>> *, Hashinator::Hashmap<unsigned int, unsigned int, (unsigned int)4294967295, (unsigned int)4294967294, Hashinator::HashFunctions::Fibonacci<unsigned int>, Hashinator::Hashers::Hasher<unsigned int, unsigned int, Hashinator::HashFunctions::Fibonacci<unsigned int>, (unsigned int)4294967295, (unsigned int)4294967294, (int)32, (int)1>, split::split_unified_allocator<Hashinator::Info>> *, unsigned int *, unsigned int *, float, float, float, float, int, int, float, float, unsigned int *)"
0.0,10.2020,484,0.0211,0.0085,0.0070,0.1652,0.0279,  82    1    1,  16    1    1,"reorder_blocks_by_dimension_kernel(vmesh::VelocityBlockContainer *, VecSimple<float> *, unsigned int *, unsigned int *, ColumnOffsets *)"
0.0,10.1824,44,0.2314,0.2130,0.1091,0.4434,0.0819, 133    1    1,  16    1    1,"acceleration_kernel(const vmesh::VelocityMesh *, vmesh::VelocityBlockContainer *, VecSimple<float> *, unsigned int *, unsigned int *, Column *, unsigned int, float, float, float, float, float, float, float, float, unsigned long)"
0.0,10.1700,276,0.0368,0.0155,0.0129,0.3306,0.0448, 272    1    1, 832    1    1,"update_velocity_halo_kernel(vmesh::VelocityMesh *, unsigned int, unsigned int *, Hashinator::Hashmap<unsigned int, unsigned int, (unsigned int)4294967295, (unsigned int)4294967294, Hashinator::HashFunctions::Fibonacci<unsigned int>, Hashinator::Hashers::Hasher<unsigned int, unsigned int, Hashinator::HashFunctions::Fibonacci<unsigned int>, (unsigned int)4294967295, (unsigned int)4294967294, (int)32, (int)1>, split::split_unified_allocator<Hashinator::Info>> *, Hashinator::Hashmap<unsigned int, unsigned int, (unsigned int)4294967295, (unsigned int)4294967294, Hashinator::HashFunctions::Fibonacci<unsigned int>, Hashinator::Hashers::Hasher<unsigned int, unsigned int, Hashinator::HashFunctions::Fibonacci<unsigned int>, (unsigned int)4294967295, (unsigned int)4294967294, (int)32, (int)1>, split::split_unified_allocator<Hashinator::Info>> *)"
0.0,10.1423,371,0.0273,0.0078,0.0063,0.1893,0.0327,  70    1    1,  64    1    1,"update_velocity_blocks_kernel(vmesh::VelocityMesh *, vmesh::VelocityBlockContainer *, split::SplitVector<unsigned int, split::split_unified_allocator<unsigned int>> *, split::SplitVector<Hashinator::hash_pair<unsigned int, unsigned int>, split::split_unified_allocator<Hashinator::hash_pair<unsigned int, unsigned int>>> *, split::SplitVector<Hashinator::hash_pair<unsigned int, unsigned int>, split::split_unified_allocator<Hashinator::hash_pair<unsigned int, unsigned int>>> *, split::SplitVector<Hashinator::hash_pair<unsigned int, unsigned int>, split::split_unified_allocator<Hashinator::hash_pair<unsigned int, unsigned int>>> *, unsigned int, unsigned int, unsigned int, float *)"
0.0,9.8209,1569,0.0063,0.0040,0.0038,0.1606,0.0124,  29    1    1, 512    1    1,"void arch::reduction_kernel<(unsigned int)512, (arch::reduce_op)2, (unsigned int)4, (unsigned int)3, void blockVelocitySecondMoments<double, (unsigned int)3>(vmesh::VelocityBlockContainer *, T1, T1, T1, T1 (&)[T2], unsigned int)::[lambda(unsigned int, unsigned int, unsigned int, unsigned int, double *) (instance 1)], double>(T5, const T6 *, T6 *, const unsigned int *, unsigned int, unsigned int, T6 *)"
0.0,9.6390,584,0.0165,0.0044,0.0035,0.1092,0.0202,  26    1    1,  32    1    1,"order_GIDs_kernel(const vmesh::VelocityMesh *, unsigned int *, unsigned int *, unsigned int, unsigned int *, unsigned int *, unsigned int, ColumnOffsets *)"
0.0,9.5375,352,0.0271,0.0122,0.0106,0.1869,0.0275,  46    1    1,  32    1    1,"evaluate_column_extents_kernel(unsigned int, const vmesh::VelocityMesh *, ColumnOffsets *, Column *, split::SplitVector<unsigned int, split::split_unified_allocator<unsigned int>> *, Hashinator::Hashmap<unsigned int, unsigned int, (unsigned int)4294967295, (unsigned int)4294967294, Hashinator::HashFunctions::Fibonacci<unsigned int>, Hashinator::Hashers::Hasher<unsigned int, unsigned int, Hashinator::HashFunctions::Fibonacci<unsigned int>, (unsigned int)4294967295, (unsigned int)4294967294, (int)32, (int)1>, split::split_unified_allocator<Hashinator::Info>> *, Hashinator::Hashmap<unsigned int, unsigned int, (unsigned int)4294967295, (unsigned int)4294967294, Hashinator::HashFunctions::Fibonacci<unsigned int>, Hashinator::Hashers::Hasher<unsigned int, unsigned int, Hashinator::HashFunctions::Fibonacci<unsigned int>, (unsigned int)4294967295, (unsigned int)4294967294, (int)32, (int)1>, split::split_unified_allocator<Hashinator::Info>> *, unsigned int *, unsigned int *, float, float, float, float, int, int, float, float, unsigned int *)"
0.0,9.4878,327,0.0290,0.0133,0.0076,0.3551,0.0374,  94    1    1,  16    1    1,"reorder_blocks_by_dimension_kernel(vmesh::VelocityBlockContainer *, VecSimple<float> *, unsigned int *, unsigned int *, ColumnOffsets *)"
0.0,9.4824,352,0.0269,0.0079,0.0063,0.1974,0.0333, 108    1    1,  64    1    1,"update_velocity_blocks_kernel(vmesh::VelocityMesh *, vmesh::VelocityBlockContainer *, split::SplitVector<unsigned int, split::split_unified_allocator<unsigned int>> *, split::SplitVector<Hashinator::hash_pair<unsigned int, unsigned int>, split::split_unified_allocator<Hashinator::hash_pair<unsigned int, unsigned int>>> *, split::SplitVector<Hashinator::hash_pair<unsigned int, unsigned int>, split::split_unified_allocator<Hashinator::hash_pair<unsigned int, unsigned int>>> *, split::SplitVector<Hashinator::hash_pair<unsigned int, unsigned int>, split::split_unified_allocator<Hashinator::hash_pair<unsigned int, unsigned int>>> *, unsigned int, unsigned int, unsigned int, float *)"
0.0,9.4684,352,0.0269,0.0133,0.0106,0.1886,0.0267,  79    1    1,  32    1    1,"evaluate_column_extents_kernel(unsigned int, const vmesh::VelocityMesh *, ColumnOffsets *, Column *, split::SplitVector<unsigned int, split::split_unified_allocator<unsigned int>> *, Hashinator::Hashmap<unsigned int, unsigned int, (unsigned int)4294967295, (unsigned int)4294967294, Hashinator::HashFunctions::Fibonacci<unsigned int>, Hashinator::Hashers::Hasher<unsigned int, unsigned int, Hashinator::HashFunctions::Fibonacci<unsigned int>, (unsigned int)4294967295, (unsigned int)4294967294, (int)32, (int)1>, split::split_unified_allocator<Hashinator::Info>> *, Hashinator::Hashmap<unsigned int, unsigned int, (unsigned int)4294967295, (unsigned int)4294967294, Hashinator::HashFunctions::Fibonacci<unsigned int>, Hashinator::Hashers::Hasher<unsigned int, unsigned int, Hashinator::HashFunctions::Fibonacci<unsigned int>, (unsigned int)4294967295, (unsigned int)4294967294, (int)32, (int)1>, split::split_unified_allocator<Hashinator::Info>> *, unsigned int *, unsigned int *, float, float, float, float, int, int, float, float, unsigned int *)"
0.0,9.4106,156,0.0603,0.0072,0.0050,0.7123,0.1111, 237    1    1,  64    1    1,"update_velocity_blocks_kernel(vmesh::VelocityMesh *, vmesh::VelocityBlockContainer *, split::SplitVector<unsigned int, split::split_unified_allocator<unsigned int>> *, split::SplitVector<Hashinator::hash_pair<unsigned int, unsigned int>, split::split_unified_allocator<Hashinator::hash_pair<unsigned int, unsigned int>>> *, split::SplitVector<Hashinator::hash_pair<unsigned int, unsigned int>, split::split_unified_allocator<Hashinator::hash_pair<unsigned int, unsigned int>>> *, split::SplitVector<Hashinator::hash_pair<unsigned int, unsigned int>, split::split_unified_allocator<Hashinator::hash_pair<unsigned int, unsigned int>>> *, unsigned int, unsigned int, unsigned int, float *)"
0.0,9.3704,175,0.0535,0.0069,0.0050,0.9892,0.1210, 161    1    1,  64    1    1,"update_velocity_blocks_kernel(vmesh::VelocityMesh *, vmesh::VelocityBlockContainer *, split::SplitVector<unsigned int, split::split_unified_allocator<unsigned int>> *, split::SplitVector<Hashinator::hash_pair<unsigned int, unsigned int>, split::split_unified_allocator<Hashinator::hash_pair<unsigned int, unsigned int>>> *, split::SplitVector<Hashinator::hash_pair<unsigned int, unsigned int>, split::split_unified_allocator<Hashinator::hash_pair<unsigned int, unsigned int>>> *, split::SplitVector<Hashinator::hash_pair<unsigned int, unsigned int>, split::split_unified_allocator<Hashinator::hash_pair<unsigned int, unsigned int>>> *, unsigned int, unsigned int, unsigned int, float *)"
0.0,9.3669,48,0.1951,0.1907,0.0043,0.5729,0.1128, 892    1    1,   4    4    4,"void spatial_cell::add_blocks_from_buffer_kernel<float>(const vmesh::VelocityMesh *, vmesh::VelocityBlockContainer *, unsigned int, const unsigned int *, const T1 *, unsigned int)"
0.0,9.3180,362,0.0257,0.0076,0.0063,0.3584,0.0355,  84    1    1,  64    1    1,"update_velocity_blocks_kernel(vmesh::VelocityMesh *, vmesh::VelocityBlockContainer *, split::SplitVector<unsigned int, split::split_unified_allocator<unsigned int>> *, split::SplitVector<Hashinator::hash_pair<unsigned int, unsigned int>, split::split_unified_allocator<Hashinator::hash_pair<unsigned int, unsigned int>>> *, split::SplitVector<Hashinator::hash_pair<unsigned int, unsigned int>, split::split_unified_allocator<Hashinator::hash_pair<unsigned int, unsigned int>>> *, split::SplitVector<Hashinator::hash_pair<unsigned int, unsigned int>, split::split_unified_allocator<Hashinator::hash_pair<unsigned int, unsigned int>>> *, unsigned int, unsigned int, unsigned int, float *)"
0.0,9.2621,536,0.0173,0.0042,0.0036,0.1279,0.0233,  21    1    1,  32    1    1,"order_GIDs_kernel(const vmesh::VelocityMesh *, unsigned int *, unsigned int *, unsigned int, unsigned int *, unsigned int *, unsigned int, ColumnOffsets *)"
0.0,9.0692,327,0.0277,0.0135,0.0107,0.2498,0.0272,  94    1    1,  32    1    1,"evaluate_column_extents_kernel(unsigned int, const vmesh::VelocityMesh *, ColumnOffsets *, Column *, split::SplitVector<unsigned int, split::split_unified_allocator<unsigned int>> *, Hashinator::Hashmap<unsigned int, unsigned int, (unsigned int)4294967295, (unsigned int)4294967294, Hashinator::HashFunctions::Fibonacci<unsigned int>, Hashinator::Hashers::Hasher<unsigned int, unsigned int, Hashinator::HashFunctions::Fibonacci<unsigned int>, (unsigned int)4294967295, (unsigned int)4294967294, (int)32, (int)1>, split::split_unified_allocator<Hashinator::Info>> *, Hashinator::Hashmap<unsigned int, unsigned int, (unsigned int)4294967295, (unsigned int)4294967294, Hashinator::HashFunctions::Fibonacci<unsigned int>, Hashinator::Hashers::Hasher<unsigned int, unsigned int, Hashinator::HashFunctions::Fibonacci<unsigned int>, (unsigned int)4294967295, (unsigned int)4294967294, (int)32, (int)1>, split::split_unified_allocator<Hashinator::Info>> *, unsigned int *, unsigned int *, float, float, float, float, int, int, float, float, unsigned int *)"
0.0,9.0418,278,0.0325,0.0081,0.0063,0.2822,0.0431, 102    1    1,  64    1    1,"update_velocity_blocks_kernel(vmesh::VelocityMesh *, vmesh::VelocityBlockContainer *, split::SplitVector<unsigned int, split::split_unified_allocator<unsigned int>> *, split::SplitVector<Hashinator::hash_pair<unsigned int, unsigned int>, split::split_unified_allocator<Hashinator::hash_pair<unsigned int, unsigned int>>> *, split::SplitVector<Hashinator::hash_pair<unsigned int, unsigned int>, split::split_unified_allocator<Hashinator::hash_pair<unsigned int, unsigned int>>> *, split::SplitVector<Hashinator::hash_pair<unsigned int, unsigned int>, split::split_unified_allocator<Hashinator::hash_pair<unsigned int, unsigned int>>> *, unsigned int, unsigned int, unsigned int, float *)"
0.0,8.8721,30,0.2957,0.2521,0.1718,1.4610,0.2246,1224    1    1,  32   32    1,"gather_union_of_blocks_kernel(Hashinator::Hashmap<unsigned int, unsigned int, (unsigned int)4294967295, (unsigned int)4294967294, Hashinator::HashFunctions::Fibonacci<unsigned int>, Hashinator::Hashers::Hasher<unsigned int, unsigned int, Hashinator::HashFunctions::Fibonacci<unsigned int>, (unsigned int)4294967295, (unsigned int)4294967294, (int)32, (int)1>, split::split_unified_allocator<Hashinator::Info>> *, split::SplitVector<vmesh::VelocityMesh *, split::split_unified_allocator<vmesh::VelocityMesh *>> *, unsigned int)"
0.0,8.6370,163,0.0530,0.0073,0.0050,0.7539,0.0942, 160    1    1,  64    1    1,"update_velocity_blocks_kernel(vmesh::VelocityMesh *, vmesh::VelocityBlockContainer *, split::SplitVector<unsigned int, split::split_unified_allocator<unsigned int>> *, split::SplitVector<Hashinator::hash_pair<unsigned int, unsigned int>, split::split_unified_allocator<Hashinator::hash_pair<unsigned int, unsigned int>>> *, split::SplitVector<Hashinator::hash_pair<unsigned int, unsigned int>, split::split_unified_allocator<Hashinator::hash_pair<unsigned int, unsigned int>>> *, split::SplitVector<Hashinator::hash_pair<unsigned int, unsigned int>, split::split_unified_allocator<Hashinator::hash_pair<unsigned int, unsigned int>>> *, unsigned int, unsigned int, unsigned int, float *)"
0.0,8.6335,221,0.0391,0.0071,0.0051,0.4023,0.0601, 244    1    1,  64    1    1,"update_velocity_blocks_kernel(vmesh::VelocityMesh *, vmesh::VelocityBlockContainer *, split::SplitVector<unsigned int, split::split_unified_allocator<unsigned int>> *, split::SplitVector<Hashinator::hash_pair<unsigned int, unsigned int>, split::split_unified_allocator<Hashinator::hash_pair<unsigned int, unsigned int>>> *, split::SplitVector<Hashinator::hash_pair<unsigned int, unsigned int>, split::split_unified_allocator<Hashinator::hash_pair<unsigned int, unsigned int>>> *, split::SplitVector<Hashinator::hash_pair<unsigned int, unsigned int>, split::split_unified_allocator<Hashinator::hash_pair<unsigned int, unsigned int>>> *, unsigned int, unsigned int, unsigned int, float *)"
0.0,8.4749,32,0.2648,0.2660,0.1509,0.4556,0.0753, 115    1    1,  16    1    1,"acceleration_kernel(const vmesh::VelocityMesh *, vmesh::VelocityBlockContainer *, VecSimple<float> *, unsigned int *, unsigned int *, Column *, unsigned int, float, float, float, float, float, float, float, float, unsigned long)"
0.0,8.3022,168,0.0494,0.0075,0.0050,0.4579,0.0728, 204    1    1,  64    1    1,"update_velocity_blocks_kernel(vmesh::VelocityMesh *, vmesh::VelocityBlockContainer *, split::SplitVector<unsigned int, split::split_unified_allocator<unsigned int>> *, split::SplitVector<Hashinator::hash_pair<unsigned int, unsigned int>, split::split_unified_allocator<Hashinator::hash_pair<unsigned int, unsigned int>>> *, split::SplitVector<Hashinator::hash_pair<unsigned int, unsigned int>, split::split_unified_allocator<Hashinator::hash_pair<unsigned int, unsigned int>>> *, split::SplitVector<Hashinator::hash_pair<unsigned int, unsigned int>, split::split_unified_allocator<Hashinator::hash_pair<unsigned int, unsigned int>>> *, unsigned int, unsigned int, unsigned int, float *)"
0.0,8.2977,352,0.0236,0.0120,0.0106,0.1521,0.0223,  54    1    1,  32    1    1,"evaluate_column_extents_kernel(unsigned int, const vmesh::VelocityMesh *, ColumnOffsets *, Column *, split::SplitVector<unsigned int, split::split_unified_allocator<unsigned int>> *, Hashinator::Hashmap<unsigned int, unsigned int, (unsigned int)4294967295, (unsigned int)4294967294, Hashinator::HashFunctions::Fibonacci<unsigned int>, Hashinator::Hashers::Hasher<unsigned int, unsigned int, Hashinator::HashFunctions::Fibonacci<unsigned int>, (unsigned int)4294967295, (unsigned int)4294967294, (int)32, (int)1>, split::split_unified_allocator<Hashinator::Info>> *, Hashinator::Hashmap<unsigned int, unsigned int, (unsigned int)4294967295, (unsigned int)4294967294, Hashinator::HashFunctions::Fibonacci<unsigned int>, Hashinator::Hashers::Hasher<unsigned int, unsigned int, Hashinator::HashFunctions::Fibonacci<unsigned int>, (unsigned int)4294967295, (unsigned int)4294967294, (int)32, (int)1>, split::split_unified_allocator<Hashinator::Info>> *, unsigned int *, unsigned int *, float, float, float, float, int, int, float, float, unsigned int *)"
0.0,8.2742,576,0.0144,0.0035,0.0028,0.1871,0.0254,  23    1    1,  32    1    1,"blocksID_mapped_dim0_kernel(const vmesh::VelocityMesh *, unsigned int *, unsigned int *, unsigned int)"
0.0,8.1036,23,0.3523,0.3502,0.3476,0.3908,0.0085,1952    1    1,   4    4    4,"second_moments_kernel(vmesh::VelocityBlockContainer **, double *, double *, unsigned int)"
0.0,7.9875,576,0.0139,0.0042,0.0035,0.1326,0.0193,  23    1    1,  32    1    1,"order_GIDs_kernel(const vmesh::VelocityMesh *, unsigned int *, unsigned int *, unsigned int, unsigned int *, unsigned int *, unsigned int, ColumnOffsets *)"
0.0,7.8742,456,0.0173,0.0042,0.0035,0.1485,0.0233,  15    1    1,  32    1    1,"order_GIDs_kernel(const vmesh::VelocityMesh *, unsigned int *, unsigned int *, unsigned int, unsigned int *, unsigned int *, unsigned int, ColumnOffsets *)"
0.0,7.7552,32,0.2423,0.2389,0.0050,0.7069,0.1342,1448    1    1,   4    4    4,"void spatial_cell::add_blocks_from_buffer_kernel<float>(const vmesh::VelocityMesh *, vmesh::VelocityBlockContainer *, unsigned int, const unsigned int *, const T1 *, unsigned int)"
0.0,7.7267,528,0.0146,0.0032,0.0026,0.1993,0.0245,  26    1    1,  32    1    1,"blocksID_mapped_dim1_kernel(const vmesh::VelocityMesh *, unsigned int *, unsigned int *, unsigned int)"
0.0,7.6107,253,0.0301,0.0079,0.0062,0.3191,0.0376, 114    1    1,  64    1    1,"update_velocity_blocks_kernel(vmesh::VelocityMesh *, vmesh::VelocityBlockContainer *, split::SplitVector<unsigned int, split::split_unified_allocator<unsigned int>> *, split::SplitVector<Hashinator::hash_pair<unsigned int, unsigned int>, split::split_unified_allocator<Hashinator::hash_pair<unsigned int, unsigned int>>> *, split::SplitVector<Hashinator::hash_pair<unsigned int, unsigned int>, split::split_unified_allocator<Hashinator::hash_pair<unsigned int, unsigned int>>> *, split::SplitVector<Hashinator::hash_pair<unsigned int, unsigned int>, split::split_unified_allocator<Hashinator::hash_pair<unsigned int, unsigned int>>> *, unsigned int, unsigned int, unsigned int, float *)"
0.0,7.4777,278,0.0269,0.0131,0.0087,0.2115,0.0298, 108    1    1,  16    1    1,"reorder_blocks_by_dimension_kernel(vmesh::VelocityBlockContainer *, VecSimple<float> *, unsigned int *, unsigned int *, ColumnOffsets *)"
0.0,7.4644,298,0.0250,0.0075,0.0063,0.2106,0.0332,  85    1    1,  64    1    1,"update_velocity_blocks_kernel(vmesh::VelocityMesh *, vmesh::VelocityBlockContainer *, split::SplitVector<unsigned int, split::split_unified_allocator<unsigned int>> *, split::SplitVector<Hashinator::hash_pair<unsigned int, unsigned int>, split::split_unified_allocator<Hashinator::hash_pair<unsigned int, unsigned int>>> *, split::SplitVector<Hashinator::hash_pair<unsigned int, unsigned int>, split::split_unified_allocator<Hashinator::hash_pair<unsigned int, unsigned int>>> *, split::SplitVector<Hashinator::hash_pair<unsigned int, unsigned int>, split::split_unified_allocator<Hashinator::hash_pair<unsigned int, unsigned int>>> *, unsigned int, unsigned int, unsigned int, float *)"
0.0,7.4317,22,0.3378,0.3379,0.3351,0.3420,0.0018,1224    1    1,   4    4    4,"second_moments_kernel(vmesh::VelocityBlockContainer **, double *, double *, unsigned int)"
0.0,7.3780,554,0.0133,0.0034,0.0028,0.1204,0.0223,  16    1    1,  32    1    1,"blocksID_mapped_dim0_kernel(const vmesh::VelocityMesh *, unsigned int *, unsigned int *, unsigned int)"
0.0,7.2838,532,0.0137,0.0031,0.0025,0.1256,0.0226,  18    1    1,  32    1    1,"blocksID_mapped_dim1_kernel(const vmesh::VelocityMesh *, unsigned int *, unsigned int *, unsigned int)"
0.0,7.1797,265,0.0271,0.0078,0.0063,0.1502,0.0302,  71    1    1,  64    1    1,"update_velocity_blocks_kernel(vmesh::VelocityMesh *, vmesh::VelocityBlockContainer *, split::SplitVector<unsigned int, split::split_unified_allocator<unsigned int>> *, split::SplitVector<Hashinator::hash_pair<unsigned int, unsigned int>, split::split_unified_allocator<Hashinator::hash_pair<unsigned int, unsigned int>>> *, split::SplitVector<Hashinator::hash_pair<unsigned int, unsigned int>, split::split_unified_allocator<Hashinator::hash_pair<unsigned int, unsigned int>>> *, split::SplitVector<Hashinator::hash_pair<unsigned int, unsigned int>, split::split_unified_allocator<Hashinator::hash_pair<unsigned int, unsigned int>>> *, unsigned int, unsigned int, unsigned int, float *)"
0.0,7.0911,352,0.0201,0.0087,0.0068,0.2360,0.0274,  79    1    1,  16    1    1,"reorder_blocks_by_dimension_kernel(vmesh::VelocityBlockContainer *, VecSimple<float> *, unsigned int *, unsigned int *, ColumnOffsets *)"
0.0,7.0791,284,0.0249,0.0078,0.0062,0.1693,0.0307, 100    1    1,  64    1    1,"update_velocity_blocks_kernel(vmesh::VelocityMesh *, vmesh::VelocityBlockContainer *, split::SplitVector<unsigned int, split::split_unified_allocator<unsigned int>> *, split::SplitVector<Hashinator::hash_pair<unsigned int, unsigned int>, split::split_unified_allocator<Hashinator::hash_pair<unsigned int, unsigned int>>> *, split::SplitVector<Hashinator::hash_pair<unsigned int, unsigned int>, split::split_unified_allocator<Hashinator::hash_pair<unsigned int, unsigned int>>> *, split::SplitVector<Hashinator::hash_pair<unsigned int, unsigned int>, split::split_unified_allocator<Hashinator::hash_pair<unsigned int, unsigned int>>> *, unsigned int, unsigned int, unsigned int, float *)"
0.0,6.9912,274,0.0255,0.0123,0.0106,0.1516,0.0252,  86    1    1,  32    1    1,"evaluate_column_extents_kernel(unsigned int, const vmesh::VelocityMesh *, ColumnOffsets *, Column *, split::SplitVector<unsigned int, split::split_unified_allocator<unsigned int>> *, Hashinator::Hashmap<unsigned int, unsigned int, (unsigned int)4294967295, (unsigned int)4294967294, Hashinator::HashFunctions::Fibonacci<unsigned int>, Hashinator::Hashers::Hasher<unsigned int, unsigned int, Hashinator::HashFunctions::Fibonacci<unsigned int>, (unsigned int)4294967295, (unsigned int)4294967294, (int)32, (int)1>, split::split_unified_allocator<Hashinator::Info>> *, Hashinator::Hashmap<unsigned int, unsigned int, (unsigned int)4294967295, (unsigned int)4294967294, Hashinator::HashFunctions::Fibonacci<unsigned int>, Hashinator::Hashers::Hasher<unsigned int, unsigned int, Hashinator::HashFunctions::Fibonacci<unsigned int>, (unsigned int)4294967295, (unsigned int)4294967294, (int)32, (int)1>, split::split_unified_allocator<Hashinator::Info>> *, unsigned int *, unsigned int *, float, float, float, float, int, int, float, float, unsigned int *)"
0.0,6.9782,279,0.0250,0.0077,0.0063,0.1501,0.0302, 103    1    1,  64    1    1,"update_velocity_blocks_kernel(vmesh::VelocityMesh *, vmesh::VelocityBlockContainer *, split::SplitVector<unsigned int, split::split_unified_allocator<unsigned int>> *, split::SplitVector<Hashinator::hash_pair<unsigned int, unsigned int>, split::split_unified_allocator<Hashinator::hash_pair<unsigned int, unsigned int>>> *, split::SplitVector<Hashinator::hash_pair<unsigned int, unsigned int>, split::split_unified_allocator<Hashinator::hash_pair<unsigned int, unsigned int>>> *, split::SplitVector<Hashinator::hash_pair<unsigned int, unsigned int>, split::split_unified_allocator<Hashinator::hash_pair<unsigned int, unsigned int>>> *, unsigned int, unsigned int, unsigned int, float *)"
0.0,6.8754,224,0.0307,0.0122,0.0086,0.2101,0.0360, 107    1    1,  16    1    1,"reorder_blocks_by_dimension_kernel(vmesh::VelocityBlockContainer *, VecSimple<float> *, unsigned int *, unsigned int *, ColumnOffsets *)"
0.0,6.8373,252,0.0271,0.0079,0.0063,0.1731,0.0322,  99    1    1,  64    1    1,"update_velocity_blocks_kernel(vmesh::VelocityMesh *, vmesh::VelocityBlockContainer *, split::SplitVector<unsigned int, split::split_unified_allocator<unsigned int>> *, split::SplitVector<Hashinator::hash_pair<unsigned int, unsigned int>, split::split_unified_allocator<Hashinator::hash_pair<unsigned int, unsigned int>>> *, split::SplitVector<Hashinator::hash_pair<unsigned int, unsigned int>, split::split_unified_allocator<Hashinator::hash_pair<unsigned int, unsigned int>>> *, split::SplitVector<Hashinator::hash_pair<unsigned int, unsigned int>, split::split_unified_allocator<Hashinator::hash_pair<unsigned int, unsigned int>>> *, unsigned int, unsigned int, unsigned int, float *)"
0.0,6.8056,352,0.0193,0.0072,0.0063,0.1666,0.0273,  46    1    1,  64    1    1,"update_velocity_blocks_kernel(vmesh::VelocityMesh *, vmesh::VelocityBlockContainer *, split::SplitVector<unsigned int, split::split_unified_allocator<unsigned int>> *, split::SplitVector<Hashinator::hash_pair<unsigned int, unsigned int>, split::split_unified_allocator<Hashinator::hash_pair<unsigned int, unsigned int>>> *, split::SplitVector<Hashinator::hash_pair<unsigned int, unsigned int>, split::split_unified_allocator<Hashinator::hash_pair<unsigned int, unsigned int>>> *, split::SplitVector<Hashinator::hash_pair<unsigned int, unsigned int>, split::split_unified_allocator<Hashinator::hash_pair<unsigned int, unsigned int>>> *, unsigned int, unsigned int, unsigned int, float *)"
0.0,6.7857,256,0.0265,0.0124,0.0103,0.1605,0.0298,  74    1    1,  32    1    1,"evaluate_column_extents_kernel(unsigned int, const vmesh::VelocityMesh *, ColumnOffsets *, Column *, split::SplitVector<unsigned int, split::split_unified_allocator<unsigned int>> *, Hashinator::Hashmap<unsigned int, unsigned int, (unsigned int)4294967295, (unsigned int)4294967294, Hashinator::HashFunctions::Fibonacci<unsigned int>, Hashinator::Hashers::Hasher<unsigned int, unsigned int, Hashinator::HashFunctions::Fibonacci<unsigned int>, (unsigned int)4294967295, (unsigned int)4294967294, (int)32, (int)1>, split::split_unified_allocator<Hashinator::Info>> *, Hashinator::Hashmap<unsigned int, unsigned int, (unsigned int)4294967295, (unsigned int)4294967294, Hashinator::HashFunctions::Fibonacci<unsigned int>, Hashinator::Hashers::Hasher<unsigned int, unsigned int, Hashinator::HashFunctions::Fibonacci<unsigned int>, (unsigned int)4294967295, (unsigned int)4294967294, (int)32, (int)1>, split::split_unified_allocator<Hashinator::Info>> *, unsigned int *, unsigned int *, float, float, float, float, int, int, float, float, unsigned int *)"
0.0,6.7602,265,0.0255,0.0081,0.0063,0.1908,0.0323,  69    1    1,  64    1    1,"update_velocity_blocks_kernel(vmesh::VelocityMesh *, vmesh::VelocityBlockContainer *, split::SplitVector<unsigned int, split::split_unified_allocator<unsigned int>> *, split::SplitVector<Hashinator::hash_pair<unsigned int, unsigned int>, split::split_unified_allocator<Hashinator::hash_pair<unsigned int, unsigned int>>> *, split::SplitVector<Hashinator::hash_pair<unsigned int, unsigned int>, split::split_unified_allocator<Hashinator::hash_pair<unsigned int, unsigned int>>> *, split::SplitVector<Hashinator::hash_pair<unsigned int, unsigned int>, split::split_unified_allocator<Hashinator::hash_pair<unsigned int, unsigned int>>> *, unsigned int, unsigned int, unsigned int, float *)"
0.0,6.6965,278,0.0241,0.0132,0.0109,0.1288,0.0213, 108    1    1,  32    1    1,"evaluate_column_extents_kernel(unsigned int, const vmesh::VelocityMesh *, ColumnOffsets *, Column *, split::SplitVector<unsigned int, split::split_unified_allocator<unsigned int>> *, Hashinator::Hashmap<unsigned int, unsigned int, (unsigned int)4294967295, (unsigned int)4294967294, Hashinator::HashFunctions::Fibonacci<unsigned int>, Hashinator::Hashers::Hasher<unsigned int, unsigned int, Hashinator::HashFunctions::Fibonacci<unsigned int>, (unsigned int)4294967295, (unsigned int)4294967294, (int)32, (int)1>, split::split_unified_allocator<Hashinator::Info>> *, Hashinator::Hashmap<unsigned int, unsigned int, (unsigned int)4294967295, (unsigned int)4294967294, Hashinator::HashFunctions::Fibonacci<unsigned int>, Hashinator::Hashers::Hasher<unsigned int, unsigned int, Hashinator::HashFunctions::Fibonacci<unsigned int>, (unsigned int)4294967295, (unsigned int)4294967294, (int)32, (int)1>, split::split_unified_allocator<Hashinator::Info>> *, unsigned int *, unsigned int *, float, float, float, float, int, int, float, float, unsigned int *)"
0.0,6.6437,384,0.0173,0.0042,0.0035,0.3839,0.0344,  14    1    1,  32    1    1,"order_GIDs_kernel(const vmesh::VelocityMesh *, unsigned int *, unsigned int *, unsigned int, unsigned int *, unsigned int *, unsigned int, ColumnOffsets *)"
0.0,6.6364,281,0.0236,0.0076,0.0063,0.1427,0.0283, 104    1    1,  64    1    1,"update_velocity_blocks_kernel(vmesh::VelocityMesh *, vmesh::VelocityBlockContainer *, split::SplitVector<unsigned int, split::split_unified_allocator<unsigned int>> *, split::SplitVector<Hashinator::hash_pair<unsigned int, unsigned int>, split::split_unified_allocator<Hashinator::hash_pair<unsigned int, unsigned int>>> *, split::SplitVector<Hashinator::hash_pair<unsigned int, unsigned int>, split::split_unified_allocator<Hashinator::hash_pair<unsigned int, unsigned int>>> *, split::SplitVector<Hashinator::hash_pair<unsigned int, unsigned int>, split::split_unified_allocator<Hashinator::hash_pair<unsigned int, unsigned int>>> *, unsigned int, unsigned int, unsigned int, float *)"
0.0,6.5978,265,0.0249,0.0076,0.0062,0.2155,0.0300, 106    1    1,  64    1    1,"update_velocity_blocks_kernel(vmesh::VelocityMesh *, vmesh::VelocityBlockContainer *, split::SplitVector<unsigned int, split::split_unified_allocator<unsigned int>> *, split::SplitVector<Hashinator::hash_pair<unsigned int, unsigned int>, split::split_unified_allocator<Hashinator::hash_pair<unsigned int, unsigned int>>> *, split::SplitVector<Hashinator::hash_pair<unsigned int, unsigned int>, split::split_unified_allocator<Hashinator::hash_pair<unsigned int, unsigned int>>> *, split::SplitVector<Hashinator::hash_pair<unsigned int, unsigned int>, split::split_unified_allocator<Hashinator::hash_pair<unsigned int, unsigned int>>> *, unsigned int, unsigned int, unsigned int, float *)"
0.0,6.5636,120,0.0547,0.0076,0.0050,0.9869,0.1058, 157    1    1,  64    1    1,"update_velocity_blocks_kernel(vmesh::VelocityMesh *, vmesh::VelocityBlockContainer *, split::SplitVector<unsigned int, split::split_unified_allocator<unsigned int>> *, split::SplitVector<Hashinator::hash_pair<unsigned int, unsigned int>, split::split_unified_allocator<Hashinator::hash_pair<unsigned int, unsigned int>>> *, split::SplitVector<Hashinator::hash_pair<unsigned int, unsigned int>, split::split_unified_allocator<Hashinator::hash_pair<unsigned int, unsigned int>>> *, split::SplitVector<Hashinator::hash_pair<unsigned int, unsigned int>, split::split_unified_allocator<Hashinator::hash_pair<unsigned int, unsigned int>>> *, unsigned int, unsigned int, unsigned int, float *)"
0.0,6.5362,244,0.0268,0.0077,0.0062,0.1406,0.0305, 117    1    1,  64    1    1,"update_velocity_blocks_kernel(vmesh::VelocityMesh *, vmesh::VelocityBlockContainer *, split::SplitVector<unsigned int, split::split_unified_allocator<unsigned int>> *, split::SplitVector<Hashinator::hash_pair<unsigned int, unsigned int>, split::split_unified_allocator<Hashinator::hash_pair<unsigned int, unsigned int>>> *, split::SplitVector<Hashinator::hash_pair<unsigned int, unsigned int>, split::split_unified_allocator<Hashinator::hash_pair<unsigned int, unsigned int>>> *, split::SplitVector<Hashinator::hash_pair<unsigned int, unsigned int>, split::split_unified_allocator<Hashinator::hash_pair<unsigned int, unsigned int>>> *, unsigned int, unsigned int, unsigned int, float *)"
0.0,6.4932,224,0.0290,0.0136,0.0109,0.1473,0.0277, 107    1    1,  32    1    1,"evaluate_column_extents_kernel(unsigned int, const vmesh::VelocityMesh *, ColumnOffsets *, Column *, split::SplitVector<unsigned int, split::split_unified_allocator<unsigned int>> *, Hashinator::Hashmap<unsigned int, unsigned int, (unsigned int)4294967295, (unsigned int)4294967294, Hashinator::HashFunctions::Fibonacci<unsigned int>, Hashinator::Hashers::Hasher<unsigned int, unsigned int, Hashinator::HashFunctions::Fibonacci<unsigned int>, (unsigned int)4294967295, (unsigned int)4294967294, (int)32, (int)1>, split::split_unified_allocator<Hashinator::Info>> *, Hashinator::Hashmap<unsigned int, unsigned int, (unsigned int)4294967295, (unsigned int)4294967294, Hashinator::HashFunctions::Fibonacci<unsigned int>, Hashinator::Hashers::Hasher<unsigned int, unsigned int, Hashinator::HashFunctions::Fibonacci<unsigned int>, (unsigned int)4294967295, (unsigned int)4294967294, (int)32, (int)1>, split::split_unified_allocator<Hashinator::Info>> *, unsigned int *, unsigned int *, float, float, float, float, int, int, float, float, unsigned int *)"
0.0,6.4925,352,0.0184,0.0072,0.0063,0.2179,0.0254,  54    1    1,  64    1    1,"update_velocity_blocks_kernel(vmesh::VelocityMesh *, vmesh::VelocityBlockContainer *, split::SplitVector<unsigned int, split::split_unified_allocator<unsigned int>> *, split::SplitVector<Hashinator::hash_pair<unsigned int, unsigned int>, split::split_unified_allocator<Hashinator::hash_pair<unsigned int, unsigned int>>> *, split::SplitVector<Hashinator::hash_pair<unsigned int, unsigned int>, split::split_unified_allocator<Hashinator::hash_pair<unsigned int, unsigned int>>> *, split::SplitVector<Hashinator::hash_pair<unsigned int, unsigned int>, split::split_unified_allocator<Hashinator::hash_pair<unsigned int, unsigned int>>> *, unsigned int, unsigned int, unsigned int, float *)"
0.0,6.3566,170,0.0374,0.0076,0.0052,0.3705,0.0602, 359    1    1,  64    1    1,"update_velocity_blocks_kernel(vmesh::VelocityMesh *, vmesh::VelocityBlockContainer *, split::SplitVector<unsigned int, split::split_unified_allocator<unsigned int>> *, split::SplitVector<Hashinator::hash_pair<unsigned int, unsigned int>, split::split_unified_allocator<Hashinator::hash_pair<unsigned int, unsigned int>>> *, split::SplitVector<Hashinator::hash_pair<unsigned int, unsigned int>, split::split_unified_allocator<Hashinator::hash_pair<unsigned int, unsigned int>>> *, split::SplitVector<Hashinator::hash_pair<unsigned int, unsigned int>, split::split_unified_allocator<Hashinator::hash_pair<unsigned int, unsigned int>>> *, unsigned int, unsigned int, unsigned int, float *)"
0.0,6.3394,172,0.0369,0.0183,0.0125,0.2027,0.0391, 123    1    1,  16    1    1,"reorder_blocks_by_dimension_kernel(vmesh::VelocityBlockContainer *, VecSimple<float> *, unsigned int *, unsigned int *, ColumnOffsets *)"
0.0,6.2558,192,0.0326,0.0122,0.0099,0.2119,0.0359, 160    1    1, 832    1    1,"update_velocity_halo_kernel(vmesh::VelocityMesh *, unsigned int, unsigned int *, Hashinator::Hashmap<unsigned int, unsigned int, (unsigned int)4294967295, (unsigned int)4294967294, Hashinator::HashFunctions::Fibonacci<unsigned int>, Hashinator::Hashers::Hasher<unsigned int, unsigned int, Hashinator::HashFunctions::Fibonacci<unsigned int>, (unsigned int)4294967295, (unsigned int)4294967294, (int)32, (int)1>, split::split_unified_allocator<Hashinator::Info>> *, Hashinator::Hashmap<unsigned int, unsigned int, (unsigned int)4294967295, (unsigned int)4294967294, Hashinator::HashFunctions::Fibonacci<unsigned int>, Hashinator::Hashers::Hasher<unsigned int, unsigned int, Hashinator::HashFunctions::Fibonacci<unsigned int>, (unsigned int)4294967295, (unsigned int)4294967294, (int)32, (int)1>, split::split_unified_allocator<Hashinator::Info>> *)"
0.0,6.2174,352,0.0177,0.0096,0.0085,0.1803,0.0233,  54    1    1,  16    1    1,"reorder_blocks_by_dimension_kernel(vmesh::VelocityBlockContainer *, VecSimple<float> *, unsigned int *, unsigned int *, ColumnOffsets *)"
0.0,6.1263,504,0.0122,0.0031,0.0026,0.1058,0.0211,  21    1    1,  32    1    1,"blocksID_mapped_dim2_kernel(const vmesh::VelocityMesh *, unsigned int *, unsigned int *, unsigned int)"
0.0,6.1067,182,0.0336,0.0079,0.0064,0.2268,0.0432, 122    1    1,  64    1    1,"update_velocity_blocks_kernel(vmesh::VelocityMesh *, vmesh::VelocityBlockContainer *, split::SplitVector<unsigned int, split::split_unified_allocator<unsigned int>> *, split::SplitVector<Hashinator::hash_pair<unsigned int, unsigned int>, split::split_unified_allocator<Hashinator::hash_pair<unsigned int, unsigned int>>> *, split::SplitVector<Hashinator::hash_pair<unsigned int, unsigned int>, split::split_unified_allocator<Hashinator::hash_pair<unsigned int, unsigned int>>> *, split::SplitVector<Hashinator::hash_pair<unsigned int, unsigned int>, split::split_unified_allocator<Hashinator::hash_pair<unsigned int, unsigned int>>> *, unsigned int, unsigned int, unsigned int, float *)"
0.0,6.0945,224,0.0272,0.0076,0.0060,0.1751,0.0321, 120    1    1,  64    1    1,"update_velocity_blocks_kernel(vmesh::VelocityMesh *, vmesh::VelocityBlockContainer *, split::SplitVector<unsigned int, split::split_unified_allocator<unsigned int>> *, split::SplitVector<Hashinator::hash_pair<unsigned int, unsigned int>, split::split_unified_allocator<Hashinator::hash_pair<unsigned int, unsigned int>>> *, split::SplitVector<Hashinator::hash_pair<unsigned int, unsigned int>, split::split_unified_allocator<Hashinator::hash_pair<unsigned int, unsigned int>>> *, split::SplitVector<Hashinator::hash_pair<unsigned int, unsigned int>, split::split_unified_allocator<Hashinator::hash_pair<unsigned int, unsigned int>>> *, unsigned int, unsigned int, unsigned int, float *)"
0.0,6.0913,256,0.0238,0.0075,0.0062,0.2209,0.0310,  44    1    1,  64    1    1,"update_velocity_blocks_kernel(vmesh::VelocityMesh *, vmesh::VelocityBlockContainer *, split::SplitVector<unsigned int, split::split_unified_allocator<unsigned int>> *, split::SplitVector<Hashinator::hash_pair<unsigned int, unsigned int>, split::split_unified_allocator<Hashinator::hash_pair<unsigned int, unsigned int>>> *, split::SplitVector<Hashinator::hash_pair<unsigned int, unsigned int>, split::split_unified_allocator<Hashinator::hash_pair<unsigned int, unsigned int>>> *, split::SplitVector<Hashinator::hash_pair<unsigned int, unsigned int>, split::split_unified_allocator<Hashinator::hash_pair<unsigned int, unsigned int>>> *, unsigned int, unsigned int, unsigned int, float *)"
0.0,6.0326,176,0.0343,0.0154,0.0108,0.3220,0.0452, 122    1    1,  16    1    1,"reorder_blocks_by_dimension_kernel(vmesh::VelocityBlockContainer *, VecSimple<float> *, unsigned int *, unsigned int *, ColumnOffsets *)"
0.0,5.9830,204,0.0293,0.0134,0.0107,0.2395,0.0316,  99    1    1,  32    1    1,"evaluate_column_extents_kernel(unsigned int, const vmesh::VelocityMesh *, ColumnOffsets *, Column *, split::SplitVector<unsigned int, split::split_unified_allocator<unsigned int>> *, Hashinator::Hashmap<unsigned int, unsigned int, (unsigned int)4294967295, (unsigned int)4294967294, Hashinator::HashFunctions::Fibonacci<unsigned int>, Hashinator::Hashers::Hasher<unsigned int, unsigned int, Hashinator::HashFunctions::Fibonacci<unsigned int>, (unsigned int)4294967295, (unsigned int)4294967294, (int)32, (int)1>, split::split_unified_allocator<Hashinator::Info>> *, Hashinator::Hashmap<unsigned int, unsigned int, (unsigned int)4294967295, (unsigned int)4294967294, Hashinator::HashFunctions::Fibonacci<unsigned int>, Hashinator::Hashers::Hasher<unsigned int, unsigned int, Hashinator::HashFunctions::Fibonacci<unsigned int>, (unsigned int)4294967295, (unsigned int)4294967294, (int)32, (int)1>, split::split_unified_allocator<Hashinator::Info>> *, unsigned int *, unsigned int *, float, float, float, float, int, int, float, float, unsigned int *)"
0.0,5.9236,24,0.2468,0.2402,0.0052,0.5918,0.1426,1432    1    1,   4    4    4,"void spatial_cell::add_blocks_from_buffer_kernel<float>(const vmesh::VelocityMesh *, vmesh::VelocityBlockContainer *, unsigned int, const unsigned int *, const T1 *, unsigned int)"
0.0,5.9199,344,0.0172,0.0043,0.0036,0.1575,0.0229,  25    1    1,  32    1    1,"order_GIDs_kernel(const vmesh::VelocityMesh *, unsigned int *, unsigned int *, unsigned int, unsigned int *, unsigned int *, unsigned int, ColumnOffsets *)"
0.0,5.8915,138,0.0427,0.0073,0.0051,0.2736,0.0597, 247    1    1,  64    1    1,"update_velocity_blocks_kernel(vmesh::VelocityMesh *, vmesh::VelocityBlockContainer *, split::SplitVector<unsigned int, split::split_unified_allocator<unsigned int>> *, split::SplitVector<Hashinator::hash_pair<unsigned int, unsigned int>, split::split_unified_allocator<Hashinator::hash_pair<unsigned int, unsigned int>>> *, split::SplitVector<Hashinator::hash_pair<unsigned int, unsigned int>, split::split_unified_allocator<Hashinator::hash_pair<unsigned int, unsigned int>>> *, split::SplitVector<Hashinator::hash_pair<unsigned int, unsigned int>, split::split_unified_allocator<Hashinator::hash_pair<unsigned int, unsigned int>>> *, unsigned int, unsigned int, unsigned int, float *)"
0.0,5.8687,118,0.0497,0.0080,0.0050,0.2786,0.0611, 285    1    1,  64    1    1,"update_velocity_blocks_kernel(vmesh::VelocityMesh *, vmesh::VelocityBlockContainer *, split::SplitVector<unsigned int, split::split_unified_allocator<unsigned int>> *, split::SplitVector<Hashinator::hash_pair<unsigned int, unsigned int>, split::split_unified_allocator<Hashinator::hash_pair<unsigned int, unsigned int>>> *, split::SplitVector<Hashinator::hash_pair<unsigned int, unsigned int>, split::split_unified_allocator<Hashinator::hash_pair<unsigned int, unsigned int>>> *, split::SplitVector<Hashinator::hash_pair<unsigned int, unsigned int>, split::split_unified_allocator<Hashinator::hash_pair<unsigned int, unsigned int>>> *, unsigned int, unsigned int, unsigned int, float *)"
0.0,5.8096,209,0.0278,0.0131,0.0108,0.1758,0.0285, 104    1    1,  32    1    1,"evaluate_column_extents_kernel(unsigned int, const vmesh::VelocityMesh *, ColumnOffsets *, Column *, split::SplitVector<unsigned int, split::split_unified_allocator<unsigned int>> *, Hashinator::Hashmap<unsigned int, unsigned int, (unsigned int)4294967295, (unsigned int)4294967294, Hashinator::HashFunctions::Fibonacci<unsigned int>, Hashinator::Hashers::Hasher<unsigned int, unsigned int, Hashinator::HashFunctions::Fibonacci<unsigned int>, (unsigned int)4294967295, (unsigned int)4294967294, (int)32, (int)1>, split::split_unified_allocator<Hashinator::Info>> *, Hashinator::Hashmap<unsigned int, unsigned int, (unsigned int)4294967295, (unsigned int)4294967294, Hashinator::HashFunctions::Fibonacci<unsigned int>, Hashinator::Hashers::Hasher<unsigned int, unsigned int, Hashinator::HashFunctions::Fibonacci<unsigned int>, (unsigned int)4294967295, (unsigned int)4294967294, (int)32, (int)1>, split::split_unified_allocator<Hashinator::Info>> *, unsigned int *, unsigned int *, float, float, float, float, int, int, float, float, unsigned int *)"
0.0,5.7985,334,0.0174,0.0044,0.0036,0.1065,0.0219,  17    1    1,  32    1    1,"order_GIDs_kernel(const vmesh::VelocityMesh *, unsigned int *, unsigned int *, unsigned int, unsigned int *, unsigned int *, unsigned int, ColumnOffsets *)"
0.0,5.7476,212,0.0271,0.0076,0.0062,0.2750,0.0383, 135    1    1,  64    1    1,"update_velocity_blocks_kernel(vmesh::VelocityMesh *, vmesh::VelocityBlockContainer *, split::SplitVector<unsigned int, split::split_unified_allocator<unsigned int>> *, split::SplitVector<Hashinator::hash_pair<unsigned int, unsigned int>, split::split_unified_allocator<Hashinator::hash_pair<unsigned int, unsigned int>>> *, split::SplitVector<Hashinator::hash_pair<unsigned int, unsigned int>, split::split_unified_allocator<Hashinator::hash_pair<unsigned int, unsigned int>>> *, split::SplitVector<Hashinator::hash_pair<unsigned int, unsigned int>, split::split_unified_allocator<Hashinator::hash_pair<unsigned int, unsigned int>>> *, unsigned int, unsigned int, unsigned int, float *)"
0.0,5.7167,25,0.2287,0.2098,0.0050,0.5246,0.1353,1472    1    1,   4    4    4,"void spatial_cell::add_blocks_from_buffer_kernel<float>(const vmesh::VelocityMesh *, vmesh::VelocityBlockContainer *, unsigned int, const unsigned int *, const T1 *, unsigned int)"
0.0,5.6653,248,0.0228,0.0074,0.0062,0.2179,0.0307,  96    1    1,  64    1    1,"update_velocity_blocks_kernel(vmesh::VelocityMesh *, vmesh::VelocityBlockContainer *, split::SplitVector<unsigned int, split::split_unified_allocator<unsigned int>> *, split::SplitVector<Hashinator::hash_pair<unsigned int, unsigned int>, split::split_unified_allocator<Hashinator::hash_pair<unsigned int, unsigned int>>> *, split::SplitVector<Hashinator::hash_pair<unsigned int, unsigned int>, split::split_unified_allocator<Hashinator::hash_pair<unsigned int, unsigned int>>> *, split::SplitVector<Hashinator::hash_pair<unsigned int, unsigned int>, split::split_unified_allocator<Hashinator::hash_pair<unsigned int, unsigned int>>> *, unsigned int, unsigned int, unsigned int, float *)"
0.0,5.6338,384,0.0147,0.0035,0.0028,0.4559,0.0313,  14    1    1,  32    1    1,"blocksID_mapped_dim0_kernel(const vmesh::VelocityMesh *, unsigned int *, unsigned int *, unsigned int)"
0.0,5.6136,190,0.0295,0.0078,0.0064,0.2401,0.0363, 116    1    1,  64    1    1,"update_velocity_blocks_kernel(vmesh::VelocityMesh *, vmesh::VelocityBlockContainer *, split::SplitVector<unsigned int, split::split_unified_allocator<unsigned int>> *, split::SplitVector<Hashinator::hash_pair<unsigned int, unsigned int>, split::split_unified_allocator<Hashinator::hash_pair<unsigned int, unsigned int>>> *, split::SplitVector<Hashinator::hash_pair<unsigned int, unsigned int>, split::split_unified_allocator<Hashinator::hash_pair<unsigned int, unsigned int>>> *, split::SplitVector<Hashinator::hash_pair<unsigned int, unsigned int>, split::split_unified_allocator<Hashinator::hash_pair<unsigned int, unsigned int>>> *, unsigned int, unsigned int, unsigned int, float *)"
0.0,5.5310,188,0.0294,0.0078,0.0063,0.1782,0.0360,  95    1    1,  64    1    1,"update_velocity_blocks_kernel(vmesh::VelocityMesh *, vmesh::VelocityBlockContainer *, split::SplitVector<unsigned int, split::split_unified_allocator<unsigned int>> *, split::SplitVector<Hashinator::hash_pair<unsigned int, unsigned int>, split::split_unified_allocator<Hashinator::hash_pair<unsigned int, unsigned int>>> *, split::SplitVector<Hashinator::hash_pair<unsigned int, unsigned int>, split::split_unified_allocator<Hashinator::hash_pair<unsigned int, unsigned int>>> *, split::SplitVector<Hashinator::hash_pair<unsigned int, unsigned int>, split::split_unified_allocator<Hashinator::hash_pair<unsigned int, unsigned int>>> *, unsigned int, unsigned int, unsigned int, float *)"
0.0,5.5206,352,0.0157,0.0032,0.0026,0.1112,0.0242,  22    1    1,  32    1    1,"blocksID_mapped_dim1_kernel(const vmesh::VelocityMesh *, unsigned int *, unsigned int *, unsigned int)"
0.0,5.5005,352,0.0156,0.0068,0.0060,0.1395,0.0214,  46    1    1,  16    1    1,"reorder_blocks_by_dimension_kernel(vmesh::VelocityBlockContainer *, VecSimple<float> *, unsigned int *, unsigned int *, ColumnOffsets *)"
0.0,5.5001,184,0.0299,0.0106,0.0079,0.1785,0.0349,  84    1    1, 832    1    1,"update_velocity_halo_kernel(vmesh::VelocityMesh *, unsigned int, unsigned int *, Hashinator::Hashmap<unsigned int, unsigned int, (unsigned int)4294967295, (unsigned int)4294967294, Hashinator::HashFunctions::Fibonacci<unsigned int>, Hashinator::Hashers::Hasher<unsigned int, unsigned int, Hashinator::HashFunctions::Fibonacci<unsigned int>, (unsigned int)4294967295, (unsigned int)4294967294, (int)32, (int)1>, split::split_unified_allocator<Hashinator::Info>> *, Hashinator::Hashmap<unsigned int, unsigned int, (unsigned int)4294967295, (unsigned int)4294967294, Hashinator::HashFunctions::Fibonacci<unsigned int>, Hashinator::Hashers::Hasher<unsigned int, unsigned int, Hashinator::HashFunctions::Fibonacci<unsigned int>, (unsigned int)4294967295, (unsigned int)4294967294, (int)32, (int)1>, split::split_unified_allocator<Hashinator::Info>> *)"
0.0,5.4795,208,0.0263,0.0079,0.0063,0.1798,0.0290,  89    1    1,  64    1    1,"update_velocity_blocks_kernel(vmesh::VelocityMesh *, vmesh::VelocityBlockContainer *, split::SplitVector<unsigned int, split::split_unified_allocator<unsigned int>> *, split::SplitVector<Hashinator::hash_pair<unsigned int, unsigned int>, split::split_unified_allocator<Hashinator::hash_pair<unsigned int, unsigned int>>> *, split::SplitVector<Hashinator::hash_pair<unsigned int, unsigned int>, split::split_unified_allocator<Hashinator::hash_pair<unsigned int, unsigned int>>> *, split::SplitVector<Hashinator::hash_pair<unsigned int, unsigned int>, split::split_unified_allocator<Hashinator::hash_pair<unsigned int, unsigned int>>> *, unsigned int, unsigned int, unsigned int, float *)"
0.0,5.4661,256,0.0214,0.0081,0.0069,0.3900,0.0370,  74    1    1,  16    1    1,"reorder_blocks_by_dimension_kernel(vmesh::VelocityBlockContainer *, VecSimple<float> *, unsigned int *, unsigned int *, ColumnOffsets *)"
0.0,5.4657,191,0.0286,0.0132,0.0090,0.2590,0.0364, 105    1    1,  16    1    1,"reorder_blocks_by_dimension_kernel(vmesh::VelocityBlockContainer *, VecSimple<float> *, unsigned int *, unsigned int *, ColumnOffsets *)"
0.0,5.4415,180,0.0302,0.0138,0.0108,0.1819,0.0312, 103    1    1,  32    1    1,"evaluate_column_extents_kernel(unsigned int, const vmesh::VelocityMesh *, ColumnOffsets *, Column *, split::SplitVector<unsigned int, split::split_unified_allocator<unsigned int>> *, Hashinator::Hashmap<unsigned int, unsigned int, (unsigned int)4294967295, (unsigned int)4294967294, Hashinator::HashFunctions::Fibonacci<unsigned int>, Hashinator::Hashers::Hasher<unsigned int, unsigned int, Hashinator::HashFunctions::Fibonacci<unsigned int>, (unsigned int)4294967295, (unsigned int)4294967294, (int)32, (int)1>, split::split_unified_allocator<Hashinator::Info>> *, Hashinator::Hashmap<unsigned int, unsigned int, (unsigned int)4294967295, (unsigned int)4294967294, Hashinator::HashFunctions::Fibonacci<unsigned int>, Hashinator::Hashers::Hasher<unsigned int, unsigned int, Hashinator::HashFunctions::Fibonacci<unsigned int>, (unsigned int)4294967295, (unsigned int)4294967294, (int)32, (int)1>, split::split_unified_allocator<Hashinator::Info>> *, unsigned int *, unsigned int *, float, float, float, float, int, int, float, float, unsigned int *)"
0.0,5.4095,180,0.0301,0.0145,0.0097,0.2127,0.0320, 103    1    1,  16    1    1,"reorder_blocks_by_dimension_kernel(vmesh::VelocityBlockContainer *, VecSimple<float> *, unsigned int *, unsigned int *, ColumnOffsets *)"
0.0,5.4004,161,0.0335,0.0124,0.0103,0.2261,0.0415, 162    1    1, 832    1    1,"update_velocity_halo_kernel(vmesh::VelocityMesh *, unsigned int, unsigned int *, Hashinator::Hashmap<unsigned int, unsigned int, (unsigned int)4294967295, (unsigned int)4294967294, Hashinator::HashFunctions::Fibonacci<unsigned int>, Hashinator::Hashers::Hasher<unsigned int, unsigned int, Hashinator::HashFunctions::Fibonacci<unsigned int>, (unsigned int)4294967295, (unsigned int)4294967294, (int)32, (int)1>, split::split_unified_allocator<Hashinator::Info>> *, Hashinator::Hashmap<unsigned int, unsigned int, (unsigned int)4294967295, (unsigned int)4294967294, Hashinator::HashFunctions::Fibonacci<unsigned int>, Hashinator::Hashers::Hasher<unsigned int, unsigned int, Hashinator::HashFunctions::Fibonacci<unsigned int>, (unsigned int)4294967295, (unsigned int)4294967294, (int)32, (int)1>, split::split_unified_allocator<Hashinator::Info>> *)"
0.0,5.3973,168,0.0321,0.0482,0.0041,0.0630,0.0232,  45    1    1, 512    1    1,"void arch::reduction_kernel<(unsigned int)512, (arch::reduce_op)2, (unsigned int)4, (unsigned int)3, DRO::VariablePTensorOffDiagonal::reduceData(const spatial_cell::SpatialCell *, char *)::[lambda(unsigned int, unsigned int, unsigned int, unsigned int, double *) (instance 1)], double>(T5, const T6 *, T6 *, const unsigned int *, unsigned int, unsigned int, T6 *)"
0.0,5.3517,168,0.0319,0.0390,0.0042,0.0890,0.0220,  45    1    1, 512    1    1,"void arch::reduction_kernel<(unsigned int)512, (arch::reduce_op)2, (unsigned int)4, (unsigned int)3, DRO::VariableEnergyDensity::reduceData(const spatial_cell::SpatialCell *, char *)::[lambda(unsigned int, unsigned int, unsigned int, unsigned int, double *) (instance 1)], double>(T5, const T6 *, T6 *, const unsigned int *, unsigned int, unsigned int, T6 *)"
0.0,5.3303,188,0.0284,0.0079,0.0064,0.1912,0.0343, 126    1    1,  64    1    1,"update_velocity_blocks_kernel(vmesh::VelocityMesh *, vmesh::VelocityBlockContainer *, split::SplitVector<unsigned int, split::split_unified_allocator<unsigned int>> *, split::SplitVector<Hashinator::hash_pair<unsigned int, unsigned int>, split::split_unified_allocator<Hashinator::hash_pair<unsigned int, unsigned int>>> *, split::SplitVector<Hashinator::hash_pair<unsigned int, unsigned int>, split::split_unified_allocator<Hashinator::hash_pair<unsigned int, unsigned int>>> *, split::SplitVector<Hashinator::hash_pair<unsigned int, unsigned int>, split::split_unified_allocator<Hashinator::hash_pair<unsigned int, unsigned int>>> *, unsigned int, unsigned int, unsigned int, float *)"
0.0,5.3229,384,0.0139,0.0031,0.0026,0.1560,0.0246,  16    1    1,  32    1    1,"blocksID_mapped_dim1_kernel(const vmesh::VelocityMesh *, unsigned int *, unsigned int *, unsigned int)"
0.0,5.3026,204,0.0260,0.0121,0.0091,0.1978,0.0302,  99    1    1,  16    1    1,"reorder_blocks_by_dimension_kernel(vmesh::VelocityBlockContainer *, VecSimple<float> *, unsigned int *, unsigned int *, ColumnOffsets *)"
0.0,5.2916,384,0.0138,0.0035,0.0028,0.2135,0.0246,  19    1    1,  32    1    1,"blocksID_mapped_dim0_kernel(const vmesh::VelocityMesh *, unsigned int *, unsigned int *, unsigned int)"
0.0,5.2744,184,0.0287,0.0099,0.0078,0.2113,0.0415,  70    1    1, 832    1    1,"update_velocity_halo_kernel(vmesh::VelocityMesh *, unsigned int, unsigned int *, Hashinator::Hashmap<unsigned int, unsigned int, (unsigned int)4294967295, (unsigned int)4294967294, Hashinator::HashFunctions::Fibonacci<unsigned int>, Hashinator::Hashers::Hasher<unsigned int, unsigned int, Hashinator::HashFunctions::Fibonacci<unsigned int>, (unsigned int)4294967295, (unsigned int)4294967294, (int)32, (int)1>, split::split_unified_allocator<Hashinator::Info>> *, Hashinator::Hashmap<unsigned int, unsigned int, (unsigned int)4294967295, (unsigned int)4294967294, Hashinator::HashFunctions::Fibonacci<unsigned int>, Hashinator::Hashers::Hasher<unsigned int, unsigned int, Hashinator::HashFunctions::Fibonacci<unsigned int>, (unsigned int)4294967295, (unsigned int)4294967294, (int)32, (int)1>, split::split_unified_allocator<Hashinator::Info>> *)"
0.0,5.2262,191,0.0274,0.0135,0.0110,0.1581,0.0245, 105    1    1,  32    1    1,"evaluate_column_extents_kernel(unsigned int, const vmesh::VelocityMesh *, ColumnOffsets *, Column *, split::SplitVector<unsigned int, split::split_unified_allocator<unsigned int>> *, Hashinator::Hashmap<unsigned int, unsigned int, (unsigned int)4294967295, (unsigned int)4294967294, Hashinator::HashFunctions::Fibonacci<unsigned int>, Hashinator::Hashers::Hasher<unsigned int, unsigned int, Hashinator::HashFunctions::Fibonacci<unsigned int>, (unsigned int)4294967295, (unsigned int)4294967294, (int)32, (int)1>, split::split_unified_allocator<Hashinator::Info>> *, Hashinator::Hashmap<unsigned int, unsigned int, (unsigned int)4294967295, (unsigned int)4294967294, Hashinator::HashFunctions::Fibonacci<unsigned int>, Hashinator::Hashers::Hasher<unsigned int, unsigned int, Hashinator::HashFunctions::Fibonacci<unsigned int>, (unsigned int)4294967295, (unsigned int)4294967294, (int)32, (int)1>, split::split_unified_allocator<Hashinator::Info>> *, unsigned int *, unsigned int *, float, float, float, float, int, int, float, float, unsigned int *)"
0.0,5.1940,332,0.0156,0.0032,0.0026,0.1736,0.0266,  19    1    1,  32    1    1,"blocksID_mapped_dim1_kernel(const vmesh::VelocityMesh *, unsigned int *, unsigned int *, unsigned int)"
0.0,5.1916,274,0.0189,0.0111,0.0072,0.1811,0.0235,  86    1    1,  16    1    1,"reorder_blocks_by_dimension_kernel(vmesh::VelocityBlockContainer *, VecSimple<float> *, unsigned int *, unsigned int *, ColumnOffsets *)"
0.0,5.1904,88,0.0590,0.0311,0.0050,0.3520,0.0776, 241    1    1,  64    1    1,"update_velocity_blocks_kernel(vmesh::VelocityMesh *, vmesh::VelocityBlockContainer *, split::SplitVector<unsigned int, split::split_unified_allocator<unsigned int>> *, split::SplitVector<Hashinator::hash_pair<unsigned int, unsigned int>, split::split_unified_allocator<Hashinator::hash_pair<unsigned int, unsigned int>>> *, split::SplitVector<Hashinator::hash_pair<unsigned int, unsigned int>, split::split_unified_allocator<Hashinator::hash_pair<unsigned int, unsigned int>>> *, split::SplitVector<Hashinator::hash_pair<unsigned int, unsigned int>, split::split_unified_allocator<Hashinator::hash_pair<unsigned int, unsigned int>>> *, unsigned int, unsigned int, unsigned int, float *)"
0.0,5.1808,176,0.0294,0.0135,0.0108,0.1903,0.0313,  78    1    1,  32    1    1,"evaluate_column_extents_kernel(unsigned int, const vmesh::VelocityMesh *, ColumnOffsets *, Column *, split::SplitVector<unsigned int, split::split_unified_allocator<unsigned int>> *, Hashinator::Hashmap<unsigned int, unsigned int, (unsigned int)4294967295, (unsigned int)4294967294, Hashinator::HashFunctions::Fibonacci<unsigned int>, Hashinator::Hashers::Hasher<unsigned int, unsigned int, Hashinator::HashFunctions::Fibonacci<unsigned int>, (unsigned int)4294967295, (unsigned int)4294967294, (int)32, (int)1>, split::split_unified_allocator<Hashinator::Info>> *, Hashinator::Hashmap<unsigned int, unsigned int, (unsigned int)4294967295, (unsigned int)4294967294, Hashinator::HashFunctions::Fibonacci<unsigned int>, Hashinator::Hashers::Hasher<unsigned int, unsigned int, Hashinator::HashFunctions::Fibonacci<unsigned int>, (unsigned int)4294967295, (unsigned int)4294967294, (int)32, (int)1>, split::split_unified_allocator<Hashinator::Info>> *, unsigned int *, unsigned int *, float, float, float, float, int, int, float, float, unsigned int *)"
0.0,5.1255,190,0.0270,0.0138,0.0108,0.1914,0.0268, 106    1    1,  32    1    1,"evaluate_column_extents_kernel(unsigned int, const vmesh::VelocityMesh *, ColumnOffsets *, Column *, split::SplitVector<unsigned int, split::split_unified_allocator<unsigned int>> *, Hashinator::Hashmap<unsigned int, unsigned int, (unsigned int)4294967295, (unsigned int)4294967294, Hashinator::HashFunctions::Fibonacci<unsigned int>, Hashinator::Hashers::Hasher<unsigned int, unsigned int, Hashinator::HashFunctions::Fibonacci<unsigned int>, (unsigned int)4294967295, (unsigned int)4294967294, (int)32, (int)1>, split::split_unified_allocator<Hashinator::Info>> *, Hashinator::Hashmap<unsigned int, unsigned int, (unsigned int)4294967295, (unsigned int)4294967294, Hashinator::HashFunctions::Fibonacci<unsigned int>, Hashinator::Hashers::Hasher<unsigned int, unsigned int, Hashinator::HashFunctions::Fibonacci<unsigned int>, (unsigned int)4294967295, (unsigned int)4294967294, (int)32, (int)1>, split::split_unified_allocator<Hashinator::Info>> *, unsigned int *, unsigned int *, float, float, float, float, int, int, float, float, unsigned int *)"
0.0,5.0894,176,0.0289,0.0076,0.0062,0.1779,0.0366,  90    1    1,  64    1    1,"update_velocity_blocks_kernel(vmesh::VelocityMesh *, vmesh::VelocityBlockContainer *, split::SplitVector<unsigned int, split::split_unified_allocator<unsigned int>> *, split::SplitVector<Hashinator::hash_pair<unsigned int, unsigned int>, split::split_unified_allocator<Hashinator::hash_pair<unsigned int, unsigned int>>> *, split::SplitVector<Hashinator::hash_pair<unsigned int, unsigned int>, split::split_unified_allocator<Hashinator::hash_pair<unsigned int, unsigned int>>> *, split::SplitVector<Hashinator::hash_pair<unsigned int, unsigned int>, split::split_unified_allocator<Hashinator::hash_pair<unsigned int, unsigned int>>> *, unsigned int, unsigned int, unsigned int, float *)"
0.0,5.0596,73,0.0693,0.0083,0.0050,0.9872,0.1488, 169    1    1,  64    1    1,"update_velocity_blocks_kernel(vmesh::VelocityMesh *, vmesh::VelocityBlockContainer *, split::SplitVector<unsigned int, split::split_unified_allocator<unsigned int>> *, split::SplitVector<Hashinator::hash_pair<unsigned int, unsigned int>, split::split_unified_allocator<Hashinator::hash_pair<unsigned int, unsigned int>>> *, split::SplitVector<Hashinator::hash_pair<unsigned int, unsigned int>, split::split_unified_allocator<Hashinator::hash_pair<unsigned int, unsigned int>>> *, split::SplitVector<Hashinator::hash_pair<unsigned int, unsigned int>, split::split_unified_allocator<Hashinator::hash_pair<unsigned int, unsigned int>>> *, unsigned int, unsigned int, unsigned int, float *)"
0.0,5.0506,176,0.0287,0.0136,0.0109,0.1644,0.0272, 122    1    1,  32    1    1,"evaluate_column_extents_kernel(unsigned int, const vmesh::VelocityMesh *, ColumnOffsets *, Column *, split::SplitVector<unsigned int, split::split_unified_allocator<unsigned int>> *, Hashinator::Hashmap<unsigned int, unsigned int, (unsigned int)4294967295, (unsigned int)4294967294, Hashinator::HashFunctions::Fibonacci<unsigned int>, Hashinator::Hashers::Hasher<unsigned int, unsigned int, Hashinator::HashFunctions::Fibonacci<unsigned int>, (unsigned int)4294967295, (unsigned int)4294967294, (int)32, (int)1>, split::split_unified_allocator<Hashinator::Info>> *, Hashinator::Hashmap<unsigned int, unsigned int, (unsigned int)4294967295, (unsigned int)4294967294, Hashinator::HashFunctions::Fibonacci<unsigned int>, Hashinator::Hashers::Hasher<unsigned int, unsigned int, Hashinator::HashFunctions::Fibonacci<unsigned int>, (unsigned int)4294967295, (unsigned int)4294967294, (int)32, (int)1>, split::split_unified_allocator<Hashinator::Info>> *, unsigned int *, unsigned int *, float, float, float, float, int, int, float, float, unsigned int *)"
0.0,5.0136,190,0.0264,0.0128,0.0087,0.1632,0.0300, 106    1    1,  16    1    1,"reorder_blocks_by_dimension_kernel(vmesh::VelocityBlockContainer *, VecSimple<float> *, unsigned int *, unsigned int *, ColumnOffsets *)"
0.0,4.9720,158,0.0315,0.0141,0.0100,0.2236,0.0357,  95    1    1,  16    1    1,"reorder_blocks_by_dimension_kernel(vmesh::VelocityBlockContainer *, VecSimple<float> *, unsigned int *, unsigned int *, ColumnOffsets *)"
0.0,4.8840,306,0.0160,0.0042,0.0036,0.1204,0.0222,  29    1    1,  32    1    1,"order_GIDs_kernel(const vmesh::VelocityMesh *, unsigned int *, unsigned int *, unsigned int, unsigned int *, unsigned int *, unsigned int, ColumnOffsets *)"
0.0,4.8698,209,0.0233,0.0111,0.0088,0.1751,0.0287, 104    1    1,  16    1    1,"reorder_blocks_by_dimension_kernel(vmesh::VelocityBlockContainer *, VecSimple<float> *, unsigned int *, unsigned int *, ColumnOffsets *)"
0.0,4.8408,150,0.0323,0.0073,0.0051,0.2650,0.0448, 283    1    1,  64    1    1,"update_velocity_blocks_kernel(vmesh::VelocityMesh *, vmesh::VelocityBlockContainer *, split::SplitVector<unsigned int, split::split_unified_allocator<unsigned int>> *, split::SplitVector<Hashinator::hash_pair<unsigned int, unsigned int>, split::split_unified_allocator<Hashinator::hash_pair<unsigned int, unsigned int>>> *, split::SplitVector<Hashinator::hash_pair<unsigned int, unsigned int>, split::split_unified_allocator<Hashinator::hash_pair<unsigned int, unsigned int>>> *, split::SplitVector<Hashinator::hash_pair<unsigned int, unsigned int>, split::split_unified_allocator<Hashinator::hash_pair<unsigned int, unsigned int>>> *, unsigned int, unsigned int, unsigned int, float *)"
0.0,4.8256,136,0.0355,0.0100,0.0064,0.1666,0.0421,  97    1    1,  64    1    1,"update_velocity_blocks_kernel(vmesh::VelocityMesh *, vmesh::VelocityBlockContainer *, split::SplitVector<unsigned int, split::split_unified_allocator<unsigned int>> *, split::SplitVector<Hashinator::hash_pair<unsigned int, unsigned int>, split::split_unified_allocator<Hashinator::hash_pair<unsigned int, unsigned int>>> *, split::SplitVector<Hashinator::hash_pair<unsigned int, unsigned int>, split::split_unified_allocator<Hashinator::hash_pair<unsigned int, unsigned int>>> *, split::SplitVector<Hashinator::hash_pair<unsigned int, unsigned int>, split::split_unified_allocator<Hashinator::hash_pair<unsigned int, unsigned int>>> *, unsigned int, unsigned int, unsigned int, float *)"
0.0,4.8221,120,0.0402,0.0096,0.0073,0.2386,0.0547, 580    1    1,  64    1    1,"update_velocity_blocks_kernel(vmesh::VelocityMesh *, vmesh::VelocityBlockContainer *, split::SplitVector<unsigned int, split::split_unified_allocator<unsigned int>> *, split::SplitVector<Hashinator::hash_pair<unsigned int, unsigned int>, split::split_unified_allocator<Hashinator::hash_pair<unsigned int, unsigned int>>> *, split::SplitVector<Hashinator::hash_pair<unsigned int, unsigned int>, split::split_unified_allocator<Hashinator::hash_pair<unsigned int, unsigned int>>> *, split::SplitVector<Hashinator::hash_pair<unsigned int, unsigned int>, split::split_unified_allocator<Hashinator::hash_pair<unsigned int, unsigned int>>> *, unsigned int, unsigned int, unsigned int, float *)"
0.0,4.8052,198,0.0243,0.0089,0.0063,0.1850,0.0336,  75    1    1,1024    1    1,"update_neighbour_halo_kernel(vmesh::VelocityMesh *, unsigned int, unsigned int **, unsigned int *, Hashinator::Hashmap<unsigned int, unsigned int, (unsigned int)4294967295, (unsigned int)4294967294, Hashinator::HashFunctions::Fibonacci<unsigned int>, Hashinator::Hashers::Hasher<unsigned int, unsigned int, Hashinator::HashFunctions::Fibonacci<unsigned int>, (unsigned int)4294967295, (unsigned int)4294967294, (int)32, (int)1>, split::split_unified_allocator<Hashinator::Info>> *, Hashinator::Hashmap<unsigned int, unsigned int, (unsigned int)4294967295, (unsigned int)4294967294, Hashinator::HashFunctions::Fibonacci<unsigned int>, Hashinator::Hashers::Hasher<unsigned int, unsigned int, Hashinator::HashFunctions::Fibonacci<unsigned int>, (unsigned int)4294967295, (unsigned int)4294967294, (int)32, (int)1>, split::split_unified_allocator<Hashinator::Info>> *)"
0.0,4.7623,158,0.0301,0.0138,0.0106,0.1659,0.0283,  95    1    1,  32    1    1,"evaluate_column_extents_kernel(unsigned int, const vmesh::VelocityMesh *, ColumnOffsets *, Column *, split::SplitVector<unsigned int, split::split_unified_allocator<unsigned int>> *, Hashinator::Hashmap<unsigned int, unsigned int, (unsigned int)4294967295, (unsigned int)4294967294, Hashinator::HashFunctions::Fibonacci<unsigned int>, Hashinator::Hashers::Hasher<unsigned int, unsigned int, Hashinator::HashFunctions::Fibonacci<unsigned int>, (unsigned int)4294967295, (unsigned int)4294967294, (int)32, (int)1>, split::split_unified_allocator<Hashinator::Info>> *, Hashinator::Hashmap<unsigned int, unsigned int, (unsigned int)4294967295, (unsigned int)4294967294, Hashinator::HashFunctions::Fibonacci<unsigned int>, Hashinator::Hashers::Hasher<unsigned int, unsigned int, Hashinator::HashFunctions::Fibonacci<unsigned int>, (unsigned int)4294967295, (unsigned int)4294967294, (int)32, (int)1>, split::split_unified_allocator<Hashinator::Info>> *, unsigned int *, unsigned int *, float, float, float, float, int, int, float, float, unsigned int *)"
0.0,4.7596,134,0.0355,0.0071,0.0050,0.2203,0.0452, 234    1    1,  64    1    1,"update_velocity_blocks_kernel(vmesh::VelocityMesh *, vmesh::VelocityBlockContainer *, split::SplitVector<unsigned int, split::split_unified_allocator<unsigned int>> *, split::SplitVector<Hashinator::hash_pair<unsigned int, unsigned int>, split::split_unified_allocator<Hashinator::hash_pair<unsigned int, unsigned int>>> *, split::SplitVector<Hashinator::hash_pair<unsigned int, unsigned int>, split::split_unified_allocator<Hashinator::hash_pair<unsigned int, unsigned int>>> *, split::SplitVector<Hashinator::hash_pair<unsigned int, unsigned int>, split::split_unified_allocator<Hashinator::hash_pair<unsigned int, unsigned int>>> *, unsigned int, unsigned int, unsigned int, float *)"
0.0,4.7326,173,0.0274,0.0134,0.0108,0.1351,0.0247,  75    1    1,  32    1    1,"evaluate_column_extents_kernel(unsigned int, const vmesh::VelocityMesh *, ColumnOffsets *, Column *, split::SplitVector<unsigned int, split::split_unified_allocator<unsigned int>> *, Hashinator::Hashmap<unsigned int, unsigned int, (unsigned int)4294967295, (unsigned int)4294967294, Hashinator::HashFunctions::Fibonacci<unsigned int>, Hashinator::Hashers::Hasher<unsigned int, unsigned int, Hashinator::HashFunctions::Fibonacci<unsigned int>, (unsigned int)4294967295, (unsigned int)4294967294, (int)32, (int)1>, split::split_unified_allocator<Hashinator::Info>> *, Hashinator::Hashmap<unsigned int, unsigned int, (unsigned int)4294967295, (unsigned int)4294967294, Hashinator::HashFunctions::Fibonacci<unsigned int>, Hashinator::Hashers::Hasher<unsigned int, unsigned int, Hashinator::HashFunctions::Fibonacci<unsigned int>, (unsigned int)4294967295, (unsigned int)4294967294, (int)32, (int)1>, split::split_unified_allocator<Hashinator::Info>> *, unsigned int *, unsigned int *, float, float, float, float, int, int, float, float, unsigned int *)"
0.0,4.7175,130,0.0363,0.0070,0.0050,0.2428,0.0496, 233    1    1,  64    1    1,"update_velocity_blocks_kernel(vmesh::VelocityMesh *, vmesh::VelocityBlockContainer *, split::SplitVector<unsigned int, split::split_unified_allocator<unsigned int>> *, split::SplitVector<Hashinator::hash_pair<unsigned int, unsigned int>, split::split_unified_allocator<Hashinator::hash_pair<unsigned int, unsigned int>>> *, split::SplitVector<Hashinator::hash_pair<unsigned int, unsigned int>, split::split_unified_allocator<Hashinator::hash_pair<unsigned int, unsigned int>>> *, split::SplitVector<Hashinator::hash_pair<unsigned int, unsigned int>, split::split_unified_allocator<Hashinator::hash_pair<unsigned int, unsigned int>>> *, unsigned int, unsigned int, unsigned int, float *)"
0.0,4.6854,673,0.0070,0.0069,0.0063,0.0100,0.0004, 392    1    1,  64    1    1,"update_velocity_block_content_lists_kernel(vmesh::VelocityMesh *, vmesh::VelocityBlockContainer *, Hashinator::Hashmap<unsigned int, unsigned int, (unsigned int)4294967295, (unsigned int)4294967294, Hashinator::HashFunctions::Fibonacci<unsigned int>, Hashinator::Hashers::Hasher<unsigned int, unsigned int, Hashinator::HashFunctions::Fibonacci<unsigned int>, (unsigned int)4294967295, (unsigned int)4294967294, (int)32, (int)1>, split::split_unified_allocator<Hashinator::Info>> *, Hashinator::Hashmap<unsigned int, unsigned int, (unsigned int)4294967295, (unsigned int)4294967294, Hashinator::HashFunctions::Fibonacci<unsigned int>, Hashinator::Hashers::Hasher<unsigned int, unsigned int, Hashinator::HashFunctions::Fibonacci<unsigned int>, (unsigned int)4294967295, (unsigned int)4294967294, (int)32, (int)1>, split::split_unified_allocator<Hashinator::Info>> *, double)"
0.0,4.6675,352,0.0133,0.0040,0.0034,0.1319,0.0204,  10    1    1,  32    1    1,"order_GIDs_kernel(const vmesh::VelocityMesh *, unsigned int *, unsigned int *, unsigned int, unsigned int *, unsigned int *, unsigned int, ColumnOffsets *)"
0.0,4.6543,102,0.0456,0.0074,0.0050,0.3016,0.0632, 246    1    1,  64    1    1,"update_velocity_blocks_kernel(vmesh::VelocityMesh *, vmesh::VelocityBlockContainer *, split::SplitVector<unsigned int, split::split_unified_allocator<unsigned int>> *, split::SplitVector<Hashinator::hash_pair<unsigned int, unsigned int>, split::split_unified_allocator<Hashinator::hash_pair<unsigned int, unsigned int>>> *, split::SplitVector<Hashinator::hash_pair<unsigned int, unsigned int>, split::split_unified_allocator<Hashinator::hash_pair<unsigned int, unsigned int>>> *, split::SplitVector<Hashinator::hash_pair<unsigned int, unsigned int>, split::split_unified_allocator<Hashinator::hash_pair<unsigned int, unsigned int>>> *, unsigned int, unsigned int, unsigned int, float *)"
0.0,4.5763,168,0.0272,0.0218,0.0041,0.0648,0.0231,  45    1    1, 512    1    1,"void arch::reduction_kernel<(unsigned int)512, (arch::reduce_op)2, (unsigned int)4, (unsigned int)3, DRO::VariablePTensorDiagonal::reduceData(const spatial_cell::SpatialCell *, char *)::[lambda(unsigned int, unsigned int, unsigned int, unsigned int, double *) (instance 1)], double>(T5, const T6 *, T6 *, const unsigned int *, unsigned int, unsigned int, T6 *)"
0.0,4.5623,172,0.0265,0.0140,0.0111,0.1278,0.0224, 123    1    1,  32    1    1,"evaluate_column_extents_kernel(unsigned int, const vmesh::VelocityMesh *, ColumnOffsets *, Column *, split::SplitVector<unsigned int, split::split_unified_allocator<unsigned int>> *, Hashinator::Hashmap<unsigned int, unsigned int, (unsigned int)4294967295, (unsigned int)4294967294, Hashinator::HashFunctions::Fibonacci<unsigned int>, Hashinator::Hashers::Hasher<unsigned int, unsigned int, Hashinator::HashFunctions::Fibonacci<unsigned int>, (unsigned int)4294967295, (unsigned int)4294967294, (int)32, (int)1>, split::split_unified_allocator<Hashinator::Info>> *, Hashinator::Hashmap<unsigned int, unsigned int, (unsigned int)4294967295, (unsigned int)4294967294, Hashinator::HashFunctions::Fibonacci<unsigned int>, Hashinator::Hashers::Hasher<unsigned int, unsigned int, Hashinator::HashFunctions::Fibonacci<unsigned int>, (unsigned int)4294967295, (unsigned int)4294967294, (int)32, (int)1>, split::split_unified_allocator<Hashinator::Info>> *, unsigned int *, unsigned int *, float, float, float, float, int, int, float, float, unsigned int *)"
0.0,4.5068,152,0.0296,0.0143,0.0108,0.1463,0.0246,  96    1    1,  32    1    1,"evaluate_column_extents_kernel(unsigned int, const vmesh::VelocityMesh *, ColumnOffsets *, Column *, split::SplitVector<unsigned int, split::split_unified_allocator<unsigned int>> *, Hashinator::Hashmap<unsigned int, unsigned int, (unsigned int)4294967295, (unsigned int)4294967294, Hashinator::HashFunctions::Fibonacci<unsigned int>, Hashinator::Hashers::Hasher<unsigned int, unsigned int, Hashinator::HashFunctions::Fibonacci<unsigned int>, (unsigned int)4294967295, (unsigned int)4294967294, (int)32, (int)1>, split::split_unified_allocator<Hashinator::Info>> *, Hashinator::Hashmap<unsigned int, unsigned int, (unsigned int)4294967295, (unsigned int)4294967294, Hashinator::HashFunctions::Fibonacci<unsigned int>, Hashinator::Hashers::Hasher<unsigned int, unsigned int, Hashinator::HashFunctions::Fibonacci<unsigned int>, (unsigned int)4294967295, (unsigned int)4294967294, (int)32, (int)1>, split::split_unified_allocator<Hashinator::Info>> *, unsigned int *, unsigned int *, float, float, float, float, int, int, float, float, unsigned int *)"
0.0,4.5035,163,0.0276,0.0081,0.0064,0.1412,0.0338, 115    1    1,  64    1    1,"update_velocity_blocks_kernel(vmesh::VelocityMesh *, vmesh::VelocityBlockContainer *, split::SplitVector<unsigned int, split::split_unified_allocator<unsigned int>> *, split::SplitVector<Hashinator::hash_pair<unsigned int, unsigned int>, split::split_unified_allocator<Hashinator::hash_pair<unsigned int, unsigned int>>> *, split::SplitVector<Hashinator::hash_pair<unsigned int, unsigned int>, split::split_unified_allocator<Hashinator::hash_pair<unsigned int, unsigned int>>> *, split::SplitVector<Hashinator::hash_pair<unsigned int, unsigned int>, split::split_unified_allocator<Hashinator::hash_pair<unsigned int, unsigned int>>> *, unsigned int, unsigned int, unsigned int, float *)"
0.0,4.4948,150,0.0300,0.0096,0.0062,0.1771,0.0352, 119    1    1,  64    1    1,"update_velocity_blocks_kernel(vmesh::VelocityMesh *, vmesh::VelocityBlockContainer *, split::SplitVector<unsigned int, split::split_unified_allocator<unsigned int>> *, split::SplitVector<Hashinator::hash_pair<unsigned int, unsigned int>, split::split_unified_allocator<Hashinator::hash_pair<unsigned int, unsigned int>>> *, split::SplitVector<Hashinator::hash_pair<unsigned int, unsigned int>, split::split_unified_allocator<Hashinator::hash_pair<unsigned int, unsigned int>>> *, split::SplitVector<Hashinator::hash_pair<unsigned int, unsigned int>, split::split_unified_allocator<Hashinator::hash_pair<unsigned int, unsigned int>>> *, unsigned int, unsigned int, unsigned int, float *)"
0.0,4.4426,165,0.0269,0.0085,0.0063,0.1438,0.0322, 107    1    1,  64    1    1,"update_velocity_blocks_kernel(vmesh::VelocityMesh *, vmesh::VelocityBlockContainer *, split::SplitVector<unsigned int, split::split_unified_allocator<unsigned int>> *, split::SplitVector<Hashinator::hash_pair<unsigned int, unsigned int>, split::split_unified_allocator<Hashinator::hash_pair<unsigned int, unsigned int>>> *, split::SplitVector<Hashinator::hash_pair<unsigned int, unsigned int>, split::split_unified_allocator<Hashinator::hash_pair<unsigned int, unsigned int>>> *, split::SplitVector<Hashinator::hash_pair<unsigned int, unsigned int>, split::split_unified_allocator<Hashinator::hash_pair<unsigned int, unsigned int>>> *, unsigned int, unsigned int, unsigned int, float *)"
0.0,4.4413,24,0.1851,0.1801,0.0044,0.3860,0.1032, 920    1    1,   4    4    4,"void spatial_cell::add_blocks_from_buffer_kernel<float>(const vmesh::VelocityMesh *, vmesh::VelocityBlockContainer *, unsigned int, const unsigned int *, const T1 *, unsigned int)"
0.0,4.4248,200,0.0221,0.0088,0.0064,0.2212,0.0317, 116    1    1,1024    1    1,"update_neighbour_halo_kernel(vmesh::VelocityMesh *, unsigned int, unsigned int **, unsigned int *, Hashinator::Hashmap<unsigned int, unsigned int, (unsigned int)4294967295, (unsigned int)4294967294, Hashinator::HashFunctions::Fibonacci<unsigned int>, Hashinator::Hashers::Hasher<unsigned int, unsigned int, Hashinator::HashFunctions::Fibonacci<unsigned int>, (unsigned int)4294967295, (unsigned int)4294967294, (int)32, (int)1>, split::split_unified_allocator<Hashinator::Info>> *, Hashinator::Hashmap<unsigned int, unsigned int, (unsigned int)4294967295, (unsigned int)4294967294, Hashinator::HashFunctions::Fibonacci<unsigned int>, Hashinator::Hashers::Hasher<unsigned int, unsigned int, Hashinator::HashFunctions::Fibonacci<unsigned int>, (unsigned int)4294967295, (unsigned int)4294967294, (int)32, (int)1>, split::split_unified_allocator<Hashinator::Info>> *)"
0.0,4.3390,169,0.0257,0.0080,0.0063,0.1832,0.0311,  92    1    1,  64    1    1,"update_velocity_blocks_kernel(vmesh::VelocityMesh *, vmesh::VelocityBlockContainer *, split::SplitVector<unsigned int, split::split_unified_allocator<unsigned int>> *, split::SplitVector<Hashinator::hash_pair<unsigned int, unsigned int>, split::split_unified_allocator<Hashinator::hash_pair<unsigned int, unsigned int>>> *, split::SplitVector<Hashinator::hash_pair<unsigned int, unsigned int>, split::split_unified_allocator<Hashinator::hash_pair<unsigned int, unsigned int>>> *, split::SplitVector<Hashinator::hash_pair<unsigned int, unsigned int>, split::split_unified_allocator<Hashinator::hash_pair<unsigned int, unsigned int>>> *, unsigned int, unsigned int, unsigned int, float *)"
0.0,4.3364,270,0.0161,0.0043,0.0036,0.1249,0.0207,  30    1    1,  32    1    1,"order_GIDs_kernel(const vmesh::VelocityMesh *, unsigned int *, unsigned int *, unsigned int, unsigned int *, unsigned int *, unsigned int, ColumnOffsets *)"
0.0,4.3210,28,0.1543,0.1460,0.1024,0.2346,0.0402, 100    1    1,  16    1    1,"acceleration_kernel(const vmesh::VelocityMesh *, vmesh::VelocityBlockContainer *, VecSimple<float> *, unsigned int *, unsigned int *, Column *, unsigned int, float, float, float, float, float, float, float, float, unsigned long)"
0.0,4.3029,140,0.0307,0.0147,0.0124,0.1789,0.0343, 204    1    1, 832    1    1,"update_velocity_halo_kernel(vmesh::VelocityMesh *, unsigned int, unsigned int *, Hashinator::Hashmap<unsigned int, unsigned int, (unsigned int)4294967295, (unsigned int)4294967294, Hashinator::HashFunctions::Fibonacci<unsigned int>, Hashinator::Hashers::Hasher<unsigned int, unsigned int, Hashinator::HashFunctions::Fibonacci<unsigned int>, (unsigned int)4294967295, (unsigned int)4294967294, (int)32, (int)1>, split::split_unified_allocator<Hashinator::Info>> *, Hashinator::Hashmap<unsigned int, unsigned int, (unsigned int)4294967295, (unsigned int)4294967294, Hashinator::HashFunctions::Fibonacci<unsigned int>, Hashinator::Hashers::Hasher<unsigned int, unsigned int, Hashinator::HashFunctions::Fibonacci<unsigned int>, (unsigned int)4294967295, (unsigned int)4294967294, (int)32, (int)1>, split::split_unified_allocator<Hashinator::Info>> *)"
0.0,4.3012,173,0.0249,0.0089,0.0069,0.1657,0.0311,  75    1    1,  16    1    1,"reorder_blocks_by_dimension_kernel(vmesh::VelocityBlockContainer *, VecSimple<float> *, unsigned int *, unsigned int *, ColumnOffsets *)"
0.0,4.2700,130,0.0328,0.0134,0.0109,0.1731,0.0341, 110    1    1,  32    1    1,"evaluate_column_extents_kernel(unsigned int, const vmesh::VelocityMesh *, ColumnOffsets *, Column *, split::SplitVector<unsigned int, split::split_unified_allocator<unsigned int>> *, Hashinator::Hashmap<unsigned int, unsigned int, (unsigned int)4294967295, (unsigned int)4294967294, Hashinator::HashFunctions::Fibonacci<unsigned int>, Hashinator::Hashers::Hasher<unsigned int, unsigned int, Hashinator::HashFunctions::Fibonacci<unsigned int>, (unsigned int)4294967295, (unsigned int)4294967294, (int)32, (int)1>, split::split_unified_allocator<Hashinator::Info>> *, Hashinator::Hashmap<unsigned int, unsigned int, (unsigned int)4294967295, (unsigned int)4294967294, Hashinator::HashFunctions::Fibonacci<unsigned int>, Hashinator::Hashers::Hasher<unsigned int, unsigned int, Hashinator::HashFunctions::Fibonacci<unsigned int>, (unsigned int)4294967295, (unsigned int)4294967294, (int)32, (int)1>, split::split_unified_allocator<Hashinator::Info>> *, unsigned int *, unsigned int *, float, float, float, float, int, int, float, float, unsigned int *)"
0.0,4.2632,168,0.0254,0.0100,0.0074,0.1855,0.0324, 106    1    1,1024    1    1,"update_neighbour_halo_kernel(vmesh::VelocityMesh *, unsigned int, unsigned int **, unsigned int *, Hashinator::Hashmap<unsigned int, unsigned int, (unsigned int)4294967295, (unsigned int)4294967294, Hashinator::HashFunctions::Fibonacci<unsigned int>, Hashinator::Hashers::Hasher<unsigned int, unsigned int, Hashinator::HashFunctions::Fibonacci<unsigned int>, (unsigned int)4294967295, (unsigned int)4294967294, (int)32, (int)1>, split::split_unified_allocator<Hashinator::Info>> *, Hashinator::Hashmap<unsigned int, unsigned int, (unsigned int)4294967295, (unsigned int)4294967294, Hashinator::HashFunctions::Fibonacci<unsigned int>, Hashinator::Hashers::Hasher<unsigned int, unsigned int, Hashinator::HashFunctions::Fibonacci<unsigned int>, (unsigned int)4294967295, (unsigned int)4294967294, (int)32, (int)1>, split::split_unified_allocator<Hashinator::Info>> *)"
0.0,4.2214,156,0.0271,0.0148,0.0109,0.1353,0.0228,  89    1    1,  32    1    1,"evaluate_column_extents_kernel(unsigned int, const vmesh::VelocityMesh *, ColumnOffsets *, Column *, split::SplitVector<unsigned int, split::split_unified_allocator<unsigned int>> *, Hashinator::Hashmap<unsigned int, unsigned int, (unsigned int)4294967295, (unsigned int)4294967294, Hashinator::HashFunctions::Fibonacci<unsigned int>, Hashinator::Hashers::Hasher<unsigned int, unsigned int, Hashinator::HashFunctions::Fibonacci<unsigned int>, (unsigned int)4294967295, (unsigned int)4294967294, (int)32, (int)1>, split::split_unified_allocator<Hashinator::Info>> *, Hashinator::Hashmap<unsigned int, unsigned int, (unsigned int)4294967295, (unsigned int)4294967294, Hashinator::HashFunctions::Fibonacci<unsigned int>, Hashinator::Hashers::Hasher<unsigned int, unsigned int, Hashinator::HashFunctions::Fibonacci<unsigned int>, (unsigned int)4294967295, (unsigned int)4294967294, (int)32, (int)1>, split::split_unified_allocator<Hashinator::Info>> *, unsigned int *, unsigned int *, float, float, float, float, int, int, float, float, unsigned int *)"
0.0,4.2059,120,0.0350,0.0069,0.0052,0.2415,0.0496, 260    1    1,  64    1    1,"update_velocity_blocks_kernel(vmesh::VelocityMesh *, vmesh::VelocityBlockContainer *, split::SplitVector<unsigned int, split::split_unified_allocator<unsigned int>> *, split::SplitVector<Hashinator::hash_pair<unsigned int, unsigned int>, split::split_unified_allocator<Hashinator::hash_pair<unsigned int, unsigned int>>> *, split::SplitVector<Hashinator::hash_pair<unsigned int, unsigned int>, split::split_unified_allocator<Hashinator::hash_pair<unsigned int, unsigned int>>> *, split::SplitVector<Hashinator::hash_pair<unsigned int, unsigned int>, split::split_unified_allocator<Hashinator::hash_pair<unsigned int, unsigned int>>> *, unsigned int, unsigned int, unsigned int, float *)"
0.0,4.1858,312,0.0134,0.0031,0.0025,0.1093,0.0225,  22    1    1,  32    1    1,"blocksID_mapped_dim2_kernel(const vmesh::VelocityMesh *, unsigned int *, unsigned int *, unsigned int)"
0.0,4.1819,144,0.0290,0.0080,0.0060,0.2252,0.0399,  53    1    1,1024    1    1,"update_neighbour_halo_kernel(vmesh::VelocityMesh *, unsigned int, unsigned int **, unsigned int *, Hashinator::Hashmap<unsigned int, unsigned int, (unsigned int)4294967295, (unsigned int)4294967294, Hashinator::HashFunctions::Fibonacci<unsigned int>, Hashinator::Hashers::Hasher<unsigned int, unsigned int, Hashinator::HashFunctions::Fibonacci<unsigned int>, (unsigned int)4294967295, (unsigned int)4294967294, (int)32, (int)1>, split::split_unified_allocator<Hashinator::Info>> *, Hashinator::Hashmap<unsigned int, unsigned int, (unsigned int)4294967295, (unsigned int)4294967294, Hashinator::HashFunctions::Fibonacci<unsigned int>, Hashinator::Hashers::Hasher<unsigned int, unsigned int, Hashinator::HashFunctions::Fibonacci<unsigned int>, (unsigned int)4294967295, (unsigned int)4294967294, (int)32, (int)1>, split::split_unified_allocator<Hashinator::Info>> *)"
0.0,4.1798,92,0.0454,0.0069,0.0048,0.4585,0.0833, 240    1    1,  64    1    1,"update_velocity_blocks_kernel(vmesh::VelocityMesh *, vmesh::VelocityBlockContainer *, split::SplitVector<unsigned int, split::split_unified_allocator<unsigned int>> *, split::SplitVector<Hashinator::hash_pair<unsigned int, unsigned int>, split::split_unified_allocator<Hashinator::hash_pair<unsigned int, unsigned int>>> *, split::SplitVector<Hashinator::hash_pair<unsigned int, unsigned int>, split::split_unified_allocator<Hashinator::hash_pair<unsigned int, unsigned int>>> *, split::SplitVector<Hashinator::hash_pair<unsigned int, unsigned int>, split::split_unified_allocator<Hashinator::hash_pair<unsigned int, unsigned int>>> *, unsigned int, unsigned int, unsigned int, float *)"
0.0,4.1141,104,0.0396,0.0076,0.0051,0.2574,0.0555, 271    1    1,  64    1    1,"update_velocity_blocks_kernel(vmesh::VelocityMesh *, vmesh::VelocityBlockContainer *, split::SplitVector<unsigned int, split::split_unified_allocator<unsigned int>> *, split::SplitVector<Hashinator::hash_pair<unsigned int, unsigned int>, split::split_unified_allocator<Hashinator::hash_pair<unsigned int, unsigned int>>> *, split::SplitVector<Hashinator::hash_pair<unsigned int, unsigned int>, split::split_unified_allocator<Hashinator::hash_pair<unsigned int, unsigned int>>> *, split::SplitVector<Hashinator::hash_pair<unsigned int, unsigned int>, split::split_unified_allocator<Hashinator::hash_pair<unsigned int, unsigned int>>> *, unsigned int, unsigned int, unsigned int, float *)"
0.0,4.1135,88,0.0467,0.0069,0.0051,0.4216,0.0860, 348    1    1,  64    1    1,"update_velocity_blocks_kernel(vmesh::VelocityMesh *, vmesh::VelocityBlockContainer *, split::SplitVector<unsigned int, split::split_unified_allocator<unsigned int>> *, split::SplitVector<Hashinator::hash_pair<unsigned int, unsigned int>, split::split_unified_allocator<Hashinator::hash_pair<unsigned int, unsigned int>>> *, split::SplitVector<Hashinator::hash_pair<unsigned int, unsigned int>, split::split_unified_allocator<Hashinator::hash_pair<unsigned int, unsigned int>>> *, split::SplitVector<Hashinator::hash_pair<unsigned int, unsigned int>, split::split_unified_allocator<Hashinator::hash_pair<unsigned int, unsigned int>>> *, unsigned int, unsigned int, unsigned int, float *)"
0.0,4.1021,152,0.0270,0.0118,0.0086,0.1848,0.0307,  96    1    1,  16    1    1,"reorder_blocks_by_dimension_kernel(vmesh::VelocityBlockContainer *, VecSimple<float> *, unsigned int *, unsigned int *, ColumnOffsets *)"
0.0,4.0757,148,0.0275,0.0121,0.0091,0.1988,0.0374, 164    1    1,1024    1    1,"update_neighbour_halo_kernel(vmesh::VelocityMesh *, unsigned int, unsigned int **, unsigned int *, Hashinator::Hashmap<unsigned int, unsigned int, (unsigned int)4294967295, (unsigned int)4294967294, Hashinator::HashFunctions::Fibonacci<unsigned int>, Hashinator::Hashers::Hasher<unsigned int, unsigned int, Hashinator::HashFunctions::Fibonacci<unsigned int>, (unsigned int)4294967295, (unsigned int)4294967294, (int)32, (int)1>, split::split_unified_allocator<Hashinator::Info>> *, Hashinator::Hashmap<unsigned int, unsigned int, (unsigned int)4294967295, (unsigned int)4294967294, Hashinator::HashFunctions::Fibonacci<unsigned int>, Hashinator::Hashers::Hasher<unsigned int, unsigned int, Hashinator::HashFunctions::Fibonacci<unsigned int>, (unsigned int)4294967295, (unsigned int)4294967294, (int)32, (int)1>, split::split_unified_allocator<Hashinator::Info>> *)"
0.0,4.0747,48,0.0849,0.0837,0.0797,0.0940,0.0037, 992    1    1,  32    1    1,"void arch::reduction_kernel<(unsigned int)32, (arch::reduce_op)2, (unsigned int)4, (unsigned int)0, DRO::VariablePrecipitationDiffFlux::reduceData(const spatial_cell::SpatialCell *, char *)::[lambda(unsigned int, unsigned int, unsigned int, unsigned int, double *) (instance 1)], double>(T5, const T6 *, T6 *, const unsigned int *, unsigned int, unsigned int, T6 *)"
0.0,4.0613,88,0.0462,0.0128,0.0050,0.2209,0.0533, 171    1    1,  64    1    1,"update_velocity_blocks_kernel(vmesh::VelocityMesh *, vmesh::VelocityBlockContainer *, split::SplitVector<unsigned int, split::split_unified_allocator<unsigned int>> *, split::SplitVector<Hashinator::hash_pair<unsigned int, unsigned int>, split::split_unified_allocator<Hashinator::hash_pair<unsigned int, unsigned int>>> *, split::SplitVector<Hashinator::hash_pair<unsigned int, unsigned int>, split::split_unified_allocator<Hashinator::hash_pair<unsigned int, unsigned int>>> *, split::SplitVector<Hashinator::hash_pair<unsigned int, unsigned int>, split::split_unified_allocator<Hashinator::hash_pair<unsigned int, unsigned int>>> *, unsigned int, unsigned int, unsigned int, float *)"
0.0,4.0583,296,0.0137,0.0031,0.0025,0.1818,0.0240,  25    1    1,  32    1    1,"blocksID_mapped_dim2_kernel(const vmesh::VelocityMesh *, unsigned int *, unsigned int *, unsigned int)"
0.0,4.0230,106,0.0380,0.0069,0.0050,0.2355,0.0552, 245    1    1,  64    1    1,"update_velocity_blocks_kernel(vmesh::VelocityMesh *, vmesh::VelocityBlockContainer *, split::SplitVector<unsigned int, split::split_unified_allocator<unsigned int>> *, split::SplitVector<Hashinator::hash_pair<unsigned int, unsigned int>, split::split_unified_allocator<Hashinator::hash_pair<unsigned int, unsigned int>>> *, split::SplitVector<Hashinator::hash_pair<unsigned int, unsigned int>, split::split_unified_allocator<Hashinator::hash_pair<unsigned int, unsigned int>>> *, split::SplitVector<Hashinator::hash_pair<unsigned int, unsigned int>, split::split_unified_allocator<Hashinator::hash_pair<unsigned int, unsigned int>>> *, unsigned int, unsigned int, unsigned int, float *)"
0.0,3.9895,117,0.0341,0.0143,0.0106,0.2097,0.0387, 121    1    1,  16    1    1,"reorder_blocks_by_dimension_kernel(vmesh::VelocityBlockContainer *, VecSimple<float> *, unsigned int *, unsigned int *, ColumnOffsets *)"
0.0,3.9681,288,0.0138,0.0032,0.0026,0.1245,0.0231,  15    1    1,  32    1    1,"blocksID_mapped_dim1_kernel(const vmesh::VelocityMesh *, unsigned int *, unsigned int *, unsigned int)"
0.0,3.9129,136,0.0288,0.0135,0.0107,0.1279,0.0289,  84    1    1,  32    1    1,"evaluate_column_extents_kernel(unsigned int, const vmesh::VelocityMesh *, ColumnOffsets *, Column *, split::SplitVector<unsigned int, split::split_unified_allocator<unsigned int>> *, Hashinator::Hashmap<unsigned int, unsigned int, (unsigned int)4294967295, (unsigned int)4294967294, Hashinator::HashFunctions::Fibonacci<unsigned int>, Hashinator::Hashers::Hasher<unsigned int, unsigned int, Hashinator::HashFunctions::Fibonacci<unsigned int>, (unsigned int)4294967295, (unsigned int)4294967294, (int)32, (int)1>, split::split_unified_allocator<Hashinator::Info>> *, Hashinator::Hashmap<unsigned int, unsigned int, (unsigned int)4294967295, (unsigned int)4294967294, Hashinator::HashFunctions::Fibonacci<unsigned int>, Hashinator::Hashers::Hasher<unsigned int, unsigned int, Hashinator::HashFunctions::Fibonacci<unsigned int>, (unsigned int)4294967295, (unsigned int)4294967294, (int)32, (int)1>, split::split_unified_allocator<Hashinator::Info>> *, unsigned int *, unsigned int *, float, float, float, float, int, int, float, float, unsigned int *)"
0.0,3.9121,111,0.0352,0.0127,0.0108,0.2672,0.0482, 163    1    1, 832    1    1,"update_velocity_halo_kernel(vmesh::VelocityMesh *, unsigned int, unsigned int *, Hashinator::Hashmap<unsigned int, unsigned int, (unsigned int)4294967295, (unsigned int)4294967294, Hashinator::HashFunctions::Fibonacci<unsigned int>, Hashinator::Hashers::Hasher<unsigned int, unsigned int, Hashinator::HashFunctions::Fibonacci<unsigned int>, (unsigned int)4294967295, (unsigned int)4294967294, (int)32, (int)1>, split::split_unified_allocator<Hashinator::Info>> *, Hashinator::Hashmap<unsigned int, unsigned int, (unsigned int)4294967295, (unsigned int)4294967294, Hashinator::HashFunctions::Fibonacci<unsigned int>, Hashinator::Hashers::Hasher<unsigned int, unsigned int, Hashinator::HashFunctions::Fibonacci<unsigned int>, (unsigned int)4294967295, (unsigned int)4294967294, (int)32, (int)1>, split::split_unified_allocator<Hashinator::Info>> *)"
0.0,3.8700,306,0.0126,0.0031,0.0026,0.1497,0.0224,  29    1    1,  32    1    1,"blocksID_mapped_dim2_kernel(const vmesh::VelocityMesh *, unsigned int *, unsigned int *, unsigned int)"
0.0,3.8679,537,0.0072,0.0069,0.0063,0.1366,0.0056, 394    1    1,  64    1    1,"update_velocity_block_content_lists_kernel(vmesh::VelocityMesh *, vmesh::VelocityBlockContainer *, Hashinator::Hashmap<unsigned int, unsigned int, (unsigned int)4294967295, (unsigned int)4294967294, Hashinator::HashFunctions::Fibonacci<unsigned int>, Hashinator::Hashers::Hasher<unsigned int, unsigned int, Hashinator::HashFunctions::Fibonacci<unsigned int>, (unsigned int)4294967295, (unsigned int)4294967294, (int)32, (int)1>, split::split_unified_allocator<Hashinator::Info>> *, Hashinator::Hashmap<unsigned int, unsigned int, (unsigned int)4294967295, (unsigned int)4294967294, Hashinator::HashFunctions::Fibonacci<unsigned int>, Hashinator::Hashers::Hasher<unsigned int, unsigned int, Hashinator::HashFunctions::Fibonacci<unsigned int>, (unsigned int)4294967295, (unsigned int)4294967294, (int)32, (int)1>, split::split_unified_allocator<Hashinator::Info>> *, double)"
0.0,3.8637,136,0.0284,0.0078,0.0063,0.2003,0.0366,  91    1    1,  64    1    1,"update_velocity_blocks_kernel(vmesh::VelocityMesh *, vmesh::VelocityBlockContainer *, split::SplitVector<unsigned int, split::split_unified_allocator<unsigned int>> *, split::SplitVector<Hashinator::hash_pair<unsigned int, unsigned int>, split::split_unified_allocator<Hashinator::hash_pair<unsigned int, unsigned int>>> *, split::SplitVector<Hashinator::hash_pair<unsigned int, unsigned int>, split::split_unified_allocator<Hashinator::hash_pair<unsigned int, unsigned int>>> *, split::SplitVector<Hashinator::hash_pair<unsigned int, unsigned int>, split::split_unified_allocator<Hashinator::hash_pair<unsigned int, unsigned int>>> *, unsigned int, unsigned int, unsigned int, float *)"
0.0,3.8566,167,0.0231,0.0076,0.0063,0.1623,0.0287, 105    1    1,  64    1    1,"update_velocity_blocks_kernel(vmesh::VelocityMesh *, vmesh::VelocityBlockContainer *, split::SplitVector<unsigned int, split::split_unified_allocator<unsigned int>> *, split::SplitVector<Hashinator::hash_pair<unsigned int, unsigned int>, split::split_unified_allocator<Hashinator::hash_pair<unsigned int, unsigned int>>> *, split::SplitVector<Hashinator::hash_pair<unsigned int, unsigned int>, split::split_unified_allocator<Hashinator::hash_pair<unsigned int, unsigned int>>> *, split::SplitVector<Hashinator::hash_pair<unsigned int, unsigned int>, split::split_unified_allocator<Hashinator::hash_pair<unsigned int, unsigned int>>> *, unsigned int, unsigned int, unsigned int, float *)"
0.0,3.8492,82,0.0469,0.0073,0.0050,0.2846,0.0614, 235    1    1,  64    1    1,"update_velocity_blocks_kernel(vmesh::VelocityMesh *, vmesh::VelocityBlockContainer *, split::SplitVector<unsigned int, split::split_unified_allocator<unsigned int>> *, split::SplitVector<Hashinator::hash_pair<unsigned int, unsigned int>, split::split_unified_allocator<Hashinator::hash_pair<unsigned int, unsigned int>>> *, split::SplitVector<Hashinator::hash_pair<unsigned int, unsigned int>, split::split_unified_allocator<Hashinator::hash_pair<unsigned int, unsigned int>>> *, split::SplitVector<Hashinator::hash_pair<unsigned int, unsigned int>, split::split_unified_allocator<Hashinator::hash_pair<unsigned int, unsigned int>>> *, unsigned int, unsigned int, unsigned int, float *)"
0.0,3.8448,156,0.0246,0.0090,0.0074,0.1836,0.0352,  89    1    1,  16    1    1,"reorder_blocks_by_dimension_kernel(vmesh::VelocityBlockContainer *, VecSimple<float> *, unsigned int *, unsigned int *, ColumnOffsets *)"
0.0,3.8419,135,0.0285,0.0146,0.0106,0.1704,0.0243,  76    1    1,  32    1    1,"evaluate_column_extents_kernel(unsigned int, const vmesh::VelocityMesh *, ColumnOffsets *, Column *, split::SplitVector<unsigned int, split::split_unified_allocator<unsigned int>> *, Hashinator::Hashmap<unsigned int, unsigned int, (unsigned int)4294967295, (unsigned int)4294967294, Hashinator::HashFunctions::Fibonacci<unsigned int>, Hashinator::Hashers::Hasher<unsigned int, unsigned int, Hashinator::HashFunctions::Fibonacci<unsigned int>, (unsigned int)4294967295, (unsigned int)4294967294, (int)32, (int)1>, split::split_unified_allocator<Hashinator::Info>> *, Hashinator::Hashmap<unsigned int, unsigned int, (unsigned int)4294967295, (unsigned int)4294967294, Hashinator::HashFunctions::Fibonacci<unsigned int>, Hashinator::Hashers::Hasher<unsigned int, unsigned int, Hashinator::HashFunctions::Fibonacci<unsigned int>, (unsigned int)4294967295, (unsigned int)4294967294, (int)32, (int)1>, split::split_unified_allocator<Hashinator::Info>> *, unsigned int *, unsigned int *, float, float, float, float, int, int, float, float, unsigned int *)"
0.0,3.8393,139,0.0276,0.0081,0.0063,0.1905,0.0319,  63    1    1,  64    1    1,"update_velocity_blocks_kernel(vmesh::VelocityMesh *, vmesh::VelocityBlockContainer *, split::SplitVector<unsigned int, split::split_unified_allocator<unsigned int>> *, split::SplitVector<Hashinator::hash_pair<unsigned int, unsigned int>, split::split_unified_allocator<Hashinator::hash_pair<unsigned int, unsigned int>>> *, split::SplitVector<Hashinator::hash_pair<unsigned int, unsigned int>, split::split_unified_allocator<Hashinator::hash_pair<unsigned int, unsigned int>>> *, split::SplitVector<Hashinator::hash_pair<unsigned int, unsigned int>, split::split_unified_allocator<Hashinator::hash_pair<unsigned int, unsigned int>>> *, unsigned int, unsigned int, unsigned int, float *)"
0.0,3.8330,140,0.0274,0.0121,0.0092,0.1612,0.0310, 196    1    1,1024    1    1,"update_neighbour_halo_kernel(vmesh::VelocityMesh *, unsigned int, unsigned int **, unsigned int *, Hashinator::Hashmap<unsigned int, unsigned int, (unsigned int)4294967295, (unsigned int)4294967294, Hashinator::HashFunctions::Fibonacci<unsigned int>, Hashinator::Hashers::Hasher<unsigned int, unsigned int, Hashinator::HashFunctions::Fibonacci<unsigned int>, (unsigned int)4294967295, (unsigned int)4294967294, (int)32, (int)1>, split::split_unified_allocator<Hashinator::Info>> *, Hashinator::Hashmap<unsigned int, unsigned int, (unsigned int)4294967295, (unsigned int)4294967294, Hashinator::HashFunctions::Fibonacci<unsigned int>, Hashinator::Hashers::Hasher<unsigned int, unsigned int, Hashinator::HashFunctions::Fibonacci<unsigned int>, (unsigned int)4294967295, (unsigned int)4294967294, (int)32, (int)1>, split::split_unified_allocator<Hashinator::Info>> *)"
0.0,3.8283,112,0.0342,0.0147,0.0112,0.1669,0.0338,  98    1    1,  32    1    1,"evaluate_column_extents_kernel(unsigned int, const vmesh::VelocityMesh *, ColumnOffsets *, Column *, split::SplitVector<unsigned int, split::split_unified_allocator<unsigned int>> *, Hashinator::Hashmap<unsigned int, unsigned int, (unsigned int)4294967295, (unsigned int)4294967294, Hashinator::HashFunctions::Fibonacci<unsigned int>, Hashinator::Hashers::Hasher<unsigned int, unsigned int, Hashinator::HashFunctions::Fibonacci<unsigned int>, (unsigned int)4294967295, (unsigned int)4294967294, (int)32, (int)1>, split::split_unified_allocator<Hashinator::Info>> *, Hashinator::Hashmap<unsigned int, unsigned int, (unsigned int)4294967295, (unsigned int)4294967294, Hashinator::HashFunctions::Fibonacci<unsigned int>, Hashinator::Hashers::Hasher<unsigned int, unsigned int, Hashinator::HashFunctions::Fibonacci<unsigned int>, (unsigned int)4294967295, (unsigned int)4294967294, (int)32, (int)1>, split::split_unified_allocator<Hashinator::Info>> *, unsigned int *, unsigned int *, float, float, float, float, int, int, float, float, unsigned int *)"
0.0,3.8254,19,0.2013,0.1758,0.1155,0.4784,0.1006, 120    1    1,  16    1    1,"acceleration_kernel(const vmesh::VelocityMesh *, vmesh::VelocityBlockContainer *, VecSimple<float> *, unsigned int *, unsigned int *, Column *, unsigned int, float, float, float, float, float, float, float, float, unsigned long)"
0.0,3.7892,156,0.0243,0.0108,0.0073,0.1584,0.0307, 109    1    1,1024    1    1,"update_neighbour_halo_kernel(vmesh::VelocityMesh *, unsigned int, unsigned int **, unsigned int *, Hashinator::Hashmap<unsigned int, unsigned int, (unsigned int)4294967295, (unsigned int)4294967294, Hashinator::HashFunctions::Fibonacci<unsigned int>, Hashinator::Hashers::Hasher<unsigned int, unsigned int, Hashinator::HashFunctions::Fibonacci<unsigned int>, (unsigned int)4294967295, (unsigned int)4294967294, (int)32, (int)1>, split::split_unified_allocator<Hashinator::Info>> *, Hashinator::Hashmap<unsigned int, unsigned int, (unsigned int)4294967295, (unsigned int)4294967294, Hashinator::HashFunctions::Fibonacci<unsigned int>, Hashinator::Hashers::Hasher<unsigned int, unsigned int, Hashinator::HashFunctions::Fibonacci<unsigned int>, (unsigned int)4294967295, (unsigned int)4294967294, (int)32, (int)1>, split::split_unified_allocator<Hashinator::Info>> *)"
0.0,3.7416,288,0.0130,0.0034,0.0028,0.1218,0.0224,  13    1    1,  32    1    1,"blocksID_mapped_dim0_kernel(const vmesh::VelocityMesh *, unsigned int *, unsigned int *, unsigned int)"
0.0,3.7243,116,0.0321,0.0162,0.0126,0.1346,0.0302, 114    1    1,  16    1    1,"reorder_blocks_by_dimension_kernel(vmesh::VelocityBlockContainer *, VecSimple<float> *, unsigned int *, unsigned int *, ColumnOffsets *)"
0.0,3.7235,224,0.0166,0.0043,0.0036,0.1073,0.0217,  20    1    1,  32    1    1,"order_GIDs_kernel(const vmesh::VelocityMesh *, unsigned int *, unsigned int *, unsigned int, unsigned int *, unsigned int *, unsigned int, ColumnOffsets *)"
0.0,3.7048,176,0.0210,0.0088,0.0070,0.1812,0.0279,  78    1    1,  16    1    1,"reorder_blocks_by_dimension_kernel(vmesh::VelocityBlockContainer *, VecSimple<float> *, unsigned int *, unsigned int *, ColumnOffsets *)"
0.0,3.6922,88,0.0420,0.0072,0.0051,0.3923,0.0623, 297    1    1,  64    1    1,"update_velocity_blocks_kernel(vmesh::VelocityMesh *, vmesh::VelocityBlockContainer *, split::SplitVector<unsigned int, split::split_unified_allocator<unsigned int>> *, split::SplitVector<Hashinator::hash_pair<unsigned int, unsigned int>, split::split_unified_allocator<Hashinator::hash_pair<unsigned int, unsigned int>>> *, split::SplitVector<Hashinator::hash_pair<unsigned int, unsigned int>, split::split_unified_allocator<Hashinator::hash_pair<unsigned int, unsigned int>>> *, split::SplitVector<Hashinator::hash_pair<unsigned int, unsigned int>, split::split_unified_allocator<Hashinator::hash_pair<unsigned int, unsigned int>>> *, unsigned int, unsigned int, unsigned int, float *)"
0.0,3.6914,140,0.0264,0.0082,0.0063,0.1401,0.0290,  87    1    1,  64    1    1,"update_velocity_blocks_kernel(vmesh::VelocityMesh *, vmesh::VelocityBlockContainer *, split::SplitVector<unsigned int, split::split_unified_allocator<unsigned int>> *, split::SplitVector<Hashinator::hash_pair<unsigned int, unsigned int>, split::split_unified_allocator<Hashinator::hash_pair<unsigned int, unsigned int>>> *, split::SplitVector<Hashinator::hash_pair<unsigned int, unsigned int>, split::split_unified_allocator<Hashinator::hash_pair<unsigned int, unsigned int>>> *, split::SplitVector<Hashinator::hash_pair<unsigned int, unsigned int>, split::split_unified_allocator<Hashinator::hash_pair<unsigned int, unsigned int>>> *, unsigned int, unsigned int, unsigned int, float *)"
0.0,3.6816,145,0.0254,0.0080,0.0063,0.1625,0.0291,  93    1    1,  64    1    1,"update_velocity_blocks_kernel(vmesh::VelocityMesh *, vmesh::VelocityBlockContainer *, split::SplitVector<unsigned int, split::split_unified_allocator<unsigned int>> *, split::SplitVector<Hashinator::hash_pair<unsigned int, unsigned int>, split::split_unified_allocator<Hashinator::hash_pair<unsigned int, unsigned int>>> *, split::SplitVector<Hashinator::hash_pair<unsigned int, unsigned int>, split::split_unified_allocator<Hashinator::hash_pair<unsigned int, unsigned int>>> *, split::SplitVector<Hashinator::hash_pair<unsigned int, unsigned int>, split::split_unified_allocator<Hashinator::hash_pair<unsigned int, unsigned int>>> *, unsigned int, unsigned int, unsigned int, float *)"
0.0,3.6479,88,0.0415,0.0074,0.0050,0.3446,0.0612, 242    1    1,  64    1    1,"update_velocity_blocks_kernel(vmesh::VelocityMesh *, vmesh::VelocityBlockContainer *, split::SplitVector<unsigned int, split::split_unified_allocator<unsigned int>> *, split::SplitVector<Hashinator::hash_pair<unsigned int, unsigned int>, split::split_unified_allocator<Hashinator::hash_pair<unsigned int, unsigned int>>> *, split::SplitVector<Hashinator::hash_pair<unsigned int, unsigned int>, split::split_unified_allocator<Hashinator::hash_pair<unsigned int, unsigned int>>> *, split::SplitVector<Hashinator::hash_pair<unsigned int, unsigned int>, split::split_unified_allocator<Hashinator::hash_pair<unsigned int, unsigned int>>> *, unsigned int, unsigned int, unsigned int, float *)"
0.0,3.6327,57,0.0637,0.0558,0.0046,0.1847,0.0483,  46    1    1,1024    1    1,"void Hashinator::Hashers::insert_index_kernel<unsigned int, unsigned int, (unsigned int)4294967295, Hashinator::HashFunctions::Fibonacci<unsigned int>, (int)32, (int)1>(T1 *, Hashinator::hash_pair<T1, T2> *, Hashinator::Info *, unsigned long)"
0.0,3.6230,101,0.0359,0.0073,0.0051,0.2839,0.0539, 322    1    1,  64    1    1,"update_velocity_blocks_kernel(vmesh::VelocityMesh *, vmesh::VelocityBlockContainer *, split::SplitVector<unsigned int, split::split_unified_allocator<unsigned int>> *, split::SplitVector<Hashinator::hash_pair<unsigned int, unsigned int>, split::split_unified_allocator<Hashinator::hash_pair<unsigned int, unsigned int>>> *, split::SplitVector<Hashinator::hash_pair<unsigned int, unsigned int>, split::split_unified_allocator<Hashinator::hash_pair<unsigned int, unsigned int>>> *, split::SplitVector<Hashinator::hash_pair<unsigned int, unsigned int>, split::split_unified_allocator<Hashinator::hash_pair<unsigned int, unsigned int>>> *, unsigned int, unsigned int, unsigned int, float *)"
0.0,3.6045,94,0.0383,0.0075,0.0052,0.2965,0.0543, 236    1    1,  64    1    1,"update_velocity_blocks_kernel(vmesh::VelocityMesh *, vmesh::VelocityBlockContainer *, split::SplitVector<unsigned int, split::split_unified_allocator<unsigned int>> *, split::SplitVector<Hashinator::hash_pair<unsigned int, unsigned int>, split::split_unified_allocator<Hashinator::hash_pair<unsigned int, unsigned int>>> *, split::SplitVector<Hashinator::hash_pair<unsigned int, unsigned int>, split::split_unified_allocator<Hashinator::hash_pair<unsigned int, unsigned int>>> *, split::SplitVector<Hashinator::hash_pair<unsigned int, unsigned int>, split::split_unified_allocator<Hashinator::hash_pair<unsigned int, unsigned int>>> *, unsigned int, unsigned int, unsigned int, float *)"
0.0,3.6037,96,0.0375,0.0121,0.0089,0.1849,0.0428, 195    1    1,1024    1    1,"update_neighbour_halo_kernel(vmesh::VelocityMesh *, unsigned int, unsigned int **, unsigned int *, Hashinator::Hashmap<unsigned int, unsigned int, (unsigned int)4294967295, (unsigned int)4294967294, Hashinator::HashFunctions::Fibonacci<unsigned int>, Hashinator::Hashers::Hasher<unsigned int, unsigned int, Hashinator::HashFunctions::Fibonacci<unsigned int>, (unsigned int)4294967295, (unsigned int)4294967294, (int)32, (int)1>, split::split_unified_allocator<Hashinator::Info>> *, Hashinator::Hashmap<unsigned int, unsigned int, (unsigned int)4294967295, (unsigned int)4294967294, Hashinator::HashFunctions::Fibonacci<unsigned int>, Hashinator::Hashers::Hasher<unsigned int, unsigned int, Hashinator::HashFunctions::Fibonacci<unsigned int>, (unsigned int)4294967295, (unsigned int)4294967294, (int)32, (int)1>, split::split_unified_allocator<Hashinator::Info>> *)"
0.0,3.5842,130,0.0276,0.0110,0.0089,0.1673,0.0346, 110    1    1,  16    1    1,"reorder_blocks_by_dimension_kernel(vmesh::VelocityBlockContainer *, VecSimple<float> *, unsigned int *, unsigned int *, ColumnOffsets *)"
0.0,3.5223,128,0.0275,0.0078,0.0064,0.1538,0.0299, 125    1    1,  64    1    1,"update_velocity_blocks_kernel(vmesh::VelocityMesh *, vmesh::VelocityBlockContainer *, split::SplitVector<unsigned int, split::split_unified_allocator<unsigned int>> *, split::SplitVector<Hashinator::hash_pair<unsigned int, unsigned int>, split::split_unified_allocator<Hashinator::hash_pair<unsigned int, unsigned int>>> *, split::SplitVector<Hashinator::hash_pair<unsigned int, unsigned int>, split::split_unified_allocator<Hashinator::hash_pair<unsigned int, unsigned int>>> *, split::SplitVector<Hashinator::hash_pair<unsigned int, unsigned int>, split::split_unified_allocator<Hashinator::hash_pair<unsigned int, unsigned int>>> *, unsigned int, unsigned int, unsigned int, float *)"
0.0,3.5068,120,0.0292,0.0108,0.0088,0.4850,0.0649, 163    1    1,1024    1    1,"update_neighbour_halo_kernel(vmesh::VelocityMesh *, unsigned int, unsigned int **, unsigned int *, Hashinator::Hashmap<unsigned int, unsigned int, (unsigned int)4294967295, (unsigned int)4294967294, Hashinator::HashFunctions::Fibonacci<unsigned int>, Hashinator::Hashers::Hasher<unsigned int, unsigned int, Hashinator::HashFunctions::Fibonacci<unsigned int>, (unsigned int)4294967295, (unsigned int)4294967294, (int)32, (int)1>, split::split_unified_allocator<Hashinator::Info>> *, Hashinator::Hashmap<unsigned int, unsigned int, (unsigned int)4294967295, (unsigned int)4294967294, Hashinator::HashFunctions::Fibonacci<unsigned int>, Hashinator::Hashers::Hasher<unsigned int, unsigned int, Hashinator::HashFunctions::Fibonacci<unsigned int>, (unsigned int)4294967295, (unsigned int)4294967294, (int)32, (int)1>, split::split_unified_allocator<Hashinator::Info>> *)"
0.0,3.4847,138,0.0253,0.0103,0.0074,0.5035,0.0492, 108    1    1,1024    1    1,"update_neighbour_halo_kernel(vmesh::VelocityMesh *, unsigned int, unsigned int **, unsigned int *, Hashinator::Hashmap<unsigned int, unsigned int, (unsigned int)4294967295, (unsigned int)4294967294, Hashinator::HashFunctions::Fibonacci<unsigned int>, Hashinator::Hashers::Hasher<unsigned int, unsigned int, Hashinator::HashFunctions::Fibonacci<unsigned int>, (unsigned int)4294967295, (unsigned int)4294967294, (int)32, (int)1>, split::split_unified_allocator<Hashinator::Info>> *, Hashinator::Hashmap<unsigned int, unsigned int, (unsigned int)4294967295, (unsigned int)4294967294, Hashinator::HashFunctions::Fibonacci<unsigned int>, Hashinator::Hashers::Hasher<unsigned int, unsigned int, Hashinator::HashFunctions::Fibonacci<unsigned int>, (unsigned int)4294967295, (unsigned int)4294967294, (int)32, (int)1>, split::split_unified_allocator<Hashinator::Info>> *)"
0.0,3.4653,108,0.0321,0.0101,0.0080,0.2443,0.0418,  66    1    1, 832    1    1,"update_velocity_halo_kernel(vmesh::VelocityMesh *, unsigned int, unsigned int *, Hashinator::Hashmap<unsigned int, unsigned int, (unsigned int)4294967295, (unsigned int)4294967294, Hashinator::HashFunctions::Fibonacci<unsigned int>, Hashinator::Hashers::Hasher<unsigned int, unsigned int, Hashinator::HashFunctions::Fibonacci<unsigned int>, (unsigned int)4294967295, (unsigned int)4294967294, (int)32, (int)1>, split::split_unified_allocator<Hashinator::Info>> *, Hashinator::Hashmap<unsigned int, unsigned int, (unsigned int)4294967295, (unsigned int)4294967294, Hashinator::HashFunctions::Fibonacci<unsigned int>, Hashinator::Hashers::Hasher<unsigned int, unsigned int, Hashinator::HashFunctions::Fibonacci<unsigned int>, (unsigned int)4294967295, (unsigned int)4294967294, (int)32, (int)1>, split::split_unified_allocator<Hashinator::Info>> *)"
0.0,3.4644,352,0.0098,0.0030,0.0025,0.1040,0.0173,  10    1    1,  32    1    1,"blocksID_mapped_dim2_kernel(const vmesh::VelocityMesh *, unsigned int *, unsigned int *, unsigned int)"
0.0,3.4569,112,0.0309,0.0137,0.0089,0.1338,0.0318,  98    1    1,  16    1    1,"reorder_blocks_by_dimension_kernel(vmesh::VelocityBlockContainer *, VecSimple<float> *, unsigned int *, unsigned int *, ColumnOffsets *)"
0.0,3.4437,310,0.0111,0.0034,0.0028,0.1078,0.0187,  17    1    1,  32    1    1,"blocksID_mapped_dim0_kernel(const vmesh::VelocityMesh *, unsigned int *, unsigned int *, unsigned int)"
0.0,3.4435,264,0.0130,0.0032,0.0026,0.1446,0.0222,  18    1    1,  32    1    1,"blocksID_mapped_dim2_kernel(const vmesh::VelocityMesh *, unsigned int *, unsigned int *, unsigned int)"
0.0,3.3985,160,0.0212,0.0084,0.0064,0.1415,0.0287,  73    1    1,1024    1    1,"update_neighbour_halo_kernel(vmesh::VelocityMesh *, unsigned int, unsigned int **, unsigned int *, Hashinator::Hashmap<unsigned int, unsigned int, (unsigned int)4294967295, (unsigned int)4294967294, Hashinator::HashFunctions::Fibonacci<unsigned int>, Hashinator::Hashers::Hasher<unsigned int, unsigned int, Hashinator::HashFunctions::Fibonacci<unsigned int>, (unsigned int)4294967295, (unsigned int)4294967294, (int)32, (int)1>, split::split_unified_allocator<Hashinator::Info>> *, Hashinator::Hashmap<unsigned int, unsigned int, (unsigned int)4294967295, (unsigned int)4294967294, Hashinator::HashFunctions::Fibonacci<unsigned int>, Hashinator::Hashers::Hasher<unsigned int, unsigned int, Hashinator::HashFunctions::Fibonacci<unsigned int>, (unsigned int)4294967295, (unsigned int)4294967294, (int)32, (int)1>, split::split_unified_allocator<Hashinator::Info>> *)"
0.0,3.3833,120,0.0282,0.0130,0.0108,0.1575,0.0310, 102    1    1,  32    1    1,"evaluate_column_extents_kernel(unsigned int, const vmesh::VelocityMesh *, ColumnOffsets *, Column *, split::SplitVector<unsigned int, split::split_unified_allocator<unsigned int>> *, Hashinator::Hashmap<unsigned int, unsigned int, (unsigned int)4294967295, (unsigned int)4294967294, Hashinator::HashFunctions::Fibonacci<unsigned int>, Hashinator::Hashers::Hasher<unsigned int, unsigned int, Hashinator::HashFunctions::Fibonacci<unsigned int>, (unsigned int)4294967295, (unsigned int)4294967294, (int)32, (int)1>, split::split_unified_allocator<Hashinator::Info>> *, Hashinator::Hashmap<unsigned int, unsigned int, (unsigned int)4294967295, (unsigned int)4294967294, Hashinator::HashFunctions::Fibonacci<unsigned int>, Hashinator::Hashers::Hasher<unsigned int, unsigned int, Hashinator::HashFunctions::Fibonacci<unsigned int>, (unsigned int)4294967295, (unsigned int)4294967294, (int)32, (int)1>, split::split_unified_allocator<Hashinator::Info>> *, unsigned int *, unsigned int *, float, float, float, float, int, int, float, float, unsigned int *)"
0.0,3.3404,106,0.0315,0.0132,0.0088,0.1925,0.0386, 165    1    1,1024    1    1,"update_neighbour_halo_kernel(vmesh::VelocityMesh *, unsigned int, unsigned int **, unsigned int *, Hashinator::Hashmap<unsigned int, unsigned int, (unsigned int)4294967295, (unsigned int)4294967294, Hashinator::HashFunctions::Fibonacci<unsigned int>, Hashinator::Hashers::Hasher<unsigned int, unsigned int, Hashinator::HashFunctions::Fibonacci<unsigned int>, (unsigned int)4294967295, (unsigned int)4294967294, (int)32, (int)1>, split::split_unified_allocator<Hashinator::Info>> *, Hashinator::Hashmap<unsigned int, unsigned int, (unsigned int)4294967295, (unsigned int)4294967294, Hashinator::HashFunctions::Fibonacci<unsigned int>, Hashinator::Hashers::Hasher<unsigned int, unsigned int, Hashinator::HashFunctions::Fibonacci<unsigned int>, (unsigned int)4294967295, (unsigned int)4294967294, (int)32, (int)1>, split::split_unified_allocator<Hashinator::Info>> *)"
0.0,3.3378,66,0.0506,0.0074,0.0050,0.4581,0.0855, 248    1    1,  64    1    1,"update_velocity_blocks_kernel(vmesh::VelocityMesh *, vmesh::VelocityBlockContainer *, split::SplitVector<unsigned int, split::split_unified_allocator<unsigned int>> *, split::SplitVector<Hashinator::hash_pair<unsigned int, unsigned int>, split::split_unified_allocator<Hashinator::hash_pair<unsigned int, unsigned int>>> *, split::SplitVector<Hashinator::hash_pair<unsigned int, unsigned int>, split::split_unified_allocator<Hashinator::hash_pair<unsigned int, unsigned int>>> *, split::SplitVector<Hashinator::hash_pair<unsigned int, unsigned int>, split::split_unified_allocator<Hashinator::hash_pair<unsigned int, unsigned int>>> *, unsigned int, unsigned int, unsigned int, float *)"
0.0,3.3268,96,0.0347,0.0075,0.0051,0.2109,0.0453, 238    1    1,  64    1    1,"update_velocity_blocks_kernel(vmesh::VelocityMesh *, vmesh::VelocityBlockContainer *, split::SplitVector<unsigned int, split::split_unified_allocator<unsigned int>> *, split::SplitVector<Hashinator::hash_pair<unsigned int, unsigned int>, split::split_unified_allocator<Hashinator::hash_pair<unsigned int, unsigned int>>> *, split::SplitVector<Hashinator::hash_pair<unsigned int, unsigned int>, split::split_unified_allocator<Hashinator::hash_pair<unsigned int, unsigned int>>> *, split::SplitVector<Hashinator::hash_pair<unsigned int, unsigned int>, split::split_unified_allocator<Hashinator::hash_pair<unsigned int, unsigned int>>> *, unsigned int, unsigned int, unsigned int, float *)"
0.0,3.2988,270,0.0122,0.0032,0.0026,0.1276,0.0217,  30    1    1,  32    1    1,"blocksID_mapped_dim2_kernel(const vmesh::VelocityMesh *, unsigned int *, unsigned int *, unsigned int)"
0.0,3.2859,116,0.0283,0.0133,0.0106,0.1580,0.0278, 114    1    1,  32    1    1,"evaluate_column_extents_kernel(unsigned int, const vmesh::VelocityMesh *, ColumnOffsets *, Column *, split::SplitVector<unsigned int, split::split_unified_allocator<unsigned int>> *, Hashinator::Hashmap<unsigned int, unsigned int, (unsigned int)4294967295, (unsigned int)4294967294, Hashinator::HashFunctions::Fibonacci<unsigned int>, Hashinator::Hashers::Hasher<unsigned int, unsigned int, Hashinator::HashFunctions::Fibonacci<unsigned int>, (unsigned int)4294967295, (unsigned int)4294967294, (int)32, (int)1>, split::split_unified_allocator<Hashinator::Info>> *, Hashinator::Hashmap<unsigned int, unsigned int, (unsigned int)4294967295, (unsigned int)4294967294, Hashinator::HashFunctions::Fibonacci<unsigned int>, Hashinator::Hashers::Hasher<unsigned int, unsigned int, Hashinator::HashFunctions::Fibonacci<unsigned int>, (unsigned int)4294967295, (unsigned int)4294967294, (int)32, (int)1>, split::split_unified_allocator<Hashinator::Info>> *, unsigned int *, unsigned int *, float, float, float, float, int, int, float, float, unsigned int *)"
0.0,3.2481,48,0.0677,0.0438,0.0044,0.2778,0.0769,  28    1    1,1024    1    1,"void Hashinator::Hashers::insert_index_kernel<unsigned int, unsigned int, (unsigned int)4294967295, Hashinator::HashFunctions::Fibonacci<unsigned int>, (int)32, (int)1>(T1 *, Hashinator::hash_pair<T1, T2> *, Hashinator::Info *, unsigned long)"
0.0,3.2426,88,0.0368,0.0117,0.0063,0.2057,0.0447, 124    1    1,  64    1    1,"update_velocity_blocks_kernel(vmesh::VelocityMesh *, vmesh::VelocityBlockContainer *, split::SplitVector<unsigned int, split::split_unified_allocator<unsigned int>> *, split::SplitVector<Hashinator::hash_pair<unsigned int, unsigned int>, split::split_unified_allocator<Hashinator::hash_pair<unsigned int, unsigned int>>> *, split::SplitVector<Hashinator::hash_pair<unsigned int, unsigned int>, split::split_unified_allocator<Hashinator::hash_pair<unsigned int, unsigned int>>> *, split::SplitVector<Hashinator::hash_pair<unsigned int, unsigned int>, split::split_unified_allocator<Hashinator::hash_pair<unsigned int, unsigned int>>> *, unsigned int, unsigned int, unsigned int, float *)"
0.0,3.2193,79,0.0408,0.0071,0.0053,0.3792,0.0638, 250    1    1,  64    1    1,"update_velocity_blocks_kernel(vmesh::VelocityMesh *, vmesh::VelocityBlockContainer *, split::SplitVector<unsigned int, split::split_unified_allocator<unsigned int>> *, split::SplitVector<Hashinator::hash_pair<unsigned int, unsigned int>, split::split_unified_allocator<Hashinator::hash_pair<unsigned int, unsigned int>>> *, split::SplitVector<Hashinator::hash_pair<unsigned int, unsigned int>, split::split_unified_allocator<Hashinator::hash_pair<unsigned int, unsigned int>>> *, split::SplitVector<Hashinator::hash_pair<unsigned int, unsigned int>, split::split_unified_allocator<Hashinator::hash_pair<unsigned int, unsigned int>>> *, unsigned int, unsigned int, unsigned int, float *)"
0.0,3.1404,120,0.0262,0.0079,0.0063,0.1460,0.0325, 101    1    1,  64    1    1,"update_velocity_blocks_kernel(vmesh::VelocityMesh *, vmesh::VelocityBlockContainer *, split::SplitVector<unsigned int, split::split_unified_allocator<unsigned int>> *, split::SplitVector<Hashinator::hash_pair<unsigned int, unsigned int>, split::split_unified_allocator<Hashinator::hash_pair<unsigned int, unsigned int>>> *, split::SplitVector<Hashinator::hash_pair<unsigned int, unsigned int>, split::split_unified_allocator<Hashinator::hash_pair<unsigned int, unsigned int>>> *, split::SplitVector<Hashinator::hash_pair<unsigned int, unsigned int>, split::split_unified_allocator<Hashinator::hash_pair<unsigned int, unsigned int>>> *, unsigned int, unsigned int, unsigned int, float *)"
0.0,3.1322,14,0.2237,0.2013,0.1585,0.4377,0.0744, 130    1    1,  16    1    1,"acceleration_kernel(const vmesh::VelocityMesh *, vmesh::VelocityBlockContainer *, VecSimple<float> *, unsigned int *, unsigned int *, Column *, unsigned int, float, float, float, float, float, float, float, float, unsigned long)"
0.0,3.0685,48,0.0639,0.0597,0.0073,0.2036,0.0373, 892    1    1,  64    1    1,"update_velocity_block_content_lists_kernel(vmesh::VelocityMesh *, vmesh::VelocityBlockContainer *, Hashinator::Hashmap<unsigned int, unsigned int, (unsigned int)4294967295, (unsigned int)4294967294, Hashinator::HashFunctions::Fibonacci<unsigned int>, Hashinator::Hashers::Hasher<unsigned int, unsigned int, Hashinator::HashFunctions::Fibonacci<unsigned int>, (unsigned int)4294967295, (unsigned int)4294967294, (int)32, (int)1>, split::split_unified_allocator<Hashinator::Info>> *, Hashinator::Hashmap<unsigned int, unsigned int, (unsigned int)4294967295, (unsigned int)4294967294, Hashinator::HashFunctions::Fibonacci<unsigned int>, Hashinator::Hashers::Hasher<unsigned int, unsigned int, Hashinator::HashFunctions::Fibonacci<unsigned int>, (unsigned int)4294967295, (unsigned int)4294967294, (int)32, (int)1>, split::split_unified_allocator<Hashinator::Info>> *, double)"
0.0,3.0546,102,0.0299,0.0081,0.0062,0.1660,0.0348, 139    1    1,  64    1    1,"update_velocity_blocks_kernel(vmesh::VelocityMesh *, vmesh::VelocityBlockContainer *, split::SplitVector<unsigned int, split::split_unified_allocator<unsigned int>> *, split::SplitVector<Hashinator::hash_pair<unsigned int, unsigned int>, split::split_unified_allocator<Hashinator::hash_pair<unsigned int, unsigned int>>> *, split::SplitVector<Hashinator::hash_pair<unsigned int, unsigned int>, split::split_unified_allocator<Hashinator::hash_pair<unsigned int, unsigned int>>> *, split::SplitVector<Hashinator::hash_pair<unsigned int, unsigned int>, split::split_unified_allocator<Hashinator::hash_pair<unsigned int, unsigned int>>> *, unsigned int, unsigned int, unsigned int, float *)"
0.0,3.0314,88,0.0344,0.0073,0.0051,0.2005,0.0433, 264    1    1,  64    1    1,"update_velocity_blocks_kernel(vmesh::VelocityMesh *, vmesh::VelocityBlockContainer *, split::SplitVector<unsigned int, split::split_unified_allocator<unsigned int>> *, split::SplitVector<Hashinator::hash_pair<unsigned int, unsigned int>, split::split_unified_allocator<Hashinator::hash_pair<unsigned int, unsigned int>>> *, split::SplitVector<Hashinator::hash_pair<unsigned int, unsigned int>, split::split_unified_allocator<Hashinator::hash_pair<unsigned int, unsigned int>>> *, split::SplitVector<Hashinator::hash_pair<unsigned int, unsigned int>, split::split_unified_allocator<Hashinator::hash_pair<unsigned int, unsigned int>>> *, unsigned int, unsigned int, unsigned int, float *)"
0.0,2.9961,120,0.0250,0.0130,0.0088,0.2201,0.0317, 102    1    1,  16    1    1,"reorder_blocks_by_dimension_kernel(vmesh::VelocityBlockContainer *, VecSimple<float> *, unsigned int *, unsigned int *, ColumnOffsets *)"
0.0,2.9888,117,0.0255,0.0135,0.0111,0.1833,0.0241, 121    1    1,  32    1    1,"evaluate_column_extents_kernel(unsigned int, const vmesh::VelocityMesh *, ColumnOffsets *, Column *, split::SplitVector<unsigned int, split::split_unified_allocator<unsigned int>> *, Hashinator::Hashmap<unsigned int, unsigned int, (unsigned int)4294967295, (unsigned int)4294967294, Hashinator::HashFunctions::Fibonacci<unsigned int>, Hashinator::Hashers::Hasher<unsigned int, unsigned int, Hashinator::HashFunctions::Fibonacci<unsigned int>, (unsigned int)4294967295, (unsigned int)4294967294, (int)32, (int)1>, split::split_unified_allocator<Hashinator::Info>> *, Hashinator::Hashmap<unsigned int, unsigned int, (unsigned int)4294967295, (unsigned int)4294967294, Hashinator::HashFunctions::Fibonacci<unsigned int>, Hashinator::Hashers::Hasher<unsigned int, unsigned int, Hashinator::HashFunctions::Fibonacci<unsigned int>, (unsigned int)4294967295, (unsigned int)4294967294, (int)32, (int)1>, split::split_unified_allocator<Hashinator::Info>> *, unsigned int *, unsigned int *, float, float, float, float, int, int, float, float, unsigned int *)"
0.0,2.9849,142,0.0210,0.0097,0.0082,0.2715,0.0301, 124    1    1, 832    1    1,"update_velocity_halo_kernel(vmesh::VelocityMesh *, unsigned int, unsigned int *, Hashinator::Hashmap<unsigned int, unsigned int, (unsigned int)4294967295, (unsigned int)4294967294, Hashinator::HashFunctions::Fibonacci<unsigned int>, Hashinator::Hashers::Hasher<unsigned int, unsigned int, Hashinator::HashFunctions::Fibonacci<unsigned int>, (unsigned int)4294967295, (unsigned int)4294967294, (int)32, (int)1>, split::split_unified_allocator<Hashinator::Info>> *, Hashinator::Hashmap<unsigned int, unsigned int, (unsigned int)4294967295, (unsigned int)4294967294, Hashinator::HashFunctions::Fibonacci<unsigned int>, Hashinator::Hashers::Hasher<unsigned int, unsigned int, Hashinator::HashFunctions::Fibonacci<unsigned int>, (unsigned int)4294967295, (unsigned int)4294967294, (int)32, (int)1>, split::split_unified_allocator<Hashinator::Info>> *)"
0.0,2.9564,110,0.0269,0.0088,0.0064,0.1828,0.0355,  76    1    1,1024    1    1,"update_neighbour_halo_kernel(vmesh::VelocityMesh *, unsigned int, unsigned int **, unsigned int *, Hashinator::Hashmap<unsigned int, unsigned int, (unsigned int)4294967295, (unsigned int)4294967294, Hashinator::HashFunctions::Fibonacci<unsigned int>, Hashinator::Hashers::Hasher<unsigned int, unsigned int, Hashinator::HashFunctions::Fibonacci<unsigned int>, (unsigned int)4294967295, (unsigned int)4294967294, (int)32, (int)1>, split::split_unified_allocator<Hashinator::Info>> *, Hashinator::Hashmap<unsigned int, unsigned int, (unsigned int)4294967295, (unsigned int)4294967294, Hashinator::HashFunctions::Fibonacci<unsigned int>, Hashinator::Hashers::Hasher<unsigned int, unsigned int, Hashinator::HashFunctions::Fibonacci<unsigned int>, (unsigned int)4294967295, (unsigned int)4294967294, (int)32, (int)1>, split::split_unified_allocator<Hashinator::Info>> *)"
0.0,2.9416,64,0.0460,0.0067,0.0051,0.3428,0.0787, 287    1    1,  64    1    1,"update_velocity_blocks_kernel(vmesh::VelocityMesh *, vmesh::VelocityBlockContainer *, split::SplitVector<unsigned int, split::split_unified_allocator<unsigned int>> *, split::SplitVector<Hashinator::hash_pair<unsigned int, unsigned int>, split::split_unified_allocator<Hashinator::hash_pair<unsigned int, unsigned int>>> *, split::SplitVector<Hashinator::hash_pair<unsigned int, unsigned int>, split::split_unified_allocator<Hashinator::hash_pair<unsigned int, unsigned int>>> *, split::SplitVector<Hashinator::hash_pair<unsigned int, unsigned int>, split::split_unified_allocator<Hashinator::hash_pair<unsigned int, unsigned int>>> *, unsigned int, unsigned int, unsigned int, float *)"
0.0,2.9340,168,0.0175,0.0072,0.0063,0.1670,0.0243,  74    1    1,  64    1    1,"update_velocity_blocks_kernel(vmesh::VelocityMesh *, vmesh::VelocityBlockContainer *, split::SplitVector<unsigned int, split::split_unified_allocator<unsigned int>> *, split::SplitVector<Hashinator::hash_pair<unsigned int, unsigned int>, split::split_unified_allocator<Hashinator::hash_pair<unsigned int, unsigned int>>> *, split::SplitVector<Hashinator::hash_pair<unsigned int, unsigned int>, split::split_unified_allocator<Hashinator::hash_pair<unsigned int, unsigned int>>> *, split::SplitVector<Hashinator::hash_pair<unsigned int, unsigned int>, split::split_unified_allocator<Hashinator::hash_pair<unsigned int, unsigned int>>> *, unsigned int, unsigned int, unsigned int, float *)"
0.0,2.9338,104,0.0282,0.0059,0.0045,0.1696,0.0365,  14    1    1,1024    1    1,"update_neighbour_halo_kernel(vmesh::VelocityMesh *, unsigned int, unsigned int **, unsigned int *, Hashinator::Hashmap<unsigned int, unsigned int, (unsigned int)4294967295, (unsigned int)4294967294, Hashinator::HashFunctions::Fibonacci<unsigned int>, Hashinator::Hashers::Hasher<unsigned int, unsigned int, Hashinator::HashFunctions::Fibonacci<unsigned int>, (unsigned int)4294967295, (unsigned int)4294967294, (int)32, (int)1>, split::split_unified_allocator<Hashinator::Info>> *, Hashinator::Hashmap<unsigned int, unsigned int, (unsigned int)4294967295, (unsigned int)4294967294, Hashinator::HashFunctions::Fibonacci<unsigned int>, Hashinator::Hashers::Hasher<unsigned int, unsigned int, Hashinator::HashFunctions::Fibonacci<unsigned int>, (unsigned int)4294967295, (unsigned int)4294967294, (int)32, (int)1>, split::split_unified_allocator<Hashinator::Info>> *)"
0.0,2.9065,68,0.0427,0.0071,0.0051,0.3328,0.0693, 290    1    1,  64    1    1,"update_velocity_blocks_kernel(vmesh::VelocityMesh *, vmesh::VelocityBlockContainer *, split::SplitVector<unsigned int, split::split_unified_allocator<unsigned int>> *, split::SplitVector<Hashinator::hash_pair<unsigned int, unsigned int>, split::split_unified_allocator<Hashinator::hash_pair<unsigned int, unsigned int>>> *, split::SplitVector<Hashinator::hash_pair<unsigned int, unsigned int>, split::split_unified_allocator<Hashinator::hash_pair<unsigned int, unsigned int>>> *, split::SplitVector<Hashinator::hash_pair<unsigned int, unsigned int>, split::split_unified_allocator<Hashinator::hash_pair<unsigned int, unsigned int>>> *, unsigned int, unsigned int, unsigned int, float *)"
0.0,2.9061,32,0.0908,0.0904,0.0855,0.1019,0.0039,1176    1    1,  32    1    1,"void arch::reduction_kernel<(unsigned int)32, (arch::reduce_op)2, (unsigned int)4, (unsigned int)0, DRO::VariablePrecipitationDiffFlux::reduceData(const spatial_cell::SpatialCell *, char *)::[lambda(unsigned int, unsigned int, unsigned int, unsigned int, double *) (instance 1)], double>(T5, const T6 *, T6 *, const unsigned int *, unsigned int, unsigned int, T6 *)"
0.0,2.9060,417,0.0070,0.0069,0.0063,0.0107,0.0004, 393    1    1,  64    1    1,"update_velocity_block_content_lists_kernel(vmesh::VelocityMesh *, vmesh::VelocityBlockContainer *, Hashinator::Hashmap<unsigned int, unsigned int, (unsigned int)4294967295, (unsigned int)4294967294, Hashinator::HashFunctions::Fibonacci<unsigned int>, Hashinator::Hashers::Hasher<unsigned int, unsigned int, Hashinator::HashFunctions::Fibonacci<unsigned int>, (unsigned int)4294967295, (unsigned int)4294967294, (int)32, (int)1>, split::split_unified_allocator<Hashinator::Info>> *, Hashinator::Hashmap<unsigned int, unsigned int, (unsigned int)4294967295, (unsigned int)4294967294, Hashinator::HashFunctions::Fibonacci<unsigned int>, Hashinator::Hashers::Hasher<unsigned int, unsigned int, Hashinator::HashFunctions::Fibonacci<unsigned int>, (unsigned int)4294967295, (unsigned int)4294967294, (int)32, (int)1>, split::split_unified_allocator<Hashinator::Info>> *, double)"
0.0,2.9008,83,0.0349,0.0152,0.0124,0.2246,0.0392, 208    1    1, 832    1    1,"update_velocity_halo_kernel(vmesh::VelocityMesh *, unsigned int, unsigned int *, Hashinator::Hashmap<unsigned int, unsigned int, (unsigned int)4294967295, (unsigned int)4294967294, Hashinator::HashFunctions::Fibonacci<unsigned int>, Hashinator::Hashers::Hasher<unsigned int, unsigned int, Hashinator::HashFunctions::Fibonacci<unsigned int>, (unsigned int)4294967295, (unsigned int)4294967294, (int)32, (int)1>, split::split_unified_allocator<Hashinator::Info>> *, Hashinator::Hashmap<unsigned int, unsigned int, (unsigned int)4294967295, (unsigned int)4294967294, Hashinator::HashFunctions::Fibonacci<unsigned int>, Hashinator::Hashers::Hasher<unsigned int, unsigned int, Hashinator::HashFunctions::Fibonacci<unsigned int>, (unsigned int)4294967295, (unsigned int)4294967294, (int)32, (int)1>, split::split_unified_allocator<Hashinator::Info>> *)"
0.0,2.8762,168,0.0171,0.0048,0.0044,0.5033,0.0609,  45    1    1, 512    1    1,"void arch::reduction_kernel<(unsigned int)512, (arch::reduce_op)2, (unsigned int)4, (unsigned int)4, void blockVelocityFirstMoments<double, (unsigned int)4>(vmesh::VelocityBlockContainer *, T1 (&)[T2], unsigned int)::[lambda(unsigned int, unsigned int, unsigned int, unsigned int, double *) (instance 1)], double>(T5, const T6 *, T6 *, const unsigned int *, unsigned int, unsigned int, T6 *)"
0.0,2.8334,106,0.0267,0.0092,0.0064,0.1938,0.0357,  67    1    1,1024    1    1,"update_neighbour_halo_kernel(vmesh::VelocityMesh *, unsigned int, unsigned int **, unsigned int *, Hashinator::Hashmap<unsigned int, unsigned int, (unsigned int)4294967295, (unsigned int)4294967294, Hashinator::HashFunctions::Fibonacci<unsigned int>, Hashinator::Hashers::Hasher<unsigned int, unsigned int, Hashinator::HashFunctions::Fibonacci<unsigned int>, (unsigned int)4294967295, (unsigned int)4294967294, (int)32, (int)1>, split::split_unified_allocator<Hashinator::Info>> *, Hashinator::Hashmap<unsigned int, unsigned int, (unsigned int)4294967295, (unsigned int)4294967294, Hashinator::HashFunctions::Fibonacci<unsigned int>, Hashinator::Hashers::Hasher<unsigned int, unsigned int, Hashinator::HashFunctions::Fibonacci<unsigned int>, (unsigned int)4294967295, (unsigned int)4294967294, (int)32, (int)1>, split::split_unified_allocator<Hashinator::Info>> *)"
0.0,2.8323,88,0.0322,0.0148,0.0111,0.2733,0.0371, 132    1    1,  32    1    1,"evaluate_column_extents_kernel(unsigned int, const vmesh::VelocityMesh *, ColumnOffsets *, Column *, split::SplitVector<unsigned int, split::split_unified_allocator<unsigned int>> *, Hashinator::Hashmap<unsigned int, unsigned int, (unsigned int)4294967295, (unsigned int)4294967294, Hashinator::HashFunctions::Fibonacci<unsigned int>, Hashinator::Hashers::Hasher<unsigned int, unsigned int, Hashinator::HashFunctions::Fibonacci<unsigned int>, (unsigned int)4294967295, (unsigned int)4294967294, (int)32, (int)1>, split::split_unified_allocator<Hashinator::Info>> *, Hashinator::Hashmap<unsigned int, unsigned int, (unsigned int)4294967295, (unsigned int)4294967294, Hashinator::HashFunctions::Fibonacci<unsigned int>, Hashinator::Hashers::Hasher<unsigned int, unsigned int, Hashinator::HashFunctions::Fibonacci<unsigned int>, (unsigned int)4294967295, (unsigned int)4294967294, (int)32, (int)1>, split::split_unified_allocator<Hashinator::Info>> *, unsigned int *, unsigned int *, float, float, float, float, int, int, float, float, unsigned int *)"
0.0,2.8100,136,0.0207,0.0086,0.0072,0.2612,0.0327,  84    1    1,  16    1    1,"reorder_blocks_by_dimension_kernel(vmesh::VelocityBlockContainer *, VecSimple<float> *, unsigned int *, unsigned int *, ColumnOffsets *)"
0.0,2.8009,94,0.0298,0.0102,0.0067,0.2119,0.0379,  81    1    1,1024    1    1,"update_neighbour_halo_kernel(vmesh::VelocityMesh *, unsigned int, unsigned int **, unsigned int *, Hashinator::Hashmap<unsigned int, unsigned int, (unsigned int)4294967295, (unsigned int)4294967294, Hashinator::HashFunctions::Fibonacci<unsigned int>, Hashinator::Hashers::Hasher<unsigned int, unsigned int, Hashinator::HashFunctions::Fibonacci<unsigned int>, (unsigned int)4294967295, (unsigned int)4294967294, (int)32, (int)1>, split::split_unified_allocator<Hashinator::Info>> *, Hashinator::Hashmap<unsigned int, unsigned int, (unsigned int)4294967295, (unsigned int)4294967294, Hashinator::HashFunctions::Fibonacci<unsigned int>, Hashinator::Hashers::Hasher<unsigned int, unsigned int, Hashinator::HashFunctions::Fibonacci<unsigned int>, (unsigned int)4294967295, (unsigned int)4294967294, (int)32, (int)1>, split::split_unified_allocator<Hashinator::Info>> *)"
0.0,2.7813,109,0.0255,0.0130,0.0109,0.1540,0.0270,  93    1    1,  32    1    1,"evaluate_column_extents_kernel(unsigned int, const vmesh::VelocityMesh *, ColumnOffsets *, Column *, split::SplitVector<unsigned int, split::split_unified_allocator<unsigned int>> *, Hashinator::Hashmap<unsigned int, unsigned int, (unsigned int)4294967295, (unsigned int)4294967294, Hashinator::HashFunctions::Fibonacci<unsigned int>, Hashinator::Hashers::Hasher<unsigned int, unsigned int, Hashinator::HashFunctions::Fibonacci<unsigned int>, (unsigned int)4294967295, (unsigned int)4294967294, (int)32, (int)1>, split::split_unified_allocator<Hashinator::Info>> *, Hashinator::Hashmap<unsigned int, unsigned int, (unsigned int)4294967295, (unsigned int)4294967294, Hashinator::HashFunctions::Fibonacci<unsigned int>, Hashinator::Hashers::Hasher<unsigned int, unsigned int, Hashinator::HashFunctions::Fibonacci<unsigned int>, (unsigned int)4294967295, (unsigned int)4294967294, (int)32, (int)1>, split::split_unified_allocator<Hashinator::Info>> *, unsigned int *, unsigned int *, float, float, float, float, int, int, float, float, unsigned int *)"
0.0,2.7759,88,0.0315,0.0096,0.0068,0.4433,0.0598,  79    1    1,1024    1    1,"update_neighbour_halo_kernel(vmesh::VelocityMesh *, unsigned int, unsigned int **, unsigned int *, Hashinator::Hashmap<unsigned int, unsigned int, (unsigned int)4294967295, (unsigned int)4294967294, Hashinator::HashFunctions::Fibonacci<unsigned int>, Hashinator::Hashers::Hasher<unsigned int, unsigned int, Hashinator::HashFunctions::Fibonacci<unsigned int>, (unsigned int)4294967295, (unsigned int)4294967294, (int)32, (int)1>, split::split_unified_allocator<Hashinator::Info>> *, Hashinator::Hashmap<unsigned int, unsigned int, (unsigned int)4294967295, (unsigned int)4294967294, Hashinator::HashFunctions::Fibonacci<unsigned int>, Hashinator::Hashers::Hasher<unsigned int, unsigned int, Hashinator::HashFunctions::Fibonacci<unsigned int>, (unsigned int)4294967295, (unsigned int)4294967294, (int)32, (int)1>, split::split_unified_allocator<Hashinator::Info>> *)"
0.0,2.7203,135,0.0202,0.0085,0.0071,0.1427,0.0267,  76    1    1,  16    1    1,"reorder_blocks_by_dimension_kernel(vmesh::VelocityBlockContainer *, VecSimple<float> *, unsigned int *, unsigned int *, ColumnOffsets *)"
0.0,2.7166,88,0.0309,0.0081,0.0065,0.2528,0.0383,  72    1    1,  64    1    1,"update_velocity_blocks_kernel(vmesh::VelocityMesh *, vmesh::VelocityBlockContainer *, split::SplitVector<unsigned int, split::split_unified_allocator<unsigned int>> *, split::SplitVector<Hashinator::hash_pair<unsigned int, unsigned int>, split::split_unified_allocator<Hashinator::hash_pair<unsigned int, unsigned int>>> *, split::SplitVector<Hashinator::hash_pair<unsigned int, unsigned int>, split::split_unified_allocator<Hashinator::hash_pair<unsigned int, unsigned int>>> *, split::SplitVector<Hashinator::hash_pair<unsigned int, unsigned int>, split::split_unified_allocator<Hashinator::hash_pair<unsigned int, unsigned int>>> *, unsigned int, unsigned int, unsigned int, float *)"
0.0,2.7150,50,0.0543,0.0075,0.0052,0.4142,0.0837, 249    1    1,  64    1    1,"update_velocity_blocks_kernel(vmesh::VelocityMesh *, vmesh::VelocityBlockContainer *, split::SplitVector<unsigned int, split::split_unified_allocator<unsigned int>> *, split::SplitVector<Hashinator::hash_pair<unsigned int, unsigned int>, split::split_unified_allocator<Hashinator::hash_pair<unsigned int, unsigned int>>> *, split::SplitVector<Hashinator::hash_pair<unsigned int, unsigned int>, split::split_unified_allocator<Hashinator::hash_pair<unsigned int, unsigned int>>> *, split::SplitVector<Hashinator::hash_pair<unsigned int, unsigned int>, split::split_unified_allocator<Hashinator::hash_pair<unsigned int, unsigned int>>> *, unsigned int, unsigned int, unsigned int, float *)"
0.0,2.6695,92,0.0290,0.0140,0.0113,0.1762,0.0276,  97    1    1,  32    1    1,"evaluate_column_extents_kernel(unsigned int, const vmesh::VelocityMesh *, ColumnOffsets *, Column *, split::SplitVector<unsigned int, split::split_unified_allocator<unsigned int>> *, Hashinator::Hashmap<unsigned int, unsigned int, (unsigned int)4294967295, (unsigned int)4294967294, Hashinator::HashFunctions::Fibonacci<unsigned int>, Hashinator::Hashers::Hasher<unsigned int, unsigned int, Hashinator::HashFunctions::Fibonacci<unsigned int>, (unsigned int)4294967295, (unsigned int)4294967294, (int)32, (int)1>, split::split_unified_allocator<Hashinator::Info>> *, Hashinator::Hashmap<unsigned int, unsigned int, (unsigned int)4294967295, (unsigned int)4294967294, Hashinator::HashFunctions::Fibonacci<unsigned int>, Hashinator::Hashers::Hasher<unsigned int, unsigned int, Hashinator::HashFunctions::Fibonacci<unsigned int>, (unsigned int)4294967295, (unsigned int)4294967294, (int)32, (int)1>, split::split_unified_allocator<Hashinator::Info>> *, unsigned int *, unsigned int *, float, float, float, float, int, int, float, float, unsigned int *)"
0.0,2.6609,72,0.0370,0.0232,0.0187,0.1659,0.0281, 317    1    1,1024    1    1,"update_neighbour_halo_kernel(vmesh::VelocityMesh *, unsigned int, unsigned int **, unsigned int *, Hashinator::Hashmap<unsigned int, unsigned int, (unsigned int)4294967295, (unsigned int)4294967294, Hashinator::HashFunctions::Fibonacci<unsigned int>, Hashinator::Hashers::Hasher<unsigned int, unsigned int, Hashinator::HashFunctions::Fibonacci<unsigned int>, (unsigned int)4294967295, (unsigned int)4294967294, (int)32, (int)1>, split::split_unified_allocator<Hashinator::Info>> *, Hashinator::Hashmap<unsigned int, unsigned int, (unsigned int)4294967295, (unsigned int)4294967294, Hashinator::HashFunctions::Fibonacci<unsigned int>, Hashinator::Hashers::Hasher<unsigned int, unsigned int, Hashinator::HashFunctions::Fibonacci<unsigned int>, (unsigned int)4294967295, (unsigned int)4294967294, (int)32, (int)1>, split::split_unified_allocator<Hashinator::Info>> *)"
0.0,2.6589,70,0.0380,0.0073,0.0050,0.2154,0.0518, 284    1    1,  64    1    1,"update_velocity_blocks_kernel(vmesh::VelocityMesh *, vmesh::VelocityBlockContainer *, split::SplitVector<unsigned int, split::split_unified_allocator<unsigned int>> *, split::SplitVector<Hashinator::hash_pair<unsigned int, unsigned int>, split::split_unified_allocator<Hashinator::hash_pair<unsigned int, unsigned int>>> *, split::SplitVector<Hashinator::hash_pair<unsigned int, unsigned int>, split::split_unified_allocator<Hashinator::hash_pair<unsigned int, unsigned int>>> *, split::SplitVector<Hashinator::hash_pair<unsigned int, unsigned int>, split::split_unified_allocator<Hashinator::hash_pair<unsigned int, unsigned int>>> *, unsigned int, unsigned int, unsigned int, float *)"
0.0,2.6431,208,0.0127,0.0032,0.0026,0.1228,0.0208,  19    1    1,  32    1    1,"blocksID_mapped_dim2_kernel(const vmesh::VelocityMesh *, unsigned int *, unsigned int *, unsigned int)"
0.0,2.6184,12,0.2182,0.2171,0.1342,0.3068,0.0586, 131    1    1,  16    1    1,"acceleration_kernel(const vmesh::VelocityMesh *, vmesh::VelocityBlockContainer *, VecSimple<float> *, unsigned int *, unsigned int *, Column *, unsigned int, float, float, float, float, float, float, float, float, unsigned long)"
0.0,2.6170,138,0.0190,0.0093,0.0063,0.1479,0.0251, 118    1    1,1024    1    1,"update_neighbour_halo_kernel(vmesh::VelocityMesh *, unsigned int, unsigned int **, unsigned int *, Hashinator::Hashmap<unsigned int, unsigned int, (unsigned int)4294967295, (unsigned int)4294967294, Hashinator::HashFunctions::Fibonacci<unsigned int>, Hashinator::Hashers::Hasher<unsigned int, unsigned int, Hashinator::HashFunctions::Fibonacci<unsigned int>, (unsigned int)4294967295, (unsigned int)4294967294, (int)32, (int)1>, split::split_unified_allocator<Hashinator::Info>> *, Hashinator::Hashmap<unsigned int, unsigned int, (unsigned int)4294967295, (unsigned int)4294967294, Hashinator::HashFunctions::Fibonacci<unsigned int>, Hashinator::Hashers::Hasher<unsigned int, unsigned int, Hashinator::HashFunctions::Fibonacci<unsigned int>, (unsigned int)4294967295, (unsigned int)4294967294, (int)32, (int)1>, split::split_unified_allocator<Hashinator::Info>> *)"
0.0,2.6063,92,0.0283,0.0135,0.0092,0.1736,0.0335,  97    1    1,  16    1    1,"reorder_blocks_by_dimension_kernel(vmesh::VelocityBlockContainer *, VecSimple<float> *, unsigned int *, unsigned int *, ColumnOffsets *)"
0.0,2.6020,80,0.0325,0.0140,0.0113,0.1874,0.0347, 127    1    1,  32    1    1,"evaluate_column_extents_kernel(unsigned int, const vmesh::VelocityMesh *, ColumnOffsets *, Column *, split::SplitVector<unsigned int, split::split_unified_allocator<unsigned int>> *, Hashinator::Hashmap<unsigned int, unsigned int, (unsigned int)4294967295, (unsigned int)4294967294, Hashinator::HashFunctions::Fibonacci<unsigned int>, Hashinator::Hashers::Hasher<unsigned int, unsigned int, Hashinator::HashFunctions::Fibonacci<unsigned int>, (unsigned int)4294967295, (unsigned int)4294967294, (int)32, (int)1>, split::split_unified_allocator<Hashinator::Info>> *, Hashinator::Hashmap<unsigned int, unsigned int, (unsigned int)4294967295, (unsigned int)4294967294, Hashinator::HashFunctions::Fibonacci<unsigned int>, Hashinator::Hashers::Hasher<unsigned int, unsigned int, Hashinator::HashFunctions::Fibonacci<unsigned int>, (unsigned int)4294967295, (unsigned int)4294967294, (int)32, (int)1>, split::split_unified_allocator<Hashinator::Info>> *, unsigned int *, unsigned int *, float, float, float, float, int, int, float, float, unsigned int *)"
0.0,2.6009,32,0.0813,0.0792,0.0705,0.0911,0.0050, 896    1    1,  32    1    1,"void arch::reduction_kernel<(unsigned int)32, (arch::reduce_op)2, (unsigned int)4, (unsigned int)0, DRO::VariablePrecipitationDiffFlux::reduceData(const spatial_cell::SpatialCell *, char *)::[lambda(unsigned int, unsigned int, unsigned int, unsigned int, double *) (instance 1)], double>(T5, const T6 *, T6 *, const unsigned int *, unsigned int, unsigned int, T6 *)"
0.0,2.5718,120,0.0214,0.0074,0.0063,0.1380,0.0273, 128    1    1,  64    1    1,"update_velocity_blocks_kernel(vmesh::VelocityMesh *, vmesh::VelocityBlockContainer *, split::SplitVector<unsigned int, split::split_unified_allocator<unsigned int>> *, split::SplitVector<Hashinator::hash_pair<unsigned int, unsigned int>, split::split_unified_allocator<Hashinator::hash_pair<unsigned int, unsigned int>>> *, split::SplitVector<Hashinator::hash_pair<unsigned int, unsigned int>, split::split_unified_allocator<Hashinator::hash_pair<unsigned int, unsigned int>>> *, split::SplitVector<Hashinator::hash_pair<unsigned int, unsigned int>, split::split_unified_allocator<Hashinator::hash_pair<unsigned int, unsigned int>>> *, unsigned int, unsigned int, unsigned int, float *)"
0.0,2.5563,92,0.0278,0.0139,0.0111,0.1301,0.0263, 109    1    1,  32    1    1,"evaluate_column_extents_kernel(unsigned int, const vmesh::VelocityMesh *, ColumnOffsets *, Column *, split::SplitVector<unsigned int, split::split_unified_allocator<unsigned int>> *, Hashinator::Hashmap<unsigned int, unsigned int, (unsigned int)4294967295, (unsigned int)4294967294, Hashinator::HashFunctions::Fibonacci<unsigned int>, Hashinator::Hashers::Hasher<unsigned int, unsigned int, Hashinator::HashFunctions::Fibonacci<unsigned int>, (unsigned int)4294967295, (unsigned int)4294967294, (int)32, (int)1>, split::split_unified_allocator<Hashinator::Info>> *, Hashinator::Hashmap<unsigned int, unsigned int, (unsigned int)4294967295, (unsigned int)4294967294, Hashinator::HashFunctions::Fibonacci<unsigned int>, Hashinator::Hashers::Hasher<unsigned int, unsigned int, Hashinator::HashFunctions::Fibonacci<unsigned int>, (unsigned int)4294967295, (unsigned int)4294967294, (int)32, (int)1>, split::split_unified_allocator<Hashinator::Info>> *, unsigned int *, unsigned int *, float, float, float, float, int, int, float, float, unsigned int *)"
0.0,2.5395,94,0.0270,0.0140,0.0108,0.1336,0.0248, 111    1    1,  32    1    1,"evaluate_column_extents_kernel(unsigned int, const vmesh::VelocityMesh *, ColumnOffsets *, Column *, split::SplitVector<unsigned int, split::split_unified_allocator<unsigned int>> *, Hashinator::Hashmap<unsigned int, unsigned int, (unsigned int)4294967295, (unsigned int)4294967294, Hashinator::HashFunctions::Fibonacci<unsigned int>, Hashinator::Hashers::Hasher<unsigned int, unsigned int, Hashinator::HashFunctions::Fibonacci<unsigned int>, (unsigned int)4294967295, (unsigned int)4294967294, (int)32, (int)1>, split::split_unified_allocator<Hashinator::Info>> *, Hashinator::Hashmap<unsigned int, unsigned int, (unsigned int)4294967295, (unsigned int)4294967294, Hashinator::HashFunctions::Fibonacci<unsigned int>, Hashinator::Hashers::Hasher<unsigned int, unsigned int, Hashinator::HashFunctions::Fibonacci<unsigned int>, (unsigned int)4294967295, (unsigned int)4294967294, (int)32, (int)1>, split::split_unified_allocator<Hashinator::Info>> *, unsigned int *, unsigned int *, float, float, float, float, int, int, float, float, unsigned int *)"
0.0,2.5163,224,0.0112,0.0031,0.0025,0.1062,0.0192,  20    1    1,  32    1    1,"blocksID_mapped_dim2_kernel(const vmesh::VelocityMesh *, unsigned int *, unsigned int *, unsigned int)"
0.0,2.5026,92,0.0272,0.0138,0.0091,0.1193,0.0268, 109    1    1,  16    1    1,"reorder_blocks_by_dimension_kernel(vmesh::VelocityBlockContainer *, VecSimple<float> *, unsigned int *, unsigned int *, ColumnOffsets *)"
0.0,2.4875,24,0.1036,0.0902,0.0047,0.3726,0.0967,  45    1    1,1024    1    1,"void Hashinator::Hashers::insert_index_kernel<unsigned int, unsigned int, (unsigned int)4294967295, Hashinator::HashFunctions::Fibonacci<unsigned int>, (int)32, (int)1>(T1 *, Hashinator::hash_pair<T1, T2> *, Hashinator::Info *, unsigned long)"
0.0,2.4846,48,0.0518,0.0527,0.0043,0.1208,0.0193,  89    1    1, 512    1    1,"void arch::reduction_kernel<(unsigned int)512, (arch::reduce_op)2, (unsigned int)4, (unsigned int)3, DRO::VariableEnergyDensity::reduceData(const spatial_cell::SpatialCell *, char *)::[lambda(unsigned int, unsigned int, unsigned int, unsigned int, double *) (instance 1)], double>(T5, const T6 *, T6 *, const unsigned int *, unsigned int, unsigned int, T6 *)"
0.0,2.4762,78,0.0317,0.0148,0.0126,0.2211,0.0372, 206    1    1, 832    1    1,"update_velocity_halo_kernel(vmesh::VelocityMesh *, unsigned int, unsigned int *, Hashinator::Hashmap<unsigned int, unsigned int, (unsigned int)4294967295, (unsigned int)4294967294, Hashinator::HashFunctions::Fibonacci<unsigned int>, Hashinator::Hashers::Hasher<unsigned int, unsigned int, Hashinator::HashFunctions::Fibonacci<unsigned int>, (unsigned int)4294967295, (unsigned int)4294967294, (int)32, (int)1>, split::split_unified_allocator<Hashinator::Info>> *, Hashinator::Hashmap<unsigned int, unsigned int, (unsigned int)4294967295, (unsigned int)4294967294, Hashinator::HashFunctions::Fibonacci<unsigned int>, Hashinator::Hashers::Hasher<unsigned int, unsigned int, Hashinator::HashFunctions::Fibonacci<unsigned int>, (unsigned int)4294967295, (unsigned int)4294967294, (int)32, (int)1>, split::split_unified_allocator<Hashinator::Info>> *)"
0.0,2.4651,112,0.0220,0.0092,0.0065,0.1690,0.0307, 119    1    1,1024    1    1,"update_neighbour_halo_kernel(vmesh::VelocityMesh *, unsigned int, unsigned int **, unsigned int *, Hashinator::Hashmap<unsigned int, unsigned int, (unsigned int)4294967295, (unsigned int)4294967294, Hashinator::HashFunctions::Fibonacci<unsigned int>, Hashinator::Hashers::Hasher<unsigned int, unsigned int, Hashinator::HashFunctions::Fibonacci<unsigned int>, (unsigned int)4294967295, (unsigned int)4294967294, (int)32, (int)1>, split::split_unified_allocator<Hashinator::Info>> *, Hashinator::Hashmap<unsigned int, unsigned int, (unsigned int)4294967295, (unsigned int)4294967294, Hashinator::HashFunctions::Fibonacci<unsigned int>, Hashinator::Hashers::Hasher<unsigned int, unsigned int, Hashinator::HashFunctions::Fibonacci<unsigned int>, (unsigned int)4294967295, (unsigned int)4294967294, (int)32, (int)1>, split::split_unified_allocator<Hashinator::Info>> *)"
0.0,2.4548,44,0.0558,0.0076,0.0053,0.2842,0.0739, 296    1    1,  64    1    1,"update_velocity_blocks_kernel(vmesh::VelocityMesh *, vmesh::VelocityBlockContainer *, split::SplitVector<unsigned int, split::split_unified_allocator<unsigned int>> *, split::SplitVector<Hashinator::hash_pair<unsigned int, unsigned int>, split::split_unified_allocator<Hashinator::hash_pair<unsigned int, unsigned int>>> *, split::SplitVector<Hashinator::hash_pair<unsigned int, unsigned int>, split::split_unified_allocator<Hashinator::hash_pair<unsigned int, unsigned int>>> *, split::SplitVector<Hashinator::hash_pair<unsigned int, unsigned int>, split::split_unified_allocator<Hashinator::hash_pair<unsigned int, unsigned int>>> *, unsigned int, unsigned int, unsigned int, float *)"
0.0,2.4446,48,0.0509,0.0522,0.0044,0.0643,0.0127,  89    1    1, 512    1    1,"void arch::reduction_kernel<(unsigned int)512, (arch::reduce_op)2, (unsigned int)4, (unsigned int)3, DRO::VariablePTensorOffDiagonal::reduceData(const spatial_cell::SpatialCell *, char *)::[lambda(unsigned int, unsigned int, unsigned int, unsigned int, double *) (instance 1)], double>(T5, const T6 *, T6 *, const unsigned int *, unsigned int, unsigned int, T6 *)"
0.0,2.4369,352,0.0069,0.0068,0.0063,0.0086,0.0004, 364    1    1,  64    1    1,"update_velocity_block_content_lists_kernel(vmesh::VelocityMesh *, vmesh::VelocityBlockContainer *, Hashinator::Hashmap<unsigned int, unsigned int, (unsigned int)4294967295, (unsigned int)4294967294, Hashinator::HashFunctions::Fibonacci<unsigned int>, Hashinator::Hashers::Hasher<unsigned int, unsigned int, Hashinator::HashFunctions::Fibonacci<unsigned int>, (unsigned int)4294967295, (unsigned int)4294967294, (int)32, (int)1>, split::split_unified_allocator<Hashinator::Info>> *, Hashinator::Hashmap<unsigned int, unsigned int, (unsigned int)4294967295, (unsigned int)4294967294, Hashinator::HashFunctions::Fibonacci<unsigned int>, Hashinator::Hashers::Hasher<unsigned int, unsigned int, Hashinator::HashFunctions::Fibonacci<unsigned int>, (unsigned int)4294967295, (unsigned int)4294967294, (int)32, (int)1>, split::split_unified_allocator<Hashinator::Info>> *, double)"
0.0,2.4353,109,0.0223,0.0125,0.0075,0.1272,0.0240,  93    1    1,  16    1    1,"reorder_blocks_by_dimension_kernel(vmesh::VelocityBlockContainer *, VecSimple<float> *, unsigned int *, unsigned int *, ColumnOffsets *)"
0.0,2.4333,84,0.0290,0.0127,0.0108,0.2152,0.0376, 118    1    1,  16    1    1,"reorder_blocks_by_dimension_kernel(vmesh::VelocityBlockContainer *, VecSimple<float> *, unsigned int *, unsigned int *, ColumnOffsets *)"
0.0,2.4291,82,0.0296,0.0078,0.0063,0.1828,0.0373,  83    1    1,  64    1    1,"update_velocity_blocks_kernel(vmesh::VelocityMesh *, vmesh::VelocityBlockContainer *, split::SplitVector<unsigned int, split::split_unified_allocator<unsigned int>> *, split::SplitVector<Hashinator::hash_pair<unsigned int, unsigned int>, split::split_unified_allocator<Hashinator::hash_pair<unsigned int, unsigned int>>> *, split::SplitVector<Hashinator::hash_pair<unsigned int, unsigned int>, split::split_unified_allocator<Hashinator::hash_pair<unsigned int, unsigned int>>> *, split::SplitVector<Hashinator::hash_pair<unsigned int, unsigned int>, split::split_unified_allocator<Hashinator::hash_pair<unsigned int, unsigned int>>> *, unsigned int, unsigned int, unsigned int, float *)"
0.0,2.4199,88,0.0275,0.0075,0.0062,0.1827,0.0375, 145    1    1,  64    1    1,"update_velocity_blocks_kernel(vmesh::VelocityMesh *, vmesh::VelocityBlockContainer *, split::SplitVector<unsigned int, split::split_unified_allocator<unsigned int>> *, split::SplitVector<Hashinator::hash_pair<unsigned int, unsigned int>, split::split_unified_allocator<Hashinator::hash_pair<unsigned int, unsigned int>>> *, split::SplitVector<Hashinator::hash_pair<unsigned int, unsigned int>, split::split_unified_allocator<Hashinator::hash_pair<unsigned int, unsigned int>>> *, split::SplitVector<Hashinator::hash_pair<unsigned int, unsigned int>, split::split_unified_allocator<Hashinator::hash_pair<unsigned int, unsigned int>>> *, unsigned int, unsigned int, unsigned int, float *)"
0.0,2.4118,80,0.0301,0.0172,0.0127,0.1391,0.0296, 127    1    1,  16    1    1,"reorder_blocks_by_dimension_kernel(vmesh::VelocityBlockContainer *, VecSimple<float> *, unsigned int *, unsigned int *, ColumnOffsets *)"
0.0,2.3969,96,0.0250,0.0076,0.0063,0.1432,0.0315,  80    1    1,  64    1    1,"update_velocity_blocks_kernel(vmesh::VelocityMesh *, vmesh::VelocityBlockContainer *, split::SplitVector<unsigned int, split::split_unified_allocator<unsigned int>> *, split::SplitVector<Hashinator::hash_pair<unsigned int, unsigned int>, split::split_unified_allocator<Hashinator::hash_pair<unsigned int, unsigned int>>> *, split::SplitVector<Hashinator::hash_pair<unsigned int, unsigned int>, split::split_unified_allocator<Hashinator::hash_pair<unsigned int, unsigned int>>> *, split::SplitVector<Hashinator::hash_pair<unsigned int, unsigned int>, split::split_unified_allocator<Hashinator::hash_pair<unsigned int, unsigned int>>> *, unsigned int, unsigned int, unsigned int, float *)"
0.0,2.3623,48,0.0492,0.0248,0.0203,0.1958,0.0437, 326    1    1,1024    1    1,"update_neighbour_halo_kernel(vmesh::VelocityMesh *, unsigned int, unsigned int **, unsigned int *, Hashinator::Hashmap<unsigned int, unsigned int, (unsigned int)4294967295, (unsigned int)4294967294, Hashinator::HashFunctions::Fibonacci<unsigned int>, Hashinator::Hashers::Hasher<unsigned int, unsigned int, Hashinator::HashFunctions::Fibonacci<unsigned int>, (unsigned int)4294967295, (unsigned int)4294967294, (int)32, (int)1>, split::split_unified_allocator<Hashinator::Info>> *, Hashinator::Hashmap<unsigned int, unsigned int, (unsigned int)4294967295, (unsigned int)4294967294, Hashinator::HashFunctions::Fibonacci<unsigned int>, Hashinator::Hashers::Hasher<unsigned int, unsigned int, Hashinator::HashFunctions::Fibonacci<unsigned int>, (unsigned int)4294967295, (unsigned int)4294967294, (int)32, (int)1>, split::split_unified_allocator<Hashinator::Info>> *)"
0.0,2.3144,66,0.0351,0.0067,0.0050,0.3537,0.0551, 170    1    1,  64    1    1,"update_velocity_blocks_kernel(vmesh::VelocityMesh *, vmesh::VelocityBlockContainer *, split::SplitVector<unsigned int, split::split_unified_allocator<unsigned int>> *, split::SplitVector<Hashinator::hash_pair<unsigned int, unsigned int>, split::split_unified_allocator<Hashinator::hash_pair<unsigned int, unsigned int>>> *, split::SplitVector<Hashinator::hash_pair<unsigned int, unsigned int>, split::split_unified_allocator<Hashinator::hash_pair<unsigned int, unsigned int>>> *, split::SplitVector<Hashinator::hash_pair<unsigned int, unsigned int>, split::split_unified_allocator<Hashinator::hash_pair<unsigned int, unsigned int>>> *, unsigned int, unsigned int, unsigned int, float *)"
0.0,2.3127,46,0.0503,0.0077,0.0051,0.2913,0.0659, 258    1    1,  64    1    1,"update_velocity_blocks_kernel(vmesh::VelocityMesh *, vmesh::VelocityBlockContainer *, split::SplitVector<unsigned int, split::split_unified_allocator<unsigned int>> *, split::SplitVector<Hashinator::hash_pair<unsigned int, unsigned int>, split::split_unified_allocator<Hashinator::hash_pair<unsigned int, unsigned int>>> *, split::SplitVector<Hashinator::hash_pair<unsigned int, unsigned int>, split::split_unified_allocator<Hashinator::hash_pair<unsigned int, unsigned int>>> *, split::SplitVector<Hashinator::hash_pair<unsigned int, unsigned int>, split::split_unified_allocator<Hashinator::hash_pair<unsigned int, unsigned int>>> *, unsigned int, unsigned int, unsigned int, float *)"
0.0,2.3042,94,0.0245,0.0130,0.0090,0.1438,0.0257, 111    1    1,  16    1    1,"reorder_blocks_by_dimension_kernel(vmesh::VelocityBlockContainer *, VecSimple<float> *, unsigned int *, unsigned int *, ColumnOffsets *)"
0.0,2.2966,44,0.0522,0.0151,0.0051,0.2660,0.0699, 257    1    1,  64    1    1,"update_velocity_blocks_kernel(vmesh::VelocityMesh *, vmesh::VelocityBlockContainer *, split::SplitVector<unsigned int, split::split_unified_allocator<unsigned int>> *, split::SplitVector<Hashinator::hash_pair<unsigned int, unsigned int>, split::split_unified_allocator<Hashinator::hash_pair<unsigned int, unsigned int>>> *, split::SplitVector<Hashinator::hash_pair<unsigned int, unsigned int>, split::split_unified_allocator<Hashinator::hash_pair<unsigned int, unsigned int>>> *, split::SplitVector<Hashinator::hash_pair<unsigned int, unsigned int>, split::split_unified_allocator<Hashinator::hash_pair<unsigned int, unsigned int>>> *, unsigned int, unsigned int, unsigned int, float *)"
0.0,2.2947,88,0.0261,0.0136,0.0109,0.1158,0.0218,  85    1    1,  32    1    1,"evaluate_column_extents_kernel(unsigned int, const vmesh::VelocityMesh *, ColumnOffsets *, Column *, split::SplitVector<unsigned int, split::split_unified_allocator<unsigned int>> *, Hashinator::Hashmap<unsigned int, unsigned int, (unsigned int)4294967295, (unsigned int)4294967294, Hashinator::HashFunctions::Fibonacci<unsigned int>, Hashinator::Hashers::Hasher<unsigned int, unsigned int, Hashinator::HashFunctions::Fibonacci<unsigned int>, (unsigned int)4294967295, (unsigned int)4294967294, (int)32, (int)1>, split::split_unified_allocator<Hashinator::Info>> *, Hashinator::Hashmap<unsigned int, unsigned int, (unsigned int)4294967295, (unsigned int)4294967294, Hashinator::HashFunctions::Fibonacci<unsigned int>, Hashinator::Hashers::Hasher<unsigned int, unsigned int, Hashinator::HashFunctions::Fibonacci<unsigned int>, (unsigned int)4294967295, (unsigned int)4294967294, (int)32, (int)1>, split::split_unified_allocator<Hashinator::Info>> *, unsigned int *, unsigned int *, float, float, float, float, int, int, float, float, unsigned int *)"
0.0,2.2760,84,0.0271,0.0117,0.0091,0.1967,0.0348, 224    1    1,1024    1    1,"update_neighbour_halo_kernel(vmesh::VelocityMesh *, unsigned int, unsigned int **, unsigned int *, Hashinator::Hashmap<unsigned int, unsigned int, (unsigned int)4294967295, (unsigned int)4294967294, Hashinator::HashFunctions::Fibonacci<unsigned int>, Hashinator::Hashers::Hasher<unsigned int, unsigned int, Hashinator::HashFunctions::Fibonacci<unsigned int>, (unsigned int)4294967295, (unsigned int)4294967294, (int)32, (int)1>, split::split_unified_allocator<Hashinator::Info>> *, Hashinator::Hashmap<unsigned int, unsigned int, (unsigned int)4294967295, (unsigned int)4294967294, Hashinator::HashFunctions::Fibonacci<unsigned int>, Hashinator::Hashers::Hasher<unsigned int, unsigned int, Hashinator::HashFunctions::Fibonacci<unsigned int>, (unsigned int)4294967295, (unsigned int)4294967294, (int)32, (int)1>, split::split_unified_allocator<Hashinator::Info>> *)"
0.0,2.2651,88,0.0257,0.0140,0.0119,0.1569,0.0269, 160    1    1,1024    1    1,"update_neighbour_halo_kernel(vmesh::VelocityMesh *, unsigned int, unsigned int **, unsigned int *, Hashinator::Hashmap<unsigned int, unsigned int, (unsigned int)4294967295, (unsigned int)4294967294, Hashinator::HashFunctions::Fibonacci<unsigned int>, Hashinator::Hashers::Hasher<unsigned int, unsigned int, Hashinator::HashFunctions::Fibonacci<unsigned int>, (unsigned int)4294967295, (unsigned int)4294967294, (int)32, (int)1>, split::split_unified_allocator<Hashinator::Info>> *, Hashinator::Hashmap<unsigned int, unsigned int, (unsigned int)4294967295, (unsigned int)4294967294, Hashinator::HashFunctions::Fibonacci<unsigned int>, Hashinator::Hashers::Hasher<unsigned int, unsigned int, Hashinator::HashFunctions::Fibonacci<unsigned int>, (unsigned int)4294967295, (unsigned int)4294967294, (int)32, (int)1>, split::split_unified_allocator<Hashinator::Info>> *)"
0.0,2.2645,44,0.0515,0.0093,0.0050,0.2716,0.0660, 301    1    1,  64    1    1,"update_velocity_blocks_kernel(vmesh::VelocityMesh *, vmesh::VelocityBlockContainer *, split::SplitVector<unsigned int, split::split_unified_allocator<unsigned int>> *, split::SplitVector<Hashinator::hash_pair<unsigned int, unsigned int>, split::split_unified_allocator<Hashinator::hash_pair<unsigned int, unsigned int>>> *, split::SplitVector<Hashinator::hash_pair<unsigned int, unsigned int>, split::split_unified_allocator<Hashinator::hash_pair<unsigned int, unsigned int>>> *, split::SplitVector<Hashinator::hash_pair<unsigned int, unsigned int>, split::split_unified_allocator<Hashinator::hash_pair<unsigned int, unsigned int>>> *, unsigned int, unsigned int, unsigned int, float *)"
0.0,2.2610,98,0.0231,0.0074,0.0063,0.1841,0.0292,  94    1    1,  64    1    1,"update_velocity_blocks_kernel(vmesh::VelocityMesh *, vmesh::VelocityBlockContainer *, split::SplitVector<unsigned int, split::split_unified_allocator<unsigned int>> *, split::SplitVector<Hashinator::hash_pair<unsigned int, unsigned int>, split::split_unified_allocator<Hashinator::hash_pair<unsigned int, unsigned int>>> *, split::SplitVector<Hashinator::hash_pair<unsigned int, unsigned int>, split::split_unified_allocator<Hashinator::hash_pair<unsigned int, unsigned int>>> *, split::SplitVector<Hashinator::hash_pair<unsigned int, unsigned int>, split::split_unified_allocator<Hashinator::hash_pair<unsigned int, unsigned int>>> *, unsigned int, unsigned int, unsigned int, float *)"
0.0,2.2476,24,0.0937,0.0920,0.0872,0.1038,0.0042,1424    1    1,  32    1    1,"void arch::reduction_kernel<(unsigned int)32, (arch::reduce_op)2, (unsigned int)4, (unsigned int)0, DRO::VariablePrecipitationDiffFlux::reduceData(const spatial_cell::SpatialCell *, char *)::[lambda(unsigned int, unsigned int, unsigned int, unsigned int, double *) (instance 1)], double>(T5, const T6 *, T6 *, const unsigned int *, unsigned int, unsigned int, T6 *)"
0.0,2.2429,24,0.0935,0.0917,0.0880,0.1044,0.0045,1416    1    1,  32    1    1,"void arch::reduction_kernel<(unsigned int)32, (arch::reduce_op)2, (unsigned int)4, (unsigned int)0, DRO::VariablePrecipitationDiffFlux::reduceData(const spatial_cell::SpatialCell *, char *)::[lambda(unsigned int, unsigned int, unsigned int, unsigned int, double *) (instance 1)], double>(T5, const T6 *, T6 *, const unsigned int *, unsigned int, unsigned int, T6 *)"
0.0,2.2345,42,0.0532,0.0148,0.0051,0.2509,0.0667, 251    1    1,  64    1    1,"update_velocity_blocks_kernel(vmesh::VelocityMesh *, vmesh::VelocityBlockContainer *, split::SplitVector<unsigned int, split::split_unified_allocator<unsigned int>> *, split::SplitVector<Hashinator::hash_pair<unsigned int, unsigned int>, split::split_unified_allocator<Hashinator::hash_pair<unsigned int, unsigned int>>> *, split::SplitVector<Hashinator::hash_pair<unsigned int, unsigned int>, split::split_unified_allocator<Hashinator::hash_pair<unsigned int, unsigned int>>> *, split::SplitVector<Hashinator::hash_pair<unsigned int, unsigned int>, split::split_unified_allocator<Hashinator::hash_pair<unsigned int, unsigned int>>> *, unsigned int, unsigned int, unsigned int, float *)"
0.0,2.2310,84,0.0266,0.0133,0.0107,0.1071,0.0219, 118    1    1,  32    1    1,"evaluate_column_extents_kernel(unsigned int, const vmesh::VelocityMesh *, ColumnOffsets *, Column *, split::SplitVector<unsigned int, split::split_unified_allocator<unsigned int>> *, Hashinator::Hashmap<unsigned int, unsigned int, (unsigned int)4294967295, (unsigned int)4294967294, Hashinator::HashFunctions::Fibonacci<unsigned int>, Hashinator::Hashers::Hasher<unsigned int, unsigned int, Hashinator::HashFunctions::Fibonacci<unsigned int>, (unsigned int)4294967295, (unsigned int)4294967294, (int)32, (int)1>, split::split_unified_allocator<Hashinator::Info>> *, Hashinator::Hashmap<unsigned int, unsigned int, (unsigned int)4294967295, (unsigned int)4294967294, Hashinator::HashFunctions::Fibonacci<unsigned int>, Hashinator::Hashers::Hasher<unsigned int, unsigned int, Hashinator::HashFunctions::Fibonacci<unsigned int>, (unsigned int)4294967295, (unsigned int)4294967294, (int)32, (int)1>, split::split_unified_allocator<Hashinator::Info>> *, unsigned int *, unsigned int *, float, float, float, float, int, int, float, float, unsigned int *)"
0.0,2.2288,66,0.0338,0.0119,0.0101,0.1865,0.0383, 164    1    1, 832    1    1,"update_velocity_halo_kernel(vmesh::VelocityMesh *, unsigned int, unsigned int *, Hashinator::Hashmap<unsigned int, unsigned int, (unsigned int)4294967295, (unsigned int)4294967294, Hashinator::HashFunctions::Fibonacci<unsigned int>, Hashinator::Hashers::Hasher<unsigned int, unsigned int, Hashinator::HashFunctions::Fibonacci<unsigned int>, (unsigned int)4294967295, (unsigned int)4294967294, (int)32, (int)1>, split::split_unified_allocator<Hashinator::Info>> *, Hashinator::Hashmap<unsigned int, unsigned int, (unsigned int)4294967295, (unsigned int)4294967294, Hashinator::HashFunctions::Fibonacci<unsigned int>, Hashinator::Hashers::Hasher<unsigned int, unsigned int, Hashinator::HashFunctions::Fibonacci<unsigned int>, (unsigned int)4294967295, (unsigned int)4294967294, (int)32, (int)1>, split::split_unified_allocator<Hashinator::Info>> *)"
0.0,2.2192,54,0.0411,0.0103,0.0082,0.4024,0.0678, 126    1    1, 832    1    1,"update_velocity_halo_kernel(vmesh::VelocityMesh *, unsigned int, unsigned int *, Hashinator::Hashmap<unsigned int, unsigned int, (unsigned int)4294967295, (unsigned int)4294967294, Hashinator::HashFunctions::Fibonacci<unsigned int>, Hashinator::Hashers::Hasher<unsigned int, unsigned int, Hashinator::HashFunctions::Fibonacci<unsigned int>, (unsigned int)4294967295, (unsigned int)4294967294, (int)32, (int)1>, split::split_unified_allocator<Hashinator::Info>> *, Hashinator::Hashmap<unsigned int, unsigned int, (unsigned int)4294967295, (unsigned int)4294967294, Hashinator::HashFunctions::Fibonacci<unsigned int>, Hashinator::Hashers::Hasher<unsigned int, unsigned int, Hashinator::HashFunctions::Fibonacci<unsigned int>, (unsigned int)4294967295, (unsigned int)4294967294, (int)32, (int)1>, split::split_unified_allocator<Hashinator::Info>> *)"
0.0,2.2093,82,0.0269,0.0080,0.0065,0.1740,0.0350, 113    1    1,  64    1    1,"update_velocity_blocks_kernel(vmesh::VelocityMesh *, vmesh::VelocityBlockContainer *, split::SplitVector<unsigned int, split::split_unified_allocator<unsigned int>> *, split::SplitVector<Hashinator::hash_pair<unsigned int, unsigned int>, split::split_unified_allocator<Hashinator::hash_pair<unsigned int, unsigned int>>> *, split::SplitVector<Hashinator::hash_pair<unsigned int, unsigned int>, split::split_unified_allocator<Hashinator::hash_pair<unsigned int, unsigned int>>> *, split::SplitVector<Hashinator::hash_pair<unsigned int, unsigned int>, split::split_unified_allocator<Hashinator::hash_pair<unsigned int, unsigned int>>> *, unsigned int, unsigned int, unsigned int, float *)"
0.0,2.2008,48,0.0458,0.0248,0.0189,0.1361,0.0355, 325    1    1,1024    1    1,"update_neighbour_halo_kernel(vmesh::VelocityMesh *, unsigned int, unsigned int **, unsigned int *, Hashinator::Hashmap<unsigned int, unsigned int, (unsigned int)4294967295, (unsigned int)4294967294, Hashinator::HashFunctions::Fibonacci<unsigned int>, Hashinator::Hashers::Hasher<unsigned int, unsigned int, Hashinator::HashFunctions::Fibonacci<unsigned int>, (unsigned int)4294967295, (unsigned int)4294967294, (int)32, (int)1>, split::split_unified_allocator<Hashinator::Info>> *, Hashinator::Hashmap<unsigned int, unsigned int, (unsigned int)4294967295, (unsigned int)4294967294, Hashinator::HashFunctions::Fibonacci<unsigned int>, Hashinator::Hashers::Hasher<unsigned int, unsigned int, Hashinator::HashFunctions::Fibonacci<unsigned int>, (unsigned int)4294967295, (unsigned int)4294967294, (int)32, (int)1>, split::split_unified_allocator<Hashinator::Info>> *)"
0.0,2.1873,50,0.0437,0.0075,0.0051,0.2552,0.0560, 286    1    1,  64    1    1,"update_velocity_blocks_kernel(vmesh::VelocityMesh *, vmesh::VelocityBlockContainer *, split::SplitVector<unsigned int, split::split_unified_allocator<unsigned int>> *, split::SplitVector<Hashinator::hash_pair<unsigned int, unsigned int>, split::split_unified_allocator<Hashinator::hash_pair<unsigned int, unsigned int>>> *, split::SplitVector<Hashinator::hash_pair<unsigned int, unsigned int>, split::split_unified_allocator<Hashinator::hash_pair<unsigned int, unsigned int>>> *, split::SplitVector<Hashinator::hash_pair<unsigned int, unsigned int>, split::split_unified_allocator<Hashinator::hash_pair<unsigned int, unsigned int>>> *, unsigned int, unsigned int, unsigned int, float *)"
0.0,2.1790,72,0.0303,0.0082,0.0062,0.2839,0.0452, 110    1    1,  64    1    1,"update_velocity_blocks_kernel(vmesh::VelocityMesh *, vmesh::VelocityBlockContainer *, split::SplitVector<unsigned int, split::split_unified_allocator<unsigned int>> *, split::SplitVector<Hashinator::hash_pair<unsigned int, unsigned int>, split::split_unified_allocator<Hashinator::hash_pair<unsigned int, unsigned int>>> *, split::SplitVector<Hashinator::hash_pair<unsigned int, unsigned int>, split::split_unified_allocator<Hashinator::hash_pair<unsigned int, unsigned int>>> *, split::SplitVector<Hashinator::hash_pair<unsigned int, unsigned int>, split::split_unified_allocator<Hashinator::hash_pair<unsigned int, unsigned int>>> *, unsigned int, unsigned int, unsigned int, float *)"
0.0,2.1743,56,0.0388,0.0088,0.0051,0.1802,0.0469, 282    1    1,  64    1    1,"update_velocity_blocks_kernel(vmesh::VelocityMesh *, vmesh::VelocityBlockContainer *, split::SplitVector<unsigned int, split::split_unified_allocator<unsigned int>> *, split::SplitVector<Hashinator::hash_pair<unsigned int, unsigned int>, split::split_unified_allocator<Hashinator::hash_pair<unsigned int, unsigned int>>> *, split::SplitVector<Hashinator::hash_pair<unsigned int, unsigned int>, split::split_unified_allocator<Hashinator::hash_pair<unsigned int, unsigned int>>> *, split::SplitVector<Hashinator::hash_pair<unsigned int, unsigned int>, split::split_unified_allocator<Hashinator::hash_pair<unsigned int, unsigned int>>> *, unsigned int, unsigned int, unsigned int, float *)"
0.0,2.1665,106,0.0204,0.0093,0.0068,0.2211,0.0331,  80    1    1,1024    1    1,"update_neighbour_halo_kernel(vmesh::VelocityMesh *, unsigned int, unsigned int **, unsigned int *, Hashinator::Hashmap<unsigned int, unsigned int, (unsigned int)4294967295, (unsigned int)4294967294, Hashinator::HashFunctions::Fibonacci<unsigned int>, Hashinator::Hashers::Hasher<unsigned int, unsigned int, Hashinator::HashFunctions::Fibonacci<unsigned int>, (unsigned int)4294967295, (unsigned int)4294967294, (int)32, (int)1>, split::split_unified_allocator<Hashinator::Info>> *, Hashinator::Hashmap<unsigned int, unsigned int, (unsigned int)4294967295, (unsigned int)4294967294, Hashinator::HashFunctions::Fibonacci<unsigned int>, Hashinator::Hashers::Hasher<unsigned int, unsigned int, Hashinator::HashFunctions::Fibonacci<unsigned int>, (unsigned int)4294967295, (unsigned int)4294967294, (int)32, (int)1>, split::split_unified_allocator<Hashinator::Info>> *)"
0.0,2.1508,85,0.0253,0.0076,0.0063,0.1534,0.0330,  49    1    1,  64    1    1,"update_velocity_blocks_kernel(vmesh::VelocityMesh *, vmesh::VelocityBlockContainer *, split::SplitVector<unsigned int, split::split_unified_allocator<unsigned int>> *, split::SplitVector<Hashinator::hash_pair<unsigned int, unsigned int>, split::split_unified_allocator<Hashinator::hash_pair<unsigned int, unsigned int>>> *, split::SplitVector<Hashinator::hash_pair<unsigned int, unsigned int>, split::split_unified_allocator<Hashinator::hash_pair<unsigned int, unsigned int>>> *, split::SplitVector<Hashinator::hash_pair<unsigned int, unsigned int>, split::split_unified_allocator<Hashinator::hash_pair<unsigned int, unsigned int>>> *, unsigned int, unsigned int, unsigned int, float *)"
0.0,2.1401,64,0.0334,0.0096,0.0080,0.1967,0.0465,  72    1    1, 832    1    1,"update_velocity_halo_kernel(vmesh::VelocityMesh *, unsigned int, unsigned int *, Hashinator::Hashmap<unsigned int, unsigned int, (unsigned int)4294967295, (unsigned int)4294967294, Hashinator::HashFunctions::Fibonacci<unsigned int>, Hashinator::Hashers::Hasher<unsigned int, unsigned int, Hashinator::HashFunctions::Fibonacci<unsigned int>, (unsigned int)4294967295, (unsigned int)4294967294, (int)32, (int)1>, split::split_unified_allocator<Hashinator::Info>> *, Hashinator::Hashmap<unsigned int, unsigned int, (unsigned int)4294967295, (unsigned int)4294967294, Hashinator::HashFunctions::Fibonacci<unsigned int>, Hashinator::Hashers::Hasher<unsigned int, unsigned int, Hashinator::HashFunctions::Fibonacci<unsigned int>, (unsigned int)4294967295, (unsigned int)4294967294, (int)32, (int)1>, split::split_unified_allocator<Hashinator::Info>> *)"
0.0,2.1282,88,0.0242,0.0158,0.0126,0.1297,0.0230, 132    1    1,  16    1    1,"reorder_blocks_by_dimension_kernel(vmesh::VelocityBlockContainer *, VecSimple<float> *, unsigned int *, unsigned int *, ColumnOffsets *)"
0.0,2.1142,72,0.0294,0.0090,0.0062,0.1759,0.0411,  89    1    1,1024    1    1,"update_neighbour_halo_kernel(vmesh::VelocityMesh *, unsigned int, unsigned int **, unsigned int *, Hashinator::Hashmap<unsigned int, unsigned int, (unsigned int)4294967295, (unsigned int)4294967294, Hashinator::HashFunctions::Fibonacci<unsigned int>, Hashinator::Hashers::Hasher<unsigned int, unsigned int, Hashinator::HashFunctions::Fibonacci<unsigned int>, (unsigned int)4294967295, (unsigned int)4294967294, (int)32, (int)1>, split::split_unified_allocator<Hashinator::Info>> *, Hashinator::Hashmap<unsigned int, unsigned int, (unsigned int)4294967295, (unsigned int)4294967294, Hashinator::HashFunctions::Fibonacci<unsigned int>, Hashinator::Hashers::Hasher<unsigned int, unsigned int, Hashinator::HashFunctions::Fibonacci<unsigned int>, (unsigned int)4294967295, (unsigned int)4294967294, (int)32, (int)1>, split::split_unified_allocator<Hashinator::Info>> *)"
0.0,2.1089,32,0.0659,0.0296,0.0079,0.3456,0.0788, 572    1    1,  64    1    1,"update_velocity_blocks_kernel(vmesh::VelocityMesh *, vmesh::VelocityBlockContainer *, split::SplitVector<unsigned int, split::split_unified_allocator<unsigned int>> *, split::SplitVector<Hashinator::hash_pair<unsigned int, unsigned int>, split::split_unified_allocator<Hashinator::hash_pair<unsigned int, unsigned int>>> *, split::SplitVector<Hashinator::hash_pair<unsigned int, unsigned int>, split::split_unified_allocator<Hashinator::hash_pair<unsigned int, unsigned int>>> *, split::SplitVector<Hashinator::hash_pair<unsigned int, unsigned int>, split::split_unified_allocator<Hashinator::hash_pair<unsigned int, unsigned int>>> *, unsigned int, unsigned int, unsigned int, float *)"
0.0,2.0941,301,0.0070,0.0069,0.0063,0.0090,0.0004, 391    1    1,  64    1    1,"update_velocity_block_content_lists_kernel(vmesh::VelocityMesh *, vmesh::VelocityBlockContainer *, Hashinator::Hashmap<unsigned int, unsigned int, (unsigned int)4294967295, (unsigned int)4294967294, Hashinator::HashFunctions::Fibonacci<unsigned int>, Hashinator::Hashers::Hasher<unsigned int, unsigned int, Hashinator::HashFunctions::Fibonacci<unsigned int>, (unsigned int)4294967295, (unsigned int)4294967294, (int)32, (int)1>, split::split_unified_allocator<Hashinator::Info>> *, Hashinator::Hashmap<unsigned int, unsigned int, (unsigned int)4294967295, (unsigned int)4294967294, Hashinator::HashFunctions::Fibonacci<unsigned int>, Hashinator::Hashers::Hasher<unsigned int, unsigned int, Hashinator::HashFunctions::Fibonacci<unsigned int>, (unsigned int)4294967295, (unsigned int)4294967294, (int)32, (int)1>, split::split_unified_allocator<Hashinator::Info>> *, double)"
0.0,2.0508,29,0.0707,0.0074,0.0051,0.5412,0.1199, 293    1    1,  64    1    1,"update_velocity_blocks_kernel(vmesh::VelocityMesh *, vmesh::VelocityBlockContainer *, split::SplitVector<unsigned int, split::split_unified_allocator<unsigned int>> *, split::SplitVector<Hashinator::hash_pair<unsigned int, unsigned int>, split::split_unified_allocator<Hashinator::hash_pair<unsigned int, unsigned int>>> *, split::SplitVector<Hashinator::hash_pair<unsigned int, unsigned int>, split::split_unified_allocator<Hashinator::hash_pair<unsigned int, unsigned int>>> *, split::SplitVector<Hashinator::hash_pair<unsigned int, unsigned int>, split::split_unified_allocator<Hashinator::hash_pair<unsigned int, unsigned int>>> *, unsigned int, unsigned int, unsigned int, float *)"
0.0,2.0482,24,0.0853,0.0846,0.0812,0.0991,0.0037,1040    1    1,  32    1    1,"void arch::reduction_kernel<(unsigned int)32, (arch::reduce_op)2, (unsigned int)4, (unsigned int)0, DRO::VariablePrecipitationDiffFlux::reduceData(const spatial_cell::SpatialCell *, char *)::[lambda(unsigned int, unsigned int, unsigned int, unsigned int, double *) (instance 1)], double>(T5, const T6 *, T6 *, const unsigned int *, unsigned int, unsigned int, T6 *)"
0.0,2.0401,40,0.0510,0.0078,0.0052,0.2784,0.0728, 364    1    1,  64    1    1,"update_velocity_blocks_kernel(vmesh::VelocityMesh *, vmesh::VelocityBlockContainer *, split::SplitVector<unsigned int, split::split_unified_allocator<unsigned int>> *, split::SplitVector<Hashinator::hash_pair<unsigned int, unsigned int>, split::split_unified_allocator<Hashinator::hash_pair<unsigned int, unsigned int>>> *, split::SplitVector<Hashinator::hash_pair<unsigned int, unsigned int>, split::split_unified_allocator<Hashinator::hash_pair<unsigned int, unsigned int>>> *, split::SplitVector<Hashinator::hash_pair<unsigned int, unsigned int>, split::split_unified_allocator<Hashinator::hash_pair<unsigned int, unsigned int>>> *, unsigned int, unsigned int, unsigned int, float *)"
0.0,2.0301,64,0.0317,0.0143,0.0112,0.1346,0.0303,  87    1    1,  32    1    1,"evaluate_column_extents_kernel(unsigned int, const vmesh::VelocityMesh *, ColumnOffsets *, Column *, split::SplitVector<unsigned int, split::split_unified_allocator<unsigned int>> *, Hashinator::Hashmap<unsigned int, unsigned int, (unsigned int)4294967295, (unsigned int)4294967294, Hashinator::HashFunctions::Fibonacci<unsigned int>, Hashinator::Hashers::Hasher<unsigned int, unsigned int, Hashinator::HashFunctions::Fibonacci<unsigned int>, (unsigned int)4294967295, (unsigned int)4294967294, (int)32, (int)1>, split::split_unified_allocator<Hashinator::Info>> *, Hashinator::Hashmap<unsigned int, unsigned int, (unsigned int)4294967295, (unsigned int)4294967294, Hashinator::HashFunctions::Fibonacci<unsigned int>, Hashinator::Hashers::Hasher<unsigned int, unsigned int, Hashinator::HashFunctions::Fibonacci<unsigned int>, (unsigned int)4294967295, (unsigned int)4294967294, (int)32, (int)1>, split::split_unified_allocator<Hashinator::Info>> *, unsigned int *, unsigned int *, float, float, float, float, int, int, float, float, unsigned int *)"
0.0,2.0271,57,0.0356,0.0079,0.0064,0.2207,0.0461, 137    1    1,  64    1    1,"update_velocity_blocks_kernel(vmesh::VelocityMesh *, vmesh::VelocityBlockContainer *, split::SplitVector<unsigned int, split::split_unified_allocator<unsigned int>> *, split::SplitVector<Hashinator::hash_pair<unsigned int, unsigned int>, split::split_unified_allocator<Hashinator::hash_pair<unsigned int, unsigned int>>> *, split::SplitVector<Hashinator::hash_pair<unsigned int, unsigned int>, split::split_unified_allocator<Hashinator::hash_pair<unsigned int, unsigned int>>> *, split::SplitVector<Hashinator::hash_pair<unsigned int, unsigned int>, split::split_unified_allocator<Hashinator::hash_pair<unsigned int, unsigned int>>> *, unsigned int, unsigned int, unsigned int, float *)"
0.0,2.0251,85,0.0238,0.0074,0.0063,0.1222,0.0289,  75    1    1,  64    1    1,"update_velocity_blocks_kernel(vmesh::VelocityMesh *, vmesh::VelocityBlockContainer *, split::SplitVector<unsigned int, split::split_unified_allocator<unsigned int>> *, split::SplitVector<Hashinator::hash_pair<unsigned int, unsigned int>, split::split_unified_allocator<Hashinator::hash_pair<unsigned int, unsigned int>>> *, split::SplitVector<Hashinator::hash_pair<unsigned int, unsigned int>, split::split_unified_allocator<Hashinator::hash_pair<unsigned int, unsigned int>>> *, split::SplitVector<Hashinator::hash_pair<unsigned int, unsigned int>, split::split_unified_allocator<Hashinator::hash_pair<unsigned int, unsigned int>>> *, unsigned int, unsigned int, unsigned int, float *)"
0.0,1.9844,82,0.0242,0.0090,0.0067,0.2059,0.0364,  66    1    1,1024    1    1,"update_neighbour_halo_kernel(vmesh::VelocityMesh *, unsigned int, unsigned int **, unsigned int *, Hashinator::Hashmap<unsigned int, unsigned int, (unsigned int)4294967295, (unsigned int)4294967294, Hashinator::HashFunctions::Fibonacci<unsigned int>, Hashinator::Hashers::Hasher<unsigned int, unsigned int, Hashinator::HashFunctions::Fibonacci<unsigned int>, (unsigned int)4294967295, (unsigned int)4294967294, (int)32, (int)1>, split::split_unified_allocator<Hashinator::Info>> *, Hashinator::Hashmap<unsigned int, unsigned int, (unsigned int)4294967295, (unsigned int)4294967294, Hashinator::HashFunctions::Fibonacci<unsigned int>, Hashinator::Hashers::Hasher<unsigned int, unsigned int, Hashinator::HashFunctions::Fibonacci<unsigned int>, (unsigned int)4294967295, (unsigned int)4294967294, (int)32, (int)1>, split::split_unified_allocator<Hashinator::Info>> *)"
0.0,1.9814,74,0.0268,0.0098,0.0079,0.1732,0.0378,  68    1    1, 832    1    1,"update_velocity_halo_kernel(vmesh::VelocityMesh *, unsigned int, unsigned int *, Hashinator::Hashmap<unsigned int, unsigned int, (unsigned int)4294967295, (unsigned int)4294967294, Hashinator::HashFunctions::Fibonacci<unsigned int>, Hashinator::Hashers::Hasher<unsigned int, unsigned int, Hashinator::HashFunctions::Fibonacci<unsigned int>, (unsigned int)4294967295, (unsigned int)4294967294, (int)32, (int)1>, split::split_unified_allocator<Hashinator::Info>> *, Hashinator::Hashmap<unsigned int, unsigned int, (unsigned int)4294967295, (unsigned int)4294967294, Hashinator::HashFunctions::Fibonacci<unsigned int>, Hashinator::Hashers::Hasher<unsigned int, unsigned int, Hashinator::HashFunctions::Fibonacci<unsigned int>, (unsigned int)4294967295, (unsigned int)4294967294, (int)32, (int)1>, split::split_unified_allocator<Hashinator::Info>> *)"
0.0,1.9788,54,0.0366,0.0084,0.0053,0.1726,0.0435, 259    1    1,  64    1    1,"update_velocity_blocks_kernel(vmesh::VelocityMesh *, vmesh::VelocityBlockContainer *, split::SplitVector<unsigned int, split::split_unified_allocator<unsigned int>> *, split::SplitVector<Hashinator::hash_pair<unsigned int, unsigned int>, split::split_unified_allocator<Hashinator::hash_pair<unsigned int, unsigned int>>> *, split::SplitVector<Hashinator::hash_pair<unsigned int, unsigned int>, split::split_unified_allocator<Hashinator::hash_pair<unsigned int, unsigned int>>> *, split::SplitVector<Hashinator::hash_pair<unsigned int, unsigned int>, split::split_unified_allocator<Hashinator::hash_pair<unsigned int, unsigned int>>> *, unsigned int, unsigned int, unsigned int, float *)"
0.0,1.9769,68,0.0291,0.0134,0.0110,0.1685,0.0344, 117    1    1,  16    1    1,"reorder_blocks_by_dimension_kernel(vmesh::VelocityBlockContainer *, VecSimple<float> *, unsigned int *, unsigned int *, ColumnOffsets *)"
0.0,1.9650,32,0.0614,0.0601,0.0086,0.1469,0.0325,1448    1    1,  64    1    1,"update_velocity_block_content_lists_kernel(vmesh::VelocityMesh *, vmesh::VelocityBlockContainer *, Hashinator::Hashmap<unsigned int, unsigned int, (unsigned int)4294967295, (unsigned int)4294967294, Hashinator::HashFunctions::Fibonacci<unsigned int>, Hashinator::Hashers::Hasher<unsigned int, unsigned int, Hashinator::HashFunctions::Fibonacci<unsigned int>, (unsigned int)4294967295, (unsigned int)4294967294, (int)32, (int)1>, split::split_unified_allocator<Hashinator::Info>> *, Hashinator::Hashmap<unsigned int, unsigned int, (unsigned int)4294967295, (unsigned int)4294967294, Hashinator::HashFunctions::Fibonacci<unsigned int>, Hashinator::Hashers::Hasher<unsigned int, unsigned int, Hashinator::HashFunctions::Fibonacci<unsigned int>, (unsigned int)4294967295, (unsigned int)4294967294, (int)32, (int)1>, split::split_unified_allocator<Hashinator::Info>> *, double)"
0.0,1.9650,58,0.0339,0.0169,0.0128,0.1386,0.0348, 129    1    1,  16    1    1,"reorder_blocks_by_dimension_kernel(vmesh::VelocityBlockContainer *, VecSimple<float> *, unsigned int *, unsigned int *, ColumnOffsets *)"
0.0,1.9378,32,0.0606,0.0184,0.0052,0.3414,0.0870, 277    1    1,  64    1    1,"update_velocity_blocks_kernel(vmesh::VelocityMesh *, vmesh::VelocityBlockContainer *, split::SplitVector<unsigned int, split::split_unified_allocator<unsigned int>> *, split::SplitVector<Hashinator::hash_pair<unsigned int, unsigned int>, split::split_unified_allocator<Hashinator::hash_pair<unsigned int, unsigned int>>> *, split::SplitVector<Hashinator::hash_pair<unsigned int, unsigned int>, split::split_unified_allocator<Hashinator::hash_pair<unsigned int, unsigned int>>> *, split::SplitVector<Hashinator::hash_pair<unsigned int, unsigned int>, split::split_unified_allocator<Hashinator::hash_pair<unsigned int, unsigned int>>> *, unsigned int, unsigned int, unsigned int, float *)"
0.0,1.9285,24,0.0804,0.0793,0.0731,0.0908,0.0044, 816    1    1,  32    1    1,"void arch::reduction_kernel<(unsigned int)32, (arch::reduce_op)2, (unsigned int)4, (unsigned int)0, DRO::VariablePrecipitationDiffFlux::reduceData(const spatial_cell::SpatialCell *, char *)::[lambda(unsigned int, unsigned int, unsigned int, unsigned int, double *) (instance 1)], double>(T5, const T6 *, T6 *, const unsigned int *, unsigned int, unsigned int, T6 *)"
0.0,1.9282,48,0.0402,0.0466,0.0043,0.0728,0.0209,  62    1    1, 512    1    1,"void arch::reduction_kernel<(unsigned int)512, (arch::reduce_op)2, (unsigned int)4, (unsigned int)3, DRO::VariableEnergyDensity::reduceData(const spatial_cell::SpatialCell *, char *)::[lambda(unsigned int, unsigned int, unsigned int, unsigned int, double *) (instance 1)], double>(T5, const T6 *, T6 *, const unsigned int *, unsigned int, unsigned int, T6 *)"
0.0,1.9240,48,0.0401,0.0071,0.0052,0.1942,0.0556, 365    1    1,  64    1    1,"update_velocity_blocks_kernel(vmesh::VelocityMesh *, vmesh::VelocityBlockContainer *, split::SplitVector<unsigned int, split::split_unified_allocator<unsigned int>> *, split::SplitVector<Hashinator::hash_pair<unsigned int, unsigned int>, split::split_unified_allocator<Hashinator::hash_pair<unsigned int, unsigned int>>> *, split::SplitVector<Hashinator::hash_pair<unsigned int, unsigned int>, split::split_unified_allocator<Hashinator::hash_pair<unsigned int, unsigned int>>> *, split::SplitVector<Hashinator::hash_pair<unsigned int, unsigned int>, split::split_unified_allocator<Hashinator::hash_pair<unsigned int, unsigned int>>> *, unsigned int, unsigned int, unsigned int, float *)"
0.0,1.9033,104,0.0183,0.0073,0.0067,0.2234,0.0403, 696    1    1,  64    1    1,"update_velocity_block_content_lists_kernel(vmesh::VelocityMesh *, vmesh::VelocityBlockContainer *, Hashinator::Hashmap<unsigned int, unsigned int, (unsigned int)4294967295, (unsigned int)4294967294, Hashinator::HashFunctions::Fibonacci<unsigned int>, Hashinator::Hashers::Hasher<unsigned int, unsigned int, Hashinator::HashFunctions::Fibonacci<unsigned int>, (unsigned int)4294967295, (unsigned int)4294967294, (int)32, (int)1>, split::split_unified_allocator<Hashinator::Info>> *, Hashinator::Hashmap<unsigned int, unsigned int, (unsigned int)4294967295, (unsigned int)4294967294, Hashinator::HashFunctions::Fibonacci<unsigned int>, Hashinator::Hashers::Hasher<unsigned int, unsigned int, Hashinator::HashFunctions::Fibonacci<unsigned int>, (unsigned int)4294967295, (unsigned int)4294967294, (int)32, (int)1>, split::split_unified_allocator<Hashinator::Info>> *, double)"
0.0,1.9010,44,0.0432,0.0080,0.0053,0.2542,0.0574, 347    1    1,  64    1    1,"update_velocity_blocks_kernel(vmesh::VelocityMesh *, vmesh::VelocityBlockContainer *, split::SplitVector<unsigned int, split::split_unified_allocator<unsigned int>> *, split::SplitVector<Hashinator::hash_pair<unsigned int, unsigned int>, split::split_unified_allocator<Hashinator::hash_pair<unsigned int, unsigned int>>> *, split::SplitVector<Hashinator::hash_pair<unsigned int, unsigned int>, split::split_unified_allocator<Hashinator::hash_pair<unsigned int, unsigned int>>> *, split::SplitVector<Hashinator::hash_pair<unsigned int, unsigned int>, split::split_unified_allocator<Hashinator::hash_pair<unsigned int, unsigned int>>> *, unsigned int, unsigned int, unsigned int, float *)"
0.0,1.8824,64,0.0294,0.0097,0.0080,0.2163,0.0461,  92    1    1, 832    1    1,"update_velocity_halo_kernel(vmesh::VelocityMesh *, unsigned int, unsigned int *, Hashinator::Hashmap<unsigned int, unsigned int, (unsigned int)4294967295, (unsigned int)4294967294, Hashinator::HashFunctions::Fibonacci<unsigned int>, Hashinator::Hashers::Hasher<unsigned int, unsigned int, Hashinator::HashFunctions::Fibonacci<unsigned int>, (unsigned int)4294967295, (unsigned int)4294967294, (int)32, (int)1>, split::split_unified_allocator<Hashinator::Info>> *, Hashinator::Hashmap<unsigned int, unsigned int, (unsigned int)4294967295, (unsigned int)4294967294, Hashinator::HashFunctions::Fibonacci<unsigned int>, Hashinator::Hashers::Hasher<unsigned int, unsigned int, Hashinator::HashFunctions::Fibonacci<unsigned int>, (unsigned int)4294967295, (unsigned int)4294967294, (int)32, (int)1>, split::split_unified_allocator<Hashinator::Info>> *)"
0.0,1.8676,68,0.0275,0.0133,0.0111,0.1700,0.0276, 117    1    1,  32    1    1,"evaluate_column_extents_kernel(unsigned int, const vmesh::VelocityMesh *, ColumnOffsets *, Column *, split::SplitVector<unsigned int, split::split_unified_allocator<unsigned int>> *, Hashinator::Hashmap<unsigned int, unsigned int, (unsigned int)4294967295, (unsigned int)4294967294, Hashinator::HashFunctions::Fibonacci<unsigned int>, Hashinator::Hashers::Hasher<unsigned int, unsigned int, Hashinator::HashFunctions::Fibonacci<unsigned int>, (unsigned int)4294967295, (unsigned int)4294967294, (int)32, (int)1>, split::split_unified_allocator<Hashinator::Info>> *, Hashinator::Hashmap<unsigned int, unsigned int, (unsigned int)4294967295, (unsigned int)4294967294, Hashinator::HashFunctions::Fibonacci<unsigned int>, Hashinator::Hashers::Hasher<unsigned int, unsigned int, Hashinator::HashFunctions::Fibonacci<unsigned int>, (unsigned int)4294967295, (unsigned int)4294967294, (int)32, (int)1>, split::split_unified_allocator<Hashinator::Info>> *, unsigned int *, unsigned int *, float, float, float, float, int, int, float, float, unsigned int *)"
0.0,1.8446,88,0.0210,0.0075,0.0062,0.0911,0.0217, 130    1    1,  64    1    1,"update_velocity_blocks_kernel(vmesh::VelocityMesh *, vmesh::VelocityBlockContainer *, split::SplitVector<unsigned int, split::split_unified_allocator<unsigned int>> *, split::SplitVector<Hashinator::hash_pair<unsigned int, unsigned int>, split::split_unified_allocator<Hashinator::hash_pair<unsigned int, unsigned int>>> *, split::SplitVector<Hashinator::hash_pair<unsigned int, unsigned int>, split::split_unified_allocator<Hashinator::hash_pair<unsigned int, unsigned int>>> *, split::SplitVector<Hashinator::hash_pair<unsigned int, unsigned int>, split::split_unified_allocator<Hashinator::hash_pair<unsigned int, unsigned int>>> *, unsigned int, unsigned int, unsigned int, float *)"
0.0,1.8356,64,0.0287,0.0142,0.0096,0.1534,0.0308, 166    1    1,1024    1    1,"update_neighbour_halo_kernel(vmesh::VelocityMesh *, unsigned int, unsigned int **, unsigned int *, Hashinator::Hashmap<unsigned int, unsigned int, (unsigned int)4294967295, (unsigned int)4294967294, Hashinator::HashFunctions::Fibonacci<unsigned int>, Hashinator::Hashers::Hasher<unsigned int, unsigned int, Hashinator::HashFunctions::Fibonacci<unsigned int>, (unsigned int)4294967295, (unsigned int)4294967294, (int)32, (int)1>, split::split_unified_allocator<Hashinator::Info>> *, Hashinator::Hashmap<unsigned int, unsigned int, (unsigned int)4294967295, (unsigned int)4294967294, Hashinator::HashFunctions::Fibonacci<unsigned int>, Hashinator::Hashers::Hasher<unsigned int, unsigned int, Hashinator::HashFunctions::Fibonacci<unsigned int>, (unsigned int)4294967295, (unsigned int)4294967294, (int)32, (int)1>, split::split_unified_allocator<Hashinator::Info>> *)"
0.0,1.8353,24,0.0765,0.0633,0.0076,0.1849,0.0405, 920    1    1,  64    1    1,"update_velocity_block_content_lists_kernel(vmesh::VelocityMesh *, vmesh::VelocityBlockContainer *, Hashinator::Hashmap<unsigned int, unsigned int, (unsigned int)4294967295, (unsigned int)4294967294, Hashinator::HashFunctions::Fibonacci<unsigned int>, Hashinator::Hashers::Hasher<unsigned int, unsigned int, Hashinator::HashFunctions::Fibonacci<unsigned int>, (unsigned int)4294967295, (unsigned int)4294967294, (int)32, (int)1>, split::split_unified_allocator<Hashinator::Info>> *, Hashinator::Hashmap<unsigned int, unsigned int, (unsigned int)4294967295, (unsigned int)4294967294, Hashinator::HashFunctions::Fibonacci<unsigned int>, Hashinator::Hashers::Hasher<unsigned int, unsigned int, Hashinator::HashFunctions::Fibonacci<unsigned int>, (unsigned int)4294967295, (unsigned int)4294967294, (int)32, (int)1>, split::split_unified_allocator<Hashinator::Info>> *, double)"
0.0,1.8066,260,0.0069,0.0069,0.0063,0.0090,0.0004, 396    1    1,  64    1    1,"update_velocity_block_content_lists_kernel(vmesh::VelocityMesh *, vmesh::VelocityBlockContainer *, Hashinator::Hashmap<unsigned int, unsigned int, (unsigned int)4294967295, (unsigned int)4294967294, Hashinator::HashFunctions::Fibonacci<unsigned int>, Hashinator::Hashers::Hasher<unsigned int, unsigned int, Hashinator::HashFunctions::Fibonacci<unsigned int>, (unsigned int)4294967295, (unsigned int)4294967294, (int)32, (int)1>, split::split_unified_allocator<Hashinator::Info>> *, Hashinator::Hashmap<unsigned int, unsigned int, (unsigned int)4294967295, (unsigned int)4294967294, Hashinator::HashFunctions::Fibonacci<unsigned int>, Hashinator::Hashers::Hasher<unsigned int, unsigned int, Hashinator::HashFunctions::Fibonacci<unsigned int>, (unsigned int)4294967295, (unsigned int)4294967294, (int)32, (int)1>, split::split_unified_allocator<Hashinator::Info>> *, double)"
0.0,1.8048,80,0.0226,0.0094,0.0062,0.1352,0.0276,  74    1    1,1024    1    1,"update_neighbour_halo_kernel(vmesh::VelocityMesh *, unsigned int, unsigned int **, unsigned int *, Hashinator::Hashmap<unsigned int, unsigned int, (unsigned int)4294967295, (unsigned int)4294967294, Hashinator::HashFunctions::Fibonacci<unsigned int>, Hashinator::Hashers::Hasher<unsigned int, unsigned int, Hashinator::HashFunctions::Fibonacci<unsigned int>, (unsigned int)4294967295, (unsigned int)4294967294, (int)32, (int)1>, split::split_unified_allocator<Hashinator::Info>> *, Hashinator::Hashmap<unsigned int, unsigned int, (unsigned int)4294967295, (unsigned int)4294967294, Hashinator::HashFunctions::Fibonacci<unsigned int>, Hashinator::Hashers::Hasher<unsigned int, unsigned int, Hashinator::HashFunctions::Fibonacci<unsigned int>, (unsigned int)4294967295, (unsigned int)4294967294, (int)32, (int)1>, split::split_unified_allocator<Hashinator::Info>> *)"
0.0,1.8037,50,0.0361,0.0080,0.0051,0.1656,0.0433, 323    1    1,  64    1    1,"update_velocity_blocks_kernel(vmesh::VelocityMesh *, vmesh::VelocityBlockContainer *, split::SplitVector<unsigned int, split::split_unified_allocator<unsigned int>> *, split::SplitVector<Hashinator::hash_pair<unsigned int, unsigned int>, split::split_unified_allocator<Hashinator::hash_pair<unsigned int, unsigned int>>> *, split::SplitVector<Hashinator::hash_pair<unsigned int, unsigned int>, split::split_unified_allocator<Hashinator::hash_pair<unsigned int, unsigned int>>> *, split::SplitVector<Hashinator::hash_pair<unsigned int, unsigned int>, split::split_unified_allocator<Hashinator::hash_pair<unsigned int, unsigned int>>> *, unsigned int, unsigned int, unsigned int, float *)"
0.0,1.8035,260,0.0069,0.0068,0.0064,0.0088,0.0004, 387    1    1,  64    1    1,"update_velocity_block_content_lists_kernel(vmesh::VelocityMesh *, vmesh::VelocityBlockContainer *, Hashinator::Hashmap<unsigned int, unsigned int, (unsigned int)4294967295, (unsigned int)4294967294, Hashinator::HashFunctions::Fibonacci<unsigned int>, Hashinator::Hashers::Hasher<unsigned int, unsigned int, Hashinator::HashFunctions::Fibonacci<unsigned int>, (unsigned int)4294967295, (unsigned int)4294967294, (int)32, (int)1>, split::split_unified_allocator<Hashinator::Info>> *, Hashinator::Hashmap<unsigned int, unsigned int, (unsigned int)4294967295, (unsigned int)4294967294, Hashinator::HashFunctions::Fibonacci<unsigned int>, Hashinator::Hashers::Hasher<unsigned int, unsigned int, Hashinator::HashFunctions::Fibonacci<unsigned int>, (unsigned int)4294967295, (unsigned int)4294967294, (int)32, (int)1>, split::split_unified_allocator<Hashinator::Info>> *, double)"
0.0,1.7768,48,0.0370,0.0496,0.0042,0.0628,0.0225,  62    1    1, 512    1    1,"void arch::reduction_kernel<(unsigned int)512, (arch::reduce_op)2, (unsigned int)4, (unsigned int)3, DRO::VariablePTensorOffDiagonal::reduceData(const spatial_cell::SpatialCell *, char *)::[lambda(unsigned int, unsigned int, unsigned int, unsigned int, double *) (instance 1)], double>(T5, const T6 *, T6 *, const unsigned int *, unsigned int, unsigned int, T6 *)"
0.0,1.7739,64,0.0277,0.0089,0.0066,0.2462,0.0459,  78    1    1,1024    1    1,"update_neighbour_halo_kernel(vmesh::VelocityMesh *, unsigned int, unsigned int **, unsigned int *, Hashinator::Hashmap<unsigned int, unsigned int, (unsigned int)4294967295, (unsigned int)4294967294, Hashinator::HashFunctions::Fibonacci<unsigned int>, Hashinator::Hashers::Hasher<unsigned int, unsigned int, Hashinator::HashFunctions::Fibonacci<unsigned int>, (unsigned int)4294967295, (unsigned int)4294967294, (int)32, (int)1>, split::split_unified_allocator<Hashinator::Info>> *, Hashinator::Hashmap<unsigned int, unsigned int, (unsigned int)4294967295, (unsigned int)4294967294, Hashinator::HashFunctions::Fibonacci<unsigned int>, Hashinator::Hashers::Hasher<unsigned int, unsigned int, Hashinator::HashFunctions::Fibonacci<unsigned int>, (unsigned int)4294967295, (unsigned int)4294967294, (int)32, (int)1>, split::split_unified_allocator<Hashinator::Info>> *)"
0.0,1.7341,70,0.0248,0.0102,0.0084,0.2402,0.0404, 142    1    1,1024    1    1,"update_neighbour_halo_kernel(vmesh::VelocityMesh *, unsigned int, unsigned int **, unsigned int *, Hashinator::Hashmap<unsigned int, unsigned int, (unsigned int)4294967295, (unsigned int)4294967294, Hashinator::HashFunctions::Fibonacci<unsigned int>, Hashinator::Hashers::Hasher<unsigned int, unsigned int, Hashinator::HashFunctions::Fibonacci<unsigned int>, (unsigned int)4294967295, (unsigned int)4294967294, (int)32, (int)1>, split::split_unified_allocator<Hashinator::Info>> *, Hashinator::Hashmap<unsigned int, unsigned int, (unsigned int)4294967295, (unsigned int)4294967294, Hashinator::HashFunctions::Fibonacci<unsigned int>, Hashinator::Hashers::Hasher<unsigned int, unsigned int, Hashinator::HashFunctions::Fibonacci<unsigned int>, (unsigned int)4294967295, (unsigned int)4294967294, (int)32, (int)1>, split::split_unified_allocator<Hashinator::Info>> *)"
0.0,1.7218,48,0.0359,0.0513,0.0042,0.0657,0.0249,  89    1    1, 512    1    1,"void arch::reduction_kernel<(unsigned int)512, (arch::reduce_op)2, (unsigned int)4, (unsigned int)3, DRO::VariablePTensorDiagonal::reduceData(const spatial_cell::SpatialCell *, char *)::[lambda(unsigned int, unsigned int, unsigned int, unsigned int, double *) (instance 1)], double>(T5, const T6 *, T6 *, const unsigned int *, unsigned int, unsigned int, T6 *)"
0.0,1.7134,88,0.0195,0.0099,0.0084,0.1116,0.0218, 139    1    1,1024    1    1,"update_neighbour_halo_kernel(vmesh::VelocityMesh *, unsigned int, unsigned int **, unsigned int *, Hashinator::Hashmap<unsigned int, unsigned int, (unsigned int)4294967295, (unsigned int)4294967294, Hashinator::HashFunctions::Fibonacci<unsigned int>, Hashinator::Hashers::Hasher<unsigned int, unsigned int, Hashinator::HashFunctions::Fibonacci<unsigned int>, (unsigned int)4294967295, (unsigned int)4294967294, (int)32, (int)1>, split::split_unified_allocator<Hashinator::Info>> *, Hashinator::Hashmap<unsigned int, unsigned int, (unsigned int)4294967295, (unsigned int)4294967294, Hashinator::HashFunctions::Fibonacci<unsigned int>, Hashinator::Hashers::Hasher<unsigned int, unsigned int, Hashinator::HashFunctions::Fibonacci<unsigned int>, (unsigned int)4294967295, (unsigned int)4294967294, (int)32, (int)1>, split::split_unified_allocator<Hashinator::Info>> *)"
0.0,1.7093,246,0.0069,0.0068,0.0063,0.0087,0.0004, 386    1    1,  64    1    1,"update_velocity_block_content_lists_kernel(vmesh::VelocityMesh *, vmesh::VelocityBlockContainer *, Hashinator::Hashmap<unsigned int, unsigned int, (unsigned int)4294967295, (unsigned int)4294967294, Hashinator::HashFunctions::Fibonacci<unsigned int>, Hashinator::Hashers::Hasher<unsigned int, unsigned int, Hashinator::HashFunctions::Fibonacci<unsigned int>, (unsigned int)4294967295, (unsigned int)4294967294, (int)32, (int)1>, split::split_unified_allocator<Hashinator::Info>> *, Hashinator::Hashmap<unsigned int, unsigned int, (unsigned int)4294967295, (unsigned int)4294967294, Hashinator::HashFunctions::Fibonacci<unsigned int>, Hashinator::Hashers::Hasher<unsigned int, unsigned int, Hashinator::HashFunctions::Fibonacci<unsigned int>, (unsigned int)4294967295, (unsigned int)4294967294, (int)32, (int)1>, split::split_unified_allocator<Hashinator::Info>> *, double)"
0.0,1.7081,24,0.0712,0.0627,0.0085,0.1237,0.0300,1432    1    1,  64    1    1,"update_velocity_block_content_lists_kernel(vmesh::VelocityMesh *, vmesh::VelocityBlockContainer *, Hashinator::Hashmap<unsigned int, unsigned int, (unsigned int)4294967295, (unsigned int)4294967294, Hashinator::HashFunctions::Fibonacci<unsigned int>, Hashinator::Hashers::Hasher<unsigned int, unsigned int, Hashinator::HashFunctions::Fibonacci<unsigned int>, (unsigned int)4294967295, (unsigned int)4294967294, (int)32, (int)1>, split::split_unified_allocator<Hashinator::Info>> *, Hashinator::Hashmap<unsigned int, unsigned int, (unsigned int)4294967295, (unsigned int)4294967294, Hashinator::HashFunctions::Fibonacci<unsigned int>, Hashinator::Hashers::Hasher<unsigned int, unsigned int, Hashinator::HashFunctions::Fibonacci<unsigned int>, (unsigned int)4294967295, (unsigned int)4294967294, (int)32, (int)1>, split::split_unified_allocator<Hashinator::Info>> *, double)"
0.0,1.7028,52,0.0327,0.0075,0.0063,0.1934,0.0384, 134    1    1,  64    1    1,"update_velocity_blocks_kernel(vmesh::VelocityMesh *, vmesh::VelocityBlockContainer *, split::SplitVector<unsigned int, split::split_unified_allocator<unsigned int>> *, split::SplitVector<Hashinator::hash_pair<unsigned int, unsigned int>, split::split_unified_allocator<Hashinator::hash_pair<unsigned int, unsigned int>>> *, split::SplitVector<Hashinator::hash_pair<unsigned int, unsigned int>, split::split_unified_allocator<Hashinator::hash_pair<unsigned int, unsigned int>>> *, split::SplitVector<Hashinator::hash_pair<unsigned int, unsigned int>, split::split_unified_allocator<Hashinator::hash_pair<unsigned int, unsigned int>>> *, unsigned int, unsigned int, unsigned int, float *)"
0.0,1.6961,245,0.0069,0.0068,0.0063,0.0086,0.0003, 395    1    1,  64    1    1,"update_velocity_block_content_lists_kernel(vmesh::VelocityMesh *, vmesh::VelocityBlockContainer *, Hashinator::Hashmap<unsigned int, unsigned int, (unsigned int)4294967295, (unsigned int)4294967294, Hashinator::HashFunctions::Fibonacci<unsigned int>, Hashinator::Hashers::Hasher<unsigned int, unsigned int, Hashinator::HashFunctions::Fibonacci<unsigned int>, (unsigned int)4294967295, (unsigned int)4294967294, (int)32, (int)1>, split::split_unified_allocator<Hashinator::Info>> *, Hashinator::Hashmap<unsigned int, unsigned int, (unsigned int)4294967295, (unsigned int)4294967294, Hashinator::HashFunctions::Fibonacci<unsigned int>, Hashinator::Hashers::Hasher<unsigned int, unsigned int, Hashinator::HashFunctions::Fibonacci<unsigned int>, (unsigned int)4294967295, (unsigned int)4294967294, (int)32, (int)1>, split::split_unified_allocator<Hashinator::Info>> *, double)"
0.0,1.6909,88,0.0192,0.0091,0.0072,0.1266,0.0231,  85    1    1,  16    1    1,"reorder_blocks_by_dimension_kernel(vmesh::VelocityBlockContainer *, VecSimple<float> *, unsigned int *, unsigned int *, ColumnOffsets *)"
0.0,1.6897,46,0.0367,0.0121,0.0082,0.1658,0.0412, 128    1    1, 832    1    1,"update_velocity_halo_kernel(vmesh::VelocityMesh *, unsigned int, unsigned int *, Hashinator::Hashmap<unsigned int, unsigned int, (unsigned int)4294967295, (unsigned int)4294967294, Hashinator::HashFunctions::Fibonacci<unsigned int>, Hashinator::Hashers::Hasher<unsigned int, unsigned int, Hashinator::HashFunctions::Fibonacci<unsigned int>, (unsigned int)4294967295, (unsigned int)4294967294, (int)32, (int)1>, split::split_unified_allocator<Hashinator::Info>> *, Hashinator::Hashmap<unsigned int, unsigned int, (unsigned int)4294967295, (unsigned int)4294967294, Hashinator::HashFunctions::Fibonacci<unsigned int>, Hashinator::Hashers::Hasher<unsigned int, unsigned int, Hashinator::HashFunctions::Fibonacci<unsigned int>, (unsigned int)4294967295, (unsigned int)4294967294, (int)32, (int)1>, split::split_unified_allocator<Hashinator::Info>> *)"
0.0,1.6511,86,0.0192,0.0090,0.0062,0.1363,0.0236, 117    1    1,1024    1    1,"update_neighbour_halo_kernel(vmesh::VelocityMesh *, unsigned int, unsigned int **, unsigned int *, Hashinator::Hashmap<unsigned int, unsigned int, (unsigned int)4294967295, (unsigned int)4294967294, Hashinator::HashFunctions::Fibonacci<unsigned int>, Hashinator::Hashers::Hasher<unsigned int, unsigned int, Hashinator::HashFunctions::Fibonacci<unsigned int>, (unsigned int)4294967295, (unsigned int)4294967294, (int)32, (int)1>, split::split_unified_allocator<Hashinator::Info>> *, Hashinator::Hashmap<unsigned int, unsigned int, (unsigned int)4294967295, (unsigned int)4294967294, Hashinator::HashFunctions::Fibonacci<unsigned int>, Hashinator::Hashers::Hasher<unsigned int, unsigned int, Hashinator::HashFunctions::Fibonacci<unsigned int>, (unsigned int)4294967295, (unsigned int)4294967294, (int)32, (int)1>, split::split_unified_allocator<Hashinator::Info>> *)"
0.0,1.6461,80,0.0206,0.0091,0.0063,0.1515,0.0293, 100    1    1,1024    1    1,"update_neighbour_halo_kernel(vmesh::VelocityMesh *, unsigned int, unsigned int **, unsigned int *, Hashinator::Hashmap<unsigned int, unsigned int, (unsigned int)4294967295, (unsigned int)4294967294, Hashinator::HashFunctions::Fibonacci<unsigned int>, Hashinator::Hashers::Hasher<unsigned int, unsigned int, Hashinator::HashFunctions::Fibonacci<unsigned int>, (unsigned int)4294967295, (unsigned int)4294967294, (int)32, (int)1>, split::split_unified_allocator<Hashinator::Info>> *, Hashinator::Hashmap<unsigned int, unsigned int, (unsigned int)4294967295, (unsigned int)4294967294, Hashinator::HashFunctions::Fibonacci<unsigned int>, Hashinator::Hashers::Hasher<unsigned int, unsigned int, Hashinator::HashFunctions::Fibonacci<unsigned int>, (unsigned int)4294967295, (unsigned int)4294967294, (int)32, (int)1>, split::split_unified_allocator<Hashinator::Info>> *)"
0.0,1.6355,64,0.0256,0.0095,0.0074,0.1645,0.0311,  87    1    1,  16    1    1,"reorder_blocks_by_dimension_kernel(vmesh::VelocityBlockContainer *, VecSimple<float> *, unsigned int *, unsigned int *, ColumnOffsets *)"
0.0,1.6135,88,0.0183,0.0084,0.0063,0.1876,0.0277,  86    1    1,1024    1    1,"update_neighbour_halo_kernel(vmesh::VelocityMesh *, unsigned int, unsigned int **, unsigned int *, Hashinator::Hashmap<unsigned int, unsigned int, (unsigned int)4294967295, (unsigned int)4294967294, Hashinator::HashFunctions::Fibonacci<unsigned int>, Hashinator::Hashers::Hasher<unsigned int, unsigned int, Hashinator::HashFunctions::Fibonacci<unsigned int>, (unsigned int)4294967295, (unsigned int)4294967294, (int)32, (int)1>, split::split_unified_allocator<Hashinator::Info>> *, Hashinator::Hashmap<unsigned int, unsigned int, (unsigned int)4294967295, (unsigned int)4294967294, Hashinator::HashFunctions::Fibonacci<unsigned int>, Hashinator::Hashers::Hasher<unsigned int, unsigned int, Hashinator::HashFunctions::Fibonacci<unsigned int>, (unsigned int)4294967295, (unsigned int)4294967294, (int)32, (int)1>, split::split_unified_allocator<Hashinator::Info>> *)"
0.0,1.6054,56,0.0287,0.0120,0.0073,0.1735,0.0352, 112    1    1,1024    1    1,"update_neighbour_halo_kernel(vmesh::VelocityMesh *, unsigned int, unsigned int **, unsigned int *, Hashinator::Hashmap<unsigned int, unsigned int, (unsigned int)4294967295, (unsigned int)4294967294, Hashinator::HashFunctions::Fibonacci<unsigned int>, Hashinator::Hashers::Hasher<unsigned int, unsigned int, Hashinator::HashFunctions::Fibonacci<unsigned int>, (unsigned int)4294967295, (unsigned int)4294967294, (int)32, (int)1>, split::split_unified_allocator<Hashinator::Info>> *, Hashinator::Hashmap<unsigned int, unsigned int, (unsigned int)4294967295, (unsigned int)4294967294, Hashinator::HashFunctions::Fibonacci<unsigned int>, Hashinator::Hashers::Hasher<unsigned int, unsigned int, Hashinator::HashFunctions::Fibonacci<unsigned int>, (unsigned int)4294967295, (unsigned int)4294967294, (int)32, (int)1>, split::split_unified_allocator<Hashinator::Info>> *)"
0.0,1.5893,44,0.0361,0.0149,0.0111,0.1562,0.0357, 133    1    1,  32    1    1,"evaluate_column_extents_kernel(unsigned int, const vmesh::VelocityMesh *, ColumnOffsets *, Column *, split::SplitVector<unsigned int, split::split_unified_allocator<unsigned int>> *, Hashinator::Hashmap<unsigned int, unsigned int, (unsigned int)4294967295, (unsigned int)4294967294, Hashinator::HashFunctions::Fibonacci<unsigned int>, Hashinator::Hashers::Hasher<unsigned int, unsigned int, Hashinator::HashFunctions::Fibonacci<unsigned int>, (unsigned int)4294967295, (unsigned int)4294967294, (int)32, (int)1>, split::split_unified_allocator<Hashinator::Info>> *, Hashinator::Hashmap<unsigned int, unsigned int, (unsigned int)4294967295, (unsigned int)4294967294, Hashinator::HashFunctions::Fibonacci<unsigned int>, Hashinator::Hashers::Hasher<unsigned int, unsigned int, Hashinator::HashFunctions::Fibonacci<unsigned int>, (unsigned int)4294967295, (unsigned int)4294967294, (int)32, (int)1>, split::split_unified_allocator<Hashinator::Info>> *, unsigned int *, unsigned int *, float, float, float, float, int, int, float, float, unsigned int *)"
0.0,1.5890,221,0.0072,0.0071,0.0066,0.0081,0.0003, 604    1    1,  64    1    1,"update_velocity_block_content_lists_kernel(vmesh::VelocityMesh *, vmesh::VelocityBlockContainer *, Hashinator::Hashmap<unsigned int, unsigned int, (unsigned int)4294967295, (unsigned int)4294967294, Hashinator::HashFunctions::Fibonacci<unsigned int>, Hashinator::Hashers::Hasher<unsigned int, unsigned int, Hashinator::HashFunctions::Fibonacci<unsigned int>, (unsigned int)4294967295, (unsigned int)4294967294, (int)32, (int)1>, split::split_unified_allocator<Hashinator::Info>> *, Hashinator::Hashmap<unsigned int, unsigned int, (unsigned int)4294967295, (unsigned int)4294967294, Hashinator::HashFunctions::Fibonacci<unsigned int>, Hashinator::Hashers::Hasher<unsigned int, unsigned int, Hashinator::HashFunctions::Fibonacci<unsigned int>, (unsigned int)4294967295, (unsigned int)4294967294, (int)32, (int)1>, split::split_unified_allocator<Hashinator::Info>> *, double)"
0.0,1.5645,26,0.0602,0.0071,0.0056,0.4513,0.1011, 336    1    1,  64    1    1,"update_velocity_blocks_kernel(vmesh::VelocityMesh *, vmesh::VelocityBlockContainer *, split::SplitVector<unsigned int, split::split_unified_allocator<unsigned int>> *, split::SplitVector<Hashinator::hash_pair<unsigned int, unsigned int>, split::split_unified_allocator<Hashinator::hash_pair<unsigned int, unsigned int>>> *, split::SplitVector<Hashinator::hash_pair<unsigned int, unsigned int>, split::split_unified_allocator<Hashinator::hash_pair<unsigned int, unsigned int>>> *, split::SplitVector<Hashinator::hash_pair<unsigned int, unsigned int>, split::split_unified_allocator<Hashinator::hash_pair<unsigned int, unsigned int>>> *, unsigned int, unsigned int, unsigned int, float *)"
0.0,1.5555,58,0.0268,0.0153,0.0065,0.1069,0.0249, 140    1    1,  64    1    1,"update_velocity_blocks_kernel(vmesh::VelocityMesh *, vmesh::VelocityBlockContainer *, split::SplitVector<unsigned int, split::split_unified_allocator<unsigned int>> *, split::SplitVector<Hashinator::hash_pair<unsigned int, unsigned int>, split::split_unified_allocator<Hashinator::hash_pair<unsigned int, unsigned int>>> *, split::SplitVector<Hashinator::hash_pair<unsigned int, unsigned int>, split::split_unified_allocator<Hashinator::hash_pair<unsigned int, unsigned int>>> *, split::SplitVector<Hashinator::hash_pair<unsigned int, unsigned int>, split::split_unified_allocator<Hashinator::hash_pair<unsigned int, unsigned int>>> *, unsigned int, unsigned int, unsigned int, float *)"
0.0,1.5505,62,0.0250,0.0096,0.0067,0.1748,0.0319, 121    1    1,1024    1    1,"update_neighbour_halo_kernel(vmesh::VelocityMesh *, unsigned int, unsigned int **, unsigned int *, Hashinator::Hashmap<unsigned int, unsigned int, (unsigned int)4294967295, (unsigned int)4294967294, Hashinator::HashFunctions::Fibonacci<unsigned int>, Hashinator::Hashers::Hasher<unsigned int, unsigned int, Hashinator::HashFunctions::Fibonacci<unsigned int>, (unsigned int)4294967295, (unsigned int)4294967294, (int)32, (int)1>, split::split_unified_allocator<Hashinator::Info>> *, Hashinator::Hashmap<unsigned int, unsigned int, (unsigned int)4294967295, (unsigned int)4294967294, Hashinator::HashFunctions::Fibonacci<unsigned int>, Hashinator::Hashers::Hasher<unsigned int, unsigned int, Hashinator::HashFunctions::Fibonacci<unsigned int>, (unsigned int)4294967295, (unsigned int)4294967294, (int)32, (int)1>, split::split_unified_allocator<Hashinator::Info>> *)"
0.0,1.5487,58,0.0267,0.0130,0.0108,0.1294,0.0273, 129    1    1,  32    1    1,"evaluate_column_extents_kernel(unsigned int, const vmesh::VelocityMesh *, ColumnOffsets *, Column *, split::SplitVector<unsigned int, split::split_unified_allocator<unsigned int>> *, Hashinator::Hashmap<unsigned int, unsigned int, (unsigned int)4294967295, (unsigned int)4294967294, Hashinator::HashFunctions::Fibonacci<unsigned int>, Hashinator::Hashers::Hasher<unsigned int, unsigned int, Hashinator::HashFunctions::Fibonacci<unsigned int>, (unsigned int)4294967295, (unsigned int)4294967294, (int)32, (int)1>, split::split_unified_allocator<Hashinator::Info>> *, Hashinator::Hashmap<unsigned int, unsigned int, (unsigned int)4294967295, (unsigned int)4294967294, Hashinator::HashFunctions::Fibonacci<unsigned int>, Hashinator::Hashers::Hasher<unsigned int, unsigned int, Hashinator::HashFunctions::Fibonacci<unsigned int>, (unsigned int)4294967295, (unsigned int)4294967294, (int)32, (int)1>, split::split_unified_allocator<Hashinator::Info>> *, unsigned int *, unsigned int *, float, float, float, float, int, int, float, float, unsigned int *)"
0.0,1.5255,40,0.0381,0.0167,0.0054,0.1671,0.0435, 349    1    1,  64    1    1,"update_velocity_blocks_kernel(vmesh::VelocityMesh *, vmesh::VelocityBlockContainer *, split::SplitVector<unsigned int, split::split_unified_allocator<unsigned int>> *, split::SplitVector<Hashinator::hash_pair<unsigned int, unsigned int>, split::split_unified_allocator<Hashinator::hash_pair<unsigned int, unsigned int>>> *, split::SplitVector<Hashinator::hash_pair<unsigned int, unsigned int>, split::split_unified_allocator<Hashinator::hash_pair<unsigned int, unsigned int>>> *, split::SplitVector<Hashinator::hash_pair<unsigned int, unsigned int>, split::split_unified_allocator<Hashinator::hash_pair<unsigned int, unsigned int>>> *, unsigned int, unsigned int, unsigned int, float *)"
0.0,1.4745,44,0.0335,0.0076,0.0051,0.2324,0.0447, 172    1    1,  64    1    1,"update_velocity_blocks_kernel(vmesh::VelocityMesh *, vmesh::VelocityBlockContainer *, split::SplitVector<unsigned int, split::split_unified_allocator<unsigned int>> *, split::SplitVector<Hashinator::hash_pair<unsigned int, unsigned int>, split::split_unified_allocator<Hashinator::hash_pair<unsigned int, unsigned int>>> *, split::SplitVector<Hashinator::hash_pair<unsigned int, unsigned int>, split::split_unified_allocator<Hashinator::hash_pair<unsigned int, unsigned int>>> *, split::SplitVector<Hashinator::hash_pair<unsigned int, unsigned int>, split::split_unified_allocator<Hashinator::hash_pair<unsigned int, unsigned int>>> *, unsigned int, unsigned int, unsigned int, float *)"
0.0,1.4698,44,0.0334,0.0191,0.0065,0.1962,0.0396, 123    1    1,  64    1    1,"update_velocity_blocks_kernel(vmesh::VelocityMesh *, vmesh::VelocityBlockContainer *, split::SplitVector<unsigned int, split::split_unified_allocator<unsigned int>> *, split::SplitVector<Hashinator::hash_pair<unsigned int, unsigned int>, split::split_unified_allocator<Hashinator::hash_pair<unsigned int, unsigned int>>> *, split::SplitVector<Hashinator::hash_pair<unsigned int, unsigned int>, split::split_unified_allocator<Hashinator::hash_pair<unsigned int, unsigned int>>> *, split::SplitVector<Hashinator::hash_pair<unsigned int, unsigned int>, split::split_unified_allocator<Hashinator::hash_pair<unsigned int, unsigned int>>> *, unsigned int, unsigned int, unsigned int, float *)"
0.0,1.4614,40,0.0365,0.0079,0.0050,0.1828,0.0463, 280    1    1,  64    1    1,"update_velocity_blocks_kernel(vmesh::VelocityMesh *, vmesh::VelocityBlockContainer *, split::SplitVector<unsigned int, split::split_unified_allocator<unsigned int>> *, split::SplitVector<Hashinator::hash_pair<unsigned int, unsigned int>, split::split_unified_allocator<Hashinator::hash_pair<unsigned int, unsigned int>>> *, split::SplitVector<Hashinator::hash_pair<unsigned int, unsigned int>, split::split_unified_allocator<Hashinator::hash_pair<unsigned int, unsigned int>>> *, split::SplitVector<Hashinator::hash_pair<unsigned int, unsigned int>, split::split_unified_allocator<Hashinator::hash_pair<unsigned int, unsigned int>>> *, unsigned int, unsigned int, unsigned int, float *)"
0.0,1.4612,80,0.0183,0.0084,0.0062,0.1774,0.0279,  97    1    1,1024    1    1,"update_neighbour_halo_kernel(vmesh::VelocityMesh *, unsigned int, unsigned int **, unsigned int *, Hashinator::Hashmap<unsigned int, unsigned int, (unsigned int)4294967295, (unsigned int)4294967294, Hashinator::HashFunctions::Fibonacci<unsigned int>, Hashinator::Hashers::Hasher<unsigned int, unsigned int, Hashinator::HashFunctions::Fibonacci<unsigned int>, (unsigned int)4294967295, (unsigned int)4294967294, (int)32, (int)1>, split::split_unified_allocator<Hashinator::Info>> *, Hashinator::Hashmap<unsigned int, unsigned int, (unsigned int)4294967295, (unsigned int)4294967294, Hashinator::HashFunctions::Fibonacci<unsigned int>, Hashinator::Hashers::Hasher<unsigned int, unsigned int, Hashinator::HashFunctions::Fibonacci<unsigned int>, (unsigned int)4294967295, (unsigned int)4294967294, (int)32, (int)1>, split::split_unified_allocator<Hashinator::Info>> *)"
0.0,1.4420,56,0.0258,0.0130,0.0110,0.1258,0.0261, 113    1    1,  32    1    1,"evaluate_column_extents_kernel(unsigned int, const vmesh::VelocityMesh *, ColumnOffsets *, Column *, split::SplitVector<unsigned int, split::split_unified_allocator<unsigned int>> *, Hashinator::Hashmap<unsigned int, unsigned int, (unsigned int)4294967295, (unsigned int)4294967294, Hashinator::HashFunctions::Fibonacci<unsigned int>, Hashinator::Hashers::Hasher<unsigned int, unsigned int, Hashinator::HashFunctions::Fibonacci<unsigned int>, (unsigned int)4294967295, (unsigned int)4294967294, (int)32, (int)1>, split::split_unified_allocator<Hashinator::Info>> *, Hashinator::Hashmap<unsigned int, unsigned int, (unsigned int)4294967295, (unsigned int)4294967294, Hashinator::HashFunctions::Fibonacci<unsigned int>, Hashinator::Hashers::Hasher<unsigned int, unsigned int, Hashinator::HashFunctions::Fibonacci<unsigned int>, (unsigned int)4294967295, (unsigned int)4294967294, (int)32, (int)1>, split::split_unified_allocator<Hashinator::Info>> *, unsigned int *, unsigned int *, float, float, float, float, int, int, float, float, unsigned int *)"
0.0,1.4377,23,0.0625,0.0144,0.0053,0.4653,0.1226, 294    1    1,  64    1    1,"update_velocity_blocks_kernel(vmesh::VelocityMesh *, vmesh::VelocityBlockContainer *, split::SplitVector<unsigned int, split::split_unified_allocator<unsigned int>> *, split::SplitVector<Hashinator::hash_pair<unsigned int, unsigned int>, split::split_unified_allocator<Hashinator::hash_pair<unsigned int, unsigned int>>> *, split::SplitVector<Hashinator::hash_pair<unsigned int, unsigned int>, split::split_unified_allocator<Hashinator::hash_pair<unsigned int, unsigned int>>> *, split::SplitVector<Hashinator::hash_pair<unsigned int, unsigned int>, split::split_unified_allocator<Hashinator::hash_pair<unsigned int, unsigned int>>> *, unsigned int, unsigned int, unsigned int, float *)"
0.0,1.4292,8,0.1787,0.1897,0.1211,0.2301,0.0461, 126    1    1,  16    1    1,"acceleration_kernel(const vmesh::VelocityMesh *, vmesh::VelocityBlockContainer *, VecSimple<float> *, unsigned int *, unsigned int *, Column *, unsigned int, float, float, float, float, float, float, float, float, unsigned long)"
0.0,1.4243,64,0.0223,0.0084,0.0063,0.1142,0.0279,  88    1    1,1024    1    1,"update_neighbour_halo_kernel(vmesh::VelocityMesh *, unsigned int, unsigned int **, unsigned int *, Hashinator::Hashmap<unsigned int, unsigned int, (unsigned int)4294967295, (unsigned int)4294967294, Hashinator::HashFunctions::Fibonacci<unsigned int>, Hashinator::Hashers::Hasher<unsigned int, unsigned int, Hashinator::HashFunctions::Fibonacci<unsigned int>, (unsigned int)4294967295, (unsigned int)4294967294, (int)32, (int)1>, split::split_unified_allocator<Hashinator::Info>> *, Hashinator::Hashmap<unsigned int, unsigned int, (unsigned int)4294967295, (unsigned int)4294967294, Hashinator::HashFunctions::Fibonacci<unsigned int>, Hashinator::Hashers::Hasher<unsigned int, unsigned int, Hashinator::HashFunctions::Fibonacci<unsigned int>, (unsigned int)4294967295, (unsigned int)4294967294, (int)32, (int)1>, split::split_unified_allocator<Hashinator::Info>> *)"
0.0,1.4207,56,0.0254,0.0159,0.0124,0.1290,0.0254, 113    1    1,  16    1    1,"reorder_blocks_by_dimension_kernel(vmesh::VelocityBlockContainer *, VecSimple<float> *, unsigned int *, unsigned int *, ColumnOffsets *)"
0.0,1.4043,44,0.0319,0.0188,0.0132,0.2116,0.0365, 136    1    1,  16    1    1,"reorder_blocks_by_dimension_kernel(vmesh::VelocityBlockContainer *, VecSimple<float> *, unsigned int *, unsigned int *, ColumnOffsets *)"
0.0,1.3914,44,0.0316,0.0076,0.0051,0.2229,0.0455, 231    1    1,  64    1    1,"update_velocity_blocks_kernel(vmesh::VelocityMesh *, vmesh::VelocityBlockContainer *, split::SplitVector<unsigned int, split::split_unified_allocator<unsigned int>> *, split::SplitVector<Hashinator::hash_pair<unsigned int, unsigned int>, split::split_unified_allocator<Hashinator::hash_pair<unsigned int, unsigned int>>> *, split::SplitVector<Hashinator::hash_pair<unsigned int, unsigned int>, split::split_unified_allocator<Hashinator::hash_pair<unsigned int, unsigned int>>> *, split::SplitVector<Hashinator::hash_pair<unsigned int, unsigned int>, split::split_unified_allocator<Hashinator::hash_pair<unsigned int, unsigned int>>> *, unsigned int, unsigned int, unsigned int, float *)"
0.0,1.3832,38,0.0364,0.0074,0.0054,0.2004,0.0512, 275    1    1,  64    1    1,"update_velocity_blocks_kernel(vmesh::VelocityMesh *, vmesh::VelocityBlockContainer *, split::SplitVector<unsigned int, split::split_unified_allocator<unsigned int>> *, split::SplitVector<Hashinator::hash_pair<unsigned int, unsigned int>, split::split_unified_allocator<Hashinator::hash_pair<unsigned int, unsigned int>>> *, split::SplitVector<Hashinator::hash_pair<unsigned int, unsigned int>, split::split_unified_allocator<Hashinator::hash_pair<unsigned int, unsigned int>>> *, split::SplitVector<Hashinator::hash_pair<unsigned int, unsigned int>, split::split_unified_allocator<Hashinator::hash_pair<unsigned int, unsigned int>>> *, unsigned int, unsigned int, unsigned int, float *)"
0.0,1.3749,64,0.0215,0.0078,0.0064,0.1036,0.0241,  51    1    1,  64    1    1,"update_velocity_blocks_kernel(vmesh::VelocityMesh *, vmesh::VelocityBlockContainer *, split::SplitVector<unsigned int, split::split_unified_allocator<unsigned int>> *, split::SplitVector<Hashinator::hash_pair<unsigned int, unsigned int>, split::split_unified_allocator<Hashinator::hash_pair<unsigned int, unsigned int>>> *, split::SplitVector<Hashinator::hash_pair<unsigned int, unsigned int>, split::split_unified_allocator<Hashinator::hash_pair<unsigned int, unsigned int>>> *, split::SplitVector<Hashinator::hash_pair<unsigned int, unsigned int>, split::split_unified_allocator<Hashinator::hash_pair<unsigned int, unsigned int>>> *, unsigned int, unsigned int, unsigned int, float *)"
0.0,1.3580,58,0.0234,0.0105,0.0084,0.1372,0.0301, 143    1    1,1024    1    1,"update_neighbour_halo_kernel(vmesh::VelocityMesh *, unsigned int, unsigned int **, unsigned int *, Hashinator::Hashmap<unsigned int, unsigned int, (unsigned int)4294967295, (unsigned int)4294967294, Hashinator::HashFunctions::Fibonacci<unsigned int>, Hashinator::Hashers::Hasher<unsigned int, unsigned int, Hashinator::HashFunctions::Fibonacci<unsigned int>, (unsigned int)4294967295, (unsigned int)4294967294, (int)32, (int)1>, split::split_unified_allocator<Hashinator::Info>> *, Hashinator::Hashmap<unsigned int, unsigned int, (unsigned int)4294967295, (unsigned int)4294967294, Hashinator::HashFunctions::Fibonacci<unsigned int>, Hashinator::Hashers::Hasher<unsigned int, unsigned int, Hashinator::HashFunctions::Fibonacci<unsigned int>, (unsigned int)4294967295, (unsigned int)4294967294, (int)32, (int)1>, split::split_unified_allocator<Hashinator::Info>> *)"
0.0,1.3418,32,0.0419,0.0511,0.0042,0.0843,0.0238,  74    1    1, 512    1    1,"void arch::reduction_kernel<(unsigned int)512, (arch::reduce_op)2, (unsigned int)4, (unsigned int)3, DRO::VariableEnergyDensity::reduceData(const spatial_cell::SpatialCell *, char *)::[lambda(unsigned int, unsigned int, unsigned int, unsigned int, double *) (instance 1)], double>(T5, const T6 *, T6 *, const unsigned int *, unsigned int, unsigned int, T6 *)"
0.0,1.3397,37,0.0362,0.0076,0.0053,0.1723,0.0489, 329    1    1,  64    1    1,"update_velocity_blocks_kernel(vmesh::VelocityMesh *, vmesh::VelocityBlockContainer *, split::SplitVector<unsigned int, split::split_unified_allocator<unsigned int>> *, split::SplitVector<Hashinator::hash_pair<unsigned int, unsigned int>, split::split_unified_allocator<Hashinator::hash_pair<unsigned int, unsigned int>>> *, split::SplitVector<Hashinator::hash_pair<unsigned int, unsigned int>, split::split_unified_allocator<Hashinator::hash_pair<unsigned int, unsigned int>>> *, split::SplitVector<Hashinator::hash_pair<unsigned int, unsigned int>, split::split_unified_allocator<Hashinator::hash_pair<unsigned int, unsigned int>>> *, unsigned int, unsigned int, unsigned int, float *)"
0.0,1.3385,24,0.0558,0.0126,0.0052,0.4575,0.0935, 304    1    1,  64    1    1,"update_velocity_blocks_kernel(vmesh::VelocityMesh *, vmesh::VelocityBlockContainer *, split::SplitVector<unsigned int, split::split_unified_allocator<unsigned int>> *, split::SplitVector<Hashinator::hash_pair<unsigned int, unsigned int>, split::split_unified_allocator<Hashinator::hash_pair<unsigned int, unsigned int>>> *, split::SplitVector<Hashinator::hash_pair<unsigned int, unsigned int>, split::split_unified_allocator<Hashinator::hash_pair<unsigned int, unsigned int>>> *, split::SplitVector<Hashinator::hash_pair<unsigned int, unsigned int>, split::split_unified_allocator<Hashinator::hash_pair<unsigned int, unsigned int>>> *, unsigned int, unsigned int, unsigned int, float *)"
0.0,1.3373,168,0.0080,0.0030,0.0026,0.0939,0.0147,  15    1    1,  32    1    1,"blocksID_mapped_dim2_kernel(const vmesh::VelocityMesh *, unsigned int *, unsigned int *, unsigned int)"
0.0,1.3355,48,0.0278,0.0227,0.0042,0.0613,0.0240,  62    1    1, 512    1    1,"void arch::reduction_kernel<(unsigned int)512, (arch::reduce_op)2, (unsigned int)4, (unsigned int)3, DRO::VariablePTensorDiagonal::reduceData(const spatial_cell::SpatialCell *, char *)::[lambda(unsigned int, unsigned int, unsigned int, unsigned int, double *) (instance 1)], double>(T5, const T6 *, T6 *, const unsigned int *, unsigned int, unsigned int, T6 *)"
0.0,1.3340,32,0.0417,0.0521,0.0042,0.0598,0.0221,  74    1    1, 512    1    1,"void arch::reduction_kernel<(unsigned int)512, (arch::reduce_op)2, (unsigned int)4, (unsigned int)3, DRO::VariablePTensorOffDiagonal::reduceData(const spatial_cell::SpatialCell *, char *)::[lambda(unsigned int, unsigned int, unsigned int, unsigned int, double *) (instance 1)], double>(T5, const T6 *, T6 *, const unsigned int *, unsigned int, unsigned int, T6 *)"
0.0,1.3319,191,0.0070,0.0069,0.0064,0.0087,0.0003, 390    1    1,  64    1    1,"update_velocity_block_content_lists_kernel(vmesh::VelocityMesh *, vmesh::VelocityBlockContainer *, Hashinator::Hashmap<unsigned int, unsigned int, (unsigned int)4294967295, (unsigned int)4294967294, Hashinator::HashFunctions::Fibonacci<unsigned int>, Hashinator::Hashers::Hasher<unsigned int, unsigned int, Hashinator::HashFunctions::Fibonacci<unsigned int>, (unsigned int)4294967295, (unsigned int)4294967294, (int)32, (int)1>, split::split_unified_allocator<Hashinator::Info>> *, Hashinator::Hashmap<unsigned int, unsigned int, (unsigned int)4294967295, (unsigned int)4294967294, Hashinator::HashFunctions::Fibonacci<unsigned int>, Hashinator::Hashers::Hasher<unsigned int, unsigned int, Hashinator::HashFunctions::Fibonacci<unsigned int>, (unsigned int)4294967295, (unsigned int)4294967294, (int)32, (int)1>, split::split_unified_allocator<Hashinator::Info>> *, double)"
0.0,1.3293,44,0.0302,0.0079,0.0062,0.1470,0.0379,  82    1    1,  64    1    1,"update_velocity_blocks_kernel(vmesh::VelocityMesh *, vmesh::VelocityBlockContainer *, split::SplitVector<unsigned int, split::split_unified_allocator<unsigned int>> *, split::SplitVector<Hashinator::hash_pair<unsigned int, unsigned int>, split::split_unified_allocator<Hashinator::hash_pair<unsigned int, unsigned int>>> *, split::SplitVector<Hashinator::hash_pair<unsigned int, unsigned int>, split::split_unified_allocator<Hashinator::hash_pair<unsigned int, unsigned int>>> *, split::SplitVector<Hashinator::hash_pair<unsigned int, unsigned int>, split::split_unified_allocator<Hashinator::hash_pair<unsigned int, unsigned int>>> *, unsigned int, unsigned int, unsigned int, float *)"
0.0,1.3003,48,0.0271,0.0043,0.0040,0.2053,0.0470, 112    1    1, 512    1    1,"void arch::reduction_kernel<(unsigned int)512, (arch::reduce_op)2, (unsigned int)4, (unsigned int)3, void blockVelocitySecondMoments<double, (unsigned int)3>(vmesh::VelocityBlockContainer *, T1, T1, T1, T1 (&)[T2], unsigned int)::[lambda(unsigned int, unsigned int, unsigned int, unsigned int, double *) (instance 1)], double>(T5, const T6 *, T6 *, const unsigned int *, unsigned int, unsigned int, T6 *)"
0.0,1.2778,42,0.0304,0.0122,0.0092,0.1507,0.0330, 197    1    1,1024    1    1,"update_neighbour_halo_kernel(vmesh::VelocityMesh *, unsigned int, unsigned int **, unsigned int *, Hashinator::Hashmap<unsigned int, unsigned int, (unsigned int)4294967295, (unsigned int)4294967294, Hashinator::HashFunctions::Fibonacci<unsigned int>, Hashinator::Hashers::Hasher<unsigned int, unsigned int, Hashinator::HashFunctions::Fibonacci<unsigned int>, (unsigned int)4294967295, (unsigned int)4294967294, (int)32, (int)1>, split::split_unified_allocator<Hashinator::Info>> *, Hashinator::Hashmap<unsigned int, unsigned int, (unsigned int)4294967295, (unsigned int)4294967294, Hashinator::HashFunctions::Fibonacci<unsigned int>, Hashinator::Hashers::Hasher<unsigned int, unsigned int, Hashinator::HashFunctions::Fibonacci<unsigned int>, (unsigned int)4294967295, (unsigned int)4294967294, (int)32, (int)1>, split::split_unified_allocator<Hashinator::Info>> *)"
0.0,1.2693,48,0.0264,0.0048,0.0045,0.4768,0.0843,  89    1    1, 512    1    1,"void arch::reduction_kernel<(unsigned int)512, (arch::reduce_op)2, (unsigned int)4, (unsigned int)4, void blockVelocityFirstMoments<double, (unsigned int)4>(vmesh::VelocityBlockContainer *, T1 (&)[T2], unsigned int)::[lambda(unsigned int, unsigned int, unsigned int, unsigned int, double *) (instance 1)], double>(T5, const T6 *, T6 *, const unsigned int *, unsigned int, unsigned int, T6 *)"
0.0,1.2690,32,0.0397,0.0111,0.0094,0.1696,0.0458, 146    1    1,1024    1    1,"update_neighbour_halo_kernel(vmesh::VelocityMesh *, unsigned int, unsigned int **, unsigned int *, Hashinator::Hashmap<unsigned int, unsigned int, (unsigned int)4294967295, (unsigned int)4294967294, Hashinator::HashFunctions::Fibonacci<unsigned int>, Hashinator::Hashers::Hasher<unsigned int, unsigned int, Hashinator::HashFunctions::Fibonacci<unsigned int>, (unsigned int)4294967295, (unsigned int)4294967294, (int)32, (int)1>, split::split_unified_allocator<Hashinator::Info>> *, Hashinator::Hashmap<unsigned int, unsigned int, (unsigned int)4294967295, (unsigned int)4294967294, Hashinator::HashFunctions::Fibonacci<unsigned int>, Hashinator::Hashers::Hasher<unsigned int, unsigned int, Hashinator::HashFunctions::Fibonacci<unsigned int>, (unsigned int)4294967295, (unsigned int)4294967294, (int)32, (int)1>, split::split_unified_allocator<Hashinator::Info>> *)"
0.0,1.2674,80,0.0158,0.0085,0.0064,0.0910,0.0200,  65    1    1,1024    1    1,"update_neighbour_halo_kernel(vmesh::VelocityMesh *, unsigned int, unsigned int **, unsigned int *, Hashinator::Hashmap<unsigned int, unsigned int, (unsigned int)4294967295, (unsigned int)4294967294, Hashinator::HashFunctions::Fibonacci<unsigned int>, Hashinator::Hashers::Hasher<unsigned int, unsigned int, Hashinator::HashFunctions::Fibonacci<unsigned int>, (unsigned int)4294967295, (unsigned int)4294967294, (int)32, (int)1>, split::split_unified_allocator<Hashinator::Info>> *, Hashinator::Hashmap<unsigned int, unsigned int, (unsigned int)4294967295, (unsigned int)4294967294, Hashinator::HashFunctions::Fibonacci<unsigned int>, Hashinator::Hashers::Hasher<unsigned int, unsigned int, Hashinator::HashFunctions::Fibonacci<unsigned int>, (unsigned int)4294967295, (unsigned int)4294967294, (int)32, (int)1>, split::split_unified_allocator<Hashinator::Info>> *)"
0.0,1.2647,44,0.0287,0.0169,0.0127,0.1350,0.0278, 133    1    1,  16    1    1,"reorder_blocks_by_dimension_kernel(vmesh::VelocityBlockContainer *, VecSimple<float> *, unsigned int *, unsigned int *, ColumnOffsets *)"
0.0,1.2428,48,0.0259,0.0073,0.0052,0.3480,0.0543, 358    1    1,  64    1    1,"update_velocity_blocks_kernel(vmesh::VelocityMesh *, vmesh::VelocityBlockContainer *, split::SplitVector<unsigned int, split::split_unified_allocator<unsigned int>> *, split::SplitVector<Hashinator::hash_pair<unsigned int, unsigned int>, split::split_unified_allocator<Hashinator::hash_pair<unsigned int, unsigned int>>> *, split::SplitVector<Hashinator::hash_pair<unsigned int, unsigned int>, split::split_unified_allocator<Hashinator::hash_pair<unsigned int, unsigned int>>> *, split::SplitVector<Hashinator::hash_pair<unsigned int, unsigned int>, split::split_unified_allocator<Hashinator::hash_pair<unsigned int, unsigned int>>> *, unsigned int, unsigned int, unsigned int, float *)"
0.0,1.2358,44,0.0281,0.0146,0.0116,0.1112,0.0259, 136    1    1,  32    1    1,"evaluate_column_extents_kernel(unsigned int, const vmesh::VelocityMesh *, ColumnOffsets *, Column *, split::SplitVector<unsigned int, split::split_unified_allocator<unsigned int>> *, Hashinator::Hashmap<unsigned int, unsigned int, (unsigned int)4294967295, (unsigned int)4294967294, Hashinator::HashFunctions::Fibonacci<unsigned int>, Hashinator::Hashers::Hasher<unsigned int, unsigned int, Hashinator::HashFunctions::Fibonacci<unsigned int>, (unsigned int)4294967295, (unsigned int)4294967294, (int)32, (int)1>, split::split_unified_allocator<Hashinator::Info>> *, Hashinator::Hashmap<unsigned int, unsigned int, (unsigned int)4294967295, (unsigned int)4294967294, Hashinator::HashFunctions::Fibonacci<unsigned int>, Hashinator::Hashers::Hasher<unsigned int, unsigned int, Hashinator::HashFunctions::Fibonacci<unsigned int>, (unsigned int)4294967295, (unsigned int)4294967294, (int)32, (int)1>, split::split_unified_allocator<Hashinator::Info>> *, unsigned int *, unsigned int *, float, float, float, float, int, int, float, float, unsigned int *)"
0.0,1.2337,25,0.0493,0.0584,0.0081,0.1375,0.0306,1472    1    1,  64    1    1,"update_velocity_block_content_lists_kernel(vmesh::VelocityMesh *, vmesh::VelocityBlockContainer *, Hashinator::Hashmap<unsigned int, unsigned int, (unsigned int)4294967295, (unsigned int)4294967294, Hashinator::HashFunctions::Fibonacci<unsigned int>, Hashinator::Hashers::Hasher<unsigned int, unsigned int, Hashinator::HashFunctions::Fibonacci<unsigned int>, (unsigned int)4294967295, (unsigned int)4294967294, (int)32, (int)1>, split::split_unified_allocator<Hashinator::Info>> *, Hashinator::Hashmap<unsigned int, unsigned int, (unsigned int)4294967295, (unsigned int)4294967294, Hashinator::HashFunctions::Fibonacci<unsigned int>, Hashinator::Hashers::Hasher<unsigned int, unsigned int, Hashinator::HashFunctions::Fibonacci<unsigned int>, (unsigned int)4294967295, (unsigned int)4294967294, (int)32, (int)1>, split::split_unified_allocator<Hashinator::Info>> *, double)"
0.0,1.2243,64,0.0191,0.0097,0.0075,0.0877,0.0204, 107    1    1,1024    1    1,"update_neighbour_halo_kernel(vmesh::VelocityMesh *, unsigned int, unsigned int **, unsigned int *, Hashinator::Hashmap<unsigned int, unsigned int, (unsigned int)4294967295, (unsigned int)4294967294, Hashinator::HashFunctions::Fibonacci<unsigned int>, Hashinator::Hashers::Hasher<unsigned int, unsigned int, Hashinator::HashFunctions::Fibonacci<unsigned int>, (unsigned int)4294967295, (unsigned int)4294967294, (int)32, (int)1>, split::split_unified_allocator<Hashinator::Info>> *, Hashinator::Hashmap<unsigned int, unsigned int, (unsigned int)4294967295, (unsigned int)4294967294, Hashinator::HashFunctions::Fibonacci<unsigned int>, Hashinator::Hashers::Hasher<unsigned int, unsigned int, Hashinator::HashFunctions::Fibonacci<unsigned int>, (unsigned int)4294967295, (unsigned int)4294967294, (int)32, (int)1>, split::split_unified_allocator<Hashinator::Info>> *)"
0.0,1.2140,44,0.0276,0.0075,0.0063,0.1108,0.0314, 148    1    1,  64    1    1,"update_velocity_blocks_kernel(vmesh::VelocityMesh *, vmesh::VelocityBlockContainer *, split::SplitVector<unsigned int, split::split_unified_allocator<unsigned int>> *, split::SplitVector<Hashinator::hash_pair<unsigned int, unsigned int>, split::split_unified_allocator<Hashinator::hash_pair<unsigned int, unsigned int>>> *, split::SplitVector<Hashinator::hash_pair<unsigned int, unsigned int>, split::split_unified_allocator<Hashinator::hash_pair<unsigned int, unsigned int>>> *, split::SplitVector<Hashinator::hash_pair<unsigned int, unsigned int>, split::split_unified_allocator<Hashinator::hash_pair<unsigned int, unsigned int>>> *, unsigned int, unsigned int, unsigned int, float *)"
0.0,1.2127,175,0.0069,0.0069,0.0064,0.0082,0.0003, 389    1    1,  64    1    1,"update_velocity_block_content_lists_kernel(vmesh::VelocityMesh *, vmesh::VelocityBlockContainer *, Hashinator::Hashmap<unsigned int, unsigned int, (unsigned int)4294967295, (unsigned int)4294967294, Hashinator::HashFunctions::Fibonacci<unsigned int>, Hashinator::Hashers::Hasher<unsigned int, unsigned int, Hashinator::HashFunctions::Fibonacci<unsigned int>, (unsigned int)4294967295, (unsigned int)4294967294, (int)32, (int)1>, split::split_unified_allocator<Hashinator::Info>> *, Hashinator::Hashmap<unsigned int, unsigned int, (unsigned int)4294967295, (unsigned int)4294967294, Hashinator::HashFunctions::Fibonacci<unsigned int>, Hashinator::Hashers::Hasher<unsigned int, unsigned int, Hashinator::HashFunctions::Fibonacci<unsigned int>, (unsigned int)4294967295, (unsigned int)4294967294, (int)32, (int)1>, split::split_unified_allocator<Hashinator::Info>> *, double)"
0.0,1.2101,36,0.0336,0.0232,0.0194,0.1532,0.0264, 324    1    1,1024    1    1,"update_neighbour_halo_kernel(vmesh::VelocityMesh *, unsigned int, unsigned int **, unsigned int *, Hashinator::Hashmap<unsigned int, unsigned int, (unsigned int)4294967295, (unsigned int)4294967294, Hashinator::HashFunctions::Fibonacci<unsigned int>, Hashinator::Hashers::Hasher<unsigned int, unsigned int, Hashinator::HashFunctions::Fibonacci<unsigned int>, (unsigned int)4294967295, (unsigned int)4294967294, (int)32, (int)1>, split::split_unified_allocator<Hashinator::Info>> *, Hashinator::Hashmap<unsigned int, unsigned int, (unsigned int)4294967295, (unsigned int)4294967294, Hashinator::HashFunctions::Fibonacci<unsigned int>, Hashinator::Hashers::Hasher<unsigned int, unsigned int, Hashinator::HashFunctions::Fibonacci<unsigned int>, (unsigned int)4294967295, (unsigned int)4294967294, (int)32, (int)1>, split::split_unified_allocator<Hashinator::Info>> *)"
0.0,1.2071,72,0.0168,0.0086,0.0064,0.2156,0.0332,  99    1    1,1024    1    1,"update_neighbour_halo_kernel(vmesh::VelocityMesh *, unsigned int, unsigned int **, unsigned int *, Hashinator::Hashmap<unsigned int, unsigned int, (unsigned int)4294967295, (unsigned int)4294967294, Hashinator::HashFunctions::Fibonacci<unsigned int>, Hashinator::Hashers::Hasher<unsigned int, unsigned int, Hashinator::HashFunctions::Fibonacci<unsigned int>, (unsigned int)4294967295, (unsigned int)4294967294, (int)32, (int)1>, split::split_unified_allocator<Hashinator::Info>> *, Hashinator::Hashmap<unsigned int, unsigned int, (unsigned int)4294967295, (unsigned int)4294967294, Hashinator::HashFunctions::Fibonacci<unsigned int>, Hashinator::Hashers::Hasher<unsigned int, unsigned int, Hashinator::HashFunctions::Fibonacci<unsigned int>, (unsigned int)4294967295, (unsigned int)4294967294, (int)32, (int)1>, split::split_unified_allocator<Hashinator::Info>> *)"
0.0,1.2064,168,0.0072,0.0071,0.0066,0.0091,0.0004, 564    1    1,  64    1    1,"update_velocity_block_content_lists_kernel(vmesh::VelocityMesh *, vmesh::VelocityBlockContainer *, Hashinator::Hashmap<unsigned int, unsigned int, (unsigned int)4294967295, (unsigned int)4294967294, Hashinator::HashFunctions::Fibonacci<unsigned int>, Hashinator::Hashers::Hasher<unsigned int, unsigned int, Hashinator::HashFunctions::Fibonacci<unsigned int>, (unsigned int)4294967295, (unsigned int)4294967294, (int)32, (int)1>, split::split_unified_allocator<Hashinator::Info>> *, Hashinator::Hashmap<unsigned int, unsigned int, (unsigned int)4294967295, (unsigned int)4294967294, Hashinator::HashFunctions::Fibonacci<unsigned int>, Hashinator::Hashers::Hasher<unsigned int, unsigned int, Hashinator::HashFunctions::Fibonacci<unsigned int>, (unsigned int)4294967295, (unsigned int)4294967294, (int)32, (int)1>, split::split_unified_allocator<Hashinator::Info>> *, double)"
0.0,1.1760,24,0.0490,0.0261,0.0052,0.2181,0.0624, 337    1    1,  64    1    1,"update_velocity_blocks_kernel(vmesh::VelocityMesh *, vmesh::VelocityBlockContainer *, split::SplitVector<unsigned int, split::split_unified_allocator<unsigned int>> *, split::SplitVector<Hashinator::hash_pair<unsigned int, unsigned int>, split::split_unified_allocator<Hashinator::hash_pair<unsigned int, unsigned int>>> *, split::SplitVector<Hashinator::hash_pair<unsigned int, unsigned int>, split::split_unified_allocator<Hashinator::hash_pair<unsigned int, unsigned int>>> *, split::SplitVector<Hashinator::hash_pair<unsigned int, unsigned int>, split::split_unified_allocator<Hashinator::hash_pair<unsigned int, unsigned int>>> *, unsigned int, unsigned int, unsigned int, float *)"
0.0,1.1621,52,0.0223,0.0078,0.0064,0.1126,0.0231,  41    1    1,  64    1    1,"update_velocity_blocks_kernel(vmesh::VelocityMesh *, vmesh::VelocityBlockContainer *, split::SplitVector<unsigned int, split::split_unified_allocator<unsigned int>> *, split::SplitVector<Hashinator::hash_pair<unsigned int, unsigned int>, split::split_unified_allocator<Hashinator::hash_pair<unsigned int, unsigned int>>> *, split::SplitVector<Hashinator::hash_pair<unsigned int, unsigned int>, split::split_unified_allocator<Hashinator::hash_pair<unsigned int, unsigned int>>> *, split::SplitVector<Hashinator::hash_pair<unsigned int, unsigned int>, split::split_unified_allocator<Hashinator::hash_pair<unsigned int, unsigned int>>> *, unsigned int, unsigned int, unsigned int, float *)"
0.0,1.1609,28,0.0415,0.0119,0.0067,0.1727,0.0470,  69    1    1,1024    1    1,"update_neighbour_halo_kernel(vmesh::VelocityMesh *, unsigned int, unsigned int **, unsigned int *, Hashinator::Hashmap<unsigned int, unsigned int, (unsigned int)4294967295, (unsigned int)4294967294, Hashinator::HashFunctions::Fibonacci<unsigned int>, Hashinator::Hashers::Hasher<unsigned int, unsigned int, Hashinator::HashFunctions::Fibonacci<unsigned int>, (unsigned int)4294967295, (unsigned int)4294967294, (int)32, (int)1>, split::split_unified_allocator<Hashinator::Info>> *, Hashinator::Hashmap<unsigned int, unsigned int, (unsigned int)4294967295, (unsigned int)4294967294, Hashinator::HashFunctions::Fibonacci<unsigned int>, Hashinator::Hashers::Hasher<unsigned int, unsigned int, Hashinator::HashFunctions::Fibonacci<unsigned int>, (unsigned int)4294967295, (unsigned int)4294967294, (int)32, (int)1>, split::split_unified_allocator<Hashinator::Info>> *)"
0.0,1.1484,42,0.0273,0.0072,0.0063,0.1427,0.0367, 112    1    1,  64    1    1,"update_velocity_blocks_kernel(vmesh::VelocityMesh *, vmesh::VelocityBlockContainer *, split::SplitVector<unsigned int, split::split_unified_allocator<unsigned int>> *, split::SplitVector<Hashinator::hash_pair<unsigned int, unsigned int>, split::split_unified_allocator<Hashinator::hash_pair<unsigned int, unsigned int>>> *, split::SplitVector<Hashinator::hash_pair<unsigned int, unsigned int>, split::split_unified_allocator<Hashinator::hash_pair<unsigned int, unsigned int>>> *, split::SplitVector<Hashinator::hash_pair<unsigned int, unsigned int>, split::split_unified_allocator<Hashinator::hash_pair<unsigned int, unsigned int>>> *, unsigned int, unsigned int, unsigned int, float *)"
0.0,1.1476,168,0.0068,0.0040,0.0039,0.0943,0.0121,  45    1    1, 512    1    1,"void arch::reduction_kernel<(unsigned int)512, (arch::reduce_op)2, (unsigned int)4, (unsigned int)3, void blockVelocitySecondMoments<double, (unsigned int)3>(vmesh::VelocityBlockContainer *, T1, T1, T1, T1 (&)[T2], unsigned int)::[lambda(unsigned int, unsigned int, unsigned int, unsigned int, double *) (instance 1)], double>(T5, const T6 *, T6 *, const unsigned int *, unsigned int, unsigned int, T6 *)"
0.0,1.1411,163,0.0070,0.0069,0.0064,0.0087,0.0004, 388    1    1,  64    1    1,"update_velocity_block_content_lists_kernel(vmesh::VelocityMesh *, vmesh::VelocityBlockContainer *, Hashinator::Hashmap<unsigned int, unsigned int, (unsigned int)4294967295, (unsigned int)4294967294, Hashinator::HashFunctions::Fibonacci<unsigned int>, Hashinator::Hashers::Hasher<unsigned int, unsigned int, Hashinator::HashFunctions::Fibonacci<unsigned int>, (unsigned int)4294967295, (unsigned int)4294967294, (int)32, (int)1>, split::split_unified_allocator<Hashinator::Info>> *, Hashinator::Hashmap<unsigned int, unsigned int, (unsigned int)4294967295, (unsigned int)4294967294, Hashinator::HashFunctions::Fibonacci<unsigned int>, Hashinator::Hashers::Hasher<unsigned int, unsigned int, Hashinator::HashFunctions::Fibonacci<unsigned int>, (unsigned int)4294967295, (unsigned int)4294967294, (int)32, (int)1>, split::split_unified_allocator<Hashinator::Info>> *, double)"
0.0,1.1300,24,0.0471,0.0490,0.0042,0.1096,0.0207,  51    1    1, 512    1    1,"void arch::reduction_kernel<(unsigned int)512, (arch::reduce_op)2, (unsigned int)4, (unsigned int)3, DRO::VariableEnergyDensity::reduceData(const spatial_cell::SpatialCell *, char *)::[lambda(unsigned int, unsigned int, unsigned int, unsigned int, double *) (instance 1)], double>(T5, const T6 *, T6 *, const unsigned int *, unsigned int, unsigned int, T6 *)"
0.0,1.1256,48,0.0234,0.0092,0.0063,0.0817,0.0220, 133    1    1,  64    1    1,"update_velocity_blocks_kernel(vmesh::VelocityMesh *, vmesh::VelocityBlockContainer *, split::SplitVector<unsigned int, split::split_unified_allocator<unsigned int>> *, split::SplitVector<Hashinator::hash_pair<unsigned int, unsigned int>, split::split_unified_allocator<Hashinator::hash_pair<unsigned int, unsigned int>>> *, split::SplitVector<Hashinator::hash_pair<unsigned int, unsigned int>, split::split_unified_allocator<Hashinator::hash_pair<unsigned int, unsigned int>>> *, split::SplitVector<Hashinator::hash_pair<unsigned int, unsigned int>, split::split_unified_allocator<Hashinator::hash_pair<unsigned int, unsigned int>>> *, unsigned int, unsigned int, unsigned int, float *)"
0.0,1.1149,34,0.0328,0.0096,0.0080,0.2494,0.0555,  96    1    1, 832    1    1,"update_velocity_halo_kernel(vmesh::VelocityMesh *, unsigned int, unsigned int *, Hashinator::Hashmap<unsigned int, unsigned int, (unsigned int)4294967295, (unsigned int)4294967294, Hashinator::HashFunctions::Fibonacci<unsigned int>, Hashinator::Hashers::Hasher<unsigned int, unsigned int, Hashinator::HashFunctions::Fibonacci<unsigned int>, (unsigned int)4294967295, (unsigned int)4294967294, (int)32, (int)1>, split::split_unified_allocator<Hashinator::Info>> *, Hashinator::Hashmap<unsigned int, unsigned int, (unsigned int)4294967295, (unsigned int)4294967294, Hashinator::HashFunctions::Fibonacci<unsigned int>, Hashinator::Hashers::Hasher<unsigned int, unsigned int, Hashinator::HashFunctions::Fibonacci<unsigned int>, (unsigned int)4294967295, (unsigned int)4294967294, (int)32, (int)1>, split::split_unified_allocator<Hashinator::Info>> *)"
0.0,1.1134,30,0.0371,0.0101,0.0055,0.2152,0.0487, 360    1    1,  64    1    1,"update_velocity_blocks_kernel(vmesh::VelocityMesh *, vmesh::VelocityBlockContainer *, split::SplitVector<unsigned int, split::split_unified_allocator<unsigned int>> *, split::SplitVector<Hashinator::hash_pair<unsigned int, unsigned int>, split::split_unified_allocator<Hashinator::hash_pair<unsigned int, unsigned int>>> *, split::SplitVector<Hashinator::hash_pair<unsigned int, unsigned int>, split::split_unified_allocator<Hashinator::hash_pair<unsigned int, unsigned int>>> *, split::SplitVector<Hashinator::hash_pair<unsigned int, unsigned int>, split::split_unified_allocator<Hashinator::hash_pair<unsigned int, unsigned int>>> *, unsigned int, unsigned int, unsigned int, float *)"
0.0,1.1091,60,0.0185,0.0073,0.0064,0.0844,0.0204, 111    1    1,  64    1    1,"update_velocity_blocks_kernel(vmesh::VelocityMesh *, vmesh::VelocityBlockContainer *, split::SplitVector<unsigned int, split::split_unified_allocator<unsigned int>> *, split::SplitVector<Hashinator::hash_pair<unsigned int, unsigned int>, split::split_unified_allocator<Hashinator::hash_pair<unsigned int, unsigned int>>> *, split::SplitVector<Hashinator::hash_pair<unsigned int, unsigned int>, split::split_unified_allocator<Hashinator::hash_pair<unsigned int, unsigned int>>> *, split::SplitVector<Hashinator::hash_pair<unsigned int, unsigned int>, split::split_unified_allocator<Hashinator::hash_pair<unsigned int, unsigned int>>> *, unsigned int, unsigned int, unsigned int, float *)"
0.0,1.0996,38,0.0289,0.0123,0.0094,0.1891,0.0379, 167    1    1,1024    1    1,"update_neighbour_halo_kernel(vmesh::VelocityMesh *, unsigned int, unsigned int **, unsigned int *, Hashinator::Hashmap<unsigned int, unsigned int, (unsigned int)4294967295, (unsigned int)4294967294, Hashinator::HashFunctions::Fibonacci<unsigned int>, Hashinator::Hashers::Hasher<unsigned int, unsigned int, Hashinator::HashFunctions::Fibonacci<unsigned int>, (unsigned int)4294967295, (unsigned int)4294967294, (int)32, (int)1>, split::split_unified_allocator<Hashinator::Info>> *, Hashinator::Hashmap<unsigned int, unsigned int, (unsigned int)4294967295, (unsigned int)4294967294, Hashinator::HashFunctions::Fibonacci<unsigned int>, Hashinator::Hashers::Hasher<unsigned int, unsigned int, Hashinator::HashFunctions::Fibonacci<unsigned int>, (unsigned int)4294967295, (unsigned int)4294967294, (int)32, (int)1>, split::split_unified_allocator<Hashinator::Info>> *)"
0.0,1.0925,30,0.0364,0.0071,0.0052,0.2145,0.0546, 272    1    1,  64    1    1,"update_velocity_blocks_kernel(vmesh::VelocityMesh *, vmesh::VelocityBlockContainer *, split::SplitVector<unsigned int, split::split_unified_allocator<unsigned int>> *, split::SplitVector<Hashinator::hash_pair<unsigned int, unsigned int>, split::split_unified_allocator<Hashinator::hash_pair<unsigned int, unsigned int>>> *, split::SplitVector<Hashinator::hash_pair<unsigned int, unsigned int>, split::split_unified_allocator<Hashinator::hash_pair<unsigned int, unsigned int>>> *, split::SplitVector<Hashinator::hash_pair<unsigned int, unsigned int>, split::split_unified_allocator<Hashinator::hash_pair<unsigned int, unsigned int>>> *, unsigned int, unsigned int, unsigned int, float *)"
0.0,1.0636,33,0.0322,0.0073,0.0050,0.1843,0.0494, 252    1    1,  64    1    1,"update_velocity_blocks_kernel(vmesh::VelocityMesh *, vmesh::VelocityBlockContainer *, split::SplitVector<unsigned int, split::split_unified_allocator<unsigned int>> *, split::SplitVector<Hashinator::hash_pair<unsigned int, unsigned int>, split::split_unified_allocator<Hashinator::hash_pair<unsigned int, unsigned int>>> *, split::SplitVector<Hashinator::hash_pair<unsigned int, unsigned int>, split::split_unified_allocator<Hashinator::hash_pair<unsigned int, unsigned int>>> *, split::SplitVector<Hashinator::hash_pair<unsigned int, unsigned int>, split::split_unified_allocator<Hashinator::hash_pair<unsigned int, unsigned int>>> *, unsigned int, unsigned int, unsigned int, float *)"
0.0,1.0371,40,0.0259,0.0149,0.0105,0.1228,0.0286, 198    1    1,1024    1    1,"update_neighbour_halo_kernel(vmesh::VelocityMesh *, unsigned int, unsigned int **, unsigned int *, Hashinator::Hashmap<unsigned int, unsigned int, (unsigned int)4294967295, (unsigned int)4294967294, Hashinator::HashFunctions::Fibonacci<unsigned int>, Hashinator::Hashers::Hasher<unsigned int, unsigned int, Hashinator::HashFunctions::Fibonacci<unsigned int>, (unsigned int)4294967295, (unsigned int)4294967294, (int)32, (int)1>, split::split_unified_allocator<Hashinator::Info>> *, Hashinator::Hashmap<unsigned int, unsigned int, (unsigned int)4294967295, (unsigned int)4294967294, Hashinator::HashFunctions::Fibonacci<unsigned int>, Hashinator::Hashers::Hasher<unsigned int, unsigned int, Hashinator::HashFunctions::Fibonacci<unsigned int>, (unsigned int)4294967295, (unsigned int)4294967294, (int)32, (int)1>, split::split_unified_allocator<Hashinator::Info>> *)"
0.0,1.0337,42,0.0246,0.0075,0.0064,0.1413,0.0304, 121    1    1,  64    1    1,"update_velocity_blocks_kernel(vmesh::VelocityMesh *, vmesh::VelocityBlockContainer *, split::SplitVector<unsigned int, split::split_unified_allocator<unsigned int>> *, split::SplitVector<Hashinator::hash_pair<unsigned int, unsigned int>, split::split_unified_allocator<Hashinator::hash_pair<unsigned int, unsigned int>>> *, split::SplitVector<Hashinator::hash_pair<unsigned int, unsigned int>, split::split_unified_allocator<Hashinator::hash_pair<unsigned int, unsigned int>>> *, split::SplitVector<Hashinator::hash_pair<unsigned int, unsigned int>, split::split_unified_allocator<Hashinator::hash_pair<unsigned int, unsigned int>>> *, unsigned int, unsigned int, unsigned int, float *)"
0.0,1.0304,36,0.0286,0.0095,0.0065,0.1725,0.0348,  87    1    1,1024    1    1,"update_neighbour_halo_kernel(vmesh::VelocityMesh *, unsigned int, unsigned int **, unsigned int *, Hashinator::Hashmap<unsigned int, unsigned int, (unsigned int)4294967295, (unsigned int)4294967294, Hashinator::HashFunctions::Fibonacci<unsigned int>, Hashinator::Hashers::Hasher<unsigned int, unsigned int, Hashinator::HashFunctions::Fibonacci<unsigned int>, (unsigned int)4294967295, (unsigned int)4294967294, (int)32, (int)1>, split::split_unified_allocator<Hashinator::Info>> *, Hashinator::Hashmap<unsigned int, unsigned int, (unsigned int)4294967295, (unsigned int)4294967294, Hashinator::HashFunctions::Fibonacci<unsigned int>, Hashinator::Hashers::Hasher<unsigned int, unsigned int, Hashinator::HashFunctions::Fibonacci<unsigned int>, (unsigned int)4294967295, (unsigned int)4294967294, (int)32, (int)1>, split::split_unified_allocator<Hashinator::Info>> *)"
0.0,1.0301,32,0.0322,0.0496,0.0041,0.0621,0.0251,  56    1    1, 512    1    1,"void arch::reduction_kernel<(unsigned int)512, (arch::reduce_op)2, (unsigned int)4, (unsigned int)3, DRO::VariablePTensorDiagonal::reduceData(const spatial_cell::SpatialCell *, char *)::[lambda(unsigned int, unsigned int, unsigned int, unsigned int, double *) (instance 1)], double>(T5, const T6 *, T6 *, const unsigned int *, unsigned int, unsigned int, T6 *)"
0.0,1.0223,28,0.0365,0.0151,0.0127,0.1556,0.0455, 216    1    1, 832    1    1,"update_velocity_halo_kernel(vmesh::VelocityMesh *, unsigned int, unsigned int *, Hashinator::Hashmap<unsigned int, unsigned int, (unsigned int)4294967295, (unsigned int)4294967294, Hashinator::HashFunctions::Fibonacci<unsigned int>, Hashinator::Hashers::Hasher<unsigned int, unsigned int, Hashinator::HashFunctions::Fibonacci<unsigned int>, (unsigned int)4294967295, (unsigned int)4294967294, (int)32, (int)1>, split::split_unified_allocator<Hashinator::Info>> *, Hashinator::Hashmap<unsigned int, unsigned int, (unsigned int)4294967295, (unsigned int)4294967294, Hashinator::HashFunctions::Fibonacci<unsigned int>, Hashinator::Hashers::Hasher<unsigned int, unsigned int, Hashinator::HashFunctions::Fibonacci<unsigned int>, (unsigned int)4294967295, (unsigned int)4294967294, (int)32, (int)1>, split::split_unified_allocator<Hashinator::Info>> *)"
0.0,1.0113,24,0.0421,0.0130,0.0086,0.1681,0.0515,  88    1    1, 832    1    1,"update_velocity_halo_kernel(vmesh::VelocityMesh *, unsigned int, unsigned int *, Hashinator::Hashmap<unsigned int, unsigned int, (unsigned int)4294967295, (unsigned int)4294967294, Hashinator::HashFunctions::Fibonacci<unsigned int>, Hashinator::Hashers::Hasher<unsigned int, unsigned int, Hashinator::HashFunctions::Fibonacci<unsigned int>, (unsigned int)4294967295, (unsigned int)4294967294, (int)32, (int)1>, split::split_unified_allocator<Hashinator::Info>> *, Hashinator::Hashmap<unsigned int, unsigned int, (unsigned int)4294967295, (unsigned int)4294967294, Hashinator::HashFunctions::Fibonacci<unsigned int>, Hashinator::Hashers::Hasher<unsigned int, unsigned int, Hashinator::HashFunctions::Fibonacci<unsigned int>, (unsigned int)4294967295, (unsigned int)4294967294, (int)32, (int)1>, split::split_unified_allocator<Hashinator::Info>> *)"
0.0,1.0081,48,0.0210,0.0069,0.0062,0.1491,0.0338, 416    1    1,  64    1    1,"update_velocity_blocks_kernel(vmesh::VelocityMesh *, vmesh::VelocityBlockContainer *, split::SplitVector<unsigned int, split::split_unified_allocator<unsigned int>> *, split::SplitVector<Hashinator::hash_pair<unsigned int, unsigned int>, split::split_unified_allocator<Hashinator::hash_pair<unsigned int, unsigned int>>> *, split::SplitVector<Hashinator::hash_pair<unsigned int, unsigned int>, split::split_unified_allocator<Hashinator::hash_pair<unsigned int, unsigned int>>> *, split::SplitVector<Hashinator::hash_pair<unsigned int, unsigned int>, split::split_unified_allocator<Hashinator::hash_pair<unsigned int, unsigned int>>> *, unsigned int, unsigned int, unsigned int, float *)"
0.0,1.0064,138,0.0073,0.0072,0.0068,0.0089,0.0004, 607    1    1,  64    1    1,"update_velocity_block_content_lists_kernel(vmesh::VelocityMesh *, vmesh::VelocityBlockContainer *, Hashinator::Hashmap<unsigned int, unsigned int, (unsigned int)4294967295, (unsigned int)4294967294, Hashinator::HashFunctions::Fibonacci<unsigned int>, Hashinator::Hashers::Hasher<unsigned int, unsigned int, Hashinator::HashFunctions::Fibonacci<unsigned int>, (unsigned int)4294967295, (unsigned int)4294967294, (int)32, (int)1>, split::split_unified_allocator<Hashinator::Info>> *, Hashinator::Hashmap<unsigned int, unsigned int, (unsigned int)4294967295, (unsigned int)4294967294, Hashinator::HashFunctions::Fibonacci<unsigned int>, Hashinator::Hashers::Hasher<unsigned int, unsigned int, Hashinator::HashFunctions::Fibonacci<unsigned int>, (unsigned int)4294967295, (unsigned int)4294967294, (int)32, (int)1>, split::split_unified_allocator<Hashinator::Info>> *, double)"
0.0,1.0063,32,0.0314,0.0050,0.0046,0.3706,0.0835,  56    1    1, 512    1    1,"void arch::reduction_kernel<(unsigned int)512, (arch::reduce_op)2, (unsigned int)4, (unsigned int)4, void blockVelocityFirstMoments<double, (unsigned int)4>(vmesh::VelocityBlockContainer *, T1 (&)[T2], unsigned int)::[lambda(unsigned int, unsigned int, unsigned int, unsigned int, double *) (instance 1)], double>(T5, const T6 *, T6 *, const unsigned int *, unsigned int, unsigned int, T6 *)"
0.0,0.9947,24,0.0414,0.0501,0.0043,0.0592,0.0195,  51    1    1, 512    1    1,"void arch::reduction_kernel<(unsigned int)512, (arch::reduce_op)2, (unsigned int)4, (unsigned int)3, DRO::VariablePTensorOffDiagonal::reduceData(const spatial_cell::SpatialCell *, char *)::[lambda(unsigned int, unsigned int, unsigned int, unsigned int, double *) (instance 1)], double>(T5, const T6 *, T6 *, const unsigned int *, unsigned int, unsigned int, T6 *)"
0.0,0.9794,22,0.0445,0.0073,0.0053,0.3418,0.0829, 292    1    1,  64    1    1,"update_velocity_blocks_kernel(vmesh::VelocityMesh *, vmesh::VelocityBlockContainer *, split::SplitVector<unsigned int, split::split_unified_allocator<unsigned int>> *, split::SplitVector<Hashinator::hash_pair<unsigned int, unsigned int>, split::split_unified_allocator<Hashinator::hash_pair<unsigned int, unsigned int>>> *, split::SplitVector<Hashinator::hash_pair<unsigned int, unsigned int>, split::split_unified_allocator<Hashinator::hash_pair<unsigned int, unsigned int>>> *, split::SplitVector<Hashinator::hash_pair<unsigned int, unsigned int>, split::split_unified_allocator<Hashinator::hash_pair<unsigned int, unsigned int>>> *, unsigned int, unsigned int, unsigned int, float *)"
0.0,0.9780,20,0.0489,0.0157,0.0098,0.2356,0.0584, 199    1    1,1024    1    1,"update_neighbour_halo_kernel(vmesh::VelocityMesh *, unsigned int, unsigned int **, unsigned int *, Hashinator::Hashmap<unsigned int, unsigned int, (unsigned int)4294967295, (unsigned int)4294967294, Hashinator::HashFunctions::Fibonacci<unsigned int>, Hashinator::Hashers::Hasher<unsigned int, unsigned int, Hashinator::HashFunctions::Fibonacci<unsigned int>, (unsigned int)4294967295, (unsigned int)4294967294, (int)32, (int)1>, split::split_unified_allocator<Hashinator::Info>> *, Hashinator::Hashmap<unsigned int, unsigned int, (unsigned int)4294967295, (unsigned int)4294967294, Hashinator::HashFunctions::Fibonacci<unsigned int>, Hashinator::Hashers::Hasher<unsigned int, unsigned int, Hashinator::HashFunctions::Fibonacci<unsigned int>, (unsigned int)4294967295, (unsigned int)4294967294, (int)32, (int)1>, split::split_unified_allocator<Hashinator::Info>> *)"
0.0,0.9713,134,0.0072,0.0072,0.0067,0.0088,0.0004, 594    1    1,  64    1    1,"update_velocity_block_content_lists_kernel(vmesh::VelocityMesh *, vmesh::VelocityBlockContainer *, Hashinator::Hashmap<unsigned int, unsigned int, (unsigned int)4294967295, (unsigned int)4294967294, Hashinator::HashFunctions::Fibonacci<unsigned int>, Hashinator::Hashers::Hasher<unsigned int, unsigned int, Hashinator::HashFunctions::Fibonacci<unsigned int>, (unsigned int)4294967295, (unsigned int)4294967294, (int)32, (int)1>, split::split_unified_allocator<Hashinator::Info>> *, Hashinator::Hashmap<unsigned int, unsigned int, (unsigned int)4294967295, (unsigned int)4294967294, Hashinator::HashFunctions::Fibonacci<unsigned int>, Hashinator::Hashers::Hasher<unsigned int, unsigned int, Hashinator::HashFunctions::Fibonacci<unsigned int>, (unsigned int)4294967295, (unsigned int)4294967294, (int)32, (int)1>, split::split_unified_allocator<Hashinator::Info>> *, double)"
0.0,0.9660,29,0.0333,0.0164,0.0067,0.1167,0.0346, 109    1    1,  64    1    1,"update_velocity_blocks_kernel(vmesh::VelocityMesh *, vmesh::VelocityBlockContainer *, split::SplitVector<unsigned int, split::split_unified_allocator<unsigned int>> *, split::SplitVector<Hashinator::hash_pair<unsigned int, unsigned int>, split::split_unified_allocator<Hashinator::hash_pair<unsigned int, unsigned int>>> *, split::SplitVector<Hashinator::hash_pair<unsigned int, unsigned int>, split::split_unified_allocator<Hashinator::hash_pair<unsigned int, unsigned int>>> *, split::SplitVector<Hashinator::hash_pair<unsigned int, unsigned int>, split::split_unified_allocator<Hashinator::hash_pair<unsigned int, unsigned int>>> *, unsigned int, unsigned int, unsigned int, float *)"
0.0,0.9650,32,0.0302,0.0072,0.0051,0.1784,0.0416, 274    1    1,  64    1    1,"update_velocity_blocks_kernel(vmesh::VelocityMesh *, vmesh::VelocityBlockContainer *, split::SplitVector<unsigned int, split::split_unified_allocator<unsigned int>> *, split::SplitVector<Hashinator::hash_pair<unsigned int, unsigned int>, split::split_unified_allocator<Hashinator::hash_pair<unsigned int, unsigned int>>> *, split::SplitVector<Hashinator::hash_pair<unsigned int, unsigned int>, split::split_unified_allocator<Hashinator::hash_pair<unsigned int, unsigned int>>> *, split::SplitVector<Hashinator::hash_pair<unsigned int, unsigned int>, split::split_unified_allocator<Hashinator::hash_pair<unsigned int, unsigned int>>> *, unsigned int, unsigned int, unsigned int, float *)"
0.0,0.9597,32,0.0300,0.0173,0.0122,0.1236,0.0307, 115    1    1,  16    1    1,"reorder_blocks_by_dimension_kernel(vmesh::VelocityBlockContainer *, VecSimple<float> *, unsigned int *, unsigned int *, ColumnOffsets *)"
0.0,0.9552,40,0.0239,0.0071,0.0064,0.1397,0.0363, 131    1    1,  64    1    1,"update_velocity_blocks_kernel(vmesh::VelocityMesh *, vmesh::VelocityBlockContainer *, split::SplitVector<unsigned int, split::split_unified_allocator<unsigned int>> *, split::SplitVector<Hashinator::hash_pair<unsigned int, unsigned int>, split::split_unified_allocator<Hashinator::hash_pair<unsigned int, unsigned int>>> *, split::SplitVector<Hashinator::hash_pair<unsigned int, unsigned int>, split::split_unified_allocator<Hashinator::hash_pair<unsigned int, unsigned int>>> *, split::SplitVector<Hashinator::hash_pair<unsigned int, unsigned int>, split::split_unified_allocator<Hashinator::hash_pair<unsigned int, unsigned int>>> *, unsigned int, unsigned int, unsigned int, float *)"
0.0,0.9545,32,0.0298,0.0150,0.0126,0.1070,0.0289, 220    1    1, 832    1    1,"update_velocity_halo_kernel(vmesh::VelocityMesh *, unsigned int, unsigned int *, Hashinator::Hashmap<unsigned int, unsigned int, (unsigned int)4294967295, (unsigned int)4294967294, Hashinator::HashFunctions::Fibonacci<unsigned int>, Hashinator::Hashers::Hasher<unsigned int, unsigned int, Hashinator::HashFunctions::Fibonacci<unsigned int>, (unsigned int)4294967295, (unsigned int)4294967294, (int)32, (int)1>, split::split_unified_allocator<Hashinator::Info>> *, Hashinator::Hashmap<unsigned int, unsigned int, (unsigned int)4294967295, (unsigned int)4294967294, Hashinator::HashFunctions::Fibonacci<unsigned int>, Hashinator::Hashers::Hasher<unsigned int, unsigned int, Hashinator::HashFunctions::Fibonacci<unsigned int>, (unsigned int)4294967295, (unsigned int)4294967294, (int)32, (int)1>, split::split_unified_allocator<Hashinator::Info>> *)"
0.0,0.9468,24,0.0394,0.0230,0.0204,0.1232,0.0339, 318    1    1,1024    1    1,"update_neighbour_halo_kernel(vmesh::VelocityMesh *, unsigned int, unsigned int **, unsigned int *, Hashinator::Hashmap<unsigned int, unsigned int, (unsigned int)4294967295, (unsigned int)4294967294, Hashinator::HashFunctions::Fibonacci<unsigned int>, Hashinator::Hashers::Hasher<unsigned int, unsigned int, Hashinator::HashFunctions::Fibonacci<unsigned int>, (unsigned int)4294967295, (unsigned int)4294967294, (int)32, (int)1>, split::split_unified_allocator<Hashinator::Info>> *, Hashinator::Hashmap<unsigned int, unsigned int, (unsigned int)4294967295, (unsigned int)4294967294, Hashinator::HashFunctions::Fibonacci<unsigned int>, Hashinator::Hashers::Hasher<unsigned int, unsigned int, Hashinator::HashFunctions::Fibonacci<unsigned int>, (unsigned int)4294967295, (unsigned int)4294967294, (int)32, (int)1>, split::split_unified_allocator<Hashinator::Info>> *)"
0.0,0.9448,130,0.0073,0.0072,0.0067,0.0109,0.0005, 593    1    1,  64    1    1,"update_velocity_block_content_lists_kernel(vmesh::VelocityMesh *, vmesh::VelocityBlockContainer *, Hashinator::Hashmap<unsigned int, unsigned int, (unsigned int)4294967295, (unsigned int)4294967294, Hashinator::HashFunctions::Fibonacci<unsigned int>, Hashinator::Hashers::Hasher<unsigned int, unsigned int, Hashinator::HashFunctions::Fibonacci<unsigned int>, (unsigned int)4294967295, (unsigned int)4294967294, (int)32, (int)1>, split::split_unified_allocator<Hashinator::Info>> *, Hashinator::Hashmap<unsigned int, unsigned int, (unsigned int)4294967295, (unsigned int)4294967294, Hashinator::HashFunctions::Fibonacci<unsigned int>, Hashinator::Hashers::Hasher<unsigned int, unsigned int, Hashinator::HashFunctions::Fibonacci<unsigned int>, (unsigned int)4294967295, (unsigned int)4294967294, (int)32, (int)1>, split::split_unified_allocator<Hashinator::Info>> *, double)"
0.0,0.9274,24,0.0386,0.0504,0.0042,0.0661,0.0227,  65    1    1, 512    1    1,"void arch::reduction_kernel<(unsigned int)512, (arch::reduce_op)2, (unsigned int)4, (unsigned int)3, DRO::VariablePTensorOffDiagonal::reduceData(const spatial_cell::SpatialCell *, char *)::[lambda(unsigned int, unsigned int, unsigned int, unsigned int, double *) (instance 1)], double>(T5, const T6 *, T6 *, const unsigned int *, unsigned int, unsigned int, T6 *)"
0.0,0.9248,20,0.0462,0.0125,0.0081,0.1318,0.0492,  98    1    1, 832    1    1,"update_velocity_halo_kernel(vmesh::VelocityMesh *, unsigned int, unsigned int *, Hashinator::Hashmap<unsigned int, unsigned int, (unsigned int)4294967295, (unsigned int)4294967294, Hashinator::HashFunctions::Fibonacci<unsigned int>, Hashinator::Hashers::Hasher<unsigned int, unsigned int, Hashinator::HashFunctions::Fibonacci<unsigned int>, (unsigned int)4294967295, (unsigned int)4294967294, (int)32, (int)1>, split::split_unified_allocator<Hashinator::Info>> *, Hashinator::Hashmap<unsigned int, unsigned int, (unsigned int)4294967295, (unsigned int)4294967294, Hashinator::HashFunctions::Fibonacci<unsigned int>, Hashinator::Hashers::Hasher<unsigned int, unsigned int, Hashinator::HashFunctions::Fibonacci<unsigned int>, (unsigned int)4294967295, (unsigned int)4294967294, (int)32, (int)1>, split::split_unified_allocator<Hashinator::Info>> *)"
0.0,0.9237,44,0.0210,0.0072,0.0062,0.2084,0.0360, 129    1    1,  64    1    1,"update_velocity_blocks_kernel(vmesh::VelocityMesh *, vmesh::VelocityBlockContainer *, split::SplitVector<unsigned int, split::split_unified_allocator<unsigned int>> *, split::SplitVector<Hashinator::hash_pair<unsigned int, unsigned int>, split::split_unified_allocator<Hashinator::hash_pair<unsigned int, unsigned int>>> *, split::SplitVector<Hashinator::hash_pair<unsigned int, unsigned int>, split::split_unified_allocator<Hashinator::hash_pair<unsigned int, unsigned int>>> *, split::SplitVector<Hashinator::hash_pair<unsigned int, unsigned int>, split::split_unified_allocator<Hashinator::hash_pair<unsigned int, unsigned int>>> *, unsigned int, unsigned int, unsigned int, float *)"
0.0,0.9190,32,0.0287,0.0418,0.0042,0.0580,0.0235,  56    1    1, 512    1    1,"void arch::reduction_kernel<(unsigned int)512, (arch::reduce_op)2, (unsigned int)4, (unsigned int)3, DRO::VariablePTensorOffDiagonal::reduceData(const spatial_cell::SpatialCell *, char *)::[lambda(unsigned int, unsigned int, unsigned int, unsigned int, double *) (instance 1)], double>(T5, const T6 *, T6 *, const unsigned int *, unsigned int, unsigned int, T6 *)"
0.0,0.9127,124,0.0074,0.0073,0.0068,0.0086,0.0004, 668    1    1,  64    1    1,"update_velocity_block_content_lists_kernel(vmesh::VelocityMesh *, vmesh::VelocityBlockContainer *, Hashinator::Hashmap<unsigned int, unsigned int, (unsigned int)4294967295, (unsigned int)4294967294, Hashinator::HashFunctions::Fibonacci<unsigned int>, Hashinator::Hashers::Hasher<unsigned int, unsigned int, Hashinator::HashFunctions::Fibonacci<unsigned int>, (unsigned int)4294967295, (unsigned int)4294967294, (int)32, (int)1>, split::split_unified_allocator<Hashinator::Info>> *, Hashinator::Hashmap<unsigned int, unsigned int, (unsigned int)4294967295, (unsigned int)4294967294, Hashinator::HashFunctions::Fibonacci<unsigned int>, Hashinator::Hashers::Hasher<unsigned int, unsigned int, Hashinator::HashFunctions::Fibonacci<unsigned int>, (unsigned int)4294967295, (unsigned int)4294967294, (int)32, (int)1>, split::split_unified_allocator<Hashinator::Info>> *, double)"
0.0,0.9101,24,0.0379,0.0093,0.0074,0.2291,0.0559, 440    1    1,  64    1    1,"update_velocity_blocks_kernel(vmesh::VelocityMesh *, vmesh::VelocityBlockContainer *, split::SplitVector<unsigned int, split::split_unified_allocator<unsigned int>> *, split::SplitVector<Hashinator::hash_pair<unsigned int, unsigned int>, split::split_unified_allocator<Hashinator::hash_pair<unsigned int, unsigned int>>> *, split::SplitVector<Hashinator::hash_pair<unsigned int, unsigned int>, split::split_unified_allocator<Hashinator::hash_pair<unsigned int, unsigned int>>> *, split::SplitVector<Hashinator::hash_pair<unsigned int, unsigned int>, split::split_unified_allocator<Hashinator::hash_pair<unsigned int, unsigned int>>> *, unsigned int, unsigned int, unsigned int, float *)"
0.0,0.9014,32,0.0282,0.0103,0.0082,0.1878,0.0424, 132    1    1, 832    1    1,"update_velocity_halo_kernel(vmesh::VelocityMesh *, unsigned int, unsigned int *, Hashinator::Hashmap<unsigned int, unsigned int, (unsigned int)4294967295, (unsigned int)4294967294, Hashinator::HashFunctions::Fibonacci<unsigned int>, Hashinator::Hashers::Hasher<unsigned int, unsigned int, Hashinator::HashFunctions::Fibonacci<unsigned int>, (unsigned int)4294967295, (unsigned int)4294967294, (int)32, (int)1>, split::split_unified_allocator<Hashinator::Info>> *, Hashinator::Hashmap<unsigned int, unsigned int, (unsigned int)4294967295, (unsigned int)4294967294, Hashinator::HashFunctions::Fibonacci<unsigned int>, Hashinator::Hashers::Hasher<unsigned int, unsigned int, Hashinator::HashFunctions::Fibonacci<unsigned int>, (unsigned int)4294967295, (unsigned int)4294967294, (int)32, (int)1>, split::split_unified_allocator<Hashinator::Info>> *)"
0.0,0.8948,124,0.0072,0.0072,0.0066,0.0086,0.0004, 597    1    1,  64    1    1,"update_velocity_block_content_lists_kernel(vmesh::VelocityMesh *, vmesh::VelocityBlockContainer *, Hashinator::Hashmap<unsigned int, unsigned int, (unsigned int)4294967295, (unsigned int)4294967294, Hashinator::HashFunctions::Fibonacci<unsigned int>, Hashinator::Hashers::Hasher<unsigned int, unsigned int, Hashinator::HashFunctions::Fibonacci<unsigned int>, (unsigned int)4294967295, (unsigned int)4294967294, (int)32, (int)1>, split::split_unified_allocator<Hashinator::Info>> *, Hashinator::Hashmap<unsigned int, unsigned int, (unsigned int)4294967295, (unsigned int)4294967294, Hashinator::HashFunctions::Fibonacci<unsigned int>, Hashinator::Hashers::Hasher<unsigned int, unsigned int, Hashinator::HashFunctions::Fibonacci<unsigned int>, (unsigned int)4294967295, (unsigned int)4294967294, (int)32, (int)1>, split::split_unified_allocator<Hashinator::Info>> *, double)"
0.0,0.8901,12,0.0742,0.0064,0.0055,0.3053,0.1008, 340    1    1,  64    1    1,"update_velocity_blocks_kernel(vmesh::VelocityMesh *, vmesh::VelocityBlockContainer *, split::SplitVector<unsigned int, split::split_unified_allocator<unsigned int>> *, split::SplitVector<Hashinator::hash_pair<unsigned int, unsigned int>, split::split_unified_allocator<Hashinator::hash_pair<unsigned int, unsigned int>>> *, split::SplitVector<Hashinator::hash_pair<unsigned int, unsigned int>, split::split_unified_allocator<Hashinator::hash_pair<unsigned int, unsigned int>>> *, split::SplitVector<Hashinator::hash_pair<unsigned int, unsigned int>, split::split_unified_allocator<Hashinator::hash_pair<unsigned int, unsigned int>>> *, unsigned int, unsigned int, unsigned int, float *)"
0.0,0.8808,32,0.0275,0.0045,0.0041,0.0652,0.0253,  74    1    1, 512    1    1,"void arch::reduction_kernel<(unsigned int)512, (arch::reduce_op)2, (unsigned int)4, (unsigned int)3, DRO::VariablePTensorDiagonal::reduceData(const spatial_cell::SpatialCell *, char *)::[lambda(unsigned int, unsigned int, unsigned int, unsigned int, double *) (instance 1)], double>(T5, const T6 *, T6 *, const unsigned int *, unsigned int, unsigned int, T6 *)"
0.0,0.8648,106,0.0082,0.0071,0.0066,0.1066,0.0097, 605    1    1,  64    1    1,"update_velocity_block_content_lists_kernel(vmesh::VelocityMesh *, vmesh::VelocityBlockContainer *, Hashinator::Hashmap<unsigned int, unsigned int, (unsigned int)4294967295, (unsigned int)4294967294, Hashinator::HashFunctions::Fibonacci<unsigned int>, Hashinator::Hashers::Hasher<unsigned int, unsigned int, Hashinator::HashFunctions::Fibonacci<unsigned int>, (unsigned int)4294967295, (unsigned int)4294967294, (int)32, (int)1>, split::split_unified_allocator<Hashinator::Info>> *, Hashinator::Hashmap<unsigned int, unsigned int, (unsigned int)4294967295, (unsigned int)4294967294, Hashinator::HashFunctions::Fibonacci<unsigned int>, Hashinator::Hashers::Hasher<unsigned int, unsigned int, Hashinator::HashFunctions::Fibonacci<unsigned int>, (unsigned int)4294967295, (unsigned int)4294967294, (int)32, (int)1>, split::split_unified_allocator<Hashinator::Info>> *, double)"
0.0,0.8641,32,0.0270,0.0394,0.0042,0.0525,0.0205,  56    1    1, 512    1    1,"void arch::reduction_kernel<(unsigned int)512, (arch::reduce_op)2, (unsigned int)4, (unsigned int)3, DRO::VariableEnergyDensity::reduceData(const spatial_cell::SpatialCell *, char *)::[lambda(unsigned int, unsigned int, unsigned int, unsigned int, double *) (instance 1)], double>(T5, const T6 *, T6 *, const unsigned int *, unsigned int, unsigned int, T6 *)"
0.0,0.8584,30,0.0286,0.0100,0.0086,0.1263,0.0385, 137    1    1,1024    1    1,"update_neighbour_halo_kernel(vmesh::VelocityMesh *, unsigned int, unsigned int **, unsigned int *, Hashinator::Hashmap<unsigned int, unsigned int, (unsigned int)4294967295, (unsigned int)4294967294, Hashinator::HashFunctions::Fibonacci<unsigned int>, Hashinator::Hashers::Hasher<unsigned int, unsigned int, Hashinator::HashFunctions::Fibonacci<unsigned int>, (unsigned int)4294967295, (unsigned int)4294967294, (int)32, (int)1>, split::split_unified_allocator<Hashinator::Info>> *, Hashinator::Hashmap<unsigned int, unsigned int, (unsigned int)4294967295, (unsigned int)4294967294, Hashinator::HashFunctions::Fibonacci<unsigned int>, Hashinator::Hashers::Hasher<unsigned int, unsigned int, Hashinator::HashFunctions::Fibonacci<unsigned int>, (unsigned int)4294967295, (unsigned int)4294967294, (int)32, (int)1>, split::split_unified_allocator<Hashinator::Info>> *)"
0.0,0.8560,24,0.0357,0.0131,0.0108,0.1560,0.0474, 170    1    1, 832    1    1,"update_velocity_halo_kernel(vmesh::VelocityMesh *, unsigned int, unsigned int *, Hashinator::Hashmap<unsigned int, unsigned int, (unsigned int)4294967295, (unsigned int)4294967294, Hashinator::HashFunctions::Fibonacci<unsigned int>, Hashinator::Hashers::Hasher<unsigned int, unsigned int, Hashinator::HashFunctions::Fibonacci<unsigned int>, (unsigned int)4294967295, (unsigned int)4294967294, (int)32, (int)1>, split::split_unified_allocator<Hashinator::Info>> *, Hashinator::Hashmap<unsigned int, unsigned int, (unsigned int)4294967295, (unsigned int)4294967294, Hashinator::HashFunctions::Fibonacci<unsigned int>, Hashinator::Hashers::Hasher<unsigned int, unsigned int, Hashinator::HashFunctions::Fibonacci<unsigned int>, (unsigned int)4294967295, (unsigned int)4294967294, (int)32, (int)1>, split::split_unified_allocator<Hashinator::Info>> *)"
0.0,0.8511,12,0.0709,0.0076,0.0056,0.3983,0.1138, 339    1    1,  64    1    1,"update_velocity_blocks_kernel(vmesh::VelocityMesh *, vmesh::VelocityBlockContainer *, split::SplitVector<unsigned int, split::split_unified_allocator<unsigned int>> *, split::SplitVector<Hashinator::hash_pair<unsigned int, unsigned int>, split::split_unified_allocator<Hashinator::hash_pair<unsigned int, unsigned int>>> *, split::SplitVector<Hashinator::hash_pair<unsigned int, unsigned int>, split::split_unified_allocator<Hashinator::hash_pair<unsigned int, unsigned int>>> *, split::SplitVector<Hashinator::hash_pair<unsigned int, unsigned int>, split::split_unified_allocator<Hashinator::hash_pair<unsigned int, unsigned int>>> *, unsigned int, unsigned int, unsigned int, float *)"
0.0,0.8464,28,0.0302,0.0106,0.0071,0.1666,0.0406,  82    1    1,1024    1    1,"update_neighbour_halo_kernel(vmesh::VelocityMesh *, unsigned int, unsigned int **, unsigned int *, Hashinator::Hashmap<unsigned int, unsigned int, (unsigned int)4294967295, (unsigned int)4294967294, Hashinator::HashFunctions::Fibonacci<unsigned int>, Hashinator::Hashers::Hasher<unsigned int, unsigned int, Hashinator::HashFunctions::Fibonacci<unsigned int>, (unsigned int)4294967295, (unsigned int)4294967294, (int)32, (int)1>, split::split_unified_allocator<Hashinator::Info>> *, Hashinator::Hashmap<unsigned int, unsigned int, (unsigned int)4294967295, (unsigned int)4294967294, Hashinator::HashFunctions::Fibonacci<unsigned int>, Hashinator::Hashers::Hasher<unsigned int, unsigned int, Hashinator::HashFunctions::Fibonacci<unsigned int>, (unsigned int)4294967295, (unsigned int)4294967294, (int)32, (int)1>, split::split_unified_allocator<Hashinator::Info>> *)"
0.0,0.8458,24,0.0352,0.0078,0.0052,0.1385,0.0428, 309    1    1,  64    1    1,"update_velocity_blocks_kernel(vmesh::VelocityMesh *, vmesh::VelocityBlockContainer *, split::SplitVector<unsigned int, split::split_unified_allocator<unsigned int>> *, split::SplitVector<Hashinator::hash_pair<unsigned int, unsigned int>, split::split_unified_allocator<Hashinator::hash_pair<unsigned int, unsigned int>>> *, split::SplitVector<Hashinator::hash_pair<unsigned int, unsigned int>, split::split_unified_allocator<Hashinator::hash_pair<unsigned int, unsigned int>>> *, split::SplitVector<Hashinator::hash_pair<unsigned int, unsigned int>, split::split_unified_allocator<Hashinator::hash_pair<unsigned int, unsigned int>>> *, unsigned int, unsigned int, unsigned int, float *)"
0.0,0.8376,120,0.0070,0.0069,0.0064,0.0081,0.0003, 385    1    1,  64    1    1,"update_velocity_block_content_lists_kernel(vmesh::VelocityMesh *, vmesh::VelocityBlockContainer *, Hashinator::Hashmap<unsigned int, unsigned int, (unsigned int)4294967295, (unsigned int)4294967294, Hashinator::HashFunctions::Fibonacci<unsigned int>, Hashinator::Hashers::Hasher<unsigned int, unsigned int, Hashinator::HashFunctions::Fibonacci<unsigned int>, (unsigned int)4294967295, (unsigned int)4294967294, (int)32, (int)1>, split::split_unified_allocator<Hashinator::Info>> *, Hashinator::Hashmap<unsigned int, unsigned int, (unsigned int)4294967295, (unsigned int)4294967294, Hashinator::HashFunctions::Fibonacci<unsigned int>, Hashinator::Hashers::Hasher<unsigned int, unsigned int, Hashinator::HashFunctions::Fibonacci<unsigned int>, (unsigned int)4294967295, (unsigned int)4294967294, (int)32, (int)1>, split::split_unified_allocator<Hashinator::Info>> *, double)"
0.0,0.8358,32,0.0261,0.0141,0.0115,0.0966,0.0221, 115    1    1,  32    1    1,"evaluate_column_extents_kernel(unsigned int, const vmesh::VelocityMesh *, ColumnOffsets *, Column *, split::SplitVector<unsigned int, split::split_unified_allocator<unsigned int>> *, Hashinator::Hashmap<unsigned int, unsigned int, (unsigned int)4294967295, (unsigned int)4294967294, Hashinator::HashFunctions::Fibonacci<unsigned int>, Hashinator::Hashers::Hasher<unsigned int, unsigned int, Hashinator::HashFunctions::Fibonacci<unsigned int>, (unsigned int)4294967295, (unsigned int)4294967294, (int)32, (int)1>, split::split_unified_allocator<Hashinator::Info>> *, Hashinator::Hashmap<unsigned int, unsigned int, (unsigned int)4294967295, (unsigned int)4294967294, Hashinator::HashFunctions::Fibonacci<unsigned int>, Hashinator::Hashers::Hasher<unsigned int, unsigned int, Hashinator::HashFunctions::Fibonacci<unsigned int>, (unsigned int)4294967295, (unsigned int)4294967294, (int)32, (int)1>, split::split_unified_allocator<Hashinator::Info>> *, unsigned int *, unsigned int *, float, float, float, float, int, int, float, float, unsigned int *)"
0.0,0.8325,24,0.0347,0.0503,0.0042,0.0582,0.0241,  65    1    1, 512    1    1,"void arch::reduction_kernel<(unsigned int)512, (arch::reduce_op)2, (unsigned int)4, (unsigned int)3, DRO::VariablePTensorDiagonal::reduceData(const spatial_cell::SpatialCell *, char *)::[lambda(unsigned int, unsigned int, unsigned int, unsigned int, double *) (instance 1)], double>(T5, const T6 *, T6 *, const unsigned int *, unsigned int, unsigned int, T6 *)"
0.0,0.8316,12,0.0693,0.0704,0.0089,0.2256,0.0629,  76    1    1, 832    1    1,"update_velocity_halo_kernel(vmesh::VelocityMesh *, unsigned int, unsigned int *, Hashinator::Hashmap<unsigned int, unsigned int, (unsigned int)4294967295, (unsigned int)4294967294, Hashinator::HashFunctions::Fibonacci<unsigned int>, Hashinator::Hashers::Hasher<unsigned int, unsigned int, Hashinator::HashFunctions::Fibonacci<unsigned int>, (unsigned int)4294967295, (unsigned int)4294967294, (int)32, (int)1>, split::split_unified_allocator<Hashinator::Info>> *, Hashinator::Hashmap<unsigned int, unsigned int, (unsigned int)4294967295, (unsigned int)4294967294, Hashinator::HashFunctions::Fibonacci<unsigned int>, Hashinator::Hashers::Hasher<unsigned int, unsigned int, Hashinator::HashFunctions::Fibonacci<unsigned int>, (unsigned int)4294967295, (unsigned int)4294967294, (int)32, (int)1>, split::split_unified_allocator<Hashinator::Info>> *)"
0.0,0.8188,24,0.0341,0.0427,0.0043,0.0725,0.0225,  65    1    1, 512    1    1,"void arch::reduction_kernel<(unsigned int)512, (arch::reduce_op)2, (unsigned int)4, (unsigned int)3, DRO::VariableEnergyDensity::reduceData(const spatial_cell::SpatialCell *, char *)::[lambda(unsigned int, unsigned int, unsigned int, unsigned int, double *) (instance 1)], double>(T5, const T6 *, T6 *, const unsigned int *, unsigned int, unsigned int, T6 *)"
0.0,0.8048,32,0.0251,0.0105,0.0092,0.1164,0.0283, 141    1    1,1024    1    1,"update_neighbour_halo_kernel(vmesh::VelocityMesh *, unsigned int, unsigned int **, unsigned int *, Hashinator::Hashmap<unsigned int, unsigned int, (unsigned int)4294967295, (unsigned int)4294967294, Hashinator::HashFunctions::Fibonacci<unsigned int>, Hashinator::Hashers::Hasher<unsigned int, unsigned int, Hashinator::HashFunctions::Fibonacci<unsigned int>, (unsigned int)4294967295, (unsigned int)4294967294, (int)32, (int)1>, split::split_unified_allocator<Hashinator::Info>> *, Hashinator::Hashmap<unsigned int, unsigned int, (unsigned int)4294967295, (unsigned int)4294967294, Hashinator::HashFunctions::Fibonacci<unsigned int>, Hashinator::Hashers::Hasher<unsigned int, unsigned int, Hashinator::HashFunctions::Fibonacci<unsigned int>, (unsigned int)4294967295, (unsigned int)4294967294, (int)32, (int)1>, split::split_unified_allocator<Hashinator::Info>> *)"
0.0,0.8035,28,0.0287,0.0110,0.0082,0.2010,0.0422, 108    1    1, 832    1    1,"update_velocity_halo_kernel(vmesh::VelocityMesh *, unsigned int, unsigned int *, Hashinator::Hashmap<unsigned int, unsigned int, (unsigned int)4294967295, (unsigned int)4294967294, Hashinator::HashFunctions::Fibonacci<unsigned int>, Hashinator::Hashers::Hasher<unsigned int, unsigned int, Hashinator::HashFunctions::Fibonacci<unsigned int>, (unsigned int)4294967295, (unsigned int)4294967294, (int)32, (int)1>, split::split_unified_allocator<Hashinator::Info>> *, Hashinator::Hashmap<unsigned int, unsigned int, (unsigned int)4294967295, (unsigned int)4294967294, Hashinator::HashFunctions::Fibonacci<unsigned int>, Hashinator::Hashers::Hasher<unsigned int, unsigned int, Hashinator::HashFunctions::Fibonacci<unsigned int>, (unsigned int)4294967295, (unsigned int)4294967294, (int)32, (int)1>, split::split_unified_allocator<Hashinator::Info>> *)"
0.0,0.8022,56,0.0143,0.0033,0.0027,0.0816,0.0218,  26    1    1,  32    1    1,"blocksID_mapped_dim2_kernel(const vmesh::VelocityMesh *, unsigned int *, unsigned int *, unsigned int)"
0.0,0.7887,28,0.0282,0.0141,0.0130,0.1065,0.0260, 171    1    1,1024    1    1,"update_neighbour_halo_kernel(vmesh::VelocityMesh *, unsigned int, unsigned int **, unsigned int *, Hashinator::Hashmap<unsigned int, unsigned int, (unsigned int)4294967295, (unsigned int)4294967294, Hashinator::HashFunctions::Fibonacci<unsigned int>, Hashinator::Hashers::Hasher<unsigned int, unsigned int, Hashinator::HashFunctions::Fibonacci<unsigned int>, (unsigned int)4294967295, (unsigned int)4294967294, (int)32, (int)1>, split::split_unified_allocator<Hashinator::Info>> *, Hashinator::Hashmap<unsigned int, unsigned int, (unsigned int)4294967295, (unsigned int)4294967294, Hashinator::HashFunctions::Fibonacci<unsigned int>, Hashinator::Hashers::Hasher<unsigned int, unsigned int, Hashinator::HashFunctions::Fibonacci<unsigned int>, (unsigned int)4294967295, (unsigned int)4294967294, (int)32, (int)1>, split::split_unified_allocator<Hashinator::Info>> *)"
0.0,0.7863,44,0.0179,0.0072,0.0063,0.1582,0.0289, 144    1    1,  64    1    1,"update_velocity_blocks_kernel(vmesh::VelocityMesh *, vmesh::VelocityBlockContainer *, split::SplitVector<unsigned int, split::split_unified_allocator<unsigned int>> *, split::SplitVector<Hashinator::hash_pair<unsigned int, unsigned int>, split::split_unified_allocator<Hashinator::hash_pair<unsigned int, unsigned int>>> *, split::SplitVector<Hashinator::hash_pair<unsigned int, unsigned int>, split::split_unified_allocator<Hashinator::hash_pair<unsigned int, unsigned int>>> *, split::SplitVector<Hashinator::hash_pair<unsigned int, unsigned int>, split::split_unified_allocator<Hashinator::hash_pair<unsigned int, unsigned int>>> *, unsigned int, unsigned int, unsigned int, float *)"
0.0,0.7863,22,0.0357,0.0110,0.0089,0.1714,0.0451, 138    1    1,1024    1    1,"update_neighbour_halo_kernel(vmesh::VelocityMesh *, unsigned int, unsigned int **, unsigned int *, Hashinator::Hashmap<unsigned int, unsigned int, (unsigned int)4294967295, (unsigned int)4294967294, Hashinator::HashFunctions::Fibonacci<unsigned int>, Hashinator::Hashers::Hasher<unsigned int, unsigned int, Hashinator::HashFunctions::Fibonacci<unsigned int>, (unsigned int)4294967295, (unsigned int)4294967294, (int)32, (int)1>, split::split_unified_allocator<Hashinator::Info>> *, Hashinator::Hashmap<unsigned int, unsigned int, (unsigned int)4294967295, (unsigned int)4294967294, Hashinator::HashFunctions::Fibonacci<unsigned int>, Hashinator::Hashers::Hasher<unsigned int, unsigned int, Hashinator::HashFunctions::Fibonacci<unsigned int>, (unsigned int)4294967295, (unsigned int)4294967294, (int)32, (int)1>, split::split_unified_allocator<Hashinator::Info>> *)"
0.0,0.7815,22,0.0355,0.0114,0.0064,0.1522,0.0412,  37    1    1,  64    1    1,"update_velocity_blocks_kernel(vmesh::VelocityMesh *, vmesh::VelocityBlockContainer *, split::SplitVector<unsigned int, split::split_unified_allocator<unsigned int>> *, split::SplitVector<Hashinator::hash_pair<unsigned int, unsigned int>, split::split_unified_allocator<Hashinator::hash_pair<unsigned int, unsigned int>>> *, split::SplitVector<Hashinator::hash_pair<unsigned int, unsigned int>, split::split_unified_allocator<Hashinator::hash_pair<unsigned int, unsigned int>>> *, split::SplitVector<Hashinator::hash_pair<unsigned int, unsigned int>, split::split_unified_allocator<Hashinator::hash_pair<unsigned int, unsigned int>>> *, unsigned int, unsigned int, unsigned int, float *)"
0.0,0.7712,28,0.0275,0.0120,0.0107,0.1677,0.0365, 100    1    1,  32    1    1,"evaluate_column_extents_kernel(unsigned int, const vmesh::VelocityMesh *, ColumnOffsets *, Column *, split::SplitVector<unsigned int, split::split_unified_allocator<unsigned int>> *, Hashinator::Hashmap<unsigned int, unsigned int, (unsigned int)4294967295, (unsigned int)4294967294, Hashinator::HashFunctions::Fibonacci<unsigned int>, Hashinator::Hashers::Hasher<unsigned int, unsigned int, Hashinator::HashFunctions::Fibonacci<unsigned int>, (unsigned int)4294967295, (unsigned int)4294967294, (int)32, (int)1>, split::split_unified_allocator<Hashinator::Info>> *, Hashinator::Hashmap<unsigned int, unsigned int, (unsigned int)4294967295, (unsigned int)4294967294, Hashinator::HashFunctions::Fibonacci<unsigned int>, Hashinator::Hashers::Hasher<unsigned int, unsigned int, Hashinator::HashFunctions::Fibonacci<unsigned int>, (unsigned int)4294967295, (unsigned int)4294967294, (int)32, (int)1>, split::split_unified_allocator<Hashinator::Info>> *, unsigned int *, unsigned int *, float, float, float, float, int, int, float, float, unsigned int *)"
0.0,0.7682,103,0.0075,0.0074,0.0069,0.0089,0.0003, 910    1    1,  64    1    1,"update_velocity_block_content_lists_kernel(vmesh::VelocityMesh *, vmesh::VelocityBlockContainer *, Hashinator::Hashmap<unsigned int, unsigned int, (unsigned int)4294967295, (unsigned int)4294967294, Hashinator::HashFunctions::Fibonacci<unsigned int>, Hashinator::Hashers::Hasher<unsigned int, unsigned int, Hashinator::HashFunctions::Fibonacci<unsigned int>, (unsigned int)4294967295, (unsigned int)4294967294, (int)32, (int)1>, split::split_unified_allocator<Hashinator::Info>> *, Hashinator::Hashmap<unsigned int, unsigned int, (unsigned int)4294967295, (unsigned int)4294967294, Hashinator::HashFunctions::Fibonacci<unsigned int>, Hashinator::Hashers::Hasher<unsigned int, unsigned int, Hashinator::HashFunctions::Fibonacci<unsigned int>, (unsigned int)4294967295, (unsigned int)4294967294, (int)32, (int)1>, split::split_unified_allocator<Hashinator::Info>> *, double)"
0.0,0.7672,4,0.1918,0.1823,0.1653,0.2373,0.0322, 128    1    1,  16    1    1,"acceleration_kernel(const vmesh::VelocityMesh *, vmesh::VelocityBlockContainer *, VecSimple<float> *, unsigned int *, unsigned int *, Column *, unsigned int, float, float, float, float, float, float, float, float, unsigned long)"
0.0,0.7636,28,0.0273,0.0104,0.0087,0.1978,0.0402, 144    1    1,1024    1    1,"update_neighbour_halo_kernel(vmesh::VelocityMesh *, unsigned int, unsigned int **, unsigned int *, Hashinator::Hashmap<unsigned int, unsigned int, (unsigned int)4294967295, (unsigned int)4294967294, Hashinator::HashFunctions::Fibonacci<unsigned int>, Hashinator::Hashers::Hasher<unsigned int, unsigned int, Hashinator::HashFunctions::Fibonacci<unsigned int>, (unsigned int)4294967295, (unsigned int)4294967294, (int)32, (int)1>, split::split_unified_allocator<Hashinator::Info>> *, Hashinator::Hashmap<unsigned int, unsigned int, (unsigned int)4294967295, (unsigned int)4294967294, Hashinator::HashFunctions::Fibonacci<unsigned int>, Hashinator::Hashers::Hasher<unsigned int, unsigned int, Hashinator::HashFunctions::Fibonacci<unsigned int>, (unsigned int)4294967295, (unsigned int)4294967294, (int)32, (int)1>, split::split_unified_allocator<Hashinator::Info>> *)"
0.0,0.7523,22,0.0342,0.0112,0.0081,0.2177,0.0514, 129    1    1, 832    1    1,"update_velocity_halo_kernel(vmesh::VelocityMesh *, unsigned int, unsigned int *, Hashinator::Hashmap<unsigned int, unsigned int, (unsigned int)4294967295, (unsigned int)4294967294, Hashinator::HashFunctions::Fibonacci<unsigned int>, Hashinator::Hashers::Hasher<unsigned int, unsigned int, Hashinator::HashFunctions::Fibonacci<unsigned int>, (unsigned int)4294967295, (unsigned int)4294967294, (int)32, (int)1>, split::split_unified_allocator<Hashinator::Info>> *, Hashinator::Hashmap<unsigned int, unsigned int, (unsigned int)4294967295, (unsigned int)4294967294, Hashinator::HashFunctions::Fibonacci<unsigned int>, Hashinator::Hashers::Hasher<unsigned int, unsigned int, Hashinator::HashFunctions::Fibonacci<unsigned int>, (unsigned int)4294967295, (unsigned int)4294967294, (int)32, (int)1>, split::split_unified_allocator<Hashinator::Info>> *)"
0.0,0.7493,88,0.0085,0.0074,0.0068,0.1033,0.0102, 733    1    1,  64    1    1,"update_velocity_block_content_lists_kernel(vmesh::VelocityMesh *, vmesh::VelocityBlockContainer *, Hashinator::Hashmap<unsigned int, unsigned int, (unsigned int)4294967295, (unsigned int)4294967294, Hashinator::HashFunctions::Fibonacci<unsigned int>, Hashinator::Hashers::Hasher<unsigned int, unsigned int, Hashinator::HashFunctions::Fibonacci<unsigned int>, (unsigned int)4294967295, (unsigned int)4294967294, (int)32, (int)1>, split::split_unified_allocator<Hashinator::Info>> *, Hashinator::Hashmap<unsigned int, unsigned int, (unsigned int)4294967295, (unsigned int)4294967294, Hashinator::HashFunctions::Fibonacci<unsigned int>, Hashinator::Hashers::Hasher<unsigned int, unsigned int, Hashinator::HashFunctions::Fibonacci<unsigned int>, (unsigned int)4294967295, (unsigned int)4294967294, (int)32, (int)1>, split::split_unified_allocator<Hashinator::Info>> *, double)"
0.0,0.7451,20,0.0373,0.0125,0.0110,0.1585,0.0416, 172    1    1, 832    1    1,"update_velocity_halo_kernel(vmesh::VelocityMesh *, unsigned int, unsigned int *, Hashinator::Hashmap<unsigned int, unsigned int, (unsigned int)4294967295, (unsigned int)4294967294, Hashinator::HashFunctions::Fibonacci<unsigned int>, Hashinator::Hashers::Hasher<unsigned int, unsigned int, Hashinator::HashFunctions::Fibonacci<unsigned int>, (unsigned int)4294967295, (unsigned int)4294967294, (int)32, (int)1>, split::split_unified_allocator<Hashinator::Info>> *, Hashinator::Hashmap<unsigned int, unsigned int, (unsigned int)4294967295, (unsigned int)4294967294, Hashinator::HashFunctions::Fibonacci<unsigned int>, Hashinator::Hashers::Hasher<unsigned int, unsigned int, Hashinator::HashFunctions::Fibonacci<unsigned int>, (unsigned int)4294967295, (unsigned int)4294967294, (int)32, (int)1>, split::split_unified_allocator<Hashinator::Info>> *)"
0.0,0.7425,102,0.0073,0.0072,0.0066,0.0087,0.0004, 606    1    1,  64    1    1,"update_velocity_block_content_lists_kernel(vmesh::VelocityMesh *, vmesh::VelocityBlockContainer *, Hashinator::Hashmap<unsigned int, unsigned int, (unsigned int)4294967295, (unsigned int)4294967294, Hashinator::HashFunctions::Fibonacci<unsigned int>, Hashinator::Hashers::Hasher<unsigned int, unsigned int, Hashinator::HashFunctions::Fibonacci<unsigned int>, (unsigned int)4294967295, (unsigned int)4294967294, (int)32, (int)1>, split::split_unified_allocator<Hashinator::Info>> *, Hashinator::Hashmap<unsigned int, unsigned int, (unsigned int)4294967295, (unsigned int)4294967294, Hashinator::HashFunctions::Fibonacci<unsigned int>, Hashinator::Hashers::Hasher<unsigned int, unsigned int, Hashinator::HashFunctions::Fibonacci<unsigned int>, (unsigned int)4294967295, (unsigned int)4294967294, (int)32, (int)1>, split::split_unified_allocator<Hashinator::Info>> *, double)"
0.0,0.7382,8,0.0923,0.0912,0.0882,0.0996,0.0035,1392    1    1,  32    1    1,"void arch::reduction_kernel<(unsigned int)32, (arch::reduce_op)2, (unsigned int)4, (unsigned int)0, DRO::VariablePrecipitationDiffFlux::reduceData(const spatial_cell::SpatialCell *, char *)::[lambda(unsigned int, unsigned int, unsigned int, unsigned int, double *) (instance 1)], double>(T5, const T6 *, T6 *, const unsigned int *, unsigned int, unsigned int, T6 *)"
0.0,0.7338,20,0.0367,0.0090,0.0056,0.1786,0.0463, 273    1    1,  64    1    1,"update_velocity_blocks_kernel(vmesh::VelocityMesh *, vmesh::VelocityBlockContainer *, split::SplitVector<unsigned int, split::split_unified_allocator<unsigned int>> *, split::SplitVector<Hashinator::hash_pair<unsigned int, unsigned int>, split::split_unified_allocator<Hashinator::hash_pair<unsigned int, unsigned int>>> *, split::SplitVector<Hashinator::hash_pair<unsigned int, unsigned int>, split::split_unified_allocator<Hashinator::hash_pair<unsigned int, unsigned int>>> *, split::SplitVector<Hashinator::hash_pair<unsigned int, unsigned int>, split::split_unified_allocator<Hashinator::hash_pair<unsigned int, unsigned int>>> *, unsigned int, unsigned int, unsigned int, float *)"
0.0,0.7307,48,0.0152,0.0047,0.0043,0.1320,0.0251, 112    1    1, 512    1    1,"void arch::reduction_kernel<(unsigned int)512, (arch::reduce_op)2, (unsigned int)4, (unsigned int)4, void blockVelocityFirstMoments<double, (unsigned int)4>(vmesh::VelocityBlockContainer *, T1 (&)[T2], unsigned int)::[lambda(unsigned int, unsigned int, unsigned int, unsigned int, double *) (instance 1)], double>(T5, const T6 *, T6 *, const unsigned int *, unsigned int, unsigned int, T6 *)"
0.0,0.7276,32,0.0227,0.0147,0.0138,0.1336,0.0240, 207    1    1, 832    1    1,"update_velocity_halo_kernel(vmesh::VelocityMesh *, unsigned int, unsigned int *, Hashinator::Hashmap<unsigned int, unsigned int, (unsigned int)4294967295, (unsigned int)4294967294, Hashinator::HashFunctions::Fibonacci<unsigned int>, Hashinator::Hashers::Hasher<unsigned int, unsigned int, Hashinator::HashFunctions::Fibonacci<unsigned int>, (unsigned int)4294967295, (unsigned int)4294967294, (int)32, (int)1>, split::split_unified_allocator<Hashinator::Info>> *, Hashinator::Hashmap<unsigned int, unsigned int, (unsigned int)4294967295, (unsigned int)4294967294, Hashinator::HashFunctions::Fibonacci<unsigned int>, Hashinator::Hashers::Hasher<unsigned int, unsigned int, Hashinator::HashFunctions::Fibonacci<unsigned int>, (unsigned int)4294967295, (unsigned int)4294967294, (int)32, (int)1>, split::split_unified_allocator<Hashinator::Info>> *)"
0.0,0.7220,13,0.0555,0.0245,0.0052,0.2076,0.0641, 330    1    1,  64    1    1,"update_velocity_blocks_kernel(vmesh::VelocityMesh *, vmesh::VelocityBlockContainer *, split::SplitVector<unsigned int, split::split_unified_allocator<unsigned int>> *, split::SplitVector<Hashinator::hash_pair<unsigned int, unsigned int>, split::split_unified_allocator<Hashinator::hash_pair<unsigned int, unsigned int>>> *, split::SplitVector<Hashinator::hash_pair<unsigned int, unsigned int>, split::split_unified_allocator<Hashinator::hash_pair<unsigned int, unsigned int>>> *, split::SplitVector<Hashinator::hash_pair<unsigned int, unsigned int>, split::split_unified_allocator<Hashinator::hash_pair<unsigned int, unsigned int>>> *, unsigned int, unsigned int, unsigned int, float *)"
0.0,0.7210,26,0.0277,0.0154,0.0136,0.1103,0.0269, 203    1    1,1024    1    1,"update_neighbour_halo_kernel(vmesh::VelocityMesh *, unsigned int, unsigned int **, unsigned int *, Hashinator::Hashmap<unsigned int, unsigned int, (unsigned int)4294967295, (unsigned int)4294967294, Hashinator::HashFunctions::Fibonacci<unsigned int>, Hashinator::Hashers::Hasher<unsigned int, unsigned int, Hashinator::HashFunctions::Fibonacci<unsigned int>, (unsigned int)4294967295, (unsigned int)4294967294, (int)32, (int)1>, split::split_unified_allocator<Hashinator::Info>> *, Hashinator::Hashmap<unsigned int, unsigned int, (unsigned int)4294967295, (unsigned int)4294967294, Hashinator::HashFunctions::Fibonacci<unsigned int>, Hashinator::Hashers::Hasher<unsigned int, unsigned int, Hashinator::HashFunctions::Fibonacci<unsigned int>, (unsigned int)4294967295, (unsigned int)4294967294, (int)32, (int)1>, split::split_unified_allocator<Hashinator::Info>> *)"
0.0,0.7125,28,0.0254,0.0095,0.0067,0.1156,0.0312,  91    1    1,1024    1    1,"update_neighbour_halo_kernel(vmesh::VelocityMesh *, unsigned int, unsigned int **, unsigned int *, Hashinator::Hashmap<unsigned int, unsigned int, (unsigned int)4294967295, (unsigned int)4294967294, Hashinator::HashFunctions::Fibonacci<unsigned int>, Hashinator::Hashers::Hasher<unsigned int, unsigned int, Hashinator::HashFunctions::Fibonacci<unsigned int>, (unsigned int)4294967295, (unsigned int)4294967294, (int)32, (int)1>, split::split_unified_allocator<Hashinator::Info>> *, Hashinator::Hashmap<unsigned int, unsigned int, (unsigned int)4294967295, (unsigned int)4294967294, Hashinator::HashFunctions::Fibonacci<unsigned int>, Hashinator::Hashers::Hasher<unsigned int, unsigned int, Hashinator::HashFunctions::Fibonacci<unsigned int>, (unsigned int)4294967295, (unsigned int)4294967294, (int)32, (int)1>, split::split_unified_allocator<Hashinator::Info>> *)"
0.0,0.7004,24,0.0292,0.0438,0.0042,0.0572,0.0236,  51    1    1, 512    1    1,"void arch::reduction_kernel<(unsigned int)512, (arch::reduce_op)2, (unsigned int)4, (unsigned int)3, DRO::VariablePTensorDiagonal::reduceData(const spatial_cell::SpatialCell *, char *)::[lambda(unsigned int, unsigned int, unsigned int, unsigned int, double *) (instance 1)], double>(T5, const T6 *, T6 *, const unsigned int *, unsigned int, unsigned int, T6 *)"
0.0,0.6952,96,0.0072,0.0072,0.0066,0.0095,0.0004, 598    1    1,  64    1    1,"update_velocity_block_content_lists_kernel(vmesh::VelocityMesh *, vmesh::VelocityBlockContainer *, Hashinator::Hashmap<unsigned int, unsigned int, (unsigned int)4294967295, (unsigned int)4294967294, Hashinator::HashFunctions::Fibonacci<unsigned int>, Hashinator::Hashers::Hasher<unsigned int, unsigned int, Hashinator::HashFunctions::Fibonacci<unsigned int>, (unsigned int)4294967295, (unsigned int)4294967294, (int)32, (int)1>, split::split_unified_allocator<Hashinator::Info>> *, Hashinator::Hashmap<unsigned int, unsigned int, (unsigned int)4294967295, (unsigned int)4294967294, Hashinator::HashFunctions::Fibonacci<unsigned int>, Hashinator::Hashers::Hasher<unsigned int, unsigned int, Hashinator::HashFunctions::Fibonacci<unsigned int>, (unsigned int)4294967295, (unsigned int)4294967294, (int)32, (int)1>, split::split_unified_allocator<Hashinator::Info>> *, double)"
0.0,0.6924,18,0.0385,0.0243,0.0188,0.1072,0.0309, 322    1    1,1024    1    1,"update_neighbour_halo_kernel(vmesh::VelocityMesh *, unsigned int, unsigned int **, unsigned int *, Hashinator::Hashmap<unsigned int, unsigned int, (unsigned int)4294967295, (unsigned int)4294967294, Hashinator::HashFunctions::Fibonacci<unsigned int>, Hashinator::Hashers::Hasher<unsigned int, unsigned int, Hashinator::HashFunctions::Fibonacci<unsigned int>, (unsigned int)4294967295, (unsigned int)4294967294, (int)32, (int)1>, split::split_unified_allocator<Hashinator::Info>> *, Hashinator::Hashmap<unsigned int, unsigned int, (unsigned int)4294967295, (unsigned int)4294967294, Hashinator::HashFunctions::Fibonacci<unsigned int>, Hashinator::Hashers::Hasher<unsigned int, unsigned int, Hashinator::HashFunctions::Fibonacci<unsigned int>, (unsigned int)4294967295, (unsigned int)4294967294, (int)32, (int)1>, split::split_unified_allocator<Hashinator::Info>> *)"
0.0,0.6819,18,0.0379,0.0239,0.0218,0.1851,0.0398, 320    1    1,1024    1    1,"update_neighbour_halo_kernel(vmesh::VelocityMesh *, unsigned int, unsigned int **, unsigned int *, Hashinator::Hashmap<unsigned int, unsigned int, (unsigned int)4294967295, (unsigned int)4294967294, Hashinator::HashFunctions::Fibonacci<unsigned int>, Hashinator::Hashers::Hasher<unsigned int, unsigned int, Hashinator::HashFunctions::Fibonacci<unsigned int>, (unsigned int)4294967295, (unsigned int)4294967294, (int)32, (int)1>, split::split_unified_allocator<Hashinator::Info>> *, Hashinator::Hashmap<unsigned int, unsigned int, (unsigned int)4294967295, (unsigned int)4294967294, Hashinator::HashFunctions::Fibonacci<unsigned int>, Hashinator::Hashers::Hasher<unsigned int, unsigned int, Hashinator::HashFunctions::Fibonacci<unsigned int>, (unsigned int)4294967295, (unsigned int)4294967294, (int)32, (int)1>, split::split_unified_allocator<Hashinator::Info>> *)"
0.0,0.6809,4,0.1702,0.1548,0.1317,0.2396,0.0496, 125    1    1,  16    1    1,"acceleration_kernel(const vmesh::VelocityMesh *, vmesh::VelocityBlockContainer *, VecSimple<float> *, unsigned int *, unsigned int *, Column *, unsigned int, float, float, float, float, float, float, float, float, unsigned long)"
0.0,0.6799,48,0.0142,0.0079,0.0074,0.1312,0.0216, 560    1    1,  64    1    1,"update_velocity_blocks_kernel(vmesh::VelocityMesh *, vmesh::VelocityBlockContainer *, split::SplitVector<unsigned int, split::split_unified_allocator<unsigned int>> *, split::SplitVector<Hashinator::hash_pair<unsigned int, unsigned int>, split::split_unified_allocator<Hashinator::hash_pair<unsigned int, unsigned int>>> *, split::SplitVector<Hashinator::hash_pair<unsigned int, unsigned int>, split::split_unified_allocator<Hashinator::hash_pair<unsigned int, unsigned int>>> *, split::SplitVector<Hashinator::hash_pair<unsigned int, unsigned int>, split::split_unified_allocator<Hashinator::hash_pair<unsigned int, unsigned int>>> *, unsigned int, unsigned int, unsigned int, float *)"
0.0,0.6793,94,0.0072,0.0072,0.0066,0.0088,0.0003, 596    1    1,  64    1    1,"update_velocity_block_content_lists_kernel(vmesh::VelocityMesh *, vmesh::VelocityBlockContainer *, Hashinator::Hashmap<unsigned int, unsigned int, (unsigned int)4294967295, (unsigned int)4294967294, Hashinator::HashFunctions::Fibonacci<unsigned int>, Hashinator::Hashers::Hasher<unsigned int, unsigned int, Hashinator::HashFunctions::Fibonacci<unsigned int>, (unsigned int)4294967295, (unsigned int)4294967294, (int)32, (int)1>, split::split_unified_allocator<Hashinator::Info>> *, Hashinator::Hashmap<unsigned int, unsigned int, (unsigned int)4294967295, (unsigned int)4294967294, Hashinator::HashFunctions::Fibonacci<unsigned int>, Hashinator::Hashers::Hasher<unsigned int, unsigned int, Hashinator::HashFunctions::Fibonacci<unsigned int>, (unsigned int)4294967295, (unsigned int)4294967294, (int)32, (int)1>, split::split_unified_allocator<Hashinator::Info>> *, double)"
0.0,0.6732,12,0.0561,0.0280,0.0136,0.2715,0.0740, 204    1    1,1024    1    1,"update_neighbour_halo_kernel(vmesh::VelocityMesh *, unsigned int, unsigned int **, unsigned int *, Hashinator::Hashmap<unsigned int, unsigned int, (unsigned int)4294967295, (unsigned int)4294967294, Hashinator::HashFunctions::Fibonacci<unsigned int>, Hashinator::Hashers::Hasher<unsigned int, unsigned int, Hashinator::HashFunctions::Fibonacci<unsigned int>, (unsigned int)4294967295, (unsigned int)4294967294, (int)32, (int)1>, split::split_unified_allocator<Hashinator::Info>> *, Hashinator::Hashmap<unsigned int, unsigned int, (unsigned int)4294967295, (unsigned int)4294967294, Hashinator::HashFunctions::Fibonacci<unsigned int>, Hashinator::Hashers::Hasher<unsigned int, unsigned int, Hashinator::HashFunctions::Fibonacci<unsigned int>, (unsigned int)4294967295, (unsigned int)4294967294, (int)32, (int)1>, split::split_unified_allocator<Hashinator::Info>> *)"
0.0,0.6691,88,0.0076,0.0076,0.0070,0.0093,0.0003,1071    1    1,  64    1    1,"update_velocity_block_content_lists_kernel(vmesh::VelocityMesh *, vmesh::VelocityBlockContainer *, Hashinator::Hashmap<unsigned int, unsigned int, (unsigned int)4294967295, (unsigned int)4294967294, Hashinator::HashFunctions::Fibonacci<unsigned int>, Hashinator::Hashers::Hasher<unsigned int, unsigned int, Hashinator::HashFunctions::Fibonacci<unsigned int>, (unsigned int)4294967295, (unsigned int)4294967294, (int)32, (int)1>, split::split_unified_allocator<Hashinator::Info>> *, Hashinator::Hashmap<unsigned int, unsigned int, (unsigned int)4294967295, (unsigned int)4294967294, Hashinator::HashFunctions::Fibonacci<unsigned int>, Hashinator::Hashers::Hasher<unsigned int, unsigned int, Hashinator::HashFunctions::Fibonacci<unsigned int>, (unsigned int)4294967295, (unsigned int)4294967294, (int)32, (int)1>, split::split_unified_allocator<Hashinator::Info>> *, double)"
0.0,0.6639,88,0.0075,0.0075,0.0070,0.0081,0.0002,1060    1    1,  64    1    1,"update_velocity_block_content_lists_kernel(vmesh::VelocityMesh *, vmesh::VelocityBlockContainer *, Hashinator::Hashmap<unsigned int, unsigned int, (unsigned int)4294967295, (unsigned int)4294967294, Hashinator::HashFunctions::Fibonacci<unsigned int>, Hashinator::Hashers::Hasher<unsigned int, unsigned int, Hashinator::HashFunctions::Fibonacci<unsigned int>, (unsigned int)4294967295, (unsigned int)4294967294, (int)32, (int)1>, split::split_unified_allocator<Hashinator::Info>> *, Hashinator::Hashmap<unsigned int, unsigned int, (unsigned int)4294967295, (unsigned int)4294967294, Hashinator::HashFunctions::Fibonacci<unsigned int>, Hashinator::Hashers::Hasher<unsigned int, unsigned int, Hashinator::HashFunctions::Fibonacci<unsigned int>, (unsigned int)4294967295, (unsigned int)4294967294, (int)32, (int)1>, split::split_unified_allocator<Hashinator::Info>> *, double)"
0.0,0.6630,20,0.0331,0.0124,0.0096,0.1156,0.0403, 225    1    1,1024    1    1,"update_neighbour_halo_kernel(vmesh::VelocityMesh *, unsigned int, unsigned int **, unsigned int *, Hashinator::Hashmap<unsigned int, unsigned int, (unsigned int)4294967295, (unsigned int)4294967294, Hashinator::HashFunctions::Fibonacci<unsigned int>, Hashinator::Hashers::Hasher<unsigned int, unsigned int, Hashinator::HashFunctions::Fibonacci<unsigned int>, (unsigned int)4294967295, (unsigned int)4294967294, (int)32, (int)1>, split::split_unified_allocator<Hashinator::Info>> *, Hashinator::Hashmap<unsigned int, unsigned int, (unsigned int)4294967295, (unsigned int)4294967294, Hashinator::HashFunctions::Fibonacci<unsigned int>, Hashinator::Hashers::Hasher<unsigned int, unsigned int, Hashinator::HashFunctions::Fibonacci<unsigned int>, (unsigned int)4294967295, (unsigned int)4294967294, (int)32, (int)1>, split::split_unified_allocator<Hashinator::Info>> *)"
0.0,0.6570,24,0.0274,0.0073,0.0052,0.1458,0.0399, 224    1    1,  64    1    1,"update_velocity_blocks_kernel(vmesh::VelocityMesh *, vmesh::VelocityBlockContainer *, split::SplitVector<unsigned int, split::split_unified_allocator<unsigned int>> *, split::SplitVector<Hashinator::hash_pair<unsigned int, unsigned int>, split::split_unified_allocator<Hashinator::hash_pair<unsigned int, unsigned int>>> *, split::SplitVector<Hashinator::hash_pair<unsigned int, unsigned int>, split::split_unified_allocator<Hashinator::hash_pair<unsigned int, unsigned int>>> *, split::SplitVector<Hashinator::hash_pair<unsigned int, unsigned int>, split::split_unified_allocator<Hashinator::hash_pair<unsigned int, unsigned int>>> *, unsigned int, unsigned int, unsigned int, float *)"
0.0,0.6511,88,0.0074,0.0073,0.0069,0.0089,0.0004, 719    1    1,  64    1    1,"update_velocity_block_content_lists_kernel(vmesh::VelocityMesh *, vmesh::VelocityBlockContainer *, Hashinator::Hashmap<unsigned int, unsigned int, (unsigned int)4294967295, (unsigned int)4294967294, Hashinator::HashFunctions::Fibonacci<unsigned int>, Hashinator::Hashers::Hasher<unsigned int, unsigned int, Hashinator::HashFunctions::Fibonacci<unsigned int>, (unsigned int)4294967295, (unsigned int)4294967294, (int)32, (int)1>, split::split_unified_allocator<Hashinator::Info>> *, Hashinator::Hashmap<unsigned int, unsigned int, (unsigned int)4294967295, (unsigned int)4294967294, Hashinator::HashFunctions::Fibonacci<unsigned int>, Hashinator::Hashers::Hasher<unsigned int, unsigned int, Hashinator::HashFunctions::Fibonacci<unsigned int>, (unsigned int)4294967295, (unsigned int)4294967294, (int)32, (int)1>, split::split_unified_allocator<Hashinator::Info>> *, double)"
0.0,0.6492,36,0.0180,0.0084,0.0065,0.0745,0.0219,  98    1    1,1024    1    1,"update_neighbour_halo_kernel(vmesh::VelocityMesh *, unsigned int, unsigned int **, unsigned int *, Hashinator::Hashmap<unsigned int, unsigned int, (unsigned int)4294967295, (unsigned int)4294967294, Hashinator::HashFunctions::Fibonacci<unsigned int>, Hashinator::Hashers::Hasher<unsigned int, unsigned int, Hashinator::HashFunctions::Fibonacci<unsigned int>, (unsigned int)4294967295, (unsigned int)4294967294, (int)32, (int)1>, split::split_unified_allocator<Hashinator::Info>> *, Hashinator::Hashmap<unsigned int, unsigned int, (unsigned int)4294967295, (unsigned int)4294967294, Hashinator::HashFunctions::Fibonacci<unsigned int>, Hashinator::Hashers::Hasher<unsigned int, unsigned int, Hashinator::HashFunctions::Fibonacci<unsigned int>, (unsigned int)4294967295, (unsigned int)4294967294, (int)32, (int)1>, split::split_unified_allocator<Hashinator::Info>> *)"
0.0,0.6399,88,0.0073,0.0072,0.0067,0.0084,0.0003, 672    1    1,  64    1    1,"update_velocity_block_content_lists_kernel(vmesh::VelocityMesh *, vmesh::VelocityBlockContainer *, Hashinator::Hashmap<unsigned int, unsigned int, (unsigned int)4294967295, (unsigned int)4294967294, Hashinator::HashFunctions::Fibonacci<unsigned int>, Hashinator::Hashers::Hasher<unsigned int, unsigned int, Hashinator::HashFunctions::Fibonacci<unsigned int>, (unsigned int)4294967295, (unsigned int)4294967294, (int)32, (int)1>, split::split_unified_allocator<Hashinator::Info>> *, Hashinator::Hashmap<unsigned int, unsigned int, (unsigned int)4294967295, (unsigned int)4294967294, Hashinator::HashFunctions::Fibonacci<unsigned int>, Hashinator::Hashers::Hasher<unsigned int, unsigned int, Hashinator::HashFunctions::Fibonacci<unsigned int>, (unsigned int)4294967295, (unsigned int)4294967294, (int)32, (int)1>, split::split_unified_allocator<Hashinator::Info>> *, double)"
0.0,0.6378,88,0.0072,0.0072,0.0068,0.0098,0.0004, 602    1    1,  64    1    1,"update_velocity_block_content_lists_kernel(vmesh::VelocityMesh *, vmesh::VelocityBlockContainer *, Hashinator::Hashmap<unsigned int, unsigned int, (unsigned int)4294967295, (unsigned int)4294967294, Hashinator::HashFunctions::Fibonacci<unsigned int>, Hashinator::Hashers::Hasher<unsigned int, unsigned int, Hashinator::HashFunctions::Fibonacci<unsigned int>, (unsigned int)4294967295, (unsigned int)4294967294, (int)32, (int)1>, split::split_unified_allocator<Hashinator::Info>> *, Hashinator::Hashmap<unsigned int, unsigned int, (unsigned int)4294967295, (unsigned int)4294967294, Hashinator::HashFunctions::Fibonacci<unsigned int>, Hashinator::Hashers::Hasher<unsigned int, unsigned int, Hashinator::HashFunctions::Fibonacci<unsigned int>, (unsigned int)4294967295, (unsigned int)4294967294, (int)32, (int)1>, split::split_unified_allocator<Hashinator::Info>> *, double)"
0.0,0.6367,82,0.0078,0.0076,0.0072,0.0095,0.0004,1067    1    1,  64    1    1,"update_velocity_block_content_lists_kernel(vmesh::VelocityMesh *, vmesh::VelocityBlockContainer *, Hashinator::Hashmap<unsigned int, unsigned int, (unsigned int)4294967295, (unsigned int)4294967294, Hashinator::HashFunctions::Fibonacci<unsigned int>, Hashinator::Hashers::Hasher<unsigned int, unsigned int, Hashinator::HashFunctions::Fibonacci<unsigned int>, (unsigned int)4294967295, (unsigned int)4294967294, (int)32, (int)1>, split::split_unified_allocator<Hashinator::Info>> *, Hashinator::Hashmap<unsigned int, unsigned int, (unsigned int)4294967295, (unsigned int)4294967294, Hashinator::HashFunctions::Fibonacci<unsigned int>, Hashinator::Hashers::Hasher<unsigned int, unsigned int, Hashinator::HashFunctions::Fibonacci<unsigned int>, (unsigned int)4294967295, (unsigned int)4294967294, (int)32, (int)1>, split::split_unified_allocator<Hashinator::Info>> *, double)"
0.0,0.6367,88,0.0072,0.0072,0.0067,0.0086,0.0004, 601    1    1,  64    1    1,"update_velocity_block_content_lists_kernel(vmesh::VelocityMesh *, vmesh::VelocityBlockContainer *, Hashinator::Hashmap<unsigned int, unsigned int, (unsigned int)4294967295, (unsigned int)4294967294, Hashinator::HashFunctions::Fibonacci<unsigned int>, Hashinator::Hashers::Hasher<unsigned int, unsigned int, Hashinator::HashFunctions::Fibonacci<unsigned int>, (unsigned int)4294967295, (unsigned int)4294967294, (int)32, (int)1>, split::split_unified_allocator<Hashinator::Info>> *, Hashinator::Hashmap<unsigned int, unsigned int, (unsigned int)4294967295, (unsigned int)4294967294, Hashinator::HashFunctions::Fibonacci<unsigned int>, Hashinator::Hashers::Hasher<unsigned int, unsigned int, Hashinator::HashFunctions::Fibonacci<unsigned int>, (unsigned int)4294967295, (unsigned int)4294967294, (int)32, (int)1>, split::split_unified_allocator<Hashinator::Info>> *, double)"
0.0,0.6292,32,0.0197,0.0050,0.0048,0.2756,0.0498, 181    1    1, 512    1    1,"void arch::reduction_kernel<(unsigned int)512, (arch::reduce_op)2, (unsigned int)4, (unsigned int)3, void blockVelocitySecondMoments<double, (unsigned int)3>(vmesh::VelocityBlockContainer *, T1, T1, T1, T1 (&)[T2], unsigned int)::[lambda(unsigned int, unsigned int, unsigned int, unsigned int, double *) (instance 1)], double>(T5, const T6 *, T6 *, const unsigned int *, unsigned int, unsigned int, T6 *)"
0.0,0.6236,18,0.0346,0.0227,0.0185,0.1002,0.0287, 323    1    1,1024    1    1,"update_neighbour_halo_kernel(vmesh::VelocityMesh *, unsigned int, unsigned int **, unsigned int *, Hashinator::Hashmap<unsigned int, unsigned int, (unsigned int)4294967295, (unsigned int)4294967294, Hashinator::HashFunctions::Fibonacci<unsigned int>, Hashinator::Hashers::Hasher<unsigned int, unsigned int, Hashinator::HashFunctions::Fibonacci<unsigned int>, (unsigned int)4294967295, (unsigned int)4294967294, (int)32, (int)1>, split::split_unified_allocator<Hashinator::Info>> *, Hashinator::Hashmap<unsigned int, unsigned int, (unsigned int)4294967295, (unsigned int)4294967294, Hashinator::HashFunctions::Fibonacci<unsigned int>, Hashinator::Hashers::Hasher<unsigned int, unsigned int, Hashinator::HashFunctions::Fibonacci<unsigned int>, (unsigned int)4294967295, (unsigned int)4294967294, (int)32, (int)1>, split::split_unified_allocator<Hashinator::Info>> *)"
0.0,0.6190,24,0.0258,0.0048,0.0044,0.1590,0.0401, 115    1    1, 512    1    1,"void arch::reduction_kernel<(unsigned int)512, (arch::reduce_op)2, (unsigned int)4, (unsigned int)4, void blockVelocityFirstMoments<double, (unsigned int)4>(vmesh::VelocityBlockContainer *, T1 (&)[T2], unsigned int)::[lambda(unsigned int, unsigned int, unsigned int, unsigned int, double *) (instance 1)], double>(T5, const T6 *, T6 *, const unsigned int *, unsigned int, unsigned int, T6 *)"
0.0,0.6171,34,0.0181,0.0097,0.0074,0.0575,0.0162, 110    1    1,1024    1    1,"update_neighbour_halo_kernel(vmesh::VelocityMesh *, unsigned int, unsigned int **, unsigned int *, Hashinator::Hashmap<unsigned int, unsigned int, (unsigned int)4294967295, (unsigned int)4294967294, Hashinator::HashFunctions::Fibonacci<unsigned int>, Hashinator::Hashers::Hasher<unsigned int, unsigned int, Hashinator::HashFunctions::Fibonacci<unsigned int>, (unsigned int)4294967295, (unsigned int)4294967294, (int)32, (int)1>, split::split_unified_allocator<Hashinator::Info>> *, Hashinator::Hashmap<unsigned int, unsigned int, (unsigned int)4294967295, (unsigned int)4294967294, Hashinator::HashFunctions::Fibonacci<unsigned int>, Hashinator::Hashers::Hasher<unsigned int, unsigned int, Hashinator::HashFunctions::Fibonacci<unsigned int>, (unsigned int)4294967295, (unsigned int)4294967294, (int)32, (int)1>, split::split_unified_allocator<Hashinator::Info>> *)"
0.0,0.6161,27,0.0228,0.0028,0.0023,0.0901,0.0304,   1    1    1,  64    1    1,"void Hashinator::Hashers::reset_to_empty<unsigned int, unsigned int, (unsigned int)4294967295, Hashinator::HashFunctions::Fibonacci<unsigned int>, (int)32, (int)1>(Hashinator::hash_pair<T1, T2> *, Hashinator::hash_pair<T1, T2> *, Hashinator::Info *, unsigned long)"
0.0,0.6127,88,0.0070,0.0069,0.0065,0.0087,0.0004, 399    1    1,  64    1    1,"update_velocity_block_content_lists_kernel(vmesh::VelocityMesh *, vmesh::VelocityBlockContainer *, Hashinator::Hashmap<unsigned int, unsigned int, (unsigned int)4294967295, (unsigned int)4294967294, Hashinator::HashFunctions::Fibonacci<unsigned int>, Hashinator::Hashers::Hasher<unsigned int, unsigned int, Hashinator::HashFunctions::Fibonacci<unsigned int>, (unsigned int)4294967295, (unsigned int)4294967294, (int)32, (int)1>, split::split_unified_allocator<Hashinator::Info>> *, Hashinator::Hashmap<unsigned int, unsigned int, (unsigned int)4294967295, (unsigned int)4294967294, Hashinator::HashFunctions::Fibonacci<unsigned int>, Hashinator::Hashers::Hasher<unsigned int, unsigned int, Hashinator::HashFunctions::Fibonacci<unsigned int>, (unsigned int)4294967295, (unsigned int)4294967294, (int)32, (int)1>, split::split_unified_allocator<Hashinator::Info>> *, double)"
0.0,0.6040,12,0.0503,0.0351,0.0063,0.1818,0.0543, 279    1    1,  64    1    1,"update_velocity_blocks_kernel(vmesh::VelocityMesh *, vmesh::VelocityBlockContainer *, split::SplitVector<unsigned int, split::split_unified_allocator<unsigned int>> *, split::SplitVector<Hashinator::hash_pair<unsigned int, unsigned int>, split::split_unified_allocator<Hashinator::hash_pair<unsigned int, unsigned int>>> *, split::SplitVector<Hashinator::hash_pair<unsigned int, unsigned int>, split::split_unified_allocator<Hashinator::hash_pair<unsigned int, unsigned int>>> *, split::SplitVector<Hashinator::hash_pair<unsigned int, unsigned int>, split::split_unified_allocator<Hashinator::hash_pair<unsigned int, unsigned int>>> *, unsigned int, unsigned int, unsigned int, float *)"
0.0,0.6012,28,0.0215,0.0116,0.0089,0.1032,0.0265, 100    1    1,  16    1    1,"reorder_blocks_by_dimension_kernel(vmesh::VelocityBlockContainer *, VecSimple<float> *, unsigned int *, unsigned int *, ColumnOffsets *)"
0.0,0.6006,24,0.0250,0.0054,0.0051,0.1417,0.0383, 179    1    1, 512    1    1,"void arch::reduction_kernel<(unsigned int)512, (arch::reduce_op)2, (unsigned int)4, (unsigned int)4, void blockVelocityFirstMoments<double, (unsigned int)4>(vmesh::VelocityBlockContainer *, T1 (&)[T2], unsigned int)::[lambda(unsigned int, unsigned int, unsigned int, unsigned int, double *) (instance 1)], double>(T5, const T6 *, T6 *, const unsigned int *, unsigned int, unsigned int, T6 *)"
0.0,0.5916,82,0.0072,0.0071,0.0068,0.0093,0.0004, 595    1    1,  64    1    1,"update_velocity_block_content_lists_kernel(vmesh::VelocityMesh *, vmesh::VelocityBlockContainer *, Hashinator::Hashmap<unsigned int, unsigned int, (unsigned int)4294967295, (unsigned int)4294967294, Hashinator::HashFunctions::Fibonacci<unsigned int>, Hashinator::Hashers::Hasher<unsigned int, unsigned int, Hashinator::HashFunctions::Fibonacci<unsigned int>, (unsigned int)4294967295, (unsigned int)4294967294, (int)32, (int)1>, split::split_unified_allocator<Hashinator::Info>> *, Hashinator::Hashmap<unsigned int, unsigned int, (unsigned int)4294967295, (unsigned int)4294967294, Hashinator::HashFunctions::Fibonacci<unsigned int>, Hashinator::Hashers::Hasher<unsigned int, unsigned int, Hashinator::HashFunctions::Fibonacci<unsigned int>, (unsigned int)4294967295, (unsigned int)4294967294, (int)32, (int)1>, split::split_unified_allocator<Hashinator::Info>> *, double)"
0.0,0.5884,28,0.0210,0.0096,0.0078,0.1439,0.0331,  71    1    1, 832    1    1,"update_velocity_halo_kernel(vmesh::VelocityMesh *, unsigned int, unsigned int *, Hashinator::Hashmap<unsigned int, unsigned int, (unsigned int)4294967295, (unsigned int)4294967294, Hashinator::HashFunctions::Fibonacci<unsigned int>, Hashinator::Hashers::Hasher<unsigned int, unsigned int, Hashinator::HashFunctions::Fibonacci<unsigned int>, (unsigned int)4294967295, (unsigned int)4294967294, (int)32, (int)1>, split::split_unified_allocator<Hashinator::Info>> *, Hashinator::Hashmap<unsigned int, unsigned int, (unsigned int)4294967295, (unsigned int)4294967294, Hashinator::HashFunctions::Fibonacci<unsigned int>, Hashinator::Hashers::Hasher<unsigned int, unsigned int, Hashinator::HashFunctions::Fibonacci<unsigned int>, (unsigned int)4294967295, (unsigned int)4294967294, (int)32, (int)1>, split::split_unified_allocator<Hashinator::Info>> *)"
0.0,0.5733,79,0.0073,0.0072,0.0068,0.0089,0.0004, 610    1    1,  64    1    1,"update_velocity_block_content_lists_kernel(vmesh::VelocityMesh *, vmesh::VelocityBlockContainer *, Hashinator::Hashmap<unsigned int, unsigned int, (unsigned int)4294967295, (unsigned int)4294967294, Hashinator::HashFunctions::Fibonacci<unsigned int>, Hashinator::Hashers::Hasher<unsigned int, unsigned int, Hashinator::HashFunctions::Fibonacci<unsigned int>, (unsigned int)4294967295, (unsigned int)4294967294, (int)32, (int)1>, split::split_unified_allocator<Hashinator::Info>> *, Hashinator::Hashmap<unsigned int, unsigned int, (unsigned int)4294967295, (unsigned int)4294967294, Hashinator::HashFunctions::Fibonacci<unsigned int>, Hashinator::Hashers::Hasher<unsigned int, unsigned int, Hashinator::HashFunctions::Fibonacci<unsigned int>, (unsigned int)4294967295, (unsigned int)4294967294, (int)32, (int)1>, split::split_unified_allocator<Hashinator::Info>> *, double)"
0.0,0.5477,9,0.0609,0.0050,0.0044,0.5068,0.1672,  87    1    1, 512    1    1,"void arch::reduction_kernel<(unsigned int)512, (arch::reduce_op)2, (unsigned int)4, (unsigned int)4, void blockVelocityFirstMoments<double, (unsigned int)4>(vmesh::VelocityBlockContainer *, T1 (&)[T2], unsigned int)::[lambda(unsigned int, unsigned int, unsigned int, unsigned int, double *) (instance 1)], double>(T5, const T6 *, T6 *, const unsigned int *, unsigned int, unsigned int, T6 *)"
0.0,0.5467,20,0.0273,0.0151,0.0135,0.1412,0.0312, 274    1    1, 832    1    1,"update_velocity_halo_kernel(vmesh::VelocityMesh *, unsigned int, unsigned int *, Hashinator::Hashmap<unsigned int, unsigned int, (unsigned int)4294967295, (unsigned int)4294967294, Hashinator::HashFunctions::Fibonacci<unsigned int>, Hashinator::Hashers::Hasher<unsigned int, unsigned int, Hashinator::HashFunctions::Fibonacci<unsigned int>, (unsigned int)4294967295, (unsigned int)4294967294, (int)32, (int)1>, split::split_unified_allocator<Hashinator::Info>> *, Hashinator::Hashmap<unsigned int, unsigned int, (unsigned int)4294967295, (unsigned int)4294967294, Hashinator::HashFunctions::Fibonacci<unsigned int>, Hashinator::Hashers::Hasher<unsigned int, unsigned int, Hashinator::HashFunctions::Fibonacci<unsigned int>, (unsigned int)4294967295, (unsigned int)4294967294, (int)32, (int)1>, split::split_unified_allocator<Hashinator::Info>> *)"
0.0,0.5430,36,0.0151,0.0094,0.0083,0.1660,0.0267, 136    1    1,1024    1    1,"update_neighbour_halo_kernel(vmesh::VelocityMesh *, unsigned int, unsigned int **, unsigned int *, Hashinator::Hashmap<unsigned int, unsigned int, (unsigned int)4294967295, (unsigned int)4294967294, Hashinator::HashFunctions::Fibonacci<unsigned int>, Hashinator::Hashers::Hasher<unsigned int, unsigned int, Hashinator::HashFunctions::Fibonacci<unsigned int>, (unsigned int)4294967295, (unsigned int)4294967294, (int)32, (int)1>, split::split_unified_allocator<Hashinator::Info>> *, Hashinator::Hashmap<unsigned int, unsigned int, (unsigned int)4294967295, (unsigned int)4294967294, Hashinator::HashFunctions::Fibonacci<unsigned int>, Hashinator::Hashers::Hasher<unsigned int, unsigned int, Hashinator::HashFunctions::Fibonacci<unsigned int>, (unsigned int)4294967295, (unsigned int)4294967294, (int)32, (int)1>, split::split_unified_allocator<Hashinator::Info>> *)"
0.0,0.5324,24,0.0222,0.0082,0.0072,0.1213,0.0284, 520    1    1,  64    1    1,"update_velocity_blocks_kernel(vmesh::VelocityMesh *, vmesh::VelocityBlockContainer *, split::SplitVector<unsigned int, split::split_unified_allocator<unsigned int>> *, split::SplitVector<Hashinator::hash_pair<unsigned int, unsigned int>, split::split_unified_allocator<Hashinator::hash_pair<unsigned int, unsigned int>>> *, split::SplitVector<Hashinator::hash_pair<unsigned int, unsigned int>, split::split_unified_allocator<Hashinator::hash_pair<unsigned int, unsigned int>>> *, split::SplitVector<Hashinator::hash_pair<unsigned int, unsigned int>, split::split_unified_allocator<Hashinator::hash_pair<unsigned int, unsigned int>>> *, unsigned int, unsigned int, unsigned int, float *)"
0.0,0.5322,72,0.0074,0.0073,0.0069,0.0086,0.0003, 783    1    1,  64    1    1,"update_velocity_block_content_lists_kernel(vmesh::VelocityMesh *, vmesh::VelocityBlockContainer *, Hashinator::Hashmap<unsigned int, unsigned int, (unsigned int)4294967295, (unsigned int)4294967294, Hashinator::HashFunctions::Fibonacci<unsigned int>, Hashinator::Hashers::Hasher<unsigned int, unsigned int, Hashinator::HashFunctions::Fibonacci<unsigned int>, (unsigned int)4294967295, (unsigned int)4294967294, (int)32, (int)1>, split::split_unified_allocator<Hashinator::Info>> *, Hashinator::Hashmap<unsigned int, unsigned int, (unsigned int)4294967295, (unsigned int)4294967294, Hashinator::HashFunctions::Fibonacci<unsigned int>, Hashinator::Hashers::Hasher<unsigned int, unsigned int, Hashinator::HashFunctions::Fibonacci<unsigned int>, (unsigned int)4294967295, (unsigned int)4294967294, (int)32, (int)1>, split::split_unified_allocator<Hashinator::Info>> *, double)"
0.0,0.5298,23,0.0230,0.0068,0.0052,0.1337,0.0345, 243    1    1,  64    1    1,"update_velocity_blocks_kernel(vmesh::VelocityMesh *, vmesh::VelocityBlockContainer *, split::SplitVector<unsigned int, split::split_unified_allocator<unsigned int>> *, split::SplitVector<Hashinator::hash_pair<unsigned int, unsigned int>, split::split_unified_allocator<Hashinator::hash_pair<unsigned int, unsigned int>>> *, split::SplitVector<Hashinator::hash_pair<unsigned int, unsigned int>, split::split_unified_allocator<Hashinator::hash_pair<unsigned int, unsigned int>>> *, split::SplitVector<Hashinator::hash_pair<unsigned int, unsigned int>, split::split_unified_allocator<Hashinator::hash_pair<unsigned int, unsigned int>>> *, unsigned int, unsigned int, unsigned int, float *)"
0.0,0.5270,71,0.0074,0.0073,0.0068,0.0088,0.0004, 781    1    1,  64    1    1,"update_velocity_block_content_lists_kernel(vmesh::VelocityMesh *, vmesh::VelocityBlockContainer *, Hashinator::Hashmap<unsigned int, unsigned int, (unsigned int)4294967295, (unsigned int)4294967294, Hashinator::HashFunctions::Fibonacci<unsigned int>, Hashinator::Hashers::Hasher<unsigned int, unsigned int, Hashinator::HashFunctions::Fibonacci<unsigned int>, (unsigned int)4294967295, (unsigned int)4294967294, (int)32, (int)1>, split::split_unified_allocator<Hashinator::Info>> *, Hashinator::Hashmap<unsigned int, unsigned int, (unsigned int)4294967295, (unsigned int)4294967294, Hashinator::HashFunctions::Fibonacci<unsigned int>, Hashinator::Hashers::Hasher<unsigned int, unsigned int, Hashinator::HashFunctions::Fibonacci<unsigned int>, (unsigned int)4294967295, (unsigned int)4294967294, (int)32, (int)1>, split::split_unified_allocator<Hashinator::Info>> *, double)"
0.0,0.5263,14,0.0376,0.0159,0.0119,0.0925,0.0344, 200    1    1,1024    1    1,"update_neighbour_halo_kernel(vmesh::VelocityMesh *, unsigned int, unsigned int **, unsigned int *, Hashinator::Hashmap<unsigned int, unsigned int, (unsigned int)4294967295, (unsigned int)4294967294, Hashinator::HashFunctions::Fibonacci<unsigned int>, Hashinator::Hashers::Hasher<unsigned int, unsigned int, Hashinator::HashFunctions::Fibonacci<unsigned int>, (unsigned int)4294967295, (unsigned int)4294967294, (int)32, (int)1>, split::split_unified_allocator<Hashinator::Info>> *, Hashinator::Hashmap<unsigned int, unsigned int, (unsigned int)4294967295, (unsigned int)4294967294, Hashinator::HashFunctions::Fibonacci<unsigned int>, Hashinator::Hashers::Hasher<unsigned int, unsigned int, Hashinator::HashFunctions::Fibonacci<unsigned int>, (unsigned int)4294967295, (unsigned int)4294967294, (int)32, (int)1>, split::split_unified_allocator<Hashinator::Info>> *)"
0.0,0.5231,20,0.0262,0.0082,0.0066,0.1800,0.0509,  90    1    1,1024    1    1,"update_neighbour_halo_kernel(vmesh::VelocityMesh *, unsigned int, unsigned int **, unsigned int *, Hashinator::Hashmap<unsigned int, unsigned int, (unsigned int)4294967295, (unsigned int)4294967294, Hashinator::HashFunctions::Fibonacci<unsigned int>, Hashinator::Hashers::Hasher<unsigned int, unsigned int, Hashinator::HashFunctions::Fibonacci<unsigned int>, (unsigned int)4294967295, (unsigned int)4294967294, (int)32, (int)1>, split::split_unified_allocator<Hashinator::Info>> *, Hashinator::Hashmap<unsigned int, unsigned int, (unsigned int)4294967295, (unsigned int)4294967294, Hashinator::HashFunctions::Fibonacci<unsigned int>, Hashinator::Hashers::Hasher<unsigned int, unsigned int, Hashinator::HashFunctions::Fibonacci<unsigned int>, (unsigned int)4294967295, (unsigned int)4294967294, (int)32, (int)1>, split::split_unified_allocator<Hashinator::Info>> *)"
0.0,0.5139,14,0.0367,0.0355,0.0057,0.0865,0.0312, 334    1    1,  64    1    1,"update_velocity_blocks_kernel(vmesh::VelocityMesh *, vmesh::VelocityBlockContainer *, split::SplitVector<unsigned int, split::split_unified_allocator<unsigned int>> *, split::SplitVector<Hashinator::hash_pair<unsigned int, unsigned int>, split::split_unified_allocator<Hashinator::hash_pair<unsigned int, unsigned int>>> *, split::SplitVector<Hashinator::hash_pair<unsigned int, unsigned int>, split::split_unified_allocator<Hashinator::hash_pair<unsigned int, unsigned int>>> *, split::SplitVector<Hashinator::hash_pair<unsigned int, unsigned int>, split::split_unified_allocator<Hashinator::hash_pair<unsigned int, unsigned int>>> *, unsigned int, unsigned int, unsigned int, float *)"
0.0,0.5101,16,0.0319,0.0190,0.0065,0.0788,0.0279, 118    1    1,  64    1    1,"update_velocity_blocks_kernel(vmesh::VelocityMesh *, vmesh::VelocityBlockContainer *, split::SplitVector<unsigned int, split::split_unified_allocator<unsigned int>> *, split::SplitVector<Hashinator::hash_pair<unsigned int, unsigned int>, split::split_unified_allocator<Hashinator::hash_pair<unsigned int, unsigned int>>> *, split::SplitVector<Hashinator::hash_pair<unsigned int, unsigned int>, split::split_unified_allocator<Hashinator::hash_pair<unsigned int, unsigned int>>> *, split::SplitVector<Hashinator::hash_pair<unsigned int, unsigned int>, split::split_unified_allocator<Hashinator::hash_pair<unsigned int, unsigned int>>> *, unsigned int, unsigned int, unsigned int, float *)"
0.0,0.5093,73,0.0070,0.0069,0.0064,0.0083,0.0004, 397    1    1,  64    1    1,"update_velocity_block_content_lists_kernel(vmesh::VelocityMesh *, vmesh::VelocityBlockContainer *, Hashinator::Hashmap<unsigned int, unsigned int, (unsigned int)4294967295, (unsigned int)4294967294, Hashinator::HashFunctions::Fibonacci<unsigned int>, Hashinator::Hashers::Hasher<unsigned int, unsigned int, Hashinator::HashFunctions::Fibonacci<unsigned int>, (unsigned int)4294967295, (unsigned int)4294967294, (int)32, (int)1>, split::split_unified_allocator<Hashinator::Info>> *, Hashinator::Hashmap<unsigned int, unsigned int, (unsigned int)4294967295, (unsigned int)4294967294, Hashinator::HashFunctions::Fibonacci<unsigned int>, Hashinator::Hashers::Hasher<unsigned int, unsigned int, Hashinator::HashFunctions::Fibonacci<unsigned int>, (unsigned int)4294967295, (unsigned int)4294967294, (int)32, (int)1>, split::split_unified_allocator<Hashinator::Info>> *, double)"
0.0,0.4847,32,0.0151,0.0080,0.0069,0.1419,0.0258, 860    1    1,  64    1    1,"update_velocity_blocks_kernel(vmesh::VelocityMesh *, vmesh::VelocityBlockContainer *, split::SplitVector<unsigned int, split::split_unified_allocator<unsigned int>> *, split::SplitVector<Hashinator::hash_pair<unsigned int, unsigned int>, split::split_unified_allocator<Hashinator::hash_pair<unsigned int, unsigned int>>> *, split::SplitVector<Hashinator::hash_pair<unsigned int, unsigned int>, split::split_unified_allocator<Hashinator::hash_pair<unsigned int, unsigned int>>> *, split::SplitVector<Hashinator::hash_pair<unsigned int, unsigned int>, split::split_unified_allocator<Hashinator::hash_pair<unsigned int, unsigned int>>> *, unsigned int, unsigned int, unsigned int, float *)"
0.0,0.4844,19,0.0255,0.0143,0.0115,0.0635,0.0175, 120    1    1,  32    1    1,"evaluate_column_extents_kernel(unsigned int, const vmesh::VelocityMesh *, ColumnOffsets *, Column *, split::SplitVector<unsigned int, split::split_unified_allocator<unsigned int>> *, Hashinator::Hashmap<unsigned int, unsigned int, (unsigned int)4294967295, (unsigned int)4294967294, Hashinator::HashFunctions::Fibonacci<unsigned int>, Hashinator::Hashers::Hasher<unsigned int, unsigned int, Hashinator::HashFunctions::Fibonacci<unsigned int>, (unsigned int)4294967295, (unsigned int)4294967294, (int)32, (int)1>, split::split_unified_allocator<Hashinator::Info>> *, Hashinator::Hashmap<unsigned int, unsigned int, (unsigned int)4294967295, (unsigned int)4294967294, Hashinator::HashFunctions::Fibonacci<unsigned int>, Hashinator::Hashers::Hasher<unsigned int, unsigned int, Hashinator::HashFunctions::Fibonacci<unsigned int>, (unsigned int)4294967295, (unsigned int)4294967294, (int)32, (int)1>, split::split_unified_allocator<Hashinator::Info>> *, unsigned int *, unsigned int *, float, float, float, float, int, int, float, float, unsigned int *)"
0.0,0.4816,48,0.0100,0.0048,0.0045,0.0939,0.0186,  62    1    1, 512    1    1,"void arch::reduction_kernel<(unsigned int)512, (arch::reduce_op)2, (unsigned int)4, (unsigned int)4, void blockVelocityFirstMoments<double, (unsigned int)4>(vmesh::VelocityBlockContainer *, T1 (&)[T2], unsigned int)::[lambda(unsigned int, unsigned int, unsigned int, unsigned int, double *) (instance 1)], double>(T5, const T6 *, T6 *, const unsigned int *, unsigned int, unsigned int, T6 *)"
0.0,0.4757,19,0.0250,0.0141,0.0112,0.1293,0.0298, 120    1    1,  16    1    1,"reorder_blocks_by_dimension_kernel(vmesh::VelocityBlockContainer *, VecSimple<float> *, unsigned int *, unsigned int *, ColumnOffsets *)"
0.0,0.4754,18,0.0264,0.0027,0.0023,0.0723,0.0284,   1    1    1, 128    1    1,"void Hashinator::Hashers::reset_to_empty<unsigned int, unsigned int, (unsigned int)4294967295, Hashinator::HashFunctions::Fibonacci<unsigned int>, (int)32, (int)1>(Hashinator::hash_pair<T1, T2> *, Hashinator::hash_pair<T1, T2> *, Hashinator::Info *, unsigned long)"
0.0,0.4753,19,0.0250,0.0082,0.0065,0.1004,0.0258,  39    1    1,  64    1    1,"update_velocity_blocks_kernel(vmesh::VelocityMesh *, vmesh::VelocityBlockContainer *, split::SplitVector<unsigned int, split::split_unified_allocator<unsigned int>> *, split::SplitVector<Hashinator::hash_pair<unsigned int, unsigned int>, split::split_unified_allocator<Hashinator::hash_pair<unsigned int, unsigned int>>> *, split::SplitVector<Hashinator::hash_pair<unsigned int, unsigned int>, split::split_unified_allocator<Hashinator::hash_pair<unsigned int, unsigned int>>> *, split::SplitVector<Hashinator::hash_pair<unsigned int, unsigned int>, split::split_unified_allocator<Hashinator::hash_pair<unsigned int, unsigned int>>> *, unsigned int, unsigned int, unsigned int, float *)"
0.0,0.4725,24,0.0197,0.0053,0.0052,0.1308,0.0309, 184    1    1, 512    1    1,"void arch::reduction_kernel<(unsigned int)512, (arch::reduce_op)2, (unsigned int)4, (unsigned int)4, void blockVelocityFirstMoments<double, (unsigned int)4>(vmesh::VelocityBlockContainer *, T1 (&)[T2], unsigned int)::[lambda(unsigned int, unsigned int, unsigned int, unsigned int, double *) (instance 1)], double>(T5, const T6 *, T6 *, const unsigned int *, unsigned int, unsigned int, T6 *)"
0.0,0.4710,20,0.0235,0.0085,0.0060,0.2062,0.0448, 281    1    1,  64    1    1,"update_velocity_blocks_kernel(vmesh::VelocityMesh *, vmesh::VelocityBlockContainer *, split::SplitVector<unsigned int, split::split_unified_allocator<unsigned int>> *, split::SplitVector<Hashinator::hash_pair<unsigned int, unsigned int>, split::split_unified_allocator<Hashinator::hash_pair<unsigned int, unsigned int>>> *, split::SplitVector<Hashinator::hash_pair<unsigned int, unsigned int>, split::split_unified_allocator<Hashinator::hash_pair<unsigned int, unsigned int>>> *, split::SplitVector<Hashinator::hash_pair<unsigned int, unsigned int>, split::split_unified_allocator<Hashinator::hash_pair<unsigned int, unsigned int>>> *, unsigned int, unsigned int, unsigned int, float *)"
0.0,0.4681,48,0.0098,0.0041,0.0039,0.0811,0.0157,  89    1    1, 512    1    1,"void arch::reduction_kernel<(unsigned int)512, (arch::reduce_op)2, (unsigned int)4, (unsigned int)3, void blockVelocitySecondMoments<double, (unsigned int)3>(vmesh::VelocityBlockContainer *, T1, T1, T1, T1 (&)[T2], unsigned int)::[lambda(unsigned int, unsigned int, unsigned int, unsigned int, double *) (instance 1)], double>(T5, const T6 *, T6 *, const unsigned int *, unsigned int, unsigned int, T6 *)"
0.0,0.4649,48,0.0097,0.0029,0.0026,0.0763,0.0165,  25    1    1,  32    1    1,"blocksID_mapped_dim1_kernel(const vmesh::VelocityMesh *, unsigned int *, unsigned int *, unsigned int)"
0.0,0.4596,66,0.0070,0.0069,0.0064,0.0080,0.0004, 398    1    1,  64    1    1,"update_velocity_block_content_lists_kernel(vmesh::VelocityMesh *, vmesh::VelocityBlockContainer *, Hashinator::Hashmap<unsigned int, unsigned int, (unsigned int)4294967295, (unsigned int)4294967294, Hashinator::HashFunctions::Fibonacci<unsigned int>, Hashinator::Hashers::Hasher<unsigned int, unsigned int, Hashinator::HashFunctions::Fibonacci<unsigned int>, (unsigned int)4294967295, (unsigned int)4294967294, (int)32, (int)1>, split::split_unified_allocator<Hashinator::Info>> *, Hashinator::Hashmap<unsigned int, unsigned int, (unsigned int)4294967295, (unsigned int)4294967294, Hashinator::HashFunctions::Fibonacci<unsigned int>, Hashinator::Hashers::Hasher<unsigned int, unsigned int, Hashinator::HashFunctions::Fibonacci<unsigned int>, (unsigned int)4294967295, (unsigned int)4294967294, (int)32, (int)1>, split::split_unified_allocator<Hashinator::Info>> *, double)"
0.0,0.4589,10,0.0459,0.0112,0.0070,0.1571,0.0526, 102    1    1,1024    1    1,"update_neighbour_halo_kernel(vmesh::VelocityMesh *, unsigned int, unsigned int **, unsigned int *, Hashinator::Hashmap<unsigned int, unsigned int, (unsigned int)4294967295, (unsigned int)4294967294, Hashinator::HashFunctions::Fibonacci<unsigned int>, Hashinator::Hashers::Hasher<unsigned int, unsigned int, Hashinator::HashFunctions::Fibonacci<unsigned int>, (unsigned int)4294967295, (unsigned int)4294967294, (int)32, (int)1>, split::split_unified_allocator<Hashinator::Info>> *, Hashinator::Hashmap<unsigned int, unsigned int, (unsigned int)4294967295, (unsigned int)4294967294, Hashinator::HashFunctions::Fibonacci<unsigned int>, Hashinator::Hashers::Hasher<unsigned int, unsigned int, Hashinator::HashFunctions::Fibonacci<unsigned int>, (unsigned int)4294967295, (unsigned int)4294967294, (int)32, (int)1>, split::split_unified_allocator<Hashinator::Info>> *)"
0.0,0.4552,32,0.0142,0.0053,0.0051,0.1379,0.0271, 181    1    1, 512    1    1,"void arch::reduction_kernel<(unsigned int)512, (arch::reduce_op)2, (unsigned int)4, (unsigned int)4, void blockVelocityFirstMoments<double, (unsigned int)4>(vmesh::VelocityBlockContainer *, T1 (&)[T2], unsigned int)::[lambda(unsigned int, unsigned int, unsigned int, unsigned int, double *) (instance 1)], double>(T5, const T6 *, T6 *, const unsigned int *, unsigned int, unsigned int, T6 *)"
0.0,0.4539,20,0.0227,0.0098,0.0084,0.1234,0.0338, 140    1    1,1024    1    1,"update_neighbour_halo_kernel(vmesh::VelocityMesh *, unsigned int, unsigned int **, unsigned int *, Hashinator::Hashmap<unsigned int, unsigned int, (unsigned int)4294967295, (unsigned int)4294967294, Hashinator::HashFunctions::Fibonacci<unsigned int>, Hashinator::Hashers::Hasher<unsigned int, unsigned int, Hashinator::HashFunctions::Fibonacci<unsigned int>, (unsigned int)4294967295, (unsigned int)4294967294, (int)32, (int)1>, split::split_unified_allocator<Hashinator::Info>> *, Hashinator::Hashmap<unsigned int, unsigned int, (unsigned int)4294967295, (unsigned int)4294967294, Hashinator::HashFunctions::Fibonacci<unsigned int>, Hashinator::Hashers::Hasher<unsigned int, unsigned int, Hashinator::HashFunctions::Fibonacci<unsigned int>, (unsigned int)4294967295, (unsigned int)4294967294, (int)32, (int)1>, split::split_unified_allocator<Hashinator::Info>> *)"
0.0,0.4524,32,0.0141,0.0040,0.0036,0.1144,0.0252,  24    1    1,  32    1    1,"order_GIDs_kernel(const vmesh::VelocityMesh *, unsigned int *, unsigned int *, unsigned int, unsigned int *, unsigned int *, unsigned int, ColumnOffsets *)"
0.0,0.4507,30,0.0150,0.0087,0.0070,0.0915,0.0184, 101    1    1,1024    1    1,"update_neighbour_halo_kernel(vmesh::VelocityMesh *, unsigned int, unsigned int **, unsigned int *, Hashinator::Hashmap<unsigned int, unsigned int, (unsigned int)4294967295, (unsigned int)4294967294, Hashinator::HashFunctions::Fibonacci<unsigned int>, Hashinator::Hashers::Hasher<unsigned int, unsigned int, Hashinator::HashFunctions::Fibonacci<unsigned int>, (unsigned int)4294967295, (unsigned int)4294967294, (int)32, (int)1>, split::split_unified_allocator<Hashinator::Info>> *, Hashinator::Hashmap<unsigned int, unsigned int, (unsigned int)4294967295, (unsigned int)4294967294, Hashinator::HashFunctions::Fibonacci<unsigned int>, Hashinator::Hashers::Hasher<unsigned int, unsigned int, Hashinator::HashFunctions::Fibonacci<unsigned int>, (unsigned int)4294967295, (unsigned int)4294967294, (int)32, (int)1>, split::split_unified_allocator<Hashinator::Info>> *)"
0.0,0.4441,18,0.0247,0.0098,0.0072,0.1072,0.0310, 120    1    1,1024    1    1,"update_neighbour_halo_kernel(vmesh::VelocityMesh *, unsigned int, unsigned int **, unsigned int *, Hashinator::Hashmap<unsigned int, unsigned int, (unsigned int)4294967295, (unsigned int)4294967294, Hashinator::HashFunctions::Fibonacci<unsigned int>, Hashinator::Hashers::Hasher<unsigned int, unsigned int, Hashinator::HashFunctions::Fibonacci<unsigned int>, (unsigned int)4294967295, (unsigned int)4294967294, (int)32, (int)1>, split::split_unified_allocator<Hashinator::Info>> *, Hashinator::Hashmap<unsigned int, unsigned int, (unsigned int)4294967295, (unsigned int)4294967294, Hashinator::HashFunctions::Fibonacci<unsigned int>, Hashinator::Hashers::Hasher<unsigned int, unsigned int, Hashinator::HashFunctions::Fibonacci<unsigned int>, (unsigned int)4294967295, (unsigned int)4294967294, (int)32, (int)1>, split::split_unified_allocator<Hashinator::Info>> *)"
0.0,0.4396,26,0.0169,0.0028,0.0023,0.0708,0.0230,   1    1    1,  96    1    1,"void Hashinator::Hashers::reset_to_empty<unsigned int, unsigned int, (unsigned int)4294967295, Hashinator::HashFunctions::Fibonacci<unsigned int>, (int)32, (int)1>(Hashinator::hash_pair<T1, T2> *, Hashinator::hash_pair<T1, T2> *, Hashinator::Info *, unsigned long)"
0.0,0.4329,4,0.1082,0.0849,0.0065,0.2566,0.1082, 335    1    1,  64    1    1,"update_velocity_blocks_kernel(vmesh::VelocityMesh *, vmesh::VelocityBlockContainer *, split::SplitVector<unsigned int, split::split_unified_allocator<unsigned int>> *, split::SplitVector<Hashinator::hash_pair<unsigned int, unsigned int>, split::split_unified_allocator<Hashinator::hash_pair<unsigned int, unsigned int>>> *, split::SplitVector<Hashinator::hash_pair<unsigned int, unsigned int>, split::split_unified_allocator<Hashinator::hash_pair<unsigned int, unsigned int>>> *, split::SplitVector<Hashinator::hash_pair<unsigned int, unsigned int>, split::split_unified_allocator<Hashinator::hash_pair<unsigned int, unsigned int>>> *, unsigned int, unsigned int, unsigned int, float *)"
0.0,0.4314,24,0.0180,0.0140,0.0118,0.0536,0.0109, 162    1    1,1024    1    1,"update_neighbour_halo_kernel(vmesh::VelocityMesh *, unsigned int, unsigned int **, unsigned int *, Hashinator::Hashmap<unsigned int, unsigned int, (unsigned int)4294967295, (unsigned int)4294967294, Hashinator::HashFunctions::Fibonacci<unsigned int>, Hashinator::Hashers::Hasher<unsigned int, unsigned int, Hashinator::HashFunctions::Fibonacci<unsigned int>, (unsigned int)4294967295, (unsigned int)4294967294, (int)32, (int)1>, split::split_unified_allocator<Hashinator::Info>> *, Hashinator::Hashmap<unsigned int, unsigned int, (unsigned int)4294967295, (unsigned int)4294967294, Hashinator::HashFunctions::Fibonacci<unsigned int>, Hashinator::Hashers::Hasher<unsigned int, unsigned int, Hashinator::HashFunctions::Fibonacci<unsigned int>, (unsigned int)4294967295, (unsigned int)4294967294, (int)32, (int)1>, split::split_unified_allocator<Hashinator::Info>> *)"
0.0,0.4215,14,0.0301,0.0130,0.0113,0.0925,0.0318, 176    1    1, 832    1    1,"update_velocity_halo_kernel(vmesh::VelocityMesh *, unsigned int, unsigned int *, Hashinator::Hashmap<unsigned int, unsigned int, (unsigned int)4294967295, (unsigned int)4294967294, Hashinator::HashFunctions::Fibonacci<unsigned int>, Hashinator::Hashers::Hasher<unsigned int, unsigned int, Hashinator::HashFunctions::Fibonacci<unsigned int>, (unsigned int)4294967295, (unsigned int)4294967294, (int)32, (int)1>, split::split_unified_allocator<Hashinator::Info>> *, Hashinator::Hashmap<unsigned int, unsigned int, (unsigned int)4294967295, (unsigned int)4294967294, Hashinator::HashFunctions::Fibonacci<unsigned int>, Hashinator::Hashers::Hasher<unsigned int, unsigned int, Hashinator::HashFunctions::Fibonacci<unsigned int>, (unsigned int)4294967295, (unsigned int)4294967294, (int)32, (int)1>, split::split_unified_allocator<Hashinator::Info>> *)"
0.0,0.4208,12,0.0351,0.0220,0.0200,0.1298,0.0330, 321    1    1,1024    1    1,"update_neighbour_halo_kernel(vmesh::VelocityMesh *, unsigned int, unsigned int **, unsigned int *, Hashinator::Hashmap<unsigned int, unsigned int, (unsigned int)4294967295, (unsigned int)4294967294, Hashinator::HashFunctions::Fibonacci<unsigned int>, Hashinator::Hashers::Hasher<unsigned int, unsigned int, Hashinator::HashFunctions::Fibonacci<unsigned int>, (unsigned int)4294967295, (unsigned int)4294967294, (int)32, (int)1>, split::split_unified_allocator<Hashinator::Info>> *, Hashinator::Hashmap<unsigned int, unsigned int, (unsigned int)4294967295, (unsigned int)4294967294, Hashinator::HashFunctions::Fibonacci<unsigned int>, Hashinator::Hashers::Hasher<unsigned int, unsigned int, Hashinator::HashFunctions::Fibonacci<unsigned int>, (unsigned int)4294967295, (unsigned int)4294967294, (int)32, (int)1>, split::split_unified_allocator<Hashinator::Info>> *)"
0.0,0.4208,10,0.0421,0.0114,0.0087,0.1087,0.0434,  65    1    1, 832    1    1,"update_velocity_halo_kernel(vmesh::VelocityMesh *, unsigned int, unsigned int *, Hashinator::Hashmap<unsigned int, unsigned int, (unsigned int)4294967295, (unsigned int)4294967294, Hashinator::HashFunctions::Fibonacci<unsigned int>, Hashinator::Hashers::Hasher<unsigned int, unsigned int, Hashinator::HashFunctions::Fibonacci<unsigned int>, (unsigned int)4294967295, (unsigned int)4294967294, (int)32, (int)1>, split::split_unified_allocator<Hashinator::Info>> *, Hashinator::Hashmap<unsigned int, unsigned int, (unsigned int)4294967295, (unsigned int)4294967294, Hashinator::HashFunctions::Fibonacci<unsigned int>, Hashinator::Hashers::Hasher<unsigned int, unsigned int, Hashinator::HashFunctions::Fibonacci<unsigned int>, (unsigned int)4294967295, (unsigned int)4294967294, (int)32, (int)1>, split::split_unified_allocator<Hashinator::Info>> *)"
0.0,0.4180,56,0.0075,0.0074,0.0068,0.0101,0.0005, 779    1    1,  64    1    1,"update_velocity_block_content_lists_kernel(vmesh::VelocityMesh *, vmesh::VelocityBlockContainer *, Hashinator::Hashmap<unsigned int, unsigned int, (unsigned int)4294967295, (unsigned int)4294967294, Hashinator::HashFunctions::Fibonacci<unsigned int>, Hashinator::Hashers::Hasher<unsigned int, unsigned int, Hashinator::HashFunctions::Fibonacci<unsigned int>, (unsigned int)4294967295, (unsigned int)4294967294, (int)32, (int)1>, split::split_unified_allocator<Hashinator::Info>> *, Hashinator::Hashmap<unsigned int, unsigned int, (unsigned int)4294967295, (unsigned int)4294967294, Hashinator::HashFunctions::Fibonacci<unsigned int>, Hashinator::Hashers::Hasher<unsigned int, unsigned int, Hashinator::HashFunctions::Fibonacci<unsigned int>, (unsigned int)4294967295, (unsigned int)4294967294, (int)32, (int)1>, split::split_unified_allocator<Hashinator::Info>> *, double)"
0.0,0.4148,16,0.0259,0.0083,0.0051,0.1246,0.0363, 333    1    1,  64    1    1,"update_velocity_blocks_kernel(vmesh::VelocityMesh *, vmesh::VelocityBlockContainer *, split::SplitVector<unsigned int, split::split_unified_allocator<unsigned int>> *, split::SplitVector<Hashinator::hash_pair<unsigned int, unsigned int>, split::split_unified_allocator<Hashinator::hash_pair<unsigned int, unsigned int>>> *, split::SplitVector<Hashinator::hash_pair<unsigned int, unsigned int>, split::split_unified_allocator<Hashinator::hash_pair<unsigned int, unsigned int>>> *, split::SplitVector<Hashinator::hash_pair<unsigned int, unsigned int>, split::split_unified_allocator<Hashinator::hash_pair<unsigned int, unsigned int>>> *, unsigned int, unsigned int, unsigned int, float *)"
0.0,0.4066,16,0.0254,0.0108,0.0086,0.1081,0.0301,  94    1    1, 832    1    1,"update_velocity_halo_kernel(vmesh::VelocityMesh *, unsigned int, unsigned int *, Hashinator::Hashmap<unsigned int, unsigned int, (unsigned int)4294967295, (unsigned int)4294967294, Hashinator::HashFunctions::Fibonacci<unsigned int>, Hashinator::Hashers::Hasher<unsigned int, unsigned int, Hashinator::HashFunctions::Fibonacci<unsigned int>, (unsigned int)4294967295, (unsigned int)4294967294, (int)32, (int)1>, split::split_unified_allocator<Hashinator::Info>> *, Hashinator::Hashmap<unsigned int, unsigned int, (unsigned int)4294967295, (unsigned int)4294967294, Hashinator::HashFunctions::Fibonacci<unsigned int>, Hashinator::Hashers::Hasher<unsigned int, unsigned int, Hashinator::HashFunctions::Fibonacci<unsigned int>, (unsigned int)4294967295, (unsigned int)4294967294, (int)32, (int)1>, split::split_unified_allocator<Hashinator::Info>> *)"
0.0,0.4050,54,0.0075,0.0075,0.0069,0.0088,0.0003, 810    1    1,  64    1    1,"update_velocity_block_content_lists_kernel(vmesh::VelocityMesh *, vmesh::VelocityBlockContainer *, Hashinator::Hashmap<unsigned int, unsigned int, (unsigned int)4294967295, (unsigned int)4294967294, Hashinator::HashFunctions::Fibonacci<unsigned int>, Hashinator::Hashers::Hasher<unsigned int, unsigned int, Hashinator::HashFunctions::Fibonacci<unsigned int>, (unsigned int)4294967295, (unsigned int)4294967294, (int)32, (int)1>, split::split_unified_allocator<Hashinator::Info>> *, Hashinator::Hashmap<unsigned int, unsigned int, (unsigned int)4294967295, (unsigned int)4294967294, Hashinator::HashFunctions::Fibonacci<unsigned int>, Hashinator::Hashers::Hasher<unsigned int, unsigned int, Hashinator::HashFunctions::Fibonacci<unsigned int>, (unsigned int)4294967295, (unsigned int)4294967294, (int)32, (int)1>, split::split_unified_allocator<Hashinator::Info>> *, double)"
0.0,0.4041,54,0.0075,0.0075,0.0069,0.0083,0.0003, 802    1    1,  64    1    1,"update_velocity_block_content_lists_kernel(vmesh::VelocityMesh *, vmesh::VelocityBlockContainer *, Hashinator::Hashmap<unsigned int, unsigned int, (unsigned int)4294967295, (unsigned int)4294967294, Hashinator::HashFunctions::Fibonacci<unsigned int>, Hashinator::Hashers::Hasher<unsigned int, unsigned int, Hashinator::HashFunctions::Fibonacci<unsigned int>, (unsigned int)4294967295, (unsigned int)4294967294, (int)32, (int)1>, split::split_unified_allocator<Hashinator::Info>> *, Hashinator::Hashmap<unsigned int, unsigned int, (unsigned int)4294967295, (unsigned int)4294967294, Hashinator::HashFunctions::Fibonacci<unsigned int>, Hashinator::Hashers::Hasher<unsigned int, unsigned int, Hashinator::HashFunctions::Fibonacci<unsigned int>, (unsigned int)4294967295, (unsigned int)4294967294, (int)32, (int)1>, split::split_unified_allocator<Hashinator::Info>> *, double)"
0.0,0.4028,24,0.0168,0.0075,0.0070,0.1020,0.0233, 760    1    1,  64    1    1,"update_velocity_blocks_kernel(vmesh::VelocityMesh *, vmesh::VelocityBlockContainer *, split::SplitVector<unsigned int, split::split_unified_allocator<unsigned int>> *, split::SplitVector<Hashinator::hash_pair<unsigned int, unsigned int>, split::split_unified_allocator<Hashinator::hash_pair<unsigned int, unsigned int>>> *, split::SplitVector<Hashinator::hash_pair<unsigned int, unsigned int>, split::split_unified_allocator<Hashinator::hash_pair<unsigned int, unsigned int>>> *, split::SplitVector<Hashinator::hash_pair<unsigned int, unsigned int>, split::split_unified_allocator<Hashinator::hash_pair<unsigned int, unsigned int>>> *, unsigned int, unsigned int, unsigned int, float *)"
0.0,0.4007,8,0.0501,0.0548,0.0044,0.0626,0.0189,  87    1    1, 512    1    1,"void arch::reduction_kernel<(unsigned int)512, (arch::reduce_op)2, (unsigned int)4, (unsigned int)3, DRO::VariablePTensorOffDiagonal::reduceData(const spatial_cell::SpatialCell *, char *)::[lambda(unsigned int, unsigned int, unsigned int, unsigned int, double *) (instance 1)], double>(T5, const T6 *, T6 *, const unsigned int *, unsigned int, unsigned int, T6 *)"
0.0,0.4005,12,0.0334,0.0180,0.0135,0.0873,0.0286, 131    1    1,  16    1    1,"reorder_blocks_by_dimension_kernel(vmesh::VelocityBlockContainer *, VecSimple<float> *, unsigned int *, unsigned int *, ColumnOffsets *)"
0.0,0.3994,48,0.0083,0.0041,0.0039,0.1590,0.0230,  62    1    1, 512    1    1,"void arch::reduction_kernel<(unsigned int)512, (arch::reduce_op)2, (unsigned int)4, (unsigned int)3, void blockVelocitySecondMoments<double, (unsigned int)3>(vmesh::VelocityBlockContainer *, T1, T1, T1, T1 (&)[T2], unsigned int)::[lambda(unsigned int, unsigned int, unsigned int, unsigned int, double *) (instance 1)], double>(T5, const T6 *, T6 *, const unsigned int *, unsigned int, unsigned int, T6 *)"
0.0,0.3912,32,0.0122,0.0041,0.0039,0.1880,0.0330,  56    1    1, 512    1    1,"void arch::reduction_kernel<(unsigned int)512, (arch::reduce_op)2, (unsigned int)4, (unsigned int)3, void blockVelocitySecondMoments<double, (unsigned int)3>(vmesh::VelocityBlockContainer *, T1, T1, T1, T1 (&)[T2], unsigned int)::[lambda(unsigned int, unsigned int, unsigned int, unsigned int, double *) (instance 1)], double>(T5, const T6 *, T6 *, const unsigned int *, unsigned int, unsigned int, T6 *)"
0.0,0.3858,18,0.0214,0.0120,0.0103,0.1142,0.0261, 168    1    1, 832    1    1,"update_velocity_halo_kernel(vmesh::VelocityMesh *, unsigned int, unsigned int *, Hashinator::Hashmap<unsigned int, unsigned int, (unsigned int)4294967295, (unsigned int)4294967294, Hashinator::HashFunctions::Fibonacci<unsigned int>, Hashinator::Hashers::Hasher<unsigned int, unsigned int, Hashinator::HashFunctions::Fibonacci<unsigned int>, (unsigned int)4294967295, (unsigned int)4294967294, (int)32, (int)1>, split::split_unified_allocator<Hashinator::Info>> *, Hashinator::Hashmap<unsigned int, unsigned int, (unsigned int)4294967295, (unsigned int)4294967294, Hashinator::HashFunctions::Fibonacci<unsigned int>, Hashinator::Hashers::Hasher<unsigned int, unsigned int, Hashinator::HashFunctions::Fibonacci<unsigned int>, (unsigned int)4294967295, (unsigned int)4294967294, (int)32, (int)1>, split::split_unified_allocator<Hashinator::Info>> *)"
0.0,0.3850,8,0.0481,0.0526,0.0044,0.0580,0.0179,  87    1    1, 512    1    1,"void arch::reduction_kernel<(unsigned int)512, (arch::reduce_op)2, (unsigned int)4, (unsigned int)3, DRO::VariableEnergyDensity::reduceData(const spatial_cell::SpatialCell *, char *)::[lambda(unsigned int, unsigned int, unsigned int, unsigned int, double *) (instance 1)], double>(T5, const T6 *, T6 *, const unsigned int *, unsigned int, unsigned int, T6 *)"
0.0,0.3806,18,0.0211,0.0072,0.0065,0.0700,0.0204,  62    1    1,  64    1    1,"update_velocity_blocks_kernel(vmesh::VelocityMesh *, vmesh::VelocityBlockContainer *, split::SplitVector<unsigned int, split::split_unified_allocator<unsigned int>> *, split::SplitVector<Hashinator::hash_pair<unsigned int, unsigned int>, split::split_unified_allocator<Hashinator::hash_pair<unsigned int, unsigned int>>> *, split::SplitVector<Hashinator::hash_pair<unsigned int, unsigned int>, split::split_unified_allocator<Hashinator::hash_pair<unsigned int, unsigned int>>> *, split::SplitVector<Hashinator::hash_pair<unsigned int, unsigned int>, split::split_unified_allocator<Hashinator::hash_pair<unsigned int, unsigned int>>> *, unsigned int, unsigned int, unsigned int, float *)"
0.0,0.3792,6,0.0632,0.0450,0.0052,0.1643,0.0676, 324    1    1,  64    1    1,"update_velocity_blocks_kernel(vmesh::VelocityMesh *, vmesh::VelocityBlockContainer *, split::SplitVector<unsigned int, split::split_unified_allocator<unsigned int>> *, split::SplitVector<Hashinator::hash_pair<unsigned int, unsigned int>, split::split_unified_allocator<Hashinator::hash_pair<unsigned int, unsigned int>>> *, split::SplitVector<Hashinator::hash_pair<unsigned int, unsigned int>, split::split_unified_allocator<Hashinator::hash_pair<unsigned int, unsigned int>>> *, split::SplitVector<Hashinator::hash_pair<unsigned int, unsigned int>, split::split_unified_allocator<Hashinator::hash_pair<unsigned int, unsigned int>>> *, unsigned int, unsigned int, unsigned int, float *)"
0.0,0.3767,12,0.0314,0.0166,0.0142,0.1668,0.0436, 201    1    1,1024    1    1,"update_neighbour_halo_kernel(vmesh::VelocityMesh *, unsigned int, unsigned int **, unsigned int *, Hashinator::Hashmap<unsigned int, unsigned int, (unsigned int)4294967295, (unsigned int)4294967294, Hashinator::HashFunctions::Fibonacci<unsigned int>, Hashinator::Hashers::Hasher<unsigned int, unsigned int, Hashinator::HashFunctions::Fibonacci<unsigned int>, (unsigned int)4294967295, (unsigned int)4294967294, (int)32, (int)1>, split::split_unified_allocator<Hashinator::Info>> *, Hashinator::Hashmap<unsigned int, unsigned int, (unsigned int)4294967295, (unsigned int)4294967294, Hashinator::HashFunctions::Fibonacci<unsigned int>, Hashinator::Hashers::Hasher<unsigned int, unsigned int, Hashinator::HashFunctions::Fibonacci<unsigned int>, (unsigned int)4294967295, (unsigned int)4294967294, (int)32, (int)1>, split::split_unified_allocator<Hashinator::Info>> *)"
0.0,0.3601,50,0.0072,0.0072,0.0065,0.0081,0.0003, 609    1    1,  64    1    1,"update_velocity_block_content_lists_kernel(vmesh::VelocityMesh *, vmesh::VelocityBlockContainer *, Hashinator::Hashmap<unsigned int, unsigned int, (unsigned int)4294967295, (unsigned int)4294967294, Hashinator::HashFunctions::Fibonacci<unsigned int>, Hashinator::Hashers::Hasher<unsigned int, unsigned int, Hashinator::HashFunctions::Fibonacci<unsigned int>, (unsigned int)4294967295, (unsigned int)4294967294, (int)32, (int)1>, split::split_unified_allocator<Hashinator::Info>> *, Hashinator::Hashmap<unsigned int, unsigned int, (unsigned int)4294967295, (unsigned int)4294967294, Hashinator::HashFunctions::Fibonacci<unsigned int>, Hashinator::Hashers::Hasher<unsigned int, unsigned int, Hashinator::HashFunctions::Fibonacci<unsigned int>, (unsigned int)4294967295, (unsigned int)4294967294, (int)32, (int)1>, split::split_unified_allocator<Hashinator::Info>> *, double)"
0.0,0.3584,8,0.0448,0.0238,0.0204,0.1412,0.0436, 328    1    1,1024    1    1,"update_neighbour_halo_kernel(vmesh::VelocityMesh *, unsigned int, unsigned int **, unsigned int *, Hashinator::Hashmap<unsigned int, unsigned int, (unsigned int)4294967295, (unsigned int)4294967294, Hashinator::HashFunctions::Fibonacci<unsigned int>, Hashinator::Hashers::Hasher<unsigned int, unsigned int, Hashinator::HashFunctions::Fibonacci<unsigned int>, (unsigned int)4294967295, (unsigned int)4294967294, (int)32, (int)1>, split::split_unified_allocator<Hashinator::Info>> *, Hashinator::Hashmap<unsigned int, unsigned int, (unsigned int)4294967295, (unsigned int)4294967294, Hashinator::HashFunctions::Fibonacci<unsigned int>, Hashinator::Hashers::Hasher<unsigned int, unsigned int, Hashinator::HashFunctions::Fibonacci<unsigned int>, (unsigned int)4294967295, (unsigned int)4294967294, (int)32, (int)1>, split::split_unified_allocator<Hashinator::Info>> *)"
0.0,0.3575,48,0.0074,0.0074,0.0067,0.0094,0.0005, 736    1    1,  64    1    1,"update_velocity_block_content_lists_kernel(vmesh::VelocityMesh *, vmesh::VelocityBlockContainer *, Hashinator::Hashmap<unsigned int, unsigned int, (unsigned int)4294967295, (unsigned int)4294967294, Hashinator::HashFunctions::Fibonacci<unsigned int>, Hashinator::Hashers::Hasher<unsigned int, unsigned int, Hashinator::HashFunctions::Fibonacci<unsigned int>, (unsigned int)4294967295, (unsigned int)4294967294, (int)32, (int)1>, split::split_unified_allocator<Hashinator::Info>> *, Hashinator::Hashmap<unsigned int, unsigned int, (unsigned int)4294967295, (unsigned int)4294967294, Hashinator::HashFunctions::Fibonacci<unsigned int>, Hashinator::Hashers::Hasher<unsigned int, unsigned int, Hashinator::HashFunctions::Fibonacci<unsigned int>, (unsigned int)4294967295, (unsigned int)4294967294, (int)32, (int)1>, split::split_unified_allocator<Hashinator::Info>> *, double)"
0.0,0.3526,24,0.0147,0.0049,0.0048,0.1632,0.0333, 184    1    1, 512    1    1,"void arch::reduction_kernel<(unsigned int)512, (arch::reduce_op)2, (unsigned int)4, (unsigned int)3, void blockVelocitySecondMoments<double, (unsigned int)3>(vmesh::VelocityBlockContainer *, T1, T1, T1, T1 (&)[T2], unsigned int)::[lambda(unsigned int, unsigned int, unsigned int, unsigned int, double *) (instance 1)], double>(T5, const T6 *, T6 *, const unsigned int *, unsigned int, unsigned int, T6 *)"
0.0,0.3508,46,0.0076,0.0075,0.0073,0.0086,0.0003,1073    1    1,  64    1    1,"update_velocity_block_content_lists_kernel(vmesh::VelocityMesh *, vmesh::VelocityBlockContainer *, Hashinator::Hashmap<unsigned int, unsigned int, (unsigned int)4294967295, (unsigned int)4294967294, Hashinator::HashFunctions::Fibonacci<unsigned int>, Hashinator::Hashers::Hasher<unsigned int, unsigned int, Hashinator::HashFunctions::Fibonacci<unsigned int>, (unsigned int)4294967295, (unsigned int)4294967294, (int)32, (int)1>, split::split_unified_allocator<Hashinator::Info>> *, Hashinator::Hashmap<unsigned int, unsigned int, (unsigned int)4294967295, (unsigned int)4294967294, Hashinator::HashFunctions::Fibonacci<unsigned int>, Hashinator::Hashers::Hasher<unsigned int, unsigned int, Hashinator::HashFunctions::Fibonacci<unsigned int>, (unsigned int)4294967295, (unsigned int)4294967294, (int)32, (int)1>, split::split_unified_allocator<Hashinator::Info>> *, double)"
0.0,0.3502,24,0.0146,0.0049,0.0048,0.0879,0.0235, 179    1    1, 512    1    1,"void arch::reduction_kernel<(unsigned int)512, (arch::reduce_op)2, (unsigned int)4, (unsigned int)3, void blockVelocitySecondMoments<double, (unsigned int)3>(vmesh::VelocityBlockContainer *, T1, T1, T1, T1 (&)[T2], unsigned int)::[lambda(unsigned int, unsigned int, unsigned int, unsigned int, double *) (instance 1)], double>(T5, const T6 *, T6 *, const unsigned int *, unsigned int, unsigned int, T6 *)"
0.0,0.3457,18,0.0192,0.0039,0.0035,0.0830,0.0266,   1    1    1, 128    1    1,"void Hashinator::Hashers::insert_kernel<unsigned int, unsigned int, (unsigned int)4294967295, Hashinator::HashFunctions::Fibonacci<unsigned int>, (int)32, (int)1>(Hashinator::hash_pair<T1, T2> *, Hashinator::hash_pair<T1, T2> *, Hashinator::Info *, unsigned long)"
0.0,0.3453,6,0.0576,0.0455,0.0150,0.1202,0.0484, 275    1    1, 832    1    1,"update_velocity_halo_kernel(vmesh::VelocityMesh *, unsigned int, unsigned int *, Hashinator::Hashmap<unsigned int, unsigned int, (unsigned int)4294967295, (unsigned int)4294967294, Hashinator::HashFunctions::Fibonacci<unsigned int>, Hashinator::Hashers::Hasher<unsigned int, unsigned int, Hashinator::HashFunctions::Fibonacci<unsigned int>, (unsigned int)4294967295, (unsigned int)4294967294, (int)32, (int)1>, split::split_unified_allocator<Hashinator::Info>> *, Hashinator::Hashmap<unsigned int, unsigned int, (unsigned int)4294967295, (unsigned int)4294967294, Hashinator::HashFunctions::Fibonacci<unsigned int>, Hashinator::Hashers::Hasher<unsigned int, unsigned int, Hashinator::HashFunctions::Fibonacci<unsigned int>, (unsigned int)4294967295, (unsigned int)4294967294, (int)32, (int)1>, split::split_unified_allocator<Hashinator::Info>> *)"
0.0,0.3450,12,0.0287,0.0096,0.0065,0.0936,0.0303,  68    1    1,1024    1    1,"update_neighbour_halo_kernel(vmesh::VelocityMesh *, unsigned int, unsigned int **, unsigned int *, Hashinator::Hashmap<unsigned int, unsigned int, (unsigned int)4294967295, (unsigned int)4294967294, Hashinator::HashFunctions::Fibonacci<unsigned int>, Hashinator::Hashers::Hasher<unsigned int, unsigned int, Hashinator::HashFunctions::Fibonacci<unsigned int>, (unsigned int)4294967295, (unsigned int)4294967294, (int)32, (int)1>, split::split_unified_allocator<Hashinator::Info>> *, Hashinator::Hashmap<unsigned int, unsigned int, (unsigned int)4294967295, (unsigned int)4294967294, Hashinator::HashFunctions::Fibonacci<unsigned int>, Hashinator::Hashers::Hasher<unsigned int, unsigned int, Hashinator::HashFunctions::Fibonacci<unsigned int>, (unsigned int)4294967295, (unsigned int)4294967294, (int)32, (int)1>, split::split_unified_allocator<Hashinator::Info>> *)"
0.0,0.3395,44,0.0077,0.0076,0.0072,0.0097,0.0005,1059    1    1,  64    1    1,"update_velocity_block_content_lists_kernel(vmesh::VelocityMesh *, vmesh::VelocityBlockContainer *, Hashinator::Hashmap<unsigned int, unsigned int, (unsigned int)4294967295, (unsigned int)4294967294, Hashinator::HashFunctions::Fibonacci<unsigned int>, Hashinator::Hashers::Hasher<unsigned int, unsigned int, Hashinator::HashFunctions::Fibonacci<unsigned int>, (unsigned int)4294967295, (unsigned int)4294967294, (int)32, (int)1>, split::split_unified_allocator<Hashinator::Info>> *, Hashinator::Hashmap<unsigned int, unsigned int, (unsigned int)4294967295, (unsigned int)4294967294, Hashinator::HashFunctions::Fibonacci<unsigned int>, Hashinator::Hashers::Hasher<unsigned int, unsigned int, Hashinator::HashFunctions::Fibonacci<unsigned int>, (unsigned int)4294967295, (unsigned int)4294967294, (int)32, (int)1>, split::split_unified_allocator<Hashinator::Info>> *, double)"
0.0,0.3331,44,0.0076,0.0075,0.0069,0.0084,0.0004, 821    1    1,  64    1    1,"update_velocity_block_content_lists_kernel(vmesh::VelocityMesh *, vmesh::VelocityBlockContainer *, Hashinator::Hashmap<unsigned int, unsigned int, (unsigned int)4294967295, (unsigned int)4294967294, Hashinator::HashFunctions::Fibonacci<unsigned int>, Hashinator::Hashers::Hasher<unsigned int, unsigned int, Hashinator::HashFunctions::Fibonacci<unsigned int>, (unsigned int)4294967295, (unsigned int)4294967294, (int)32, (int)1>, split::split_unified_allocator<Hashinator::Info>> *, Hashinator::Hashmap<unsigned int, unsigned int, (unsigned int)4294967295, (unsigned int)4294967294, Hashinator::HashFunctions::Fibonacci<unsigned int>, Hashinator::Hashers::Hasher<unsigned int, unsigned int, Hashinator::HashFunctions::Fibonacci<unsigned int>, (unsigned int)4294967295, (unsigned int)4294967294, (int)32, (int)1>, split::split_unified_allocator<Hashinator::Info>> *, double)"
0.0,0.3314,4,0.0829,0.0970,0.0052,0.1322,0.0549, 362    1    1,  64    1    1,"update_velocity_blocks_kernel(vmesh::VelocityMesh *, vmesh::VelocityBlockContainer *, split::SplitVector<unsigned int, split::split_unified_allocator<unsigned int>> *, split::SplitVector<Hashinator::hash_pair<unsigned int, unsigned int>, split::split_unified_allocator<Hashinator::hash_pair<unsigned int, unsigned int>>> *, split::SplitVector<Hashinator::hash_pair<unsigned int, unsigned int>, split::split_unified_allocator<Hashinator::hash_pair<unsigned int, unsigned int>>> *, split::SplitVector<Hashinator::hash_pair<unsigned int, unsigned int>, split::split_unified_allocator<Hashinator::hash_pair<unsigned int, unsigned int>>> *, unsigned int, unsigned int, unsigned int, float *)"
0.0,0.3272,44,0.0074,0.0074,0.0070,0.0083,0.0003, 817    1    1,  64    1    1,"update_velocity_block_content_lists_kernel(vmesh::VelocityMesh *, vmesh::VelocityBlockContainer *, Hashinator::Hashmap<unsigned int, unsigned int, (unsigned int)4294967295, (unsigned int)4294967294, Hashinator::HashFunctions::Fibonacci<unsigned int>, Hashinator::Hashers::Hasher<unsigned int, unsigned int, Hashinator::HashFunctions::Fibonacci<unsigned int>, (unsigned int)4294967295, (unsigned int)4294967294, (int)32, (int)1>, split::split_unified_allocator<Hashinator::Info>> *, Hashinator::Hashmap<unsigned int, unsigned int, (unsigned int)4294967295, (unsigned int)4294967294, Hashinator::HashFunctions::Fibonacci<unsigned int>, Hashinator::Hashers::Hasher<unsigned int, unsigned int, Hashinator::HashFunctions::Fibonacci<unsigned int>, (unsigned int)4294967295, (unsigned int)4294967294, (int)32, (int)1>, split::split_unified_allocator<Hashinator::Info>> *, double)"
0.0,0.3265,44,0.0074,0.0074,0.0068,0.0083,0.0003, 732    1    1,  64    1    1,"update_velocity_block_content_lists_kernel(vmesh::VelocityMesh *, vmesh::VelocityBlockContainer *, Hashinator::Hashmap<unsigned int, unsigned int, (unsigned int)4294967295, (unsigned int)4294967294, Hashinator::HashFunctions::Fibonacci<unsigned int>, Hashinator::Hashers::Hasher<unsigned int, unsigned int, Hashinator::HashFunctions::Fibonacci<unsigned int>, (unsigned int)4294967295, (unsigned int)4294967294, (int)32, (int)1>, split::split_unified_allocator<Hashinator::Info>> *, Hashinator::Hashmap<unsigned int, unsigned int, (unsigned int)4294967295, (unsigned int)4294967294, Hashinator::HashFunctions::Fibonacci<unsigned int>, Hashinator::Hashers::Hasher<unsigned int, unsigned int, Hashinator::HashFunctions::Fibonacci<unsigned int>, (unsigned int)4294967295, (unsigned int)4294967294, (int)32, (int)1>, split::split_unified_allocator<Hashinator::Info>> *, double)"
0.0,0.3250,44,0.0074,0.0073,0.0068,0.0089,0.0004, 667    1    1,  64    1    1,"update_velocity_block_content_lists_kernel(vmesh::VelocityMesh *, vmesh::VelocityBlockContainer *, Hashinator::Hashmap<unsigned int, unsigned int, (unsigned int)4294967295, (unsigned int)4294967294, Hashinator::HashFunctions::Fibonacci<unsigned int>, Hashinator::Hashers::Hasher<unsigned int, unsigned int, Hashinator::HashFunctions::Fibonacci<unsigned int>, (unsigned int)4294967295, (unsigned int)4294967294, (int)32, (int)1>, split::split_unified_allocator<Hashinator::Info>> *, Hashinator::Hashmap<unsigned int, unsigned int, (unsigned int)4294967295, (unsigned int)4294967294, Hashinator::HashFunctions::Fibonacci<unsigned int>, Hashinator::Hashers::Hasher<unsigned int, unsigned int, Hashinator::HashFunctions::Fibonacci<unsigned int>, (unsigned int)4294967295, (unsigned int)4294967294, (int)32, (int)1>, split::split_unified_allocator<Hashinator::Info>> *, double)"
0.0,0.3244,12,0.0270,0.0095,0.0084,0.1982,0.0543, 127    1    1, 832    1    1,"update_velocity_halo_kernel(vmesh::VelocityMesh *, unsigned int, unsigned int *, Hashinator::Hashmap<unsigned int, unsigned int, (unsigned int)4294967295, (unsigned int)4294967294, Hashinator::HashFunctions::Fibonacci<unsigned int>, Hashinator::Hashers::Hasher<unsigned int, unsigned int, Hashinator::HashFunctions::Fibonacci<unsigned int>, (unsigned int)4294967295, (unsigned int)4294967294, (int)32, (int)1>, split::split_unified_allocator<Hashinator::Info>> *, Hashinator::Hashmap<unsigned int, unsigned int, (unsigned int)4294967295, (unsigned int)4294967294, Hashinator::HashFunctions::Fibonacci<unsigned int>, Hashinator::Hashers::Hasher<unsigned int, unsigned int, Hashinator::HashFunctions::Fibonacci<unsigned int>, (unsigned int)4294967295, (unsigned int)4294967294, (int)32, (int)1>, split::split_unified_allocator<Hashinator::Info>> *)"
0.0,0.3244,44,0.0074,0.0073,0.0068,0.0090,0.0004, 734    1    1,  64    1    1,"update_velocity_block_content_lists_kernel(vmesh::VelocityMesh *, vmesh::VelocityBlockContainer *, Hashinator::Hashmap<unsigned int, unsigned int, (unsigned int)4294967295, (unsigned int)4294967294, Hashinator::HashFunctions::Fibonacci<unsigned int>, Hashinator::Hashers::Hasher<unsigned int, unsigned int, Hashinator::HashFunctions::Fibonacci<unsigned int>, (unsigned int)4294967295, (unsigned int)4294967294, (int)32, (int)1>, split::split_unified_allocator<Hashinator::Info>> *, Hashinator::Hashmap<unsigned int, unsigned int, (unsigned int)4294967295, (unsigned int)4294967294, Hashinator::HashFunctions::Fibonacci<unsigned int>, Hashinator::Hashers::Hasher<unsigned int, unsigned int, Hashinator::HashFunctions::Fibonacci<unsigned int>, (unsigned int)4294967295, (unsigned int)4294967294, (int)32, (int)1>, split::split_unified_allocator<Hashinator::Info>> *, double)"
0.0,0.3241,44,0.0074,0.0073,0.0067,0.0083,0.0004, 618    1    1,  64    1    1,"update_velocity_block_content_lists_kernel(vmesh::VelocityMesh *, vmesh::VelocityBlockContainer *, Hashinator::Hashmap<unsigned int, unsigned int, (unsigned int)4294967295, (unsigned int)4294967294, Hashinator::HashFunctions::Fibonacci<unsigned int>, Hashinator::Hashers::Hasher<unsigned int, unsigned int, Hashinator::HashFunctions::Fibonacci<unsigned int>, (unsigned int)4294967295, (unsigned int)4294967294, (int)32, (int)1>, split::split_unified_allocator<Hashinator::Info>> *, Hashinator::Hashmap<unsigned int, unsigned int, (unsigned int)4294967295, (unsigned int)4294967294, Hashinator::HashFunctions::Fibonacci<unsigned int>, Hashinator::Hashers::Hasher<unsigned int, unsigned int, Hashinator::HashFunctions::Fibonacci<unsigned int>, (unsigned int)4294967295, (unsigned int)4294967294, (int)32, (int)1>, split::split_unified_allocator<Hashinator::Info>> *, double)"
0.0,0.3237,44,0.0074,0.0073,0.0069,0.0084,0.0003, 744    1    1,  64    1    1,"update_velocity_block_content_lists_kernel(vmesh::VelocityMesh *, vmesh::VelocityBlockContainer *, Hashinator::Hashmap<unsigned int, unsigned int, (unsigned int)4294967295, (unsigned int)4294967294, Hashinator::HashFunctions::Fibonacci<unsigned int>, Hashinator::Hashers::Hasher<unsigned int, unsigned int, Hashinator::HashFunctions::Fibonacci<unsigned int>, (unsigned int)4294967295, (unsigned int)4294967294, (int)32, (int)1>, split::split_unified_allocator<Hashinator::Info>> *, Hashinator::Hashmap<unsigned int, unsigned int, (unsigned int)4294967295, (unsigned int)4294967294, Hashinator::HashFunctions::Fibonacci<unsigned int>, Hashinator::Hashers::Hasher<unsigned int, unsigned int, Hashinator::HashFunctions::Fibonacci<unsigned int>, (unsigned int)4294967295, (unsigned int)4294967294, (int)32, (int)1>, split::split_unified_allocator<Hashinator::Info>> *, double)"
0.0,0.3231,44,0.0073,0.0073,0.0069,0.0081,0.0003, 745    1    1,  64    1    1,"update_velocity_block_content_lists_kernel(vmesh::VelocityMesh *, vmesh::VelocityBlockContainer *, Hashinator::Hashmap<unsigned int, unsigned int, (unsigned int)4294967295, (unsigned int)4294967294, Hashinator::HashFunctions::Fibonacci<unsigned int>, Hashinator::Hashers::Hasher<unsigned int, unsigned int, Hashinator::HashFunctions::Fibonacci<unsigned int>, (unsigned int)4294967295, (unsigned int)4294967294, (int)32, (int)1>, split::split_unified_allocator<Hashinator::Info>> *, Hashinator::Hashmap<unsigned int, unsigned int, (unsigned int)4294967295, (unsigned int)4294967294, Hashinator::HashFunctions::Fibonacci<unsigned int>, Hashinator::Hashers::Hasher<unsigned int, unsigned int, Hashinator::HashFunctions::Fibonacci<unsigned int>, (unsigned int)4294967295, (unsigned int)4294967294, (int)32, (int)1>, split::split_unified_allocator<Hashinator::Info>> *, double)"
0.0,0.3209,42,0.0076,0.0076,0.0071,0.0083,0.0003,1068    1    1,  64    1    1,"update_velocity_block_content_lists_kernel(vmesh::VelocityMesh *, vmesh::VelocityBlockContainer *, Hashinator::Hashmap<unsigned int, unsigned int, (unsigned int)4294967295, (unsigned int)4294967294, Hashinator::HashFunctions::Fibonacci<unsigned int>, Hashinator::Hashers::Hasher<unsigned int, unsigned int, Hashinator::HashFunctions::Fibonacci<unsigned int>, (unsigned int)4294967295, (unsigned int)4294967294, (int)32, (int)1>, split::split_unified_allocator<Hashinator::Info>> *, Hashinator::Hashmap<unsigned int, unsigned int, (unsigned int)4294967295, (unsigned int)4294967294, Hashinator::HashFunctions::Fibonacci<unsigned int>, Hashinator::Hashers::Hasher<unsigned int, unsigned int, Hashinator::HashFunctions::Fibonacci<unsigned int>, (unsigned int)4294967295, (unsigned int)4294967294, (int)32, (int)1>, split::split_unified_allocator<Hashinator::Info>> *, double)"
0.0,0.3205,26,0.0123,0.0036,0.0035,0.0518,0.0180,   1    1    1,  96    1    1,"void Hashinator::Hashers::insert_kernel<unsigned int, unsigned int, (unsigned int)4294967295, Hashinator::HashFunctions::Fibonacci<unsigned int>, (int)32, (int)1>(Hashinator::hash_pair<T1, T2> *, Hashinator::hash_pair<T1, T2> *, Hashinator::Info *, unsigned long)"
0.0,0.3201,14,0.0229,0.0160,0.0132,0.0635,0.0164, 130    1    1,  16    1    1,"reorder_blocks_by_dimension_kernel(vmesh::VelocityBlockContainer *, VecSimple<float> *, unsigned int *, unsigned int *, ColumnOffsets *)"
0.0,0.3166,44,0.0072,0.0071,0.0068,0.0080,0.0003, 591    1    1,  64    1    1,"update_velocity_block_content_lists_kernel(vmesh::VelocityMesh *, vmesh::VelocityBlockContainer *, Hashinator::Hashmap<unsigned int, unsigned int, (unsigned int)4294967295, (unsigned int)4294967294, Hashinator::HashFunctions::Fibonacci<unsigned int>, Hashinator::Hashers::Hasher<unsigned int, unsigned int, Hashinator::HashFunctions::Fibonacci<unsigned int>, (unsigned int)4294967295, (unsigned int)4294967294, (int)32, (int)1>, split::split_unified_allocator<Hashinator::Info>> *, Hashinator::Hashmap<unsigned int, unsigned int, (unsigned int)4294967295, (unsigned int)4294967294, Hashinator::HashFunctions::Fibonacci<unsigned int>, Hashinator::Hashers::Hasher<unsigned int, unsigned int, Hashinator::HashFunctions::Fibonacci<unsigned int>, (unsigned int)4294967295, (unsigned int)4294967294, (int)32, (int)1>, split::split_unified_allocator<Hashinator::Info>> *, double)"
0.0,0.3165,44,0.0072,0.0072,0.0066,0.0086,0.0003, 600    1    1,  64    1    1,"update_velocity_block_content_lists_kernel(vmesh::VelocityMesh *, vmesh::VelocityBlockContainer *, Hashinator::Hashmap<unsigned int, unsigned int, (unsigned int)4294967295, (unsigned int)4294967294, Hashinator::HashFunctions::Fibonacci<unsigned int>, Hashinator::Hashers::Hasher<unsigned int, unsigned int, Hashinator::HashFunctions::Fibonacci<unsigned int>, (unsigned int)4294967295, (unsigned int)4294967294, (int)32, (int)1>, split::split_unified_allocator<Hashinator::Info>> *, Hashinator::Hashmap<unsigned int, unsigned int, (unsigned int)4294967295, (unsigned int)4294967294, Hashinator::HashFunctions::Fibonacci<unsigned int>, Hashinator::Hashers::Hasher<unsigned int, unsigned int, Hashinator::HashFunctions::Fibonacci<unsigned int>, (unsigned int)4294967295, (unsigned int)4294967294, (int)32, (int)1>, split::split_unified_allocator<Hashinator::Info>> *, double)"
0.0,0.3160,44,0.0072,0.0071,0.0066,0.0076,0.0002, 617    1    1,  64    1    1,"update_velocity_block_content_lists_kernel(vmesh::VelocityMesh *, vmesh::VelocityBlockContainer *, Hashinator::Hashmap<unsigned int, unsigned int, (unsigned int)4294967295, (unsigned int)4294967294, Hashinator::HashFunctions::Fibonacci<unsigned int>, Hashinator::Hashers::Hasher<unsigned int, unsigned int, Hashinator::HashFunctions::Fibonacci<unsigned int>, (unsigned int)4294967295, (unsigned int)4294967294, (int)32, (int)1>, split::split_unified_allocator<Hashinator::Info>> *, Hashinator::Hashmap<unsigned int, unsigned int, (unsigned int)4294967295, (unsigned int)4294967294, Hashinator::HashFunctions::Fibonacci<unsigned int>, Hashinator::Hashers::Hasher<unsigned int, unsigned int, Hashinator::HashFunctions::Fibonacci<unsigned int>, (unsigned int)4294967295, (unsigned int)4294967294, (int)32, (int)1>, split::split_unified_allocator<Hashinator::Info>> *, double)"
0.0,0.3116,12,0.0260,0.0141,0.0068,0.1034,0.0305, 141    1    1,  64    1    1,"update_velocity_blocks_kernel(vmesh::VelocityMesh *, vmesh::VelocityBlockContainer *, split::SplitVector<unsigned int, split::split_unified_allocator<unsigned int>> *, split::SplitVector<Hashinator::hash_pair<unsigned int, unsigned int>, split::split_unified_allocator<Hashinator::hash_pair<unsigned int, unsigned int>>> *, split::SplitVector<Hashinator::hash_pair<unsigned int, unsigned int>, split::split_unified_allocator<Hashinator::hash_pair<unsigned int, unsigned int>>> *, split::SplitVector<Hashinator::hash_pair<unsigned int, unsigned int>, split::split_unified_allocator<Hashinator::hash_pair<unsigned int, unsigned int>>> *, unsigned int, unsigned int, unsigned int, float *)"
0.0,0.3103,40,0.0078,0.0077,0.0072,0.0088,0.0004,1061    1    1,  64    1    1,"update_velocity_block_content_lists_kernel(vmesh::VelocityMesh *, vmesh::VelocityBlockContainer *, Hashinator::Hashmap<unsigned int, unsigned int, (unsigned int)4294967295, (unsigned int)4294967294, Hashinator::HashFunctions::Fibonacci<unsigned int>, Hashinator::Hashers::Hasher<unsigned int, unsigned int, Hashinator::HashFunctions::Fibonacci<unsigned int>, (unsigned int)4294967295, (unsigned int)4294967294, (int)32, (int)1>, split::split_unified_allocator<Hashinator::Info>> *, Hashinator::Hashmap<unsigned int, unsigned int, (unsigned int)4294967295, (unsigned int)4294967294, Hashinator::HashFunctions::Fibonacci<unsigned int>, Hashinator::Hashers::Hasher<unsigned int, unsigned int, Hashinator::HashFunctions::Fibonacci<unsigned int>, (unsigned int)4294967295, (unsigned int)4294967294, (int)32, (int)1>, split::split_unified_allocator<Hashinator::Info>> *, double)"
0.0,0.3099,44,0.0070,0.0070,0.0066,0.0082,0.0003, 400    1    1,  64    1    1,"update_velocity_block_content_lists_kernel(vmesh::VelocityMesh *, vmesh::VelocityBlockContainer *, Hashinator::Hashmap<unsigned int, unsigned int, (unsigned int)4294967295, (unsigned int)4294967294, Hashinator::HashFunctions::Fibonacci<unsigned int>, Hashinator::Hashers::Hasher<unsigned int, unsigned int, Hashinator::HashFunctions::Fibonacci<unsigned int>, (unsigned int)4294967295, (unsigned int)4294967294, (int)32, (int)1>, split::split_unified_allocator<Hashinator::Info>> *, Hashinator::Hashmap<unsigned int, unsigned int, (unsigned int)4294967295, (unsigned int)4294967294, Hashinator::HashFunctions::Fibonacci<unsigned int>, Hashinator::Hashers::Hasher<unsigned int, unsigned int, Hashinator::HashFunctions::Fibonacci<unsigned int>, (unsigned int)4294967295, (unsigned int)4294967294, (int)32, (int)1>, split::split_unified_allocator<Hashinator::Info>> *, double)"
0.0,0.3089,32,0.0097,0.0030,0.0026,0.0548,0.0146,  24    1    1,  32    1    1,"blocksID_mapped_dim2_kernel(const vmesh::VelocityMesh *, unsigned int *, unsigned int *, unsigned int)"
0.0,0.3084,40,0.0077,0.0076,0.0071,0.0093,0.0004,1072    1    1,  64    1    1,"update_velocity_block_content_lists_kernel(vmesh::VelocityMesh *, vmesh::VelocityBlockContainer *, Hashinator::Hashmap<unsigned int, unsigned int, (unsigned int)4294967295, (unsigned int)4294967294, Hashinator::HashFunctions::Fibonacci<unsigned int>, Hashinator::Hashers::Hasher<unsigned int, unsigned int, Hashinator::HashFunctions::Fibonacci<unsigned int>, (unsigned int)4294967295, (unsigned int)4294967294, (int)32, (int)1>, split::split_unified_allocator<Hashinator::Info>> *, Hashinator::Hashmap<unsigned int, unsigned int, (unsigned int)4294967295, (unsigned int)4294967294, Hashinator::HashFunctions::Fibonacci<unsigned int>, Hashinator::Hashers::Hasher<unsigned int, unsigned int, Hashinator::HashFunctions::Fibonacci<unsigned int>, (unsigned int)4294967295, (unsigned int)4294967294, (int)32, (int)1>, split::split_unified_allocator<Hashinator::Info>> *, double)"
0.0,0.3079,8,0.0385,0.0281,0.0055,0.0952,0.0374, 331    1    1,  64    1    1,"update_velocity_blocks_kernel(vmesh::VelocityMesh *, vmesh::VelocityBlockContainer *, split::SplitVector<unsigned int, split::split_unified_allocator<unsigned int>> *, split::SplitVector<Hashinator::hash_pair<unsigned int, unsigned int>, split::split_unified_allocator<Hashinator::hash_pair<unsigned int, unsigned int>>> *, split::SplitVector<Hashinator::hash_pair<unsigned int, unsigned int>, split::split_unified_allocator<Hashinator::hash_pair<unsigned int, unsigned int>>> *, split::SplitVector<Hashinator::hash_pair<unsigned int, unsigned int>, split::split_unified_allocator<Hashinator::hash_pair<unsigned int, unsigned int>>> *, unsigned int, unsigned int, unsigned int, float *)"
0.0,0.3070,42,0.0073,0.0072,0.0068,0.0086,0.0004, 773    1    1,  64    1    1,"update_velocity_block_content_lists_kernel(vmesh::VelocityMesh *, vmesh::VelocityBlockContainer *, Hashinator::Hashmap<unsigned int, unsigned int, (unsigned int)4294967295, (unsigned int)4294967294, Hashinator::HashFunctions::Fibonacci<unsigned int>, Hashinator::Hashers::Hasher<unsigned int, unsigned int, Hashinator::HashFunctions::Fibonacci<unsigned int>, (unsigned int)4294967295, (unsigned int)4294967294, (int)32, (int)1>, split::split_unified_allocator<Hashinator::Info>> *, Hashinator::Hashmap<unsigned int, unsigned int, (unsigned int)4294967295, (unsigned int)4294967294, Hashinator::HashFunctions::Fibonacci<unsigned int>, Hashinator::Hashers::Hasher<unsigned int, unsigned int, Hashinator::HashFunctions::Fibonacci<unsigned int>, (unsigned int)4294967295, (unsigned int)4294967294, (int)32, (int)1>, split::split_unified_allocator<Hashinator::Info>> *, double)"
0.0,0.3038,42,0.0072,0.0071,0.0067,0.0085,0.0004, 608    1    1,  64    1    1,"update_velocity_block_content_lists_kernel(vmesh::VelocityMesh *, vmesh::VelocityBlockContainer *, Hashinator::Hashmap<unsigned int, unsigned int, (unsigned int)4294967295, (unsigned int)4294967294, Hashinator::HashFunctions::Fibonacci<unsigned int>, Hashinator::Hashers::Hasher<unsigned int, unsigned int, Hashinator::HashFunctions::Fibonacci<unsigned int>, (unsigned int)4294967295, (unsigned int)4294967294, (int)32, (int)1>, split::split_unified_allocator<Hashinator::Info>> *, Hashinator::Hashmap<unsigned int, unsigned int, (unsigned int)4294967295, (unsigned int)4294967294, Hashinator::HashFunctions::Fibonacci<unsigned int>, Hashinator::Hashers::Hasher<unsigned int, unsigned int, Hashinator::HashFunctions::Fibonacci<unsigned int>, (unsigned int)4294967295, (unsigned int)4294967294, (int)32, (int)1>, split::split_unified_allocator<Hashinator::Info>> *, double)"
0.0,0.3007,42,0.0072,0.0071,0.0068,0.0079,0.0002, 611    1    1,  64    1    1,"update_velocity_block_content_lists_kernel(vmesh::VelocityMesh *, vmesh::VelocityBlockContainer *, Hashinator::Hashmap<unsigned int, unsigned int, (unsigned int)4294967295, (unsigned int)4294967294, Hashinator::HashFunctions::Fibonacci<unsigned int>, Hashinator::Hashers::Hasher<unsigned int, unsigned int, Hashinator::HashFunctions::Fibonacci<unsigned int>, (unsigned int)4294967295, (unsigned int)4294967294, (int)32, (int)1>, split::split_unified_allocator<Hashinator::Info>> *, Hashinator::Hashmap<unsigned int, unsigned int, (unsigned int)4294967295, (unsigned int)4294967294, Hashinator::HashFunctions::Fibonacci<unsigned int>, Hashinator::Hashers::Hasher<unsigned int, unsigned int, Hashinator::HashFunctions::Fibonacci<unsigned int>, (unsigned int)4294967295, (unsigned int)4294967294, (int)32, (int)1>, split::split_unified_allocator<Hashinator::Info>> *, double)"
0.0,0.2990,14,0.0214,0.0131,0.0113,0.0785,0.0186, 130    1    1,  32    1    1,"evaluate_column_extents_kernel(unsigned int, const vmesh::VelocityMesh *, ColumnOffsets *, Column *, split::SplitVector<unsigned int, split::split_unified_allocator<unsigned int>> *, Hashinator::Hashmap<unsigned int, unsigned int, (unsigned int)4294967295, (unsigned int)4294967294, Hashinator::HashFunctions::Fibonacci<unsigned int>, Hashinator::Hashers::Hasher<unsigned int, unsigned int, Hashinator::HashFunctions::Fibonacci<unsigned int>, (unsigned int)4294967295, (unsigned int)4294967294, (int)32, (int)1>, split::split_unified_allocator<Hashinator::Info>> *, Hashinator::Hashmap<unsigned int, unsigned int, (unsigned int)4294967295, (unsigned int)4294967294, Hashinator::HashFunctions::Fibonacci<unsigned int>, Hashinator::Hashers::Hasher<unsigned int, unsigned int, Hashinator::HashFunctions::Fibonacci<unsigned int>, (unsigned int)4294967295, (unsigned int)4294967294, (int)32, (int)1>, split::split_unified_allocator<Hashinator::Info>> *, unsigned int *, unsigned int *, float, float, float, float, int, int, float, float, unsigned int *)"
0.0,0.2969,8,0.0371,0.0151,0.0132,0.1887,0.0613, 126    1    1,  16    1    1,"reorder_blocks_by_dimension_kernel(vmesh::VelocityBlockContainer *, VecSimple<float> *, unsigned int *, unsigned int *, ColumnOffsets *)"
0.0,0.2887,24,0.0120,0.0042,0.0040,0.0707,0.0193, 115    1    1, 512    1    1,"void arch::reduction_kernel<(unsigned int)512, (arch::reduce_op)2, (unsigned int)4, (unsigned int)3, void blockVelocitySecondMoments<double, (unsigned int)3>(vmesh::VelocityBlockContainer *, T1, T1, T1, T1 (&)[T2], unsigned int)::[lambda(unsigned int, unsigned int, unsigned int, unsigned int, double *) (instance 1)], double>(T5, const T6 *, T6 *, const unsigned int *, unsigned int, unsigned int, T6 *)"
0.0,0.2865,38,0.0075,0.0075,0.0072,0.0085,0.0003,1066    1    1,  64    1    1,"update_velocity_block_content_lists_kernel(vmesh::VelocityMesh *, vmesh::VelocityBlockContainer *, Hashinator::Hashmap<unsigned int, unsigned int, (unsigned int)4294967295, (unsigned int)4294967294, Hashinator::HashFunctions::Fibonacci<unsigned int>, Hashinator::Hashers::Hasher<unsigned int, unsigned int, Hashinator::HashFunctions::Fibonacci<unsigned int>, (unsigned int)4294967295, (unsigned int)4294967294, (int)32, (int)1>, split::split_unified_allocator<Hashinator::Info>> *, Hashinator::Hashmap<unsigned int, unsigned int, (unsigned int)4294967295, (unsigned int)4294967294, Hashinator::HashFunctions::Fibonacci<unsigned int>, Hashinator::Hashers::Hasher<unsigned int, unsigned int, Hashinator::HashFunctions::Fibonacci<unsigned int>, (unsigned int)4294967295, (unsigned int)4294967294, (int)32, (int)1>, split::split_unified_allocator<Hashinator::Info>> *, double)"
0.0,0.2863,11,0.0260,0.0083,0.0068,0.0904,0.0326, 319    1    1,  64    1    1,"update_velocity_blocks_kernel(vmesh::VelocityMesh *, vmesh::VelocityBlockContainer *, split::SplitVector<unsigned int, split::split_unified_allocator<unsigned int>> *, split::SplitVector<Hashinator::hash_pair<unsigned int, unsigned int>, split::split_unified_allocator<Hashinator::hash_pair<unsigned int, unsigned int>>> *, split::SplitVector<Hashinator::hash_pair<unsigned int, unsigned int>, split::split_unified_allocator<Hashinator::hash_pair<unsigned int, unsigned int>>> *, split::SplitVector<Hashinator::hash_pair<unsigned int, unsigned int>, split::split_unified_allocator<Hashinator::hash_pair<unsigned int, unsigned int>>> *, unsigned int, unsigned int, unsigned int, float *)"
0.0,0.2821,4,0.0705,0.0372,0.0067,0.2010,0.0915, 363    1    1,  64    1    1,"update_velocity_blocks_kernel(vmesh::VelocityMesh *, vmesh::VelocityBlockContainer *, split::SplitVector<unsigned int, split::split_unified_allocator<unsigned int>> *, split::SplitVector<Hashinator::hash_pair<unsigned int, unsigned int>, split::split_unified_allocator<Hashinator::hash_pair<unsigned int, unsigned int>>> *, split::SplitVector<Hashinator::hash_pair<unsigned int, unsigned int>, split::split_unified_allocator<Hashinator::hash_pair<unsigned int, unsigned int>>> *, split::SplitVector<Hashinator::hash_pair<unsigned int, unsigned int>, split::split_unified_allocator<Hashinator::hash_pair<unsigned int, unsigned int>>> *, unsigned int, unsigned int, unsigned int, float *)"
0.0,0.2754,24,0.0115,0.0076,0.0068,0.0662,0.0129, 724    1    1,  64    1    1,"update_velocity_blocks_kernel(vmesh::VelocityMesh *, vmesh::VelocityBlockContainer *, split::SplitVector<unsigned int, split::split_unified_allocator<unsigned int>> *, split::SplitVector<Hashinator::hash_pair<unsigned int, unsigned int>, split::split_unified_allocator<Hashinator::hash_pair<unsigned int, unsigned int>>> *, split::SplitVector<Hashinator::hash_pair<unsigned int, unsigned int>, split::split_unified_allocator<Hashinator::hash_pair<unsigned int, unsigned int>>> *, split::SplitVector<Hashinator::hash_pair<unsigned int, unsigned int>, split::split_unified_allocator<Hashinator::hash_pair<unsigned int, unsigned int>>> *, unsigned int, unsigned int, unsigned int, float *)"
0.0,0.2749,4,0.0687,0.0180,0.0122,0.2266,0.1054, 166    1    1, 832    1    1,"update_velocity_halo_kernel(vmesh::VelocityMesh *, unsigned int, unsigned int *, Hashinator::Hashmap<unsigned int, unsigned int, (unsigned int)4294967295, (unsigned int)4294967294, Hashinator::HashFunctions::Fibonacci<unsigned int>, Hashinator::Hashers::Hasher<unsigned int, unsigned int, Hashinator::HashFunctions::Fibonacci<unsigned int>, (unsigned int)4294967295, (unsigned int)4294967294, (int)32, (int)1>, split::split_unified_allocator<Hashinator::Info>> *, Hashinator::Hashmap<unsigned int, unsigned int, (unsigned int)4294967295, (unsigned int)4294967294, Hashinator::HashFunctions::Fibonacci<unsigned int>, Hashinator::Hashers::Hasher<unsigned int, unsigned int, Hashinator::HashFunctions::Fibonacci<unsigned int>, (unsigned int)4294967295, (unsigned int)4294967294, (int)32, (int)1>, split::split_unified_allocator<Hashinator::Info>> *)"
0.0,0.2722,6,0.0454,0.0365,0.0066,0.1012,0.0435, 318    1    1,  64    1    1,"update_velocity_blocks_kernel(vmesh::VelocityMesh *, vmesh::VelocityBlockContainer *, split::SplitVector<unsigned int, split::split_unified_allocator<unsigned int>> *, split::SplitVector<Hashinator::hash_pair<unsigned int, unsigned int>, split::split_unified_allocator<Hashinator::hash_pair<unsigned int, unsigned int>>> *, split::SplitVector<Hashinator::hash_pair<unsigned int, unsigned int>, split::split_unified_allocator<Hashinator::hash_pair<unsigned int, unsigned int>>> *, split::SplitVector<Hashinator::hash_pair<unsigned int, unsigned int>, split::split_unified_allocator<Hashinator::hash_pair<unsigned int, unsigned int>>> *, unsigned int, unsigned int, unsigned int, float *)"
0.0,0.2719,37,0.0073,0.0073,0.0068,0.0080,0.0003, 782    1    1,  64    1    1,"update_velocity_block_content_lists_kernel(vmesh::VelocityMesh *, vmesh::VelocityBlockContainer *, Hashinator::Hashmap<unsigned int, unsigned int, (unsigned int)4294967295, (unsigned int)4294967294, Hashinator::HashFunctions::Fibonacci<unsigned int>, Hashinator::Hashers::Hasher<unsigned int, unsigned int, Hashinator::HashFunctions::Fibonacci<unsigned int>, (unsigned int)4294967295, (unsigned int)4294967294, (int)32, (int)1>, split::split_unified_allocator<Hashinator::Info>> *, Hashinator::Hashmap<unsigned int, unsigned int, (unsigned int)4294967295, (unsigned int)4294967294, Hashinator::HashFunctions::Fibonacci<unsigned int>, Hashinator::Hashers::Hasher<unsigned int, unsigned int, Hashinator::HashFunctions::Fibonacci<unsigned int>, (unsigned int)4294967295, (unsigned int)4294967294, (int)32, (int)1>, split::split_unified_allocator<Hashinator::Info>> *, double)"
0.0,0.2701,4,0.0675,0.0651,0.0201,0.1198,0.0411, 127    1    1,  64    1    1,"update_velocity_blocks_kernel(vmesh::VelocityMesh *, vmesh::VelocityBlockContainer *, split::SplitVector<unsigned int, split::split_unified_allocator<unsigned int>> *, split::SplitVector<Hashinator::hash_pair<unsigned int, unsigned int>, split::split_unified_allocator<Hashinator::hash_pair<unsigned int, unsigned int>>> *, split::SplitVector<Hashinator::hash_pair<unsigned int, unsigned int>, split::split_unified_allocator<Hashinator::hash_pair<unsigned int, unsigned int>>> *, split::SplitVector<Hashinator::hash_pair<unsigned int, unsigned int>, split::split_unified_allocator<Hashinator::hash_pair<unsigned int, unsigned int>>> *, unsigned int, unsigned int, unsigned int, float *)"
0.0,0.2640,35,0.0075,0.0075,0.0072,0.0082,0.0003, 917    1    1,  64    1    1,"update_velocity_block_content_lists_kernel(vmesh::VelocityMesh *, vmesh::VelocityBlockContainer *, Hashinator::Hashmap<unsigned int, unsigned int, (unsigned int)4294967295, (unsigned int)4294967294, Hashinator::HashFunctions::Fibonacci<unsigned int>, Hashinator::Hashers::Hasher<unsigned int, unsigned int, Hashinator::HashFunctions::Fibonacci<unsigned int>, (unsigned int)4294967295, (unsigned int)4294967294, (int)32, (int)1>, split::split_unified_allocator<Hashinator::Info>> *, Hashinator::Hashmap<unsigned int, unsigned int, (unsigned int)4294967295, (unsigned int)4294967294, Hashinator::HashFunctions::Fibonacci<unsigned int>, Hashinator::Hashers::Hasher<unsigned int, unsigned int, Hashinator::HashFunctions::Fibonacci<unsigned int>, (unsigned int)4294967295, (unsigned int)4294967294, (int)32, (int)1>, split::split_unified_allocator<Hashinator::Info>> *, double)"
0.0,0.2638,36,0.0073,0.0072,0.0068,0.0086,0.0004, 771    1    1,  64    1    1,"update_velocity_block_content_lists_kernel(vmesh::VelocityMesh *, vmesh::VelocityBlockContainer *, Hashinator::Hashmap<unsigned int, unsigned int, (unsigned int)4294967295, (unsigned int)4294967294, Hashinator::HashFunctions::Fibonacci<unsigned int>, Hashinator::Hashers::Hasher<unsigned int, unsigned int, Hashinator::HashFunctions::Fibonacci<unsigned int>, (unsigned int)4294967295, (unsigned int)4294967294, (int)32, (int)1>, split::split_unified_allocator<Hashinator::Info>> *, Hashinator::Hashmap<unsigned int, unsigned int, (unsigned int)4294967295, (unsigned int)4294967294, Hashinator::HashFunctions::Fibonacci<unsigned int>, Hashinator::Hashers::Hasher<unsigned int, unsigned int, Hashinator::HashFunctions::Fibonacci<unsigned int>, (unsigned int)4294967295, (unsigned int)4294967294, (int)32, (int)1>, split::split_unified_allocator<Hashinator::Info>> *, double)"
0.0,0.2607,32,0.0081,0.0047,0.0045,0.0846,0.0147,  74    1    1, 512    1    1,"void arch::reduction_kernel<(unsigned int)512, (arch::reduce_op)2, (unsigned int)4, (unsigned int)4, void blockVelocityFirstMoments<double, (unsigned int)4>(vmesh::VelocityBlockContainer *, T1 (&)[T2], unsigned int)::[lambda(unsigned int, unsigned int, unsigned int, unsigned int, double *) (instance 1)], double>(T5, const T6 *, T6 *, const unsigned int *, unsigned int, unsigned int, T6 *)"
0.0,0.2577,10,0.0258,0.0169,0.0142,0.1064,0.0284, 202    1    1,1024    1    1,"update_neighbour_halo_kernel(vmesh::VelocityMesh *, unsigned int, unsigned int **, unsigned int *, Hashinator::Hashmap<unsigned int, unsigned int, (unsigned int)4294967295, (unsigned int)4294967294, Hashinator::HashFunctions::Fibonacci<unsigned int>, Hashinator::Hashers::Hasher<unsigned int, unsigned int, Hashinator::HashFunctions::Fibonacci<unsigned int>, (unsigned int)4294967295, (unsigned int)4294967294, (int)32, (int)1>, split::split_unified_allocator<Hashinator::Info>> *, Hashinator::Hashmap<unsigned int, unsigned int, (unsigned int)4294967295, (unsigned int)4294967294, Hashinator::HashFunctions::Fibonacci<unsigned int>, Hashinator::Hashers::Hasher<unsigned int, unsigned int, Hashinator::HashFunctions::Fibonacci<unsigned int>, (unsigned int)4294967295, (unsigned int)4294967294, (int)32, (int)1>, split::split_unified_allocator<Hashinator::Info>> *)"
0.0,0.2557,8,0.0320,0.0168,0.0138,0.0713,0.0249, 273    1    1, 832    1    1,"update_velocity_halo_kernel(vmesh::VelocityMesh *, unsigned int, unsigned int *, Hashinator::Hashmap<unsigned int, unsigned int, (unsigned int)4294967295, (unsigned int)4294967294, Hashinator::HashFunctions::Fibonacci<unsigned int>, Hashinator::Hashers::Hasher<unsigned int, unsigned int, Hashinator::HashFunctions::Fibonacci<unsigned int>, (unsigned int)4294967295, (unsigned int)4294967294, (int)32, (int)1>, split::split_unified_allocator<Hashinator::Info>> *, Hashinator::Hashmap<unsigned int, unsigned int, (unsigned int)4294967295, (unsigned int)4294967294, Hashinator::HashFunctions::Fibonacci<unsigned int>, Hashinator::Hashers::Hasher<unsigned int, unsigned int, Hashinator::HashFunctions::Fibonacci<unsigned int>, (unsigned int)4294967295, (unsigned int)4294967294, (int)32, (int)1>, split::split_unified_allocator<Hashinator::Info>> *)"
0.0,0.2484,6,0.0414,0.0225,0.0213,0.1347,0.0457, 319    1    1,1024    1    1,"update_neighbour_halo_kernel(vmesh::VelocityMesh *, unsigned int, unsigned int **, unsigned int *, Hashinator::Hashmap<unsigned int, unsigned int, (unsigned int)4294967295, (unsigned int)4294967294, Hashinator::HashFunctions::Fibonacci<unsigned int>, Hashinator::Hashers::Hasher<unsigned int, unsigned int, Hashinator::HashFunctions::Fibonacci<unsigned int>, (unsigned int)4294967295, (unsigned int)4294967294, (int)32, (int)1>, split::split_unified_allocator<Hashinator::Info>> *, Hashinator::Hashmap<unsigned int, unsigned int, (unsigned int)4294967295, (unsigned int)4294967294, Hashinator::HashFunctions::Fibonacci<unsigned int>, Hashinator::Hashers::Hasher<unsigned int, unsigned int, Hashinator::HashFunctions::Fibonacci<unsigned int>, (unsigned int)4294967295, (unsigned int)4294967294, (int)32, (int)1>, split::split_unified_allocator<Hashinator::Info>> *)"
0.0,0.2439,8,0.0305,0.0279,0.0043,0.0658,0.0283,  87    1    1, 512    1    1,"void arch::reduction_kernel<(unsigned int)512, (arch::reduce_op)2, (unsigned int)4, (unsigned int)3, DRO::VariablePTensorDiagonal::reduceData(const spatial_cell::SpatialCell *, char *)::[lambda(unsigned int, unsigned int, unsigned int, unsigned int, double *) (instance 1)], double>(T5, const T6 *, T6 *, const unsigned int *, unsigned int, unsigned int, T6 *)"
0.0,0.2423,33,0.0073,0.0074,0.0069,0.0079,0.0003, 612    1    1,  64    1    1,"update_velocity_block_content_lists_kernel(vmesh::VelocityMesh *, vmesh::VelocityBlockContainer *, Hashinator::Hashmap<unsigned int, unsigned int, (unsigned int)4294967295, (unsigned int)4294967294, Hashinator::HashFunctions::Fibonacci<unsigned int>, Hashinator::Hashers::Hasher<unsigned int, unsigned int, Hashinator::HashFunctions::Fibonacci<unsigned int>, (unsigned int)4294967295, (unsigned int)4294967294, (int)32, (int)1>, split::split_unified_allocator<Hashinator::Info>> *, Hashinator::Hashmap<unsigned int, unsigned int, (unsigned int)4294967295, (unsigned int)4294967294, Hashinator::HashFunctions::Fibonacci<unsigned int>, Hashinator::Hashers::Hasher<unsigned int, unsigned int, Hashinator::HashFunctions::Fibonacci<unsigned int>, (unsigned int)4294967295, (unsigned int)4294967294, (int)32, (int)1>, split::split_unified_allocator<Hashinator::Info>> *, double)"
0.0,0.2395,32,0.0075,0.0075,0.0070,0.0087,0.0003, 911    1    1,  64    1    1,"update_velocity_block_content_lists_kernel(vmesh::VelocityMesh *, vmesh::VelocityBlockContainer *, Hashinator::Hashmap<unsigned int, unsigned int, (unsigned int)4294967295, (unsigned int)4294967294, Hashinator::HashFunctions::Fibonacci<unsigned int>, Hashinator::Hashers::Hasher<unsigned int, unsigned int, Hashinator::HashFunctions::Fibonacci<unsigned int>, (unsigned int)4294967295, (unsigned int)4294967294, (int)32, (int)1>, split::split_unified_allocator<Hashinator::Info>> *, Hashinator::Hashmap<unsigned int, unsigned int, (unsigned int)4294967295, (unsigned int)4294967294, Hashinator::HashFunctions::Fibonacci<unsigned int>, Hashinator::Hashers::Hasher<unsigned int, unsigned int, Hashinator::HashFunctions::Fibonacci<unsigned int>, (unsigned int)4294967295, (unsigned int)4294967294, (int)32, (int)1>, split::split_unified_allocator<Hashinator::Info>> *, double)"
0.0,0.2394,6,0.0399,0.0439,0.0052,0.0900,0.0312, 325    1    1,  64    1    1,"update_velocity_blocks_kernel(vmesh::VelocityMesh *, vmesh::VelocityBlockContainer *, split::SplitVector<unsigned int, split::split_unified_allocator<unsigned int>> *, split::SplitVector<Hashinator::hash_pair<unsigned int, unsigned int>, split::split_unified_allocator<Hashinator::hash_pair<unsigned int, unsigned int>>> *, split::SplitVector<Hashinator::hash_pair<unsigned int, unsigned int>, split::split_unified_allocator<Hashinator::hash_pair<unsigned int, unsigned int>>> *, split::SplitVector<Hashinator::hash_pair<unsigned int, unsigned int>, split::split_unified_allocator<Hashinator::hash_pair<unsigned int, unsigned int>>> *, unsigned int, unsigned int, unsigned int, float *)"
0.0,0.2373,32,0.0074,0.0074,0.0067,0.0086,0.0004, 868    1    1,  64    1    1,"update_velocity_block_content_lists_kernel(vmesh::VelocityMesh *, vmesh::VelocityBlockContainer *, Hashinator::Hashmap<unsigned int, unsigned int, (unsigned int)4294967295, (unsigned int)4294967294, Hashinator::HashFunctions::Fibonacci<unsigned int>, Hashinator::Hashers::Hasher<unsigned int, unsigned int, Hashinator::HashFunctions::Fibonacci<unsigned int>, (unsigned int)4294967295, (unsigned int)4294967294, (int)32, (int)1>, split::split_unified_allocator<Hashinator::Info>> *, Hashinator::Hashmap<unsigned int, unsigned int, (unsigned int)4294967295, (unsigned int)4294967294, Hashinator::HashFunctions::Fibonacci<unsigned int>, Hashinator::Hashers::Hasher<unsigned int, unsigned int, Hashinator::HashFunctions::Fibonacci<unsigned int>, (unsigned int)4294967295, (unsigned int)4294967294, (int)32, (int)1>, split::split_unified_allocator<Hashinator::Info>> *, double)"
0.0,0.2359,32,0.0074,0.0072,0.0070,0.0083,0.0004, 685    1    1,  64    1    1,"update_velocity_block_content_lists_kernel(vmesh::VelocityMesh *, vmesh::VelocityBlockContainer *, Hashinator::Hashmap<unsigned int, unsigned int, (unsigned int)4294967295, (unsigned int)4294967294, Hashinator::HashFunctions::Fibonacci<unsigned int>, Hashinator::Hashers::Hasher<unsigned int, unsigned int, Hashinator::HashFunctions::Fibonacci<unsigned int>, (unsigned int)4294967295, (unsigned int)4294967294, (int)32, (int)1>, split::split_unified_allocator<Hashinator::Info>> *, Hashinator::Hashmap<unsigned int, unsigned int, (unsigned int)4294967295, (unsigned int)4294967294, Hashinator::HashFunctions::Fibonacci<unsigned int>, Hashinator::Hashers::Hasher<unsigned int, unsigned int, Hashinator::HashFunctions::Fibonacci<unsigned int>, (unsigned int)4294967295, (unsigned int)4294967294, (int)32, (int)1>, split::split_unified_allocator<Hashinator::Info>> *, double)"
0.0,0.2355,32,0.0074,0.0030,0.0026,0.0656,0.0142,  21    1    1,  32    1    1,"blocksID_mapped_dim1_kernel(const vmesh::VelocityMesh *, unsigned int *, unsigned int *, unsigned int)"
0.0,0.2290,30,0.0076,0.0075,0.0072,0.0090,0.0004, 924    1    1,  64    1    1,"update_velocity_block_content_lists_kernel(vmesh::VelocityMesh *, vmesh::VelocityBlockContainer *, Hashinator::Hashmap<unsigned int, unsigned int, (unsigned int)4294967295, (unsigned int)4294967294, Hashinator::HashFunctions::Fibonacci<unsigned int>, Hashinator::Hashers::Hasher<unsigned int, unsigned int, Hashinator::HashFunctions::Fibonacci<unsigned int>, (unsigned int)4294967295, (unsigned int)4294967294, (int)32, (int)1>, split::split_unified_allocator<Hashinator::Info>> *, Hashinator::Hashmap<unsigned int, unsigned int, (unsigned int)4294967295, (unsigned int)4294967294, Hashinator::HashFunctions::Fibonacci<unsigned int>, Hashinator::Hashers::Hasher<unsigned int, unsigned int, Hashinator::HashFunctions::Fibonacci<unsigned int>, (unsigned int)4294967295, (unsigned int)4294967294, (int)32, (int)1>, split::split_unified_allocator<Hashinator::Info>> *, double)"
0.0,0.2285,12,0.0190,0.0132,0.0120,0.0597,0.0135, 131    1    1,  32    1    1,"evaluate_column_extents_kernel(unsigned int, const vmesh::VelocityMesh *, ColumnOffsets *, Column *, split::SplitVector<unsigned int, split::split_unified_allocator<unsigned int>> *, Hashinator::Hashmap<unsigned int, unsigned int, (unsigned int)4294967295, (unsigned int)4294967294, Hashinator::HashFunctions::Fibonacci<unsigned int>, Hashinator::Hashers::Hasher<unsigned int, unsigned int, Hashinator::HashFunctions::Fibonacci<unsigned int>, (unsigned int)4294967295, (unsigned int)4294967294, (int)32, (int)1>, split::split_unified_allocator<Hashinator::Info>> *, Hashinator::Hashmap<unsigned int, unsigned int, (unsigned int)4294967295, (unsigned int)4294967294, Hashinator::HashFunctions::Fibonacci<unsigned int>, Hashinator::Hashers::Hasher<unsigned int, unsigned int, Hashinator::HashFunctions::Fibonacci<unsigned int>, (unsigned int)4294967295, (unsigned int)4294967294, (int)32, (int)1>, split::split_unified_allocator<Hashinator::Info>> *, unsigned int *, unsigned int *, float, float, float, float, int, int, float, float, unsigned int *)"
0.0,0.2277,8,0.0285,0.0097,0.0072,0.0948,0.0356, 123    1    1,1024    1    1,"update_neighbour_halo_kernel(vmesh::VelocityMesh *, unsigned int, unsigned int **, unsigned int *, Hashinator::Hashmap<unsigned int, unsigned int, (unsigned int)4294967295, (unsigned int)4294967294, Hashinator::HashFunctions::Fibonacci<unsigned int>, Hashinator::Hashers::Hasher<unsigned int, unsigned int, Hashinator::HashFunctions::Fibonacci<unsigned int>, (unsigned int)4294967295, (unsigned int)4294967294, (int)32, (int)1>, split::split_unified_allocator<Hashinator::Info>> *, Hashinator::Hashmap<unsigned int, unsigned int, (unsigned int)4294967295, (unsigned int)4294967294, Hashinator::HashFunctions::Fibonacci<unsigned int>, Hashinator::Hashers::Hasher<unsigned int, unsigned int, Hashinator::HashFunctions::Fibonacci<unsigned int>, (unsigned int)4294967295, (unsigned int)4294967294, (int)32, (int)1>, split::split_unified_allocator<Hashinator::Info>> *)"
0.0,0.2222,8,0.0278,0.0082,0.0062,0.1227,0.0418, 357    1    1,  64    1    1,"update_velocity_blocks_kernel(vmesh::VelocityMesh *, vmesh::VelocityBlockContainer *, split::SplitVector<unsigned int, split::split_unified_allocator<unsigned int>> *, split::SplitVector<Hashinator::hash_pair<unsigned int, unsigned int>, split::split_unified_allocator<Hashinator::hash_pair<unsigned int, unsigned int>>> *, split::SplitVector<Hashinator::hash_pair<unsigned int, unsigned int>, split::split_unified_allocator<Hashinator::hash_pair<unsigned int, unsigned int>>> *, split::SplitVector<Hashinator::hash_pair<unsigned int, unsigned int>, split::split_unified_allocator<Hashinator::hash_pair<unsigned int, unsigned int>>> *, unsigned int, unsigned int, unsigned int, float *)"
0.0,0.2157,29,0.0074,0.0073,0.0069,0.0087,0.0004, 813    1    1,  64    1    1,"update_velocity_block_content_lists_kernel(vmesh::VelocityMesh *, vmesh::VelocityBlockContainer *, Hashinator::Hashmap<unsigned int, unsigned int, (unsigned int)4294967295, (unsigned int)4294967294, Hashinator::HashFunctions::Fibonacci<unsigned int>, Hashinator::Hashers::Hasher<unsigned int, unsigned int, Hashinator::HashFunctions::Fibonacci<unsigned int>, (unsigned int)4294967295, (unsigned int)4294967294, (int)32, (int)1>, split::split_unified_allocator<Hashinator::Info>> *, Hashinator::Hashmap<unsigned int, unsigned int, (unsigned int)4294967295, (unsigned int)4294967294, Hashinator::HashFunctions::Fibonacci<unsigned int>, Hashinator::Hashers::Hasher<unsigned int, unsigned int, Hashinator::HashFunctions::Fibonacci<unsigned int>, (unsigned int)4294967295, (unsigned int)4294967294, (int)32, (int)1>, split::split_unified_allocator<Hashinator::Info>> *, double)"
0.0,0.2087,6,0.0348,0.0283,0.0137,0.0835,0.0262, 210    1    1, 832    1    1,"update_velocity_halo_kernel(vmesh::VelocityMesh *, unsigned int, unsigned int *, Hashinator::Hashmap<unsigned int, unsigned int, (unsigned int)4294967295, (unsigned int)4294967294, Hashinator::HashFunctions::Fibonacci<unsigned int>, Hashinator::Hashers::Hasher<unsigned int, unsigned int, Hashinator::HashFunctions::Fibonacci<unsigned int>, (unsigned int)4294967295, (unsigned int)4294967294, (int)32, (int)1>, split::split_unified_allocator<Hashinator::Info>> *, Hashinator::Hashmap<unsigned int, unsigned int, (unsigned int)4294967295, (unsigned int)4294967294, Hashinator::HashFunctions::Fibonacci<unsigned int>, Hashinator::Hashers::Hasher<unsigned int, unsigned int, Hashinator::HashFunctions::Fibonacci<unsigned int>, (unsigned int)4294967295, (unsigned int)4294967294, (int)32, (int)1>, split::split_unified_allocator<Hashinator::Info>> *)"
0.0,0.1989,26,0.0076,0.0077,0.0069,0.0082,0.0003, 925    1    1,  64    1    1,"update_velocity_block_content_lists_kernel(vmesh::VelocityMesh *, vmesh::VelocityBlockContainer *, Hashinator::Hashmap<unsigned int, unsigned int, (unsigned int)4294967295, (unsigned int)4294967294, Hashinator::HashFunctions::Fibonacci<unsigned int>, Hashinator::Hashers::Hasher<unsigned int, unsigned int, Hashinator::HashFunctions::Fibonacci<unsigned int>, (unsigned int)4294967295, (unsigned int)4294967294, (int)32, (int)1>, split::split_unified_allocator<Hashinator::Info>> *, Hashinator::Hashmap<unsigned int, unsigned int, (unsigned int)4294967295, (unsigned int)4294967294, Hashinator::HashFunctions::Fibonacci<unsigned int>, Hashinator::Hashers::Hasher<unsigned int, unsigned int, Hashinator::HashFunctions::Fibonacci<unsigned int>, (unsigned int)4294967295, (unsigned int)4294967294, (int)32, (int)1>, split::split_unified_allocator<Hashinator::Info>> *, double)"
0.0,0.1985,8,0.0248,0.0114,0.0084,0.0725,0.0232, 113    1    1,1024    1    1,"update_neighbour_halo_kernel(vmesh::VelocityMesh *, unsigned int, unsigned int **, unsigned int *, Hashinator::Hashmap<unsigned int, unsigned int, (unsigned int)4294967295, (unsigned int)4294967294, Hashinator::HashFunctions::Fibonacci<unsigned int>, Hashinator::Hashers::Hasher<unsigned int, unsigned int, Hashinator::HashFunctions::Fibonacci<unsigned int>, (unsigned int)4294967295, (unsigned int)4294967294, (int)32, (int)1>, split::split_unified_allocator<Hashinator::Info>> *, Hashinator::Hashmap<unsigned int, unsigned int, (unsigned int)4294967295, (unsigned int)4294967294, Hashinator::HashFunctions::Fibonacci<unsigned int>, Hashinator::Hashers::Hasher<unsigned int, unsigned int, Hashinator::HashFunctions::Fibonacci<unsigned int>, (unsigned int)4294967295, (unsigned int)4294967294, (int)32, (int)1>, split::split_unified_allocator<Hashinator::Info>> *)"
0.0,0.1936,24,0.0081,0.0041,0.0039,0.1002,0.0196,  65    1    1, 512    1    1,"void arch::reduction_kernel<(unsigned int)512, (arch::reduce_op)2, (unsigned int)4, (unsigned int)3, void blockVelocitySecondMoments<double, (unsigned int)3>(vmesh::VelocityBlockContainer *, T1, T1, T1, T1 (&)[T2], unsigned int)::[lambda(unsigned int, unsigned int, unsigned int, unsigned int, double *) (instance 1)], double>(T5, const T6 *, T6 *, const unsigned int *, unsigned int, unsigned int, T6 *)"
0.0,0.1884,13,0.0145,0.0070,0.0052,0.0504,0.0161, 156    1    1,  64    1    1,"update_velocity_blocks_kernel(vmesh::VelocityMesh *, vmesh::VelocityBlockContainer *, split::SplitVector<unsigned int, split::split_unified_allocator<unsigned int>> *, split::SplitVector<Hashinator::hash_pair<unsigned int, unsigned int>, split::split_unified_allocator<Hashinator::hash_pair<unsigned int, unsigned int>>> *, split::SplitVector<Hashinator::hash_pair<unsigned int, unsigned int>, split::split_unified_allocator<Hashinator::hash_pair<unsigned int, unsigned int>>> *, split::SplitVector<Hashinator::hash_pair<unsigned int, unsigned int>, split::split_unified_allocator<Hashinator::hash_pair<unsigned int, unsigned int>>> *, unsigned int, unsigned int, unsigned int, float *)"
0.0,0.1857,24,0.0077,0.0076,0.0071,0.0097,0.0006,1017    1    1,  64    1    1,"update_velocity_block_content_lists_kernel(vmesh::VelocityMesh *, vmesh::VelocityBlockContainer *, Hashinator::Hashmap<unsigned int, unsigned int, (unsigned int)4294967295, (unsigned int)4294967294, Hashinator::HashFunctions::Fibonacci<unsigned int>, Hashinator::Hashers::Hasher<unsigned int, unsigned int, Hashinator::HashFunctions::Fibonacci<unsigned int>, (unsigned int)4294967295, (unsigned int)4294967294, (int)32, (int)1>, split::split_unified_allocator<Hashinator::Info>> *, Hashinator::Hashmap<unsigned int, unsigned int, (unsigned int)4294967295, (unsigned int)4294967294, Hashinator::HashFunctions::Fibonacci<unsigned int>, Hashinator::Hashers::Hasher<unsigned int, unsigned int, Hashinator::HashFunctions::Fibonacci<unsigned int>, (unsigned int)4294967295, (unsigned int)4294967294, (int)32, (int)1>, split::split_unified_allocator<Hashinator::Info>> *, double)"
0.0,0.1832,24,0.0076,0.0074,0.0070,0.0105,0.0007,1016    1    1,  64    1    1,"update_velocity_block_content_lists_kernel(vmesh::VelocityMesh *, vmesh::VelocityBlockContainer *, Hashinator::Hashmap<unsigned int, unsigned int, (unsigned int)4294967295, (unsigned int)4294967294, Hashinator::HashFunctions::Fibonacci<unsigned int>, Hashinator::Hashers::Hasher<unsigned int, unsigned int, Hashinator::HashFunctions::Fibonacci<unsigned int>, (unsigned int)4294967295, (unsigned int)4294967294, (int)32, (int)1>, split::split_unified_allocator<Hashinator::Info>> *, Hashinator::Hashmap<unsigned int, unsigned int, (unsigned int)4294967295, (unsigned int)4294967294, Hashinator::HashFunctions::Fibonacci<unsigned int>, Hashinator::Hashers::Hasher<unsigned int, unsigned int, Hashinator::HashFunctions::Fibonacci<unsigned int>, (unsigned int)4294967295, (unsigned int)4294967294, (int)32, (int)1>, split::split_unified_allocator<Hashinator::Info>> *, double)"
0.0,0.1824,27,0.0068,0.0037,0.0033,0.0456,0.0110,   1    1    1,  64    1    1,"void Hashinator::Hashers::insert_kernel<unsigned int, unsigned int, (unsigned int)4294967295, Hashinator::HashFunctions::Fibonacci<unsigned int>, (int)32, (int)1>(Hashinator::hash_pair<T1, T2> *, Hashinator::hash_pair<T1, T2> *, Hashinator::Info *, unsigned long)"
0.0,0.1801,32,0.0056,0.0040,0.0039,0.0412,0.0067,  74    1    1, 512    1    1,"void arch::reduction_kernel<(unsigned int)512, (arch::reduce_op)2, (unsigned int)4, (unsigned int)3, void blockVelocitySecondMoments<double, (unsigned int)3>(vmesh::VelocityBlockContainer *, T1, T1, T1, T1 (&)[T2], unsigned int)::[lambda(unsigned int, unsigned int, unsigned int, unsigned int, double *) (instance 1)], double>(T5, const T6 *, T6 *, const unsigned int *, unsigned int, unsigned int, T6 *)"
0.0,0.1788,24,0.0075,0.0075,0.0070,0.0081,0.0003, 785    1    1,  64    1    1,"update_velocity_block_content_lists_kernel(vmesh::VelocityMesh *, vmesh::VelocityBlockContainer *, Hashinator::Hashmap<unsigned int, unsigned int, (unsigned int)4294967295, (unsigned int)4294967294, Hashinator::HashFunctions::Fibonacci<unsigned int>, Hashinator::Hashers::Hasher<unsigned int, unsigned int, Hashinator::HashFunctions::Fibonacci<unsigned int>, (unsigned int)4294967295, (unsigned int)4294967294, (int)32, (int)1>, split::split_unified_allocator<Hashinator::Info>> *, Hashinator::Hashmap<unsigned int, unsigned int, (unsigned int)4294967295, (unsigned int)4294967294, Hashinator::HashFunctions::Fibonacci<unsigned int>, Hashinator::Hashers::Hasher<unsigned int, unsigned int, Hashinator::HashFunctions::Fibonacci<unsigned int>, (unsigned int)4294967295, (unsigned int)4294967294, (int)32, (int)1>, split::split_unified_allocator<Hashinator::Info>> *, double)"
0.0,0.1779,24,0.0074,0.0074,0.0067,0.0092,0.0005, 632    1    1,  64    1    1,"update_velocity_block_content_lists_kernel(vmesh::VelocityMesh *, vmesh::VelocityBlockContainer *, Hashinator::Hashmap<unsigned int, unsigned int, (unsigned int)4294967295, (unsigned int)4294967294, Hashinator::HashFunctions::Fibonacci<unsigned int>, Hashinator::Hashers::Hasher<unsigned int, unsigned int, Hashinator::HashFunctions::Fibonacci<unsigned int>, (unsigned int)4294967295, (unsigned int)4294967294, (int)32, (int)1>, split::split_unified_allocator<Hashinator::Info>> *, Hashinator::Hashmap<unsigned int, unsigned int, (unsigned int)4294967295, (unsigned int)4294967294, Hashinator::HashFunctions::Fibonacci<unsigned int>, Hashinator::Hashers::Hasher<unsigned int, unsigned int, Hashinator::HashFunctions::Fibonacci<unsigned int>, (unsigned int)4294967295, (unsigned int)4294967294, (int)32, (int)1>, split::split_unified_allocator<Hashinator::Info>> *, double)"
0.0,0.1775,3,0.0592,0.0353,0.0064,0.1358,0.0679,  76    1    1,  64    1    1,"update_velocity_blocks_kernel(vmesh::VelocityMesh *, vmesh::VelocityBlockContainer *, split::SplitVector<unsigned int, split::split_unified_allocator<unsigned int>> *, split::SplitVector<Hashinator::hash_pair<unsigned int, unsigned int>, split::split_unified_allocator<Hashinator::hash_pair<unsigned int, unsigned int>>> *, split::SplitVector<Hashinator::hash_pair<unsigned int, unsigned int>, split::split_unified_allocator<Hashinator::hash_pair<unsigned int, unsigned int>>> *, split::SplitVector<Hashinator::hash_pair<unsigned int, unsigned int>, split::split_unified_allocator<Hashinator::hash_pair<unsigned int, unsigned int>>> *, unsigned int, unsigned int, unsigned int, float *)"
0.0,0.1771,24,0.0074,0.0072,0.0068,0.0086,0.0004, 768    1    1,  64    1    1,"update_velocity_block_content_lists_kernel(vmesh::VelocityMesh *, vmesh::VelocityBlockContainer *, Hashinator::Hashmap<unsigned int, unsigned int, (unsigned int)4294967295, (unsigned int)4294967294, Hashinator::HashFunctions::Fibonacci<unsigned int>, Hashinator::Hashers::Hasher<unsigned int, unsigned int, Hashinator::HashFunctions::Fibonacci<unsigned int>, (unsigned int)4294967295, (unsigned int)4294967294, (int)32, (int)1>, split::split_unified_allocator<Hashinator::Info>> *, Hashinator::Hashmap<unsigned int, unsigned int, (unsigned int)4294967295, (unsigned int)4294967294, Hashinator::HashFunctions::Fibonacci<unsigned int>, Hashinator::Hashers::Hasher<unsigned int, unsigned int, Hashinator::HashFunctions::Fibonacci<unsigned int>, (unsigned int)4294967295, (unsigned int)4294967294, (int)32, (int)1>, split::split_unified_allocator<Hashinator::Info>> *, double)"
0.0,0.1748,24,0.0073,0.0072,0.0069,0.0079,0.0003, 774    1    1,  64    1    1,"update_velocity_block_content_lists_kernel(vmesh::VelocityMesh *, vmesh::VelocityBlockContainer *, Hashinator::Hashmap<unsigned int, unsigned int, (unsigned int)4294967295, (unsigned int)4294967294, Hashinator::HashFunctions::Fibonacci<unsigned int>, Hashinator::Hashers::Hasher<unsigned int, unsigned int, Hashinator::HashFunctions::Fibonacci<unsigned int>, (unsigned int)4294967295, (unsigned int)4294967294, (int)32, (int)1>, split::split_unified_allocator<Hashinator::Info>> *, Hashinator::Hashmap<unsigned int, unsigned int, (unsigned int)4294967295, (unsigned int)4294967294, Hashinator::HashFunctions::Fibonacci<unsigned int>, Hashinator::Hashers::Hasher<unsigned int, unsigned int, Hashinator::HashFunctions::Fibonacci<unsigned int>, (unsigned int)4294967295, (unsigned int)4294967294, (int)32, (int)1>, split::split_unified_allocator<Hashinator::Info>> *, double)"
0.0,0.1714,23,0.0075,0.0074,0.0069,0.0082,0.0004, 814    1    1,  64    1    1,"update_velocity_block_content_lists_kernel(vmesh::VelocityMesh *, vmesh::VelocityBlockContainer *, Hashinator::Hashmap<unsigned int, unsigned int, (unsigned int)4294967295, (unsigned int)4294967294, Hashinator::HashFunctions::Fibonacci<unsigned int>, Hashinator::Hashers::Hasher<unsigned int, unsigned int, Hashinator::HashFunctions::Fibonacci<unsigned int>, (unsigned int)4294967295, (unsigned int)4294967294, (int)32, (int)1>, split::split_unified_allocator<Hashinator::Info>> *, Hashinator::Hashmap<unsigned int, unsigned int, (unsigned int)4294967295, (unsigned int)4294967294, Hashinator::HashFunctions::Fibonacci<unsigned int>, Hashinator::Hashers::Hasher<unsigned int, unsigned int, Hashinator::HashFunctions::Fibonacci<unsigned int>, (unsigned int)4294967295, (unsigned int)4294967294, (int)32, (int)1>, split::split_unified_allocator<Hashinator::Info>> *, double)"
0.0,0.1678,23,0.0073,0.0071,0.0066,0.0091,0.0006, 603    1    1,  64    1    1,"update_velocity_block_content_lists_kernel(vmesh::VelocityMesh *, vmesh::VelocityBlockContainer *, Hashinator::Hashmap<unsigned int, unsigned int, (unsigned int)4294967295, (unsigned int)4294967294, Hashinator::HashFunctions::Fibonacci<unsigned int>, Hashinator::Hashers::Hasher<unsigned int, unsigned int, Hashinator::HashFunctions::Fibonacci<unsigned int>, (unsigned int)4294967295, (unsigned int)4294967294, (int)32, (int)1>, split::split_unified_allocator<Hashinator::Info>> *, Hashinator::Hashmap<unsigned int, unsigned int, (unsigned int)4294967295, (unsigned int)4294967294, Hashinator::HashFunctions::Fibonacci<unsigned int>, Hashinator::Hashers::Hasher<unsigned int, unsigned int, Hashinator::HashFunctions::Fibonacci<unsigned int>, (unsigned int)4294967295, (unsigned int)4294967294, (int)32, (int)1>, split::split_unified_allocator<Hashinator::Info>> *, double)"
0.0,0.1607,22,0.0073,0.0073,0.0070,0.0079,0.0003, 812    1    1,  64    1    1,"update_velocity_block_content_lists_kernel(vmesh::VelocityMesh *, vmesh::VelocityBlockContainer *, Hashinator::Hashmap<unsigned int, unsigned int, (unsigned int)4294967295, (unsigned int)4294967294, Hashinator::HashFunctions::Fibonacci<unsigned int>, Hashinator::Hashers::Hasher<unsigned int, unsigned int, Hashinator::HashFunctions::Fibonacci<unsigned int>, (unsigned int)4294967295, (unsigned int)4294967294, (int)32, (int)1>, split::split_unified_allocator<Hashinator::Info>> *, Hashinator::Hashmap<unsigned int, unsigned int, (unsigned int)4294967295, (unsigned int)4294967294, Hashinator::HashFunctions::Fibonacci<unsigned int>, Hashinator::Hashers::Hasher<unsigned int, unsigned int, Hashinator::HashFunctions::Fibonacci<unsigned int>, (unsigned int)4294967295, (unsigned int)4294967294, (int)32, (int)1>, split::split_unified_allocator<Hashinator::Info>> *, double)"
0.0,0.1557,4,0.0389,0.0146,0.0136,0.1129,0.0493, 212    1    1, 832    1    1,"update_velocity_halo_kernel(vmesh::VelocityMesh *, unsigned int, unsigned int *, Hashinator::Hashmap<unsigned int, unsigned int, (unsigned int)4294967295, (unsigned int)4294967294, Hashinator::HashFunctions::Fibonacci<unsigned int>, Hashinator::Hashers::Hasher<unsigned int, unsigned int, Hashinator::HashFunctions::Fibonacci<unsigned int>, (unsigned int)4294967295, (unsigned int)4294967294, (int)32, (int)1>, split::split_unified_allocator<Hashinator::Info>> *, Hashinator::Hashmap<unsigned int, unsigned int, (unsigned int)4294967295, (unsigned int)4294967294, Hashinator::HashFunctions::Fibonacci<unsigned int>, Hashinator::Hashers::Hasher<unsigned int, unsigned int, Hashinator::HashFunctions::Fibonacci<unsigned int>, (unsigned int)4294967295, (unsigned int)4294967294, (int)32, (int)1>, split::split_unified_allocator<Hashinator::Info>> *)"
0.0,0.1541,8,0.0193,0.0141,0.0117,0.0396,0.0107, 126    1    1,  32    1    1,"evaluate_column_extents_kernel(unsigned int, const vmesh::VelocityMesh *, ColumnOffsets *, Column *, split::SplitVector<unsigned int, split::split_unified_allocator<unsigned int>> *, Hashinator::Hashmap<unsigned int, unsigned int, (unsigned int)4294967295, (unsigned int)4294967294, Hashinator::HashFunctions::Fibonacci<unsigned int>, Hashinator::Hashers::Hasher<unsigned int, unsigned int, Hashinator::HashFunctions::Fibonacci<unsigned int>, (unsigned int)4294967295, (unsigned int)4294967294, (int)32, (int)1>, split::split_unified_allocator<Hashinator::Info>> *, Hashinator::Hashmap<unsigned int, unsigned int, (unsigned int)4294967295, (unsigned int)4294967294, Hashinator::HashFunctions::Fibonacci<unsigned int>, Hashinator::Hashers::Hasher<unsigned int, unsigned int, Hashinator::HashFunctions::Fibonacci<unsigned int>, (unsigned int)4294967295, (unsigned int)4294967294, (int)32, (int)1>, split::split_unified_allocator<Hashinator::Info>> *, unsigned int *, unsigned int *, float, float, float, float, int, int, float, float, unsigned int *)"
0.0,0.1504,6,0.0251,0.0117,0.0112,0.0579,0.0213, 171    1    1, 832    1    1,"update_velocity_halo_kernel(vmesh::VelocityMesh *, unsigned int, unsigned int *, Hashinator::Hashmap<unsigned int, unsigned int, (unsigned int)4294967295, (unsigned int)4294967294, Hashinator::HashFunctions::Fibonacci<unsigned int>, Hashinator::Hashers::Hasher<unsigned int, unsigned int, Hashinator::HashFunctions::Fibonacci<unsigned int>, (unsigned int)4294967295, (unsigned int)4294967294, (int)32, (int)1>, split::split_unified_allocator<Hashinator::Info>> *, Hashinator::Hashmap<unsigned int, unsigned int, (unsigned int)4294967295, (unsigned int)4294967294, Hashinator::HashFunctions::Fibonacci<unsigned int>, Hashinator::Hashers::Hasher<unsigned int, unsigned int, Hashinator::HashFunctions::Fibonacci<unsigned int>, (unsigned int)4294967295, (unsigned int)4294967294, (int)32, (int)1>, split::split_unified_allocator<Hashinator::Info>> *)"
0.0,0.1482,30,0.0049,0.0033,0.0030,0.0549,0.0094,   8    1    1,1024    1    1,"void split::tools::split_compact_keys_raw<Hashinator::hash_pair<unsigned int, unsigned int>, unsigned int, unsigned long Hashinator::Hashmap<unsigned int, unsigned int, (unsigned int)4294967295, (unsigned int)4294967294, Hashinator::HashFunctions::Fibonacci<unsigned int>, Hashinator::Hashers::Hasher<unsigned int, unsigned int, Hashinator::HashFunctions::Fibonacci<unsigned int>, (unsigned int)4294967295, (unsigned int)4294967294, (int)32, (int)1>, split::split_unified_allocator<Hashinator::Info>>::extractAllKeys<(bool)0>(split::SplitVector<unsigned int, split::split_unified_allocator<unsigned int>> &, CUstream_st *)::[lambda(const Hashinator::hash_pair<unsigned int, unsigned int> &) (instance 1)], (unsigned long)1024, (unsigned long)32>(T1 *, unsigned int *, unsigned int *, T2 *, T3, unsigned long, unsigned long, unsigned int *)"
0.0,0.1469,20,0.0073,0.0073,0.0070,0.0079,0.0003, 915    1    1,  64    1    1,"update_velocity_block_content_lists_kernel(vmesh::VelocityMesh *, vmesh::VelocityBlockContainer *, Hashinator::Hashmap<unsigned int, unsigned int, (unsigned int)4294967295, (unsigned int)4294967294, Hashinator::HashFunctions::Fibonacci<unsigned int>, Hashinator::Hashers::Hasher<unsigned int, unsigned int, Hashinator::HashFunctions::Fibonacci<unsigned int>, (unsigned int)4294967295, (unsigned int)4294967294, (int)32, (int)1>, split::split_unified_allocator<Hashinator::Info>> *, Hashinator::Hashmap<unsigned int, unsigned int, (unsigned int)4294967295, (unsigned int)4294967294, Hashinator::HashFunctions::Fibonacci<unsigned int>, Hashinator::Hashers::Hasher<unsigned int, unsigned int, Hashinator::HashFunctions::Fibonacci<unsigned int>, (unsigned int)4294967295, (unsigned int)4294967294, (int)32, (int)1>, split::split_unified_allocator<Hashinator::Info>> *, double)"
0.0,0.1463,4,0.0366,0.0349,0.0068,0.0699,0.0337, 353    1    1,  64    1    1,"update_velocity_blocks_kernel(vmesh::VelocityMesh *, vmesh::VelocityBlockContainer *, split::SplitVector<unsigned int, split::split_unified_allocator<unsigned int>> *, split::SplitVector<Hashinator::hash_pair<unsigned int, unsigned int>, split::split_unified_allocator<Hashinator::hash_pair<unsigned int, unsigned int>>> *, split::SplitVector<Hashinator::hash_pair<unsigned int, unsigned int>, split::split_unified_allocator<Hashinator::hash_pair<unsigned int, unsigned int>>> *, split::SplitVector<Hashinator::hash_pair<unsigned int, unsigned int>, split::split_unified_allocator<Hashinator::hash_pair<unsigned int, unsigned int>>> *, unsigned int, unsigned int, unsigned int, float *)"
0.0,0.1390,4,0.0348,0.0311,0.0077,0.0692,0.0307,  92    1    1,1024    1    1,"update_neighbour_halo_kernel(vmesh::VelocityMesh *, unsigned int, unsigned int **, unsigned int *, Hashinator::Hashmap<unsigned int, unsigned int, (unsigned int)4294967295, (unsigned int)4294967294, Hashinator::HashFunctions::Fibonacci<unsigned int>, Hashinator::Hashers::Hasher<unsigned int, unsigned int, Hashinator::HashFunctions::Fibonacci<unsigned int>, (unsigned int)4294967295, (unsigned int)4294967294, (int)32, (int)1>, split::split_unified_allocator<Hashinator::Info>> *, Hashinator::Hashmap<unsigned int, unsigned int, (unsigned int)4294967295, (unsigned int)4294967294, Hashinator::HashFunctions::Fibonacci<unsigned int>, Hashinator::Hashers::Hasher<unsigned int, unsigned int, Hashinator::HashFunctions::Fibonacci<unsigned int>, (unsigned int)4294967295, (unsigned int)4294967294, (int)32, (int)1>, split::split_unified_allocator<Hashinator::Info>> *)"
0.0,0.1312,24,0.0055,0.0048,0.0045,0.0195,0.0030,  65    1    1, 512    1    1,"void arch::reduction_kernel<(unsigned int)512, (arch::reduce_op)2, (unsigned int)4, (unsigned int)4, void blockVelocityFirstMoments<double, (unsigned int)4>(vmesh::VelocityBlockContainer *, T1 (&)[T2], unsigned int)::[lambda(unsigned int, unsigned int, unsigned int, unsigned int, double *) (instance 1)], double>(T5, const T6 *, T6 *, const unsigned int *, unsigned int, unsigned int, T6 *)"
0.0,0.1251,4,0.0313,0.0196,0.0128,0.0732,0.0286, 128    1    1,  16    1    1,"reorder_blocks_by_dimension_kernel(vmesh::VelocityBlockContainer *, VecSimple<float> *, unsigned int *, unsigned int *, ColumnOffsets *)"
0.0,0.1210,4,0.0302,0.0154,0.0153,0.0749,0.0298, 173    1    1,1024    1    1,"update_neighbour_halo_kernel(vmesh::VelocityMesh *, unsigned int, unsigned int **, unsigned int *, Hashinator::Hashmap<unsigned int, unsigned int, (unsigned int)4294967295, (unsigned int)4294967294, Hashinator::HashFunctions::Fibonacci<unsigned int>, Hashinator::Hashers::Hasher<unsigned int, unsigned int, Hashinator::HashFunctions::Fibonacci<unsigned int>, (unsigned int)4294967295, (unsigned int)4294967294, (int)32, (int)1>, split::split_unified_allocator<Hashinator::Info>> *, Hashinator::Hashmap<unsigned int, unsigned int, (unsigned int)4294967295, (unsigned int)4294967294, Hashinator::HashFunctions::Fibonacci<unsigned int>, Hashinator::Hashers::Hasher<unsigned int, unsigned int, Hashinator::HashFunctions::Fibonacci<unsigned int>, (unsigned int)4294967295, (unsigned int)4294967294, (int)32, (int)1>, split::split_unified_allocator<Hashinator::Info>> *)"
0.0,0.1206,24,0.0050,0.0048,0.0045,0.0062,0.0005,  51    1    1, 512    1    1,"void arch::reduction_kernel<(unsigned int)512, (arch::reduce_op)2, (unsigned int)4, (unsigned int)4, void blockVelocityFirstMoments<double, (unsigned int)4>(vmesh::VelocityBlockContainer *, T1 (&)[T2], unsigned int)::[lambda(unsigned int, unsigned int, unsigned int, unsigned int, double *) (instance 1)], double>(T5, const T6 *, T6 *, const unsigned int *, unsigned int, unsigned int, T6 *)"
0.0,0.1192,4,0.0298,0.0113,0.0083,0.0883,0.0390,  83    1    1,1024    1    1,"update_neighbour_halo_kernel(vmesh::VelocityMesh *, unsigned int, unsigned int **, unsigned int *, Hashinator::Hashmap<unsigned int, unsigned int, (unsigned int)4294967295, (unsigned int)4294967294, Hashinator::HashFunctions::Fibonacci<unsigned int>, Hashinator::Hashers::Hasher<unsigned int, unsigned int, Hashinator::HashFunctions::Fibonacci<unsigned int>, (unsigned int)4294967295, (unsigned int)4294967294, (int)32, (int)1>, split::split_unified_allocator<Hashinator::Info>> *, Hashinator::Hashmap<unsigned int, unsigned int, (unsigned int)4294967295, (unsigned int)4294967294, Hashinator::HashFunctions::Fibonacci<unsigned int>, Hashinator::Hashers::Hasher<unsigned int, unsigned int, Hashinator::HashFunctions::Fibonacci<unsigned int>, (unsigned int)4294967295, (unsigned int)4294967294, (int)32, (int)1>, split::split_unified_allocator<Hashinator::Info>> *)"
0.0,0.1177,16,0.0074,0.0073,0.0070,0.0080,0.0003, 787    1    1,  64    1    1,"update_velocity_block_content_lists_kernel(vmesh::VelocityMesh *, vmesh::VelocityBlockContainer *, Hashinator::Hashmap<unsigned int, unsigned int, (unsigned int)4294967295, (unsigned int)4294967294, Hashinator::HashFunctions::Fibonacci<unsigned int>, Hashinator::Hashers::Hasher<unsigned int, unsigned int, Hashinator::HashFunctions::Fibonacci<unsigned int>, (unsigned int)4294967295, (unsigned int)4294967294, (int)32, (int)1>, split::split_unified_allocator<Hashinator::Info>> *, Hashinator::Hashmap<unsigned int, unsigned int, (unsigned int)4294967295, (unsigned int)4294967294, Hashinator::HashFunctions::Fibonacci<unsigned int>, Hashinator::Hashers::Hasher<unsigned int, unsigned int, Hashinator::HashFunctions::Fibonacci<unsigned int>, (unsigned int)4294967295, (unsigned int)4294967294, (int)32, (int)1>, split::split_unified_allocator<Hashinator::Info>> *, double)"
0.0,0.1171,16,0.0073,0.0072,0.0069,0.0081,0.0003, 775    1    1,  64    1    1,"update_velocity_block_content_lists_kernel(vmesh::VelocityMesh *, vmesh::VelocityBlockContainer *, Hashinator::Hashmap<unsigned int, unsigned int, (unsigned int)4294967295, (unsigned int)4294967294, Hashinator::HashFunctions::Fibonacci<unsigned int>, Hashinator::Hashers::Hasher<unsigned int, unsigned int, Hashinator::HashFunctions::Fibonacci<unsigned int>, (unsigned int)4294967295, (unsigned int)4294967294, (int)32, (int)1>, split::split_unified_allocator<Hashinator::Info>> *, Hashinator::Hashmap<unsigned int, unsigned int, (unsigned int)4294967295, (unsigned int)4294967294, Hashinator::HashFunctions::Fibonacci<unsigned int>, Hashinator::Hashers::Hasher<unsigned int, unsigned int, Hashinator::HashFunctions::Fibonacci<unsigned int>, (unsigned int)4294967295, (unsigned int)4294967294, (int)32, (int)1>, split::split_unified_allocator<Hashinator::Info>> *, double)"
0.0,0.1134,5,0.0227,0.0138,0.0125,0.0601,0.0209, 209    1    1, 832    1    1,"update_velocity_halo_kernel(vmesh::VelocityMesh *, unsigned int, unsigned int *, Hashinator::Hashmap<unsigned int, unsigned int, (unsigned int)4294967295, (unsigned int)4294967294, Hashinator::HashFunctions::Fibonacci<unsigned int>, Hashinator::Hashers::Hasher<unsigned int, unsigned int, Hashinator::HashFunctions::Fibonacci<unsigned int>, (unsigned int)4294967295, (unsigned int)4294967294, (int)32, (int)1>, split::split_unified_allocator<Hashinator::Info>> *, Hashinator::Hashmap<unsigned int, unsigned int, (unsigned int)4294967295, (unsigned int)4294967294, Hashinator::HashFunctions::Fibonacci<unsigned int>, Hashinator::Hashers::Hasher<unsigned int, unsigned int, Hashinator::HashFunctions::Fibonacci<unsigned int>, (unsigned int)4294967295, (unsigned int)4294967294, (int)32, (int)1>, split::split_unified_allocator<Hashinator::Info>> *)"
0.0,0.1134,24,0.0047,0.0031,0.0027,0.0406,0.0077,  17    1    1,  32    1    1,"blocksID_mapped_dim2_kernel(const vmesh::VelocityMesh *, unsigned int *, unsigned int *, unsigned int)"
0.0,0.1096,6,0.0183,0.0064,0.0057,0.0784,0.0295, 288    1    1,  64    1    1,"update_velocity_blocks_kernel(vmesh::VelocityMesh *, vmesh::VelocityBlockContainer *, split::SplitVector<unsigned int, split::split_unified_allocator<unsigned int>> *, split::SplitVector<Hashinator::hash_pair<unsigned int, unsigned int>, split::split_unified_allocator<Hashinator::hash_pair<unsigned int, unsigned int>>> *, split::SplitVector<Hashinator::hash_pair<unsigned int, unsigned int>, split::split_unified_allocator<Hashinator::hash_pair<unsigned int, unsigned int>>> *, split::SplitVector<Hashinator::hash_pair<unsigned int, unsigned int>, split::split_unified_allocator<Hashinator::hash_pair<unsigned int, unsigned int>>> *, unsigned int, unsigned int, unsigned int, float *)"
0.0,0.1093,4,0.0273,0.0122,0.0112,0.0737,0.0310, 128    1    1,  32    1    1,"evaluate_column_extents_kernel(unsigned int, const vmesh::VelocityMesh *, ColumnOffsets *, Column *, split::SplitVector<unsigned int, split::split_unified_allocator<unsigned int>> *, Hashinator::Hashmap<unsigned int, unsigned int, (unsigned int)4294967295, (unsigned int)4294967294, Hashinator::HashFunctions::Fibonacci<unsigned int>, Hashinator::Hashers::Hasher<unsigned int, unsigned int, Hashinator::HashFunctions::Fibonacci<unsigned int>, (unsigned int)4294967295, (unsigned int)4294967294, (int)32, (int)1>, split::split_unified_allocator<Hashinator::Info>> *, Hashinator::Hashmap<unsigned int, unsigned int, (unsigned int)4294967295, (unsigned int)4294967294, Hashinator::HashFunctions::Fibonacci<unsigned int>, Hashinator::Hashers::Hasher<unsigned int, unsigned int, Hashinator::HashFunctions::Fibonacci<unsigned int>, (unsigned int)4294967295, (unsigned int)4294967294, (int)32, (int)1>, split::split_unified_allocator<Hashinator::Info>> *, unsigned int *, unsigned int *, float, float, float, float, int, int, float, float, unsigned int *)"
0.0,0.1075,4,0.0269,0.0140,0.0101,0.0693,0.0285, 130    1    1, 832    1    1,"update_velocity_halo_kernel(vmesh::VelocityMesh *, unsigned int, unsigned int *, Hashinator::Hashmap<unsigned int, unsigned int, (unsigned int)4294967295, (unsigned int)4294967294, Hashinator::HashFunctions::Fibonacci<unsigned int>, Hashinator::Hashers::Hasher<unsigned int, unsigned int, Hashinator::HashFunctions::Fibonacci<unsigned int>, (unsigned int)4294967295, (unsigned int)4294967294, (int)32, (int)1>, split::split_unified_allocator<Hashinator::Info>> *, Hashinator::Hashmap<unsigned int, unsigned int, (unsigned int)4294967295, (unsigned int)4294967294, Hashinator::HashFunctions::Fibonacci<unsigned int>, Hashinator::Hashers::Hasher<unsigned int, unsigned int, Hashinator::HashFunctions::Fibonacci<unsigned int>, (unsigned int)4294967295, (unsigned int)4294967294, (int)32, (int)1>, split::split_unified_allocator<Hashinator::Info>> *)"
0.0,0.1050,14,0.0075,0.0075,0.0072,0.0079,0.0002, 942    1    1,  64    1    1,"update_velocity_block_content_lists_kernel(vmesh::VelocityMesh *, vmesh::VelocityBlockContainer *, Hashinator::Hashmap<unsigned int, unsigned int, (unsigned int)4294967295, (unsigned int)4294967294, Hashinator::HashFunctions::Fibonacci<unsigned int>, Hashinator::Hashers::Hasher<unsigned int, unsigned int, Hashinator::HashFunctions::Fibonacci<unsigned int>, (unsigned int)4294967295, (unsigned int)4294967294, (int)32, (int)1>, split::split_unified_allocator<Hashinator::Info>> *, Hashinator::Hashmap<unsigned int, unsigned int, (unsigned int)4294967295, (unsigned int)4294967294, Hashinator::HashFunctions::Fibonacci<unsigned int>, Hashinator::Hashers::Hasher<unsigned int, unsigned int, Hashinator::HashFunctions::Fibonacci<unsigned int>, (unsigned int)4294967295, (unsigned int)4294967294, (int)32, (int)1>, split::split_unified_allocator<Hashinator::Info>> *, double)"
0.0,0.1050,14,0.0075,0.0075,0.0071,0.0082,0.0003, 941    1    1,  64    1    1,"update_velocity_block_content_lists_kernel(vmesh::VelocityMesh *, vmesh::VelocityBlockContainer *, Hashinator::Hashmap<unsigned int, unsigned int, (unsigned int)4294967295, (unsigned int)4294967294, Hashinator::HashFunctions::Fibonacci<unsigned int>, Hashinator::Hashers::Hasher<unsigned int, unsigned int, Hashinator::HashFunctions::Fibonacci<unsigned int>, (unsigned int)4294967295, (unsigned int)4294967294, (int)32, (int)1>, split::split_unified_allocator<Hashinator::Info>> *, Hashinator::Hashmap<unsigned int, unsigned int, (unsigned int)4294967295, (unsigned int)4294967294, Hashinator::HashFunctions::Fibonacci<unsigned int>, Hashinator::Hashers::Hasher<unsigned int, unsigned int, Hashinator::HashFunctions::Fibonacci<unsigned int>, (unsigned int)4294967295, (unsigned int)4294967294, (int)32, (int)1>, split::split_unified_allocator<Hashinator::Info>> *, double)"
0.0,0.1031,4,0.0258,0.0155,0.0144,0.0577,0.0213, 214    1    1, 832    1    1,"update_velocity_halo_kernel(vmesh::VelocityMesh *, unsigned int, unsigned int *, Hashinator::Hashmap<unsigned int, unsigned int, (unsigned int)4294967295, (unsigned int)4294967294, Hashinator::HashFunctions::Fibonacci<unsigned int>, Hashinator::Hashers::Hasher<unsigned int, unsigned int, Hashinator::HashFunctions::Fibonacci<unsigned int>, (unsigned int)4294967295, (unsigned int)4294967294, (int)32, (int)1>, split::split_unified_allocator<Hashinator::Info>> *, Hashinator::Hashmap<unsigned int, unsigned int, (unsigned int)4294967295, (unsigned int)4294967294, Hashinator::HashFunctions::Fibonacci<unsigned int>, Hashinator::Hashers::Hasher<unsigned int, unsigned int, Hashinator::HashFunctions::Fibonacci<unsigned int>, (unsigned int)4294967295, (unsigned int)4294967294, (int)32, (int)1>, split::split_unified_allocator<Hashinator::Info>> *)"
0.0,0.1028,4,0.0257,0.0123,0.0084,0.0698,0.0294, 110    1    1, 832    1    1,"update_velocity_halo_kernel(vmesh::VelocityMesh *, unsigned int, unsigned int *, Hashinator::Hashmap<unsigned int, unsigned int, (unsigned int)4294967295, (unsigned int)4294967294, Hashinator::HashFunctions::Fibonacci<unsigned int>, Hashinator::Hashers::Hasher<unsigned int, unsigned int, Hashinator::HashFunctions::Fibonacci<unsigned int>, (unsigned int)4294967295, (unsigned int)4294967294, (int)32, (int)1>, split::split_unified_allocator<Hashinator::Info>> *, Hashinator::Hashmap<unsigned int, unsigned int, (unsigned int)4294967295, (unsigned int)4294967294, Hashinator::HashFunctions::Fibonacci<unsigned int>, Hashinator::Hashers::Hasher<unsigned int, unsigned int, Hashinator::HashFunctions::Fibonacci<unsigned int>, (unsigned int)4294967295, (unsigned int)4294967294, (int)32, (int)1>, split::split_unified_allocator<Hashinator::Info>> *)"
0.0,0.1020,2,0.0510,0.0510,0.0076,0.0944,0.0613, 276    1    1,  64    1    1,"update_velocity_blocks_kernel(vmesh::VelocityMesh *, vmesh::VelocityBlockContainer *, split::SplitVector<unsigned int, split::split_unified_allocator<unsigned int>> *, split::SplitVector<Hashinator::hash_pair<unsigned int, unsigned int>, split::split_unified_allocator<Hashinator::hash_pair<unsigned int, unsigned int>>> *, split::SplitVector<Hashinator::hash_pair<unsigned int, unsigned int>, split::split_unified_allocator<Hashinator::hash_pair<unsigned int, unsigned int>>> *, split::SplitVector<Hashinator::hash_pair<unsigned int, unsigned int>, split::split_unified_allocator<Hashinator::hash_pair<unsigned int, unsigned int>>> *, unsigned int, unsigned int, unsigned int, float *)"
0.0,0.1013,4,0.0253,0.0101,0.0085,0.0726,0.0315,  75    1    1, 832    1    1,"update_velocity_halo_kernel(vmesh::VelocityMesh *, unsigned int, unsigned int *, Hashinator::Hashmap<unsigned int, unsigned int, (unsigned int)4294967295, (unsigned int)4294967294, Hashinator::HashFunctions::Fibonacci<unsigned int>, Hashinator::Hashers::Hasher<unsigned int, unsigned int, Hashinator::HashFunctions::Fibonacci<unsigned int>, (unsigned int)4294967295, (unsigned int)4294967294, (int)32, (int)1>, split::split_unified_allocator<Hashinator::Info>> *, Hashinator::Hashmap<unsigned int, unsigned int, (unsigned int)4294967295, (unsigned int)4294967294, Hashinator::HashFunctions::Fibonacci<unsigned int>, Hashinator::Hashers::Hasher<unsigned int, unsigned int, Hashinator::HashFunctions::Fibonacci<unsigned int>, (unsigned int)4294967295, (unsigned int)4294967294, (int)32, (int)1>, split::split_unified_allocator<Hashinator::Info>> *)"
0.0,0.1001,4,0.0250,0.0092,0.0079,0.0739,0.0326,  71    1    1,1024    1    1,"update_neighbour_halo_kernel(vmesh::VelocityMesh *, unsigned int, unsigned int **, unsigned int *, Hashinator::Hashmap<unsigned int, unsigned int, (unsigned int)4294967295, (unsigned int)4294967294, Hashinator::HashFunctions::Fibonacci<unsigned int>, Hashinator::Hashers::Hasher<unsigned int, unsigned int, Hashinator::HashFunctions::Fibonacci<unsigned int>, (unsigned int)4294967295, (unsigned int)4294967294, (int)32, (int)1>, split::split_unified_allocator<Hashinator::Info>> *, Hashinator::Hashmap<unsigned int, unsigned int, (unsigned int)4294967295, (unsigned int)4294967294, Hashinator::HashFunctions::Fibonacci<unsigned int>, Hashinator::Hashers::Hasher<unsigned int, unsigned int, Hashinator::HashFunctions::Fibonacci<unsigned int>, (unsigned int)4294967295, (unsigned int)4294967294, (int)32, (int)1>, split::split_unified_allocator<Hashinator::Info>> *)"
0.0,0.0996,4,0.0249,0.0153,0.0142,0.0548,0.0199, 205    1    1,1024    1    1,"update_neighbour_halo_kernel(vmesh::VelocityMesh *, unsigned int, unsigned int **, unsigned int *, Hashinator::Hashmap<unsigned int, unsigned int, (unsigned int)4294967295, (unsigned int)4294967294, Hashinator::HashFunctions::Fibonacci<unsigned int>, Hashinator::Hashers::Hasher<unsigned int, unsigned int, Hashinator::HashFunctions::Fibonacci<unsigned int>, (unsigned int)4294967295, (unsigned int)4294967294, (int)32, (int)1>, split::split_unified_allocator<Hashinator::Info>> *, Hashinator::Hashmap<unsigned int, unsigned int, (unsigned int)4294967295, (unsigned int)4294967294, Hashinator::HashFunctions::Fibonacci<unsigned int>, Hashinator::Hashers::Hasher<unsigned int, unsigned int, Hashinator::HashFunctions::Fibonacci<unsigned int>, (unsigned int)4294967295, (unsigned int)4294967294, (int)32, (int)1>, split::split_unified_allocator<Hashinator::Info>> *)"
0.0,0.0990,4,0.0248,0.0127,0.0124,0.0611,0.0242, 161    1    1,1024    1    1,"update_neighbour_halo_kernel(vmesh::VelocityMesh *, unsigned int, unsigned int **, unsigned int *, Hashinator::Hashmap<unsigned int, unsigned int, (unsigned int)4294967295, (unsigned int)4294967294, Hashinator::HashFunctions::Fibonacci<unsigned int>, Hashinator::Hashers::Hasher<unsigned int, unsigned int, Hashinator::HashFunctions::Fibonacci<unsigned int>, (unsigned int)4294967295, (unsigned int)4294967294, (int)32, (int)1>, split::split_unified_allocator<Hashinator::Info>> *, Hashinator::Hashmap<unsigned int, unsigned int, (unsigned int)4294967295, (unsigned int)4294967294, Hashinator::HashFunctions::Fibonacci<unsigned int>, Hashinator::Hashers::Hasher<unsigned int, unsigned int, Hashinator::HashFunctions::Fibonacci<unsigned int>, (unsigned int)4294967295, (unsigned int)4294967294, (int)32, (int)1>, split::split_unified_allocator<Hashinator::Info>> *)"
0.0,0.0986,13,0.0076,0.0077,0.0070,0.0083,0.0004, 914    1    1,  64    1    1,"update_velocity_block_content_lists_kernel(vmesh::VelocityMesh *, vmesh::VelocityBlockContainer *, Hashinator::Hashmap<unsigned int, unsigned int, (unsigned int)4294967295, (unsigned int)4294967294, Hashinator::HashFunctions::Fibonacci<unsigned int>, Hashinator::Hashers::Hasher<unsigned int, unsigned int, Hashinator::HashFunctions::Fibonacci<unsigned int>, (unsigned int)4294967295, (unsigned int)4294967294, (int)32, (int)1>, split::split_unified_allocator<Hashinator::Info>> *, Hashinator::Hashmap<unsigned int, unsigned int, (unsigned int)4294967295, (unsigned int)4294967294, Hashinator::HashFunctions::Fibonacci<unsigned int>, Hashinator::Hashers::Hasher<unsigned int, unsigned int, Hashinator::HashFunctions::Fibonacci<unsigned int>, (unsigned int)4294967295, (unsigned int)4294967294, (int)32, (int)1>, split::split_unified_allocator<Hashinator::Info>> *, double)"
0.0,0.0985,24,0.0041,0.0040,0.0039,0.0054,0.0003,  51    1    1, 512    1    1,"void arch::reduction_kernel<(unsigned int)512, (arch::reduce_op)2, (unsigned int)4, (unsigned int)3, void blockVelocitySecondMoments<double, (unsigned int)3>(vmesh::VelocityBlockContainer *, T1, T1, T1, T1 (&)[T2], unsigned int)::[lambda(unsigned int, unsigned int, unsigned int, unsigned int, double *) (instance 1)], double>(T5, const T6 *, T6 *, const unsigned int *, unsigned int, unsigned int, T6 *)"
0.0,0.0981,4,0.0245,0.0248,0.0204,0.0282,0.0035, 327    1    1,1024    1    1,"update_neighbour_halo_kernel(vmesh::VelocityMesh *, unsigned int, unsigned int **, unsigned int *, Hashinator::Hashmap<unsigned int, unsigned int, (unsigned int)4294967295, (unsigned int)4294967294, Hashinator::HashFunctions::Fibonacci<unsigned int>, Hashinator::Hashers::Hasher<unsigned int, unsigned int, Hashinator::HashFunctions::Fibonacci<unsigned int>, (unsigned int)4294967295, (unsigned int)4294967294, (int)32, (int)1>, split::split_unified_allocator<Hashinator::Info>> *, Hashinator::Hashmap<unsigned int, unsigned int, (unsigned int)4294967295, (unsigned int)4294967294, Hashinator::HashFunctions::Fibonacci<unsigned int>, Hashinator::Hashers::Hasher<unsigned int, unsigned int, Hashinator::HashFunctions::Fibonacci<unsigned int>, (unsigned int)4294967295, (unsigned int)4294967294, (int)32, (int)1>, split::split_unified_allocator<Hashinator::Info>> *)"
0.0,0.0981,13,0.0075,0.0076,0.0072,0.0080,0.0003, 918    1    1,  64    1    1,"update_velocity_block_content_lists_kernel(vmesh::VelocityMesh *, vmesh::VelocityBlockContainer *, Hashinator::Hashmap<unsigned int, unsigned int, (unsigned int)4294967295, (unsigned int)4294967294, Hashinator::HashFunctions::Fibonacci<unsigned int>, Hashinator::Hashers::Hasher<unsigned int, unsigned int, Hashinator::HashFunctions::Fibonacci<unsigned int>, (unsigned int)4294967295, (unsigned int)4294967294, (int)32, (int)1>, split::split_unified_allocator<Hashinator::Info>> *, Hashinator::Hashmap<unsigned int, unsigned int, (unsigned int)4294967295, (unsigned int)4294967294, Hashinator::HashFunctions::Fibonacci<unsigned int>, Hashinator::Hashers::Hasher<unsigned int, unsigned int, Hashinator::HashFunctions::Fibonacci<unsigned int>, (unsigned int)4294967295, (unsigned int)4294967294, (int)32, (int)1>, split::split_unified_allocator<Hashinator::Info>> *, double)"
0.0,0.0950,4,0.0238,0.0070,0.0068,0.0742,0.0336, 138    1    1,  64    1    1,"update_velocity_blocks_kernel(vmesh::VelocityMesh *, vmesh::VelocityBlockContainer *, split::SplitVector<unsigned int, split::split_unified_allocator<unsigned int>> *, split::SplitVector<Hashinator::hash_pair<unsigned int, unsigned int>, split::split_unified_allocator<Hashinator::hash_pair<unsigned int, unsigned int>>> *, split::SplitVector<Hashinator::hash_pair<unsigned int, unsigned int>, split::split_unified_allocator<Hashinator::hash_pair<unsigned int, unsigned int>>> *, split::SplitVector<Hashinator::hash_pair<unsigned int, unsigned int>, split::split_unified_allocator<Hashinator::hash_pair<unsigned int, unsigned int>>> *, unsigned int, unsigned int, unsigned int, float *)"
0.0,0.0938,12,0.0078,0.0077,0.0073,0.0090,0.0006, 944    1    1,  64    1    1,"update_velocity_block_content_lists_kernel(vmesh::VelocityMesh *, vmesh::VelocityBlockContainer *, Hashinator::Hashmap<unsigned int, unsigned int, (unsigned int)4294967295, (unsigned int)4294967294, Hashinator::HashFunctions::Fibonacci<unsigned int>, Hashinator::Hashers::Hasher<unsigned int, unsigned int, Hashinator::HashFunctions::Fibonacci<unsigned int>, (unsigned int)4294967295, (unsigned int)4294967294, (int)32, (int)1>, split::split_unified_allocator<Hashinator::Info>> *, Hashinator::Hashmap<unsigned int, unsigned int, (unsigned int)4294967295, (unsigned int)4294967294, Hashinator::HashFunctions::Fibonacci<unsigned int>, Hashinator::Hashers::Hasher<unsigned int, unsigned int, Hashinator::HashFunctions::Fibonacci<unsigned int>, (unsigned int)4294967295, (unsigned int)4294967294, (int)32, (int)1>, split::split_unified_allocator<Hashinator::Info>> *, double)"
0.0,0.0898,12,0.0075,0.0074,0.0072,0.0083,0.0003, 943    1    1,  64    1    1,"update_velocity_block_content_lists_kernel(vmesh::VelocityMesh *, vmesh::VelocityBlockContainer *, Hashinator::Hashmap<unsigned int, unsigned int, (unsigned int)4294967295, (unsigned int)4294967294, Hashinator::HashFunctions::Fibonacci<unsigned int>, Hashinator::Hashers::Hasher<unsigned int, unsigned int, Hashinator::HashFunctions::Fibonacci<unsigned int>, (unsigned int)4294967295, (unsigned int)4294967294, (int)32, (int)1>, split::split_unified_allocator<Hashinator::Info>> *, Hashinator::Hashmap<unsigned int, unsigned int, (unsigned int)4294967295, (unsigned int)4294967294, Hashinator::HashFunctions::Fibonacci<unsigned int>, Hashinator::Hashers::Hasher<unsigned int, unsigned int, Hashinator::HashFunctions::Fibonacci<unsigned int>, (unsigned int)4294967295, (unsigned int)4294967294, (int)32, (int)1>, split::split_unified_allocator<Hashinator::Info>> *, double)"
0.0,0.0897,13,0.0069,0.0069,0.0064,0.0073,0.0003, 384    1    1,  64    1    1,"update_velocity_block_content_lists_kernel(vmesh::VelocityMesh *, vmesh::VelocityBlockContainer *, Hashinator::Hashmap<unsigned int, unsigned int, (unsigned int)4294967295, (unsigned int)4294967294, Hashinator::HashFunctions::Fibonacci<unsigned int>, Hashinator::Hashers::Hasher<unsigned int, unsigned int, Hashinator::HashFunctions::Fibonacci<unsigned int>, (unsigned int)4294967295, (unsigned int)4294967294, (int)32, (int)1>, split::split_unified_allocator<Hashinator::Info>> *, Hashinator::Hashmap<unsigned int, unsigned int, (unsigned int)4294967295, (unsigned int)4294967294, Hashinator::HashFunctions::Fibonacci<unsigned int>, Hashinator::Hashers::Hasher<unsigned int, unsigned int, Hashinator::HashFunctions::Fibonacci<unsigned int>, (unsigned int)4294967295, (unsigned int)4294967294, (int)32, (int)1>, split::split_unified_allocator<Hashinator::Info>> *, double)"
0.0,0.0890,12,0.0074,0.0072,0.0070,0.0083,0.0004, 777    1    1,  64    1    1,"update_velocity_block_content_lists_kernel(vmesh::VelocityMesh *, vmesh::VelocityBlockContainer *, Hashinator::Hashmap<unsigned int, unsigned int, (unsigned int)4294967295, (unsigned int)4294967294, Hashinator::HashFunctions::Fibonacci<unsigned int>, Hashinator::Hashers::Hasher<unsigned int, unsigned int, Hashinator::HashFunctions::Fibonacci<unsigned int>, (unsigned int)4294967295, (unsigned int)4294967294, (int)32, (int)1>, split::split_unified_allocator<Hashinator::Info>> *, Hashinator::Hashmap<unsigned int, unsigned int, (unsigned int)4294967295, (unsigned int)4294967294, Hashinator::HashFunctions::Fibonacci<unsigned int>, Hashinator::Hashers::Hasher<unsigned int, unsigned int, Hashinator::HashFunctions::Fibonacci<unsigned int>, (unsigned int)4294967295, (unsigned int)4294967294, (int)32, (int)1>, split::split_unified_allocator<Hashinator::Info>> *, double)"
0.0,0.0888,12,0.0074,0.0074,0.0068,0.0080,0.0004, 769    1    1,  64    1    1,"update_velocity_block_content_lists_kernel(vmesh::VelocityMesh *, vmesh::VelocityBlockContainer *, Hashinator::Hashmap<unsigned int, unsigned int, (unsigned int)4294967295, (unsigned int)4294967294, Hashinator::HashFunctions::Fibonacci<unsigned int>, Hashinator::Hashers::Hasher<unsigned int, unsigned int, Hashinator::HashFunctions::Fibonacci<unsigned int>, (unsigned int)4294967295, (unsigned int)4294967294, (int)32, (int)1>, split::split_unified_allocator<Hashinator::Info>> *, Hashinator::Hashmap<unsigned int, unsigned int, (unsigned int)4294967295, (unsigned int)4294967294, Hashinator::HashFunctions::Fibonacci<unsigned int>, Hashinator::Hashers::Hasher<unsigned int, unsigned int, Hashinator::HashFunctions::Fibonacci<unsigned int>, (unsigned int)4294967295, (unsigned int)4294967294, (int)32, (int)1>, split::split_unified_allocator<Hashinator::Info>> *, double)"
0.0,0.0868,12,0.0072,0.0072,0.0068,0.0077,0.0003, 767    1    1,  64    1    1,"update_velocity_block_content_lists_kernel(vmesh::VelocityMesh *, vmesh::VelocityBlockContainer *, Hashinator::Hashmap<unsigned int, unsigned int, (unsigned int)4294967295, (unsigned int)4294967294, Hashinator::HashFunctions::Fibonacci<unsigned int>, Hashinator::Hashers::Hasher<unsigned int, unsigned int, Hashinator::HashFunctions::Fibonacci<unsigned int>, (unsigned int)4294967295, (unsigned int)4294967294, (int)32, (int)1>, split::split_unified_allocator<Hashinator::Info>> *, Hashinator::Hashmap<unsigned int, unsigned int, (unsigned int)4294967295, (unsigned int)4294967294, Hashinator::HashFunctions::Fibonacci<unsigned int>, Hashinator::Hashers::Hasher<unsigned int, unsigned int, Hashinator::HashFunctions::Fibonacci<unsigned int>, (unsigned int)4294967295, (unsigned int)4294967294, (int)32, (int)1>, split::split_unified_allocator<Hashinator::Info>> *, double)"
0.0,0.0814,30,0.0027,0.0027,0.0025,0.0029,0.0001,   8    1    1,1024    1    1,"void split::tools::scan_reduce_raw<Hashinator::hash_pair<unsigned int, unsigned int>, unsigned long Hashinator::Hashmap<unsigned int, unsigned int, (unsigned int)4294967295, (unsigned int)4294967294, Hashinator::HashFunctions::Fibonacci<unsigned int>, Hashinator::Hashers::Hasher<unsigned int, unsigned int, Hashinator::HashFunctions::Fibonacci<unsigned int>, (unsigned int)4294967295, (unsigned int)4294967294, (int)32, (int)1>, split::split_unified_allocator<Hashinator::Info>>::extractAllKeys<(bool)0>(split::SplitVector<unsigned int, split::split_unified_allocator<unsigned int>> &, CUstream_st *)::[lambda(const Hashinator::hash_pair<unsigned int, unsigned int> &) (instance 1)]>(T1 *, unsigned int *, T2, unsigned long)"
0.0,0.0802,4,0.0201,0.0181,0.0116,0.0324,0.0090, 174    1    1, 832    1    1,"update_velocity_halo_kernel(vmesh::VelocityMesh *, unsigned int, unsigned int *, Hashinator::Hashmap<unsigned int, unsigned int, (unsigned int)4294967295, (unsigned int)4294967294, Hashinator::HashFunctions::Fibonacci<unsigned int>, Hashinator::Hashers::Hasher<unsigned int, unsigned int, Hashinator::HashFunctions::Fibonacci<unsigned int>, (unsigned int)4294967295, (unsigned int)4294967294, (int)32, (int)1>, split::split_unified_allocator<Hashinator::Info>> *, Hashinator::Hashmap<unsigned int, unsigned int, (unsigned int)4294967295, (unsigned int)4294967294, Hashinator::HashFunctions::Fibonacci<unsigned int>, Hashinator::Hashers::Hasher<unsigned int, unsigned int, Hashinator::HashFunctions::Fibonacci<unsigned int>, (unsigned int)4294967295, (unsigned int)4294967294, (int)32, (int)1>, split::split_unified_allocator<Hashinator::Info>> *)"
0.0,0.0767,3,0.0256,0.0059,0.0056,0.0652,0.0344, 291    1    1,  64    1    1,"update_velocity_blocks_kernel(vmesh::VelocityMesh *, vmesh::VelocityBlockContainer *, split::SplitVector<unsigned int, split::split_unified_allocator<unsigned int>> *, split::SplitVector<Hashinator::hash_pair<unsigned int, unsigned int>, split::split_unified_allocator<Hashinator::hash_pair<unsigned int, unsigned int>>> *, split::SplitVector<Hashinator::hash_pair<unsigned int, unsigned int>, split::split_unified_allocator<Hashinator::hash_pair<unsigned int, unsigned int>>> *, split::SplitVector<Hashinator::hash_pair<unsigned int, unsigned int>, split::split_unified_allocator<Hashinator::hash_pair<unsigned int, unsigned int>>> *, unsigned int, unsigned int, unsigned int, float *)"
0.0,0.0756,10,0.0076,0.0076,0.0071,0.0079,0.0002, 784    1    1,  64    1    1,"update_velocity_block_content_lists_kernel(vmesh::VelocityMesh *, vmesh::VelocityBlockContainer *, Hashinator::Hashmap<unsigned int, unsigned int, (unsigned int)4294967295, (unsigned int)4294967294, Hashinator::HashFunctions::Fibonacci<unsigned int>, Hashinator::Hashers::Hasher<unsigned int, unsigned int, Hashinator::HashFunctions::Fibonacci<unsigned int>, (unsigned int)4294967295, (unsigned int)4294967294, (int)32, (int)1>, split::split_unified_allocator<Hashinator::Info>> *, Hashinator::Hashmap<unsigned int, unsigned int, (unsigned int)4294967295, (unsigned int)4294967294, Hashinator::HashFunctions::Fibonacci<unsigned int>, Hashinator::Hashers::Hasher<unsigned int, unsigned int, Hashinator::HashFunctions::Fibonacci<unsigned int>, (unsigned int)4294967295, (unsigned int)4294967294, (int)32, (int)1>, split::split_unified_allocator<Hashinator::Info>> *, double)"
0.0,0.0740,30,0.0025,0.0025,0.0022,0.0027,0.0001,   1    1    1,   4    1    1,"void split::tools::split_prescan<unsigned int>(T1 *, T1 *, T1 *, int, unsigned long)"
0.0,0.0699,2,0.0349,0.0349,0.0132,0.0566,0.0307, 175    1    1, 832    1    1,"update_velocity_halo_kernel(vmesh::VelocityMesh *, unsigned int, unsigned int *, Hashinator::Hashmap<unsigned int, unsigned int, (unsigned int)4294967295, (unsigned int)4294967294, Hashinator::HashFunctions::Fibonacci<unsigned int>, Hashinator::Hashers::Hasher<unsigned int, unsigned int, Hashinator::HashFunctions::Fibonacci<unsigned int>, (unsigned int)4294967295, (unsigned int)4294967294, (int)32, (int)1>, split::split_unified_allocator<Hashinator::Info>> *, Hashinator::Hashmap<unsigned int, unsigned int, (unsigned int)4294967295, (unsigned int)4294967294, Hashinator::HashFunctions::Fibonacci<unsigned int>, Hashinator::Hashers::Hasher<unsigned int, unsigned int, Hashinator::HashFunctions::Fibonacci<unsigned int>, (unsigned int)4294967295, (unsigned int)4294967294, (int)32, (int)1>, split::split_unified_allocator<Hashinator::Info>> *)"
0.0,0.0665,4,0.0166,0.0073,0.0062,0.0456,0.0193,  81    1    1,  64    1    1,"update_velocity_blocks_kernel(vmesh::VelocityMesh *, vmesh::VelocityBlockContainer *, split::SplitVector<unsigned int, split::split_unified_allocator<unsigned int>> *, split::SplitVector<Hashinator::hash_pair<unsigned int, unsigned int>, split::split_unified_allocator<Hashinator::hash_pair<unsigned int, unsigned int>>> *, split::SplitVector<Hashinator::hash_pair<unsigned int, unsigned int>, split::split_unified_allocator<Hashinator::hash_pair<unsigned int, unsigned int>>> *, split::SplitVector<Hashinator::hash_pair<unsigned int, unsigned int>, split::split_unified_allocator<Hashinator::hash_pair<unsigned int, unsigned int>>> *, unsigned int, unsigned int, unsigned int, float *)"
0.0,0.0633,4,0.0158,0.0151,0.0140,0.0192,0.0023, 125    1    1,  16    1    1,"reorder_blocks_by_dimension_kernel(vmesh::VelocityBlockContainer *, VecSimple<float> *, unsigned int *, unsigned int *, ColumnOffsets *)"
0.0,0.0602,8,0.0075,0.0076,0.0072,0.0080,0.0003, 919    1    1,  64    1    1,"update_velocity_block_content_lists_kernel(vmesh::VelocityMesh *, vmesh::VelocityBlockContainer *, Hashinator::Hashmap<unsigned int, unsigned int, (unsigned int)4294967295, (unsigned int)4294967294, Hashinator::HashFunctions::Fibonacci<unsigned int>, Hashinator::Hashers::Hasher<unsigned int, unsigned int, Hashinator::HashFunctions::Fibonacci<unsigned int>, (unsigned int)4294967295, (unsigned int)4294967294, (int)32, (int)1>, split::split_unified_allocator<Hashinator::Info>> *, Hashinator::Hashmap<unsigned int, unsigned int, (unsigned int)4294967295, (unsigned int)4294967294, Hashinator::HashFunctions::Fibonacci<unsigned int>, Hashinator::Hashers::Hasher<unsigned int, unsigned int, Hashinator::HashFunctions::Fibonacci<unsigned int>, (unsigned int)4294967295, (unsigned int)4294967294, (int)32, (int)1>, split::split_unified_allocator<Hashinator::Info>> *, double)"
0.0,0.0597,8,0.0075,0.0074,0.0070,0.0082,0.0004, 786    1    1,  64    1    1,"update_velocity_block_content_lists_kernel(vmesh::VelocityMesh *, vmesh::VelocityBlockContainer *, Hashinator::Hashmap<unsigned int, unsigned int, (unsigned int)4294967295, (unsigned int)4294967294, Hashinator::HashFunctions::Fibonacci<unsigned int>, Hashinator::Hashers::Hasher<unsigned int, unsigned int, Hashinator::HashFunctions::Fibonacci<unsigned int>, (unsigned int)4294967295, (unsigned int)4294967294, (int)32, (int)1>, split::split_unified_allocator<Hashinator::Info>> *, Hashinator::Hashmap<unsigned int, unsigned int, (unsigned int)4294967295, (unsigned int)4294967294, Hashinator::HashFunctions::Fibonacci<unsigned int>, Hashinator::Hashers::Hasher<unsigned int, unsigned int, Hashinator::HashFunctions::Fibonacci<unsigned int>, (unsigned int)4294967295, (unsigned int)4294967294, (int)32, (int)1>, split::split_unified_allocator<Hashinator::Info>> *, double)"
0.0,0.0596,8,0.0074,0.0075,0.0070,0.0079,0.0003, 806    1    1,  64    1    1,"update_velocity_block_content_lists_kernel(vmesh::VelocityMesh *, vmesh::VelocityBlockContainer *, Hashinator::Hashmap<unsigned int, unsigned int, (unsigned int)4294967295, (unsigned int)4294967294, Hashinator::HashFunctions::Fibonacci<unsigned int>, Hashinator::Hashers::Hasher<unsigned int, unsigned int, Hashinator::HashFunctions::Fibonacci<unsigned int>, (unsigned int)4294967295, (unsigned int)4294967294, (int)32, (int)1>, split::split_unified_allocator<Hashinator::Info>> *, Hashinator::Hashmap<unsigned int, unsigned int, (unsigned int)4294967295, (unsigned int)4294967294, Hashinator::HashFunctions::Fibonacci<unsigned int>, Hashinator::Hashers::Hasher<unsigned int, unsigned int, Hashinator::HashFunctions::Fibonacci<unsigned int>, (unsigned int)4294967295, (unsigned int)4294967294, (int)32, (int)1>, split::split_unified_allocator<Hashinator::Info>> *, double)"
0.0,0.0592,4,0.0148,0.0147,0.0134,0.0164,0.0012, 205    1    1, 832    1    1,"update_velocity_halo_kernel(vmesh::VelocityMesh *, unsigned int, unsigned int *, Hashinator::Hashmap<unsigned int, unsigned int, (unsigned int)4294967295, (unsigned int)4294967294, Hashinator::HashFunctions::Fibonacci<unsigned int>, Hashinator::Hashers::Hasher<unsigned int, unsigned int, Hashinator::HashFunctions::Fibonacci<unsigned int>, (unsigned int)4294967295, (unsigned int)4294967294, (int)32, (int)1>, split::split_unified_allocator<Hashinator::Info>> *, Hashinator::Hashmap<unsigned int, unsigned int, (unsigned int)4294967295, (unsigned int)4294967294, Hashinator::HashFunctions::Fibonacci<unsigned int>, Hashinator::Hashers::Hasher<unsigned int, unsigned int, Hashinator::HashFunctions::Fibonacci<unsigned int>, (unsigned int)4294967295, (unsigned int)4294967294, (int)32, (int)1>, split::split_unified_allocator<Hashinator::Info>> *)"
0.0,0.0591,8,0.0074,0.0073,0.0073,0.0076,0.0001,1070    1    1,  64    1    1,"update_velocity_block_content_lists_kernel(vmesh::VelocityMesh *, vmesh::VelocityBlockContainer *, Hashinator::Hashmap<unsigned int, unsigned int, (unsigned int)4294967295, (unsigned int)4294967294, Hashinator::HashFunctions::Fibonacci<unsigned int>, Hashinator::Hashers::Hasher<unsigned int, unsigned int, Hashinator::HashFunctions::Fibonacci<unsigned int>, (unsigned int)4294967295, (unsigned int)4294967294, (int)32, (int)1>, split::split_unified_allocator<Hashinator::Info>> *, Hashinator::Hashmap<unsigned int, unsigned int, (unsigned int)4294967295, (unsigned int)4294967294, Hashinator::HashFunctions::Fibonacci<unsigned int>, Hashinator::Hashers::Hasher<unsigned int, unsigned int, Hashinator::HashFunctions::Fibonacci<unsigned int>, (unsigned int)4294967295, (unsigned int)4294967294, (int)32, (int)1>, split::split_unified_allocator<Hashinator::Info>> *, double)"
0.0,0.0590,8,0.0074,0.0073,0.0069,0.0081,0.0004, 788    1    1,  64    1    1,"update_velocity_block_content_lists_kernel(vmesh::VelocityMesh *, vmesh::VelocityBlockContainer *, Hashinator::Hashmap<unsigned int, unsigned int, (unsigned int)4294967295, (unsigned int)4294967294, Hashinator::HashFunctions::Fibonacci<unsigned int>, Hashinator::Hashers::Hasher<unsigned int, unsigned int, Hashinator::HashFunctions::Fibonacci<unsigned int>, (unsigned int)4294967295, (unsigned int)4294967294, (int)32, (int)1>, split::split_unified_allocator<Hashinator::Info>> *, Hashinator::Hashmap<unsigned int, unsigned int, (unsigned int)4294967295, (unsigned int)4294967294, Hashinator::HashFunctions::Fibonacci<unsigned int>, Hashinator::Hashers::Hasher<unsigned int, unsigned int, Hashinator::HashFunctions::Fibonacci<unsigned int>, (unsigned int)4294967295, (unsigned int)4294967294, (int)32, (int)1>, split::split_unified_allocator<Hashinator::Info>> *, double)"
0.0,0.0590,8,0.0074,0.0074,0.0070,0.0077,0.0002, 797    1    1,  64    1    1,"update_velocity_block_content_lists_kernel(vmesh::VelocityMesh *, vmesh::VelocityBlockContainer *, Hashinator::Hashmap<unsigned int, unsigned int, (unsigned int)4294967295, (unsigned int)4294967294, Hashinator::HashFunctions::Fibonacci<unsigned int>, Hashinator::Hashers::Hasher<unsigned int, unsigned int, Hashinator::HashFunctions::Fibonacci<unsigned int>, (unsigned int)4294967295, (unsigned int)4294967294, (int)32, (int)1>, split::split_unified_allocator<Hashinator::Info>> *, Hashinator::Hashmap<unsigned int, unsigned int, (unsigned int)4294967295, (unsigned int)4294967294, Hashinator::HashFunctions::Fibonacci<unsigned int>, Hashinator::Hashers::Hasher<unsigned int, unsigned int, Hashinator::HashFunctions::Fibonacci<unsigned int>, (unsigned int)4294967295, (unsigned int)4294967294, (int)32, (int)1>, split::split_unified_allocator<Hashinator::Info>> *, double)"
0.0,0.0588,8,0.0074,0.0073,0.0070,0.0080,0.0003, 772    1    1,  64    1    1,"update_velocity_block_content_lists_kernel(vmesh::VelocityMesh *, vmesh::VelocityBlockContainer *, Hashinator::Hashmap<unsigned int, unsigned int, (unsigned int)4294967295, (unsigned int)4294967294, Hashinator::HashFunctions::Fibonacci<unsigned int>, Hashinator::Hashers::Hasher<unsigned int, unsigned int, Hashinator::HashFunctions::Fibonacci<unsigned int>, (unsigned int)4294967295, (unsigned int)4294967294, (int)32, (int)1>, split::split_unified_allocator<Hashinator::Info>> *, Hashinator::Hashmap<unsigned int, unsigned int, (unsigned int)4294967295, (unsigned int)4294967294, Hashinator::HashFunctions::Fibonacci<unsigned int>, Hashinator::Hashers::Hasher<unsigned int, unsigned int, Hashinator::HashFunctions::Fibonacci<unsigned int>, (unsigned int)4294967295, (unsigned int)4294967294, (int)32, (int)1>, split::split_unified_allocator<Hashinator::Info>> *, double)"
0.0,0.0583,8,0.0073,0.0073,0.0071,0.0075,0.0002, 770    1    1,  64    1    1,"update_velocity_block_content_lists_kernel(vmesh::VelocityMesh *, vmesh::VelocityBlockContainer *, Hashinator::Hashmap<unsigned int, unsigned int, (unsigned int)4294967295, (unsigned int)4294967294, Hashinator::HashFunctions::Fibonacci<unsigned int>, Hashinator::Hashers::Hasher<unsigned int, unsigned int, Hashinator::HashFunctions::Fibonacci<unsigned int>, (unsigned int)4294967295, (unsigned int)4294967294, (int)32, (int)1>, split::split_unified_allocator<Hashinator::Info>> *, Hashinator::Hashmap<unsigned int, unsigned int, (unsigned int)4294967295, (unsigned int)4294967294, Hashinator::HashFunctions::Fibonacci<unsigned int>, Hashinator::Hashers::Hasher<unsigned int, unsigned int, Hashinator::HashFunctions::Fibonacci<unsigned int>, (unsigned int)4294967295, (unsigned int)4294967294, (int)32, (int)1>, split::split_unified_allocator<Hashinator::Info>> *, double)"
0.0,0.0578,8,0.0072,0.0072,0.0069,0.0076,0.0002, 669    1    1,  64    1    1,"update_velocity_block_content_lists_kernel(vmesh::VelocityMesh *, vmesh::VelocityBlockContainer *, Hashinator::Hashmap<unsigned int, unsigned int, (unsigned int)4294967295, (unsigned int)4294967294, Hashinator::HashFunctions::Fibonacci<unsigned int>, Hashinator::Hashers::Hasher<unsigned int, unsigned int, Hashinator::HashFunctions::Fibonacci<unsigned int>, (unsigned int)4294967295, (unsigned int)4294967294, (int)32, (int)1>, split::split_unified_allocator<Hashinator::Info>> *, Hashinator::Hashmap<unsigned int, unsigned int, (unsigned int)4294967295, (unsigned int)4294967294, Hashinator::HashFunctions::Fibonacci<unsigned int>, Hashinator::Hashers::Hasher<unsigned int, unsigned int, Hashinator::HashFunctions::Fibonacci<unsigned int>, (unsigned int)4294967295, (unsigned int)4294967294, (int)32, (int)1>, split::split_unified_allocator<Hashinator::Info>> *, double)"
0.0,0.0559,2,0.0280,0.0280,0.0088,0.0471,0.0271,  69    1    1, 832    1    1,"update_velocity_halo_kernel(vmesh::VelocityMesh *, unsigned int, unsigned int *, Hashinator::Hashmap<unsigned int, unsigned int, (unsigned int)4294967295, (unsigned int)4294967294, Hashinator::HashFunctions::Fibonacci<unsigned int>, Hashinator::Hashers::Hasher<unsigned int, unsigned int, Hashinator::HashFunctions::Fibonacci<unsigned int>, (unsigned int)4294967295, (unsigned int)4294967294, (int)32, (int)1>, split::split_unified_allocator<Hashinator::Info>> *, Hashinator::Hashmap<unsigned int, unsigned int, (unsigned int)4294967295, (unsigned int)4294967294, Hashinator::HashFunctions::Fibonacci<unsigned int>, Hashinator::Hashers::Hasher<unsigned int, unsigned int, Hashinator::HashFunctions::Fibonacci<unsigned int>, (unsigned int)4294967295, (unsigned int)4294967294, (int)32, (int)1>, split::split_unified_allocator<Hashinator::Info>> *)"
0.0,0.0543,4,0.0136,0.0135,0.0114,0.0159,0.0019, 125    1    1,  32    1    1,"evaluate_column_extents_kernel(unsigned int, const vmesh::VelocityMesh *, ColumnOffsets *, Column *, split::SplitVector<unsigned int, split::split_unified_allocator<unsigned int>> *, Hashinator::Hashmap<unsigned int, unsigned int, (unsigned int)4294967295, (unsigned int)4294967294, Hashinator::HashFunctions::Fibonacci<unsigned int>, Hashinator::Hashers::Hasher<unsigned int, unsigned int, Hashinator::HashFunctions::Fibonacci<unsigned int>, (unsigned int)4294967295, (unsigned int)4294967294, (int)32, (int)1>, split::split_unified_allocator<Hashinator::Info>> *, Hashinator::Hashmap<unsigned int, unsigned int, (unsigned int)4294967295, (unsigned int)4294967294, Hashinator::HashFunctions::Fibonacci<unsigned int>, Hashinator::Hashers::Hasher<unsigned int, unsigned int, Hashinator::HashFunctions::Fibonacci<unsigned int>, (unsigned int)4294967295, (unsigned int)4294967294, (int)32, (int)1>, split::split_unified_allocator<Hashinator::Info>> *, unsigned int *, unsigned int *, float, float, float, float, int, int, float, float, unsigned int *)"
0.0,0.0527,4,0.0132,0.0030,0.0028,0.0438,0.0204,   1    1    1,  32    1    1,"void Hashinator::Hashers::reset_to_empty<unsigned int, unsigned int, (unsigned int)4294967295, Hashinator::HashFunctions::Fibonacci<unsigned int>, (int)32, (int)1>(Hashinator::hash_pair<T1, T2> *, Hashinator::hash_pair<T1, T2> *, Hashinator::Info *, unsigned long)"
0.0,0.0453,6,0.0075,0.0075,0.0073,0.0078,0.0002,1075    1    1,  64    1    1,"update_velocity_block_content_lists_kernel(vmesh::VelocityMesh *, vmesh::VelocityBlockContainer *, Hashinator::Hashmap<unsigned int, unsigned int, (unsigned int)4294967295, (unsigned int)4294967294, Hashinator::HashFunctions::Fibonacci<unsigned int>, Hashinator::Hashers::Hasher<unsigned int, unsigned int, Hashinator::HashFunctions::Fibonacci<unsigned int>, (unsigned int)4294967295, (unsigned int)4294967294, (int)32, (int)1>, split::split_unified_allocator<Hashinator::Info>> *, Hashinator::Hashmap<unsigned int, unsigned int, (unsigned int)4294967295, (unsigned int)4294967294, Hashinator::HashFunctions::Fibonacci<unsigned int>, Hashinator::Hashers::Hasher<unsigned int, unsigned int, Hashinator::HashFunctions::Fibonacci<unsigned int>, (unsigned int)4294967295, (unsigned int)4294967294, (int)32, (int)1>, split::split_unified_allocator<Hashinator::Info>> *, double)"
0.0,0.0452,6,0.0075,0.0073,0.0072,0.0083,0.0004, 804    1    1,  64    1    1,"update_velocity_block_content_lists_kernel(vmesh::VelocityMesh *, vmesh::VelocityBlockContainer *, Hashinator::Hashmap<unsigned int, unsigned int, (unsigned int)4294967295, (unsigned int)4294967294, Hashinator::HashFunctions::Fibonacci<unsigned int>, Hashinator::Hashers::Hasher<unsigned int, unsigned int, Hashinator::HashFunctions::Fibonacci<unsigned int>, (unsigned int)4294967295, (unsigned int)4294967294, (int)32, (int)1>, split::split_unified_allocator<Hashinator::Info>> *, Hashinator::Hashmap<unsigned int, unsigned int, (unsigned int)4294967295, (unsigned int)4294967294, Hashinator::HashFunctions::Fibonacci<unsigned int>, Hashinator::Hashers::Hasher<unsigned int, unsigned int, Hashinator::HashFunctions::Fibonacci<unsigned int>, (unsigned int)4294967295, (unsigned int)4294967294, (int)32, (int)1>, split::split_unified_allocator<Hashinator::Info>> *, double)"
0.0,0.0435,6,0.0073,0.0072,0.0071,0.0076,0.0002, 798    1    1,  64    1    1,"update_velocity_block_content_lists_kernel(vmesh::VelocityMesh *, vmesh::VelocityBlockContainer *, Hashinator::Hashmap<unsigned int, unsigned int, (unsigned int)4294967295, (unsigned int)4294967294, Hashinator::HashFunctions::Fibonacci<unsigned int>, Hashinator::Hashers::Hasher<unsigned int, unsigned int, Hashinator::HashFunctions::Fibonacci<unsigned int>, (unsigned int)4294967295, (unsigned int)4294967294, (int)32, (int)1>, split::split_unified_allocator<Hashinator::Info>> *, Hashinator::Hashmap<unsigned int, unsigned int, (unsigned int)4294967295, (unsigned int)4294967294, Hashinator::HashFunctions::Fibonacci<unsigned int>, Hashinator::Hashers::Hasher<unsigned int, unsigned int, Hashinator::HashFunctions::Fibonacci<unsigned int>, (unsigned int)4294967295, (unsigned int)4294967294, (int)32, (int)1>, split::split_unified_allocator<Hashinator::Info>> *, double)"
0.0,0.0434,2,0.0217,0.0217,0.0086,0.0347,0.0184, 278    1    1,  64    1    1,"update_velocity_blocks_kernel(vmesh::VelocityMesh *, vmesh::VelocityBlockContainer *, split::SplitVector<unsigned int, split::split_unified_allocator<unsigned int>> *, split::SplitVector<Hashinator::hash_pair<unsigned int, unsigned int>, split::split_unified_allocator<Hashinator::hash_pair<unsigned int, unsigned int>>> *, split::SplitVector<Hashinator::hash_pair<unsigned int, unsigned int>, split::split_unified_allocator<Hashinator::hash_pair<unsigned int, unsigned int>>> *, split::SplitVector<Hashinator::hash_pair<unsigned int, unsigned int>, split::split_unified_allocator<Hashinator::hash_pair<unsigned int, unsigned int>>> *, unsigned int, unsigned int, unsigned int, float *)"
0.0,0.0430,2,0.0215,0.0215,0.0118,0.0312,0.0137, 173    1    1, 832    1    1,"update_velocity_halo_kernel(vmesh::VelocityMesh *, unsigned int, unsigned int *, Hashinator::Hashmap<unsigned int, unsigned int, (unsigned int)4294967295, (unsigned int)4294967294, Hashinator::HashFunctions::Fibonacci<unsigned int>, Hashinator::Hashers::Hasher<unsigned int, unsigned int, Hashinator::HashFunctions::Fibonacci<unsigned int>, (unsigned int)4294967295, (unsigned int)4294967294, (int)32, (int)1>, split::split_unified_allocator<Hashinator::Info>> *, Hashinator::Hashmap<unsigned int, unsigned int, (unsigned int)4294967295, (unsigned int)4294967294, Hashinator::HashFunctions::Fibonacci<unsigned int>, Hashinator::Hashers::Hasher<unsigned int, unsigned int, Hashinator::HashFunctions::Fibonacci<unsigned int>, (unsigned int)4294967295, (unsigned int)4294967294, (int)32, (int)1>, split::split_unified_allocator<Hashinator::Info>> *)"
0.0,0.0409,2,0.0204,0.0204,0.0073,0.0336,0.0186, 317    1    1,  64    1    1,"update_velocity_blocks_kernel(vmesh::VelocityMesh *, vmesh::VelocityBlockContainer *, split::SplitVector<unsigned int, split::split_unified_allocator<unsigned int>> *, split::SplitVector<Hashinator::hash_pair<unsigned int, unsigned int>, split::split_unified_allocator<Hashinator::hash_pair<unsigned int, unsigned int>>> *, split::SplitVector<Hashinator::hash_pair<unsigned int, unsigned int>, split::split_unified_allocator<Hashinator::hash_pair<unsigned int, unsigned int>>> *, split::SplitVector<Hashinator::hash_pair<unsigned int, unsigned int>, split::split_unified_allocator<Hashinator::hash_pair<unsigned int, unsigned int>>> *, unsigned int, unsigned int, unsigned int, float *)"
0.0,0.0393,9,0.0044,0.0041,0.0040,0.0054,0.0005,  87    1    1, 512    1    1,"void arch::reduction_kernel<(unsigned int)512, (arch::reduce_op)2, (unsigned int)4, (unsigned int)3, void blockVelocitySecondMoments<double, (unsigned int)3>(vmesh::VelocityBlockContainer *, T1, T1, T1, T1 (&)[T2], unsigned int)::[lambda(unsigned int, unsigned int, unsigned int, unsigned int, double *) (instance 1)], double>(T5, const T6 *, T6 *, const unsigned int *, unsigned int, unsigned int, T6 *)"
0.0,0.0347,4,0.0087,0.0082,0.0068,0.0116,0.0021,  77    1    1,1024    1    1,"update_neighbour_halo_kernel(vmesh::VelocityMesh *, unsigned int, unsigned int **, unsigned int *, Hashinator::Hashmap<unsigned int, unsigned int, (unsigned int)4294967295, (unsigned int)4294967294, Hashinator::HashFunctions::Fibonacci<unsigned int>, Hashinator::Hashers::Hasher<unsigned int, unsigned int, Hashinator::HashFunctions::Fibonacci<unsigned int>, (unsigned int)4294967295, (unsigned int)4294967294, (int)32, (int)1>, split::split_unified_allocator<Hashinator::Info>> *, Hashinator::Hashmap<unsigned int, unsigned int, (unsigned int)4294967295, (unsigned int)4294967294, Hashinator::HashFunctions::Fibonacci<unsigned int>, Hashinator::Hashers::Hasher<unsigned int, unsigned int, Hashinator::HashFunctions::Fibonacci<unsigned int>, (unsigned int)4294967295, (unsigned int)4294967294, (int)32, (int)1>, split::split_unified_allocator<Hashinator::Info>> *)"
0.0,0.0334,4,0.0084,0.0083,0.0074,0.0094,0.0009, 269    1    1,  64    1    1,"update_velocity_blocks_kernel(vmesh::VelocityMesh *, vmesh::VelocityBlockContainer *, split::SplitVector<unsigned int, split::split_unified_allocator<unsigned int>> *, split::SplitVector<Hashinator::hash_pair<unsigned int, unsigned int>, split::split_unified_allocator<Hashinator::hash_pair<unsigned int, unsigned int>>> *, split::SplitVector<Hashinator::hash_pair<unsigned int, unsigned int>, split::split_unified_allocator<Hashinator::hash_pair<unsigned int, unsigned int>>> *, split::SplitVector<Hashinator::hash_pair<unsigned int, unsigned int>, split::split_unified_allocator<Hashinator::hash_pair<unsigned int, unsigned int>>> *, unsigned int, unsigned int, unsigned int, float *)"
0.0,0.0320,4,0.0080,0.0080,0.0076,0.0084,0.0003, 933    1    1,  64    1    1,"update_velocity_block_content_lists_kernel(vmesh::VelocityMesh *, vmesh::VelocityBlockContainer *, Hashinator::Hashmap<unsigned int, unsigned int, (unsigned int)4294967295, (unsigned int)4294967294, Hashinator::HashFunctions::Fibonacci<unsigned int>, Hashinator::Hashers::Hasher<unsigned int, unsigned int, Hashinator::HashFunctions::Fibonacci<unsigned int>, (unsigned int)4294967295, (unsigned int)4294967294, (int)32, (int)1>, split::split_unified_allocator<Hashinator::Info>> *, Hashinator::Hashmap<unsigned int, unsigned int, (unsigned int)4294967295, (unsigned int)4294967294, Hashinator::HashFunctions::Fibonacci<unsigned int>, Hashinator::Hashers::Hasher<unsigned int, unsigned int, Hashinator::HashFunctions::Fibonacci<unsigned int>, (unsigned int)4294967295, (unsigned int)4294967294, (int)32, (int)1>, split::split_unified_allocator<Hashinator::Info>> *, double)"
0.0,0.0309,2,0.0154,0.0154,0.0130,0.0179,0.0035, 103    1    1,1024    1    1,"update_neighbour_halo_kernel(vmesh::VelocityMesh *, unsigned int, unsigned int **, unsigned int *, Hashinator::Hashmap<unsigned int, unsigned int, (unsigned int)4294967295, (unsigned int)4294967294, Hashinator::HashFunctions::Fibonacci<unsigned int>, Hashinator::Hashers::Hasher<unsigned int, unsigned int, Hashinator::HashFunctions::Fibonacci<unsigned int>, (unsigned int)4294967295, (unsigned int)4294967294, (int)32, (int)1>, split::split_unified_allocator<Hashinator::Info>> *, Hashinator::Hashmap<unsigned int, unsigned int, (unsigned int)4294967295, (unsigned int)4294967294, Hashinator::HashFunctions::Fibonacci<unsigned int>, Hashinator::Hashers::Hasher<unsigned int, unsigned int, Hashinator::HashFunctions::Fibonacci<unsigned int>, (unsigned int)4294967295, (unsigned int)4294967294, (int)32, (int)1>, split::split_unified_allocator<Hashinator::Info>> *)"
0.0,0.0303,4,0.0076,0.0075,0.0075,0.0079,0.0002,1065    1    1,  64    1    1,"update_velocity_block_content_lists_kernel(vmesh::VelocityMesh *, vmesh::VelocityBlockContainer *, Hashinator::Hashmap<unsigned int, unsigned int, (unsigned int)4294967295, (unsigned int)4294967294, Hashinator::HashFunctions::Fibonacci<unsigned int>, Hashinator::Hashers::Hasher<unsigned int, unsigned int, Hashinator::HashFunctions::Fibonacci<unsigned int>, (unsigned int)4294967295, (unsigned int)4294967294, (int)32, (int)1>, split::split_unified_allocator<Hashinator::Info>> *, Hashinator::Hashmap<unsigned int, unsigned int, (unsigned int)4294967295, (unsigned int)4294967294, Hashinator::HashFunctions::Fibonacci<unsigned int>, Hashinator::Hashers::Hasher<unsigned int, unsigned int, Hashinator::HashFunctions::Fibonacci<unsigned int>, (unsigned int)4294967295, (unsigned int)4294967294, (int)32, (int)1>, split::split_unified_allocator<Hashinator::Info>> *, double)"
0.0,0.0297,4,0.0074,0.0075,0.0071,0.0077,0.0003, 913    1    1,  64    1    1,"update_velocity_block_content_lists_kernel(vmesh::VelocityMesh *, vmesh::VelocityBlockContainer *, Hashinator::Hashmap<unsigned int, unsigned int, (unsigned int)4294967295, (unsigned int)4294967294, Hashinator::HashFunctions::Fibonacci<unsigned int>, Hashinator::Hashers::Hasher<unsigned int, unsigned int, Hashinator::HashFunctions::Fibonacci<unsigned int>, (unsigned int)4294967295, (unsigned int)4294967294, (int)32, (int)1>, split::split_unified_allocator<Hashinator::Info>> *, Hashinator::Hashmap<unsigned int, unsigned int, (unsigned int)4294967295, (unsigned int)4294967294, Hashinator::HashFunctions::Fibonacci<unsigned int>, Hashinator::Hashers::Hasher<unsigned int, unsigned int, Hashinator::HashFunctions::Fibonacci<unsigned int>, (unsigned int)4294967295, (unsigned int)4294967294, (int)32, (int)1>, split::split_unified_allocator<Hashinator::Info>> *, double)"
0.0,0.0297,2,0.0148,0.0148,0.0139,0.0158,0.0013, 276    1    1, 832    1    1,"update_velocity_halo_kernel(vmesh::VelocityMesh *, unsigned int, unsigned int *, Hashinator::Hashmap<unsigned int, unsigned int, (unsigned int)4294967295, (unsigned int)4294967294, Hashinator::HashFunctions::Fibonacci<unsigned int>, Hashinator::Hashers::Hasher<unsigned int, unsigned int, Hashinator::HashFunctions::Fibonacci<unsigned int>, (unsigned int)4294967295, (unsigned int)4294967294, (int)32, (int)1>, split::split_unified_allocator<Hashinator::Info>> *, Hashinator::Hashmap<unsigned int, unsigned int, (unsigned int)4294967295, (unsigned int)4294967294, Hashinator::HashFunctions::Fibonacci<unsigned int>, Hashinator::Hashers::Hasher<unsigned int, unsigned int, Hashinator::HashFunctions::Fibonacci<unsigned int>, (unsigned int)4294967295, (unsigned int)4294967294, (int)32, (int)1>, split::split_unified_allocator<Hashinator::Info>> *)"
0.0,0.0294,4,0.0073,0.0074,0.0070,0.0075,0.0002, 792    1    1,  64    1    1,"update_velocity_block_content_lists_kernel(vmesh::VelocityMesh *, vmesh::VelocityBlockContainer *, Hashinator::Hashmap<unsigned int, unsigned int, (unsigned int)4294967295, (unsigned int)4294967294, Hashinator::HashFunctions::Fibonacci<unsigned int>, Hashinator::Hashers::Hasher<unsigned int, unsigned int, Hashinator::HashFunctions::Fibonacci<unsigned int>, (unsigned int)4294967295, (unsigned int)4294967294, (int)32, (int)1>, split::split_unified_allocator<Hashinator::Info>> *, Hashinator::Hashmap<unsigned int, unsigned int, (unsigned int)4294967295, (unsigned int)4294967294, Hashinator::HashFunctions::Fibonacci<unsigned int>, Hashinator::Hashers::Hasher<unsigned int, unsigned int, Hashinator::HashFunctions::Fibonacci<unsigned int>, (unsigned int)4294967295, (unsigned int)4294967294, (int)32, (int)1>, split::split_unified_allocator<Hashinator::Info>> *, double)"
0.0,0.0294,4,0.0073,0.0073,0.0071,0.0076,0.0002, 803    1    1,  64    1    1,"update_velocity_block_content_lists_kernel(vmesh::VelocityMesh *, vmesh::VelocityBlockContainer *, Hashinator::Hashmap<unsigned int, unsigned int, (unsigned int)4294967295, (unsigned int)4294967294, Hashinator::HashFunctions::Fibonacci<unsigned int>, Hashinator::Hashers::Hasher<unsigned int, unsigned int, Hashinator::HashFunctions::Fibonacci<unsigned int>, (unsigned int)4294967295, (unsigned int)4294967294, (int)32, (int)1>, split::split_unified_allocator<Hashinator::Info>> *, Hashinator::Hashmap<unsigned int, unsigned int, (unsigned int)4294967295, (unsigned int)4294967294, Hashinator::HashFunctions::Fibonacci<unsigned int>, Hashinator::Hashers::Hasher<unsigned int, unsigned int, Hashinator::HashFunctions::Fibonacci<unsigned int>, (unsigned int)4294967295, (unsigned int)4294967294, (int)32, (int)1>, split::split_unified_allocator<Hashinator::Info>> *, double)"
0.0,0.0290,4,0.0073,0.0073,0.0071,0.0074,0.0001, 923    1    1,  64    1    1,"update_velocity_block_content_lists_kernel(vmesh::VelocityMesh *, vmesh::VelocityBlockContainer *, Hashinator::Hashmap<unsigned int, unsigned int, (unsigned int)4294967295, (unsigned int)4294967294, Hashinator::HashFunctions::Fibonacci<unsigned int>, Hashinator::Hashers::Hasher<unsigned int, unsigned int, Hashinator::HashFunctions::Fibonacci<unsigned int>, (unsigned int)4294967295, (unsigned int)4294967294, (int)32, (int)1>, split::split_unified_allocator<Hashinator::Info>> *, Hashinator::Hashmap<unsigned int, unsigned int, (unsigned int)4294967295, (unsigned int)4294967294, Hashinator::HashFunctions::Fibonacci<unsigned int>, Hashinator::Hashers::Hasher<unsigned int, unsigned int, Hashinator::HashFunctions::Fibonacci<unsigned int>, (unsigned int)4294967295, (unsigned int)4294967294, (int)32, (int)1>, split::split_unified_allocator<Hashinator::Info>> *, double)"
0.0,0.0234,3,0.0078,0.0076,0.0073,0.0085,0.0006, 811    1    1,  64    1    1,"update_velocity_block_content_lists_kernel(vmesh::VelocityMesh *, vmesh::VelocityBlockContainer *, Hashinator::Hashmap<unsigned int, unsigned int, (unsigned int)4294967295, (unsigned int)4294967294, Hashinator::HashFunctions::Fibonacci<unsigned int>, Hashinator::Hashers::Hasher<unsigned int, unsigned int, Hashinator::HashFunctions::Fibonacci<unsigned int>, (unsigned int)4294967295, (unsigned int)4294967294, (int)32, (int)1>, split::split_unified_allocator<Hashinator::Info>> *, Hashinator::Hashmap<unsigned int, unsigned int, (unsigned int)4294967295, (unsigned int)4294967294, Hashinator::HashFunctions::Fibonacci<unsigned int>, Hashinator::Hashers::Hasher<unsigned int, unsigned int, Hashinator::HashFunctions::Fibonacci<unsigned int>, (unsigned int)4294967295, (unsigned int)4294967294, (int)32, (int)1>, split::split_unified_allocator<Hashinator::Info>> *, double)"
0.0,0.0216,3,0.0072,0.0073,0.0067,0.0076,0.0005,  48    1    1,  64    1    1,"update_velocity_blocks_kernel(vmesh::VelocityMesh *, vmesh::VelocityBlockContainer *, split::SplitVector<unsigned int, split::split_unified_allocator<unsigned int>> *, split::SplitVector<Hashinator::hash_pair<unsigned int, unsigned int>, split::split_unified_allocator<Hashinator::hash_pair<unsigned int, unsigned int>>> *, split::SplitVector<Hashinator::hash_pair<unsigned int, unsigned int>, split::split_unified_allocator<Hashinator::hash_pair<unsigned int, unsigned int>>> *, split::SplitVector<Hashinator::hash_pair<unsigned int, unsigned int>, split::split_unified_allocator<Hashinator::hash_pair<unsigned int, unsigned int>>> *, unsigned int, unsigned int, unsigned int, float *)"
0.0,0.0201,2,0.0100,0.0100,0.0091,0.0110,0.0013,  97    1    1, 832    1    1,"update_velocity_halo_kernel(vmesh::VelocityMesh *, unsigned int, unsigned int *, Hashinator::Hashmap<unsigned int, unsigned int, (unsigned int)4294967295, (unsigned int)4294967294, Hashinator::HashFunctions::Fibonacci<unsigned int>, Hashinator::Hashers::Hasher<unsigned int, unsigned int, Hashinator::HashFunctions::Fibonacci<unsigned int>, (unsigned int)4294967295, (unsigned int)4294967294, (int)32, (int)1>, split::split_unified_allocator<Hashinator::Info>> *, Hashinator::Hashmap<unsigned int, unsigned int, (unsigned int)4294967295, (unsigned int)4294967294, Hashinator::HashFunctions::Fibonacci<unsigned int>, Hashinator::Hashers::Hasher<unsigned int, unsigned int, Hashinator::HashFunctions::Fibonacci<unsigned int>, (unsigned int)4294967295, (unsigned int)4294967294, (int)32, (int)1>, split::split_unified_allocator<Hashinator::Info>> *)"
0.0,0.0171,2,0.0085,0.0085,0.0085,0.0086,0.0000, 268    1    1,  64    1    1,"update_velocity_blocks_kernel(vmesh::VelocityMesh *, vmesh::VelocityBlockContainer *, split::SplitVector<unsigned int, split::split_unified_allocator<unsigned int>> *, split::SplitVector<Hashinator::hash_pair<unsigned int, unsigned int>, split::split_unified_allocator<Hashinator::hash_pair<unsigned int, unsigned int>>> *, split::SplitVector<Hashinator::hash_pair<unsigned int, unsigned int>, split::split_unified_allocator<Hashinator::hash_pair<unsigned int, unsigned int>>> *, split::SplitVector<Hashinator::hash_pair<unsigned int, unsigned int>, split::split_unified_allocator<Hashinator::hash_pair<unsigned int, unsigned int>>> *, unsigned int, unsigned int, unsigned int, float *)"
0.0,0.0169,2,0.0085,0.0085,0.0075,0.0094,0.0013, 328    1    1,  64    1    1,"update_velocity_blocks_kernel(vmesh::VelocityMesh *, vmesh::VelocityBlockContainer *, split::SplitVector<unsigned int, split::split_unified_allocator<unsigned int>> *, split::SplitVector<Hashinator::hash_pair<unsigned int, unsigned int>, split::split_unified_allocator<Hashinator::hash_pair<unsigned int, unsigned int>>> *, split::SplitVector<Hashinator::hash_pair<unsigned int, unsigned int>, split::split_unified_allocator<Hashinator::hash_pair<unsigned int, unsigned int>>> *, split::SplitVector<Hashinator::hash_pair<unsigned int, unsigned int>, split::split_unified_allocator<Hashinator::hash_pair<unsigned int, unsigned int>>> *, unsigned int, unsigned int, unsigned int, float *)"
0.0,0.0169,2,0.0084,0.0084,0.0068,0.0100,0.0023, 104    1    1,1024    1    1,"update_neighbour_halo_kernel(vmesh::VelocityMesh *, unsigned int, unsigned int **, unsigned int *, Hashinator::Hashmap<unsigned int, unsigned int, (unsigned int)4294967295, (unsigned int)4294967294, Hashinator::HashFunctions::Fibonacci<unsigned int>, Hashinator::Hashers::Hasher<unsigned int, unsigned int, Hashinator::HashFunctions::Fibonacci<unsigned int>, (unsigned int)4294967295, (unsigned int)4294967294, (int)32, (int)1>, split::split_unified_allocator<Hashinator::Info>> *, Hashinator::Hashmap<unsigned int, unsigned int, (unsigned int)4294967295, (unsigned int)4294967294, Hashinator::HashFunctions::Fibonacci<unsigned int>, Hashinator::Hashers::Hasher<unsigned int, unsigned int, Hashinator::HashFunctions::Fibonacci<unsigned int>, (unsigned int)4294967295, (unsigned int)4294967294, (int)32, (int)1>, split::split_unified_allocator<Hashinator::Info>> *)"
0.0,0.0168,3,0.0056,0.0053,0.0052,0.0063,0.0006, 289    1    1,  64    1    1,"update_velocity_blocks_kernel(vmesh::VelocityMesh *, vmesh::VelocityBlockContainer *, split::SplitVector<unsigned int, split::split_unified_allocator<unsigned int>> *, split::SplitVector<Hashinator::hash_pair<unsigned int, unsigned int>, split::split_unified_allocator<Hashinator::hash_pair<unsigned int, unsigned int>>> *, split::SplitVector<Hashinator::hash_pair<unsigned int, unsigned int>, split::split_unified_allocator<Hashinator::hash_pair<unsigned int, unsigned int>>> *, split::SplitVector<Hashinator::hash_pair<unsigned int, unsigned int>, split::split_unified_allocator<Hashinator::hash_pair<unsigned int, unsigned int>>> *, unsigned int, unsigned int, unsigned int, float *)"
0.0,0.0156,4,0.0039,0.0038,0.0036,0.0044,0.0004,   1    1    1,  32    1    1,"void Hashinator::Hashers::insert_kernel<unsigned int, unsigned int, (unsigned int)4294967295, Hashinator::HashFunctions::Fibonacci<unsigned int>, (int)32, (int)1>(Hashinator::hash_pair<T1, T2> *, Hashinator::hash_pair<T1, T2> *, Hashinator::Info *, unsigned long)"
0.0,0.0150,2,0.0075,0.0075,0.0074,0.0076,0.0001, 934    1    1,  64    1    1,"update_velocity_block_content_lists_kernel(vmesh::VelocityMesh *, vmesh::VelocityBlockContainer *, Hashinator::Hashmap<unsigned int, unsigned int, (unsigned int)4294967295, (unsigned int)4294967294, Hashinator::HashFunctions::Fibonacci<unsigned int>, Hashinator::Hashers::Hasher<unsigned int, unsigned int, Hashinator::HashFunctions::Fibonacci<unsigned int>, (unsigned int)4294967295, (unsigned int)4294967294, (int)32, (int)1>, split::split_unified_allocator<Hashinator::Info>> *, Hashinator::Hashmap<unsigned int, unsigned int, (unsigned int)4294967295, (unsigned int)4294967294, Hashinator::HashFunctions::Fibonacci<unsigned int>, Hashinator::Hashers::Hasher<unsigned int, unsigned int, Hashinator::HashFunctions::Fibonacci<unsigned int>, (unsigned int)4294967295, (unsigned int)4294967294, (int)32, (int)1>, split::split_unified_allocator<Hashinator::Info>> *, double)"
0.0,0.0149,2,0.0075,0.0075,0.0074,0.0076,0.0002, 796    1    1,  64    1    1,"update_velocity_block_content_lists_kernel(vmesh::VelocityMesh *, vmesh::VelocityBlockContainer *, Hashinator::Hashmap<unsigned int, unsigned int, (unsigned int)4294967295, (unsigned int)4294967294, Hashinator::HashFunctions::Fibonacci<unsigned int>, Hashinator::Hashers::Hasher<unsigned int, unsigned int, Hashinator::HashFunctions::Fibonacci<unsigned int>, (unsigned int)4294967295, (unsigned int)4294967294, (int)32, (int)1>, split::split_unified_allocator<Hashinator::Info>> *, Hashinator::Hashmap<unsigned int, unsigned int, (unsigned int)4294967295, (unsigned int)4294967294, Hashinator::HashFunctions::Fibonacci<unsigned int>, Hashinator::Hashers::Hasher<unsigned int, unsigned int, Hashinator::HashFunctions::Fibonacci<unsigned int>, (unsigned int)4294967295, (unsigned int)4294967294, (int)32, (int)1>, split::split_unified_allocator<Hashinator::Info>> *, double)"
0.0,0.0149,2,0.0075,0.0075,0.0074,0.0076,0.0001,1069    1    1,  64    1    1,"update_velocity_block_content_lists_kernel(vmesh::VelocityMesh *, vmesh::VelocityBlockContainer *, Hashinator::Hashmap<unsigned int, unsigned int, (unsigned int)4294967295, (unsigned int)4294967294, Hashinator::HashFunctions::Fibonacci<unsigned int>, Hashinator::Hashers::Hasher<unsigned int, unsigned int, Hashinator::HashFunctions::Fibonacci<unsigned int>, (unsigned int)4294967295, (unsigned int)4294967294, (int)32, (int)1>, split::split_unified_allocator<Hashinator::Info>> *, Hashinator::Hashmap<unsigned int, unsigned int, (unsigned int)4294967295, (unsigned int)4294967294, Hashinator::HashFunctions::Fibonacci<unsigned int>, Hashinator::Hashers::Hasher<unsigned int, unsigned int, Hashinator::HashFunctions::Fibonacci<unsigned int>, (unsigned int)4294967295, (unsigned int)4294967294, (int)32, (int)1>, split::split_unified_allocator<Hashinator::Info>> *, double)"
0.0,0.0149,2,0.0075,0.0075,0.0073,0.0076,0.0002, 801    1    1,  64    1    1,"update_velocity_block_content_lists_kernel(vmesh::VelocityMesh *, vmesh::VelocityBlockContainer *, Hashinator::Hashmap<unsigned int, unsigned int, (unsigned int)4294967295, (unsigned int)4294967294, Hashinator::HashFunctions::Fibonacci<unsigned int>, Hashinator::Hashers::Hasher<unsigned int, unsigned int, Hashinator::HashFunctions::Fibonacci<unsigned int>, (unsigned int)4294967295, (unsigned int)4294967294, (int)32, (int)1>, split::split_unified_allocator<Hashinator::Info>> *, Hashinator::Hashmap<unsigned int, unsigned int, (unsigned int)4294967295, (unsigned int)4294967294, Hashinator::HashFunctions::Fibonacci<unsigned int>, Hashinator::Hashers::Hasher<unsigned int, unsigned int, Hashinator::HashFunctions::Fibonacci<unsigned int>, (unsigned int)4294967295, (unsigned int)4294967294, (int)32, (int)1>, split::split_unified_allocator<Hashinator::Info>> *, double)"
0.0,0.0149,2,0.0074,0.0074,0.0073,0.0076,0.0002, 799    1    1,  64    1    1,"update_velocity_block_content_lists_kernel(vmesh::VelocityMesh *, vmesh::VelocityBlockContainer *, Hashinator::Hashmap<unsigned int, unsigned int, (unsigned int)4294967295, (unsigned int)4294967294, Hashinator::HashFunctions::Fibonacci<unsigned int>, Hashinator::Hashers::Hasher<unsigned int, unsigned int, Hashinator::HashFunctions::Fibonacci<unsigned int>, (unsigned int)4294967295, (unsigned int)4294967294, (int)32, (int)1>, split::split_unified_allocator<Hashinator::Info>> *, Hashinator::Hashmap<unsigned int, unsigned int, (unsigned int)4294967295, (unsigned int)4294967294, Hashinator::HashFunctions::Fibonacci<unsigned int>, Hashinator::Hashers::Hasher<unsigned int, unsigned int, Hashinator::HashFunctions::Fibonacci<unsigned int>, (unsigned int)4294967295, (unsigned int)4294967294, (int)32, (int)1>, split::split_unified_allocator<Hashinator::Info>> *, double)"
0.0,0.0147,2,0.0074,0.0074,0.0071,0.0076,0.0004, 932    1    1,  64    1    1,"update_velocity_block_content_lists_kernel(vmesh::VelocityMesh *, vmesh::VelocityBlockContainer *, Hashinator::Hashmap<unsigned int, unsigned int, (unsigned int)4294967295, (unsigned int)4294967294, Hashinator::HashFunctions::Fibonacci<unsigned int>, Hashinator::Hashers::Hasher<unsigned int, unsigned int, Hashinator::HashFunctions::Fibonacci<unsigned int>, (unsigned int)4294967295, (unsigned int)4294967294, (int)32, (int)1>, split::split_unified_allocator<Hashinator::Info>> *, Hashinator::Hashmap<unsigned int, unsigned int, (unsigned int)4294967295, (unsigned int)4294967294, Hashinator::HashFunctions::Fibonacci<unsigned int>, Hashinator::Hashers::Hasher<unsigned int, unsigned int, Hashinator::HashFunctions::Fibonacci<unsigned int>, (unsigned int)4294967295, (unsigned int)4294967294, (int)32, (int)1>, split::split_unified_allocator<Hashinator::Info>> *, double)"
0.0,0.0146,2,0.0073,0.0073,0.0073,0.0074,0.0001, 793    1    1,  64    1    1,"update_velocity_block_content_lists_kernel(vmesh::VelocityMesh *, vmesh::VelocityBlockContainer *, Hashinator::Hashmap<unsigned int, unsigned int, (unsigned int)4294967295, (unsigned int)4294967294, Hashinator::HashFunctions::Fibonacci<unsigned int>, Hashinator::Hashers::Hasher<unsigned int, unsigned int, Hashinator::HashFunctions::Fibonacci<unsigned int>, (unsigned int)4294967295, (unsigned int)4294967294, (int)32, (int)1>, split::split_unified_allocator<Hashinator::Info>> *, Hashinator::Hashmap<unsigned int, unsigned int, (unsigned int)4294967295, (unsigned int)4294967294, Hashinator::HashFunctions::Fibonacci<unsigned int>, Hashinator::Hashers::Hasher<unsigned int, unsigned int, Hashinator::HashFunctions::Fibonacci<unsigned int>, (unsigned int)4294967295, (unsigned int)4294967294, (int)32, (int)1>, split::split_unified_allocator<Hashinator::Info>> *, double)"
0.0,0.0141,2,0.0071,0.0071,0.0070,0.0072,0.0001, 791    1    1,  64    1    1,"update_velocity_block_content_lists_kernel(vmesh::VelocityMesh *, vmesh::VelocityBlockContainer *, Hashinator::Hashmap<unsigned int, unsigned int, (unsigned int)4294967295, (unsigned int)4294967294, Hashinator::HashFunctions::Fibonacci<unsigned int>, Hashinator::Hashers::Hasher<unsigned int, unsigned int, Hashinator::HashFunctions::Fibonacci<unsigned int>, (unsigned int)4294967295, (unsigned int)4294967294, (int)32, (int)1>, split::split_unified_allocator<Hashinator::Info>> *, Hashinator::Hashmap<unsigned int, unsigned int, (unsigned int)4294967295, (unsigned int)4294967294, Hashinator::HashFunctions::Fibonacci<unsigned int>, Hashinator::Hashers::Hasher<unsigned int, unsigned int, Hashinator::HashFunctions::Fibonacci<unsigned int>, (unsigned int)4294967295, (unsigned int)4294967294, (int)32, (int)1>, split::split_unified_allocator<Hashinator::Info>> *, double)"
0.0,0.0108,3,0.0036,0.0035,0.0034,0.0040,0.0003,   1    1    1, 160    1    1,"void Hashinator::Hashers::insert_kernel<unsigned int, unsigned int, (unsigned int)4294967295, Hashinator::HashFunctions::Fibonacci<unsigned int>, (int)32, (int)1>(Hashinator::hash_pair<T1, T2> *, Hashinator::hash_pair<T1, T2> *, Hashinator::Info *, unsigned long)"
0.0,0.0091,1,0.0091,0.0091,0.0091,0.0091,0.0000, 316    1    1,  64    1    1,"update_velocity_blocks_kernel(vmesh::VelocityMesh *, vmesh::VelocityBlockContainer *, split::SplitVector<unsigned int, split::split_unified_allocator<unsigned int>> *, split::SplitVector<Hashinator::hash_pair<unsigned int, unsigned int>, split::split_unified_allocator<Hashinator::hash_pair<unsigned int, unsigned int>>> *, split::SplitVector<Hashinator::hash_pair<unsigned int, unsigned int>, split::split_unified_allocator<Hashinator::hash_pair<unsigned int, unsigned int>>> *, split::SplitVector<Hashinator::hash_pair<unsigned int, unsigned int>, split::split_unified_allocator<Hashinator::hash_pair<unsigned int, unsigned int>>> *, unsigned int, unsigned int, unsigned int, float *)"
0.0,0.0088,3,0.0029,0.0027,0.0026,0.0035,0.0005,   1    1    1, 160    1    1,"void Hashinator::Hashers::reset_to_empty<unsigned int, unsigned int, (unsigned int)4294967295, Hashinator::HashFunctions::Fibonacci<unsigned int>, (int)32, (int)1>(Hashinator::hash_pair<T1, T2> *, Hashinator::hash_pair<T1, T2> *, Hashinator::Info *, unsigned long)"
0.0,0.0080,1,0.0080,0.0080,0.0080,0.0080,0.0000, 320    1    1,  64    1    1,"update_velocity_blocks_kernel(vmesh::VelocityMesh *, vmesh::VelocityBlockContainer *, split::SplitVector<unsigned int, split::split_unified_allocator<unsigned int>> *, split::SplitVector<Hashinator::hash_pair<unsigned int, unsigned int>, split::split_unified_allocator<Hashinator::hash_pair<unsigned int, unsigned int>>> *, split::SplitVector<Hashinator::hash_pair<unsigned int, unsigned int>, split::split_unified_allocator<Hashinator::hash_pair<unsigned int, unsigned int>>> *, split::SplitVector<Hashinator::hash_pair<unsigned int, unsigned int>, split::split_unified_allocator<Hashinator::hash_pair<unsigned int, unsigned int>>> *, unsigned int, unsigned int, unsigned int, float *)"
0.0,0.0074,1,0.0074,0.0074,0.0074,0.0074,0.0000, 809    1    1,  64    1    1,"update_velocity_block_content_lists_kernel(vmesh::VelocityMesh *, vmesh::VelocityBlockContainer *, Hashinator::Hashmap<unsigned int, unsigned int, (unsigned int)4294967295, (unsigned int)4294967294, Hashinator::HashFunctions::Fibonacci<unsigned int>, Hashinator::Hashers::Hasher<unsigned int, unsigned int, Hashinator::HashFunctions::Fibonacci<unsigned int>, (unsigned int)4294967295, (unsigned int)4294967294, (int)32, (int)1>, split::split_unified_allocator<Hashinator::Info>> *, Hashinator::Hashmap<unsigned int, unsigned int, (unsigned int)4294967295, (unsigned int)4294967294, Hashinator::HashFunctions::Fibonacci<unsigned int>, Hashinator::Hashers::Hasher<unsigned int, unsigned int, Hashinator::HashFunctions::Fibonacci<unsigned int>, (unsigned int)4294967295, (unsigned int)4294967294, (int)32, (int)1>, split::split_unified_allocator<Hashinator::Info>> *, double)"
0.0,0.0069,1,0.0069,0.0069,0.0069,0.0069,0.0000, 776    1    1,  64    1    1,"update_velocity_blocks_kernel(vmesh::VelocityMesh *, vmesh::VelocityBlockContainer *, split::SplitVector<unsigned int, split::split_unified_allocator<unsigned int>> *, split::SplitVector<Hashinator::hash_pair<unsigned int, unsigned int>, split::split_unified_allocator<Hashinator::hash_pair<unsigned int, unsigned int>>> *, split::SplitVector<Hashinator::hash_pair<unsigned int, unsigned int>, split::split_unified_allocator<Hashinator::hash_pair<unsigned int, unsigned int>>> *, split::SplitVector<Hashinator::hash_pair<unsigned int, unsigned int>, split::split_unified_allocator<Hashinator::hash_pair<unsigned int, unsigned int>>> *, unsigned int, unsigned int, unsigned int, float *)"
