Time (%),Total Time (ms),Instances,Avg (ms),Med (ms),Min (ms),Max (ms),StdDev (ms),GridXYZ,BlockXYZ,Name
23.9,46052.0024,185760,0.2479,0.2228,0.0986,12.6706,0.1209,   1    1    1,  32    1    1,"construct_columns_kernel(const vmesh::VelocityMesh *, unsigned int, unsigned int *, unsigned int *, ColumnOffsets *, unsigned int)"
6.5,12508.7474,371520,0.0337,0.0187,0.0136,12.5043,0.0351,   1    1    1,1024    1    1,"void split::tools::loop_compact<Hashinator::hash_pair<unsigned int, unsigned int>, gpu_acc_map_1d(spatial_cell::SpatialCell *, unsigned int, float, float, float, float, unsigned int, CUstream_st *)::[lambda(const Hashinator::hash_pair<unsigned int, unsigned int> &) (instance 1)], (unsigned long)1024>(split::SplitVector<T1, split::split_unified_allocator<T1>> &, split::SplitVector<T1, split::split_unified_allocator<T1>> &, T2)"
4.6,8912.8090,237124,0.0376,0.0202,0.0149,1.9709,0.0352,   1    1    1,1024    1    1,"void split::tools::loop_compact<Hashinator::hash_pair<unsigned int, unsigned int>, spatial_cell::SpatialCell::adjust_velocity_blocks(const std::vector<spatial_cell::SpatialCell*, std::allocator<spatial_cell::SpatialCell*>> &, unsigned int, bool)::[lambda(const Hashinator::hash_pair<unsigned int, unsigned int> &) (instance 2)], (unsigned long)1024>(split::SplitVector<T1, split::split_unified_allocator<T1>> &, split::SplitVector<T1, split::split_unified_allocator<T1>> &, T2)"
4.5,8755.1466,50304,0.1740,0.1608,0.0616,0.8330,0.0638,  36    1    1,  16    1    1,"acceleration_kernel(const vmesh::VelocityMesh *, vmesh::VelocityBlockContainer *, VecSimple<float> *, unsigned int *, unsigned int *, Column *, unsigned int, float, float, float, float, float, float, float, float, unsigned long)"
4.5,8617.1569,185760,0.0464,0.0345,0.0162,3.5944,0.0339,   1    1    1,   1    1    1,"count_columns_kernel(ColumnOffsets *, unsigned int *, split::SplitVector<unsigned int, split::split_unified_allocator<unsigned int>> *, split::SplitVector<Hashinator::hash_pair<unsigned int, unsigned int>, split::split_unified_allocator<Hashinator::hash_pair<unsigned int, unsigned int>>> *, split::SplitVector<Hashinator::hash_pair<unsigned int, unsigned int>, split::split_unified_allocator<Hashinator::hash_pair<unsigned int, unsigned int>>> *, split::SplitVector<Hashinator::hash_pair<unsigned int, unsigned int>, split::split_unified_allocator<Hashinator::hash_pair<unsigned int, unsigned int>>> *)"
3.9,7425.5301,44308,0.1676,0.1547,0.0620,0.6690,0.0656,  52    1    1,  16    1    1,"acceleration_kernel(const vmesh::VelocityMesh *, vmesh::VelocityBlockContainer *, VecSimple<float> *, unsigned int *, unsigned int *, Column *, unsigned int, float, float, float, float, float, float, float, float, unsigned long)"
3.7,7183.5683,185760,0.0387,0.0270,0.0126,0.6591,0.0285,   1    1    1,   1    1    1,"offsets_into_columns_kernel(ColumnOffsets *, Column *, unsigned int)"
2.9,5612.6060,608673,0.0092,0.0024,0.0015,0.6219,0.0178,   8    1    1,1024    1    1,"void Hashinator::Hashers::reset_all_to_empty<unsigned int, unsigned int, (unsigned int)4294967295>(Hashinator::hash_pair<T1, T2> *, Hashinator::Info *, unsigned long)"
2.8,5329.2430,185760,0.0287,0.0162,0.0136,3.5985,0.0282,   1    1    1,1024    1    1,"void split::tools::loop_compact<Hashinator::hash_pair<unsigned int, unsigned int>, gpu_acc_map_1d(spatial_cell::SpatialCell *, unsigned int, float, float, float, float, unsigned int, CUstream_st *)::[lambda(const Hashinator::hash_pair<unsigned int, unsigned int> &) (instance 2)], (unsigned long)1024>(split::SplitVector<T1, split::split_unified_allocator<T1>> &, split::SplitVector<T1, split::split_unified_allocator<T1>> &, T2)"
2.7,5268.2727,185760,0.0284,0.0146,0.0133,0.6046,0.0248,   1    1    1, 256    1    1,"void cub::DeviceRadixSortSingleTileKernel<cub::DeviceRadixSortPolicy<unsigned int, unsigned int, unsigned int>::Policy800, (bool)0, unsigned int, unsigned int, unsigned int>(const T3 *, T3 *, const T4 *, T4 *, T5, int, int)"
2.0,3818.7404,304322,0.0125,0.0051,0.0015,0.5734,0.0227,   1    1    1,   1    1    1,"resize_vbc_kernel_pre(vmesh::VelocityMesh *, vmesh::VelocityBlockContainer *, split::SplitVector<unsigned int, split::split_unified_allocator<unsigned int>> *, split::SplitVector<Hashinator::hash_pair<unsigned int, unsigned int>, split::split_unified_allocator<Hashinator::hash_pair<unsigned int, unsigned int>>> *, split::SplitVector<Hashinator::hash_pair<unsigned int, unsigned int>, split::split_unified_allocator<Hashinator::hash_pair<unsigned int, unsigned int>>> *, split::SplitVector<Hashinator::hash_pair<unsigned int, unsigned int>, split::split_unified_allocator<Hashinator::hash_pair<unsigned int, unsigned int>>> *, unsigned int *, float *)"
1.9,3733.9627,118562,0.0315,0.0180,0.0140,1.9015,0.0337,   1    1    1,1024    1    1,"void split::tools::loop_compact_keys<Hashinator::hash_pair<unsigned int, unsigned int>, unsigned int, spatial_cell::SpatialCell::adjust_velocity_blocks(const std::vector<spatial_cell::SpatialCell*, std::allocator<spatial_cell::SpatialCell*>> &, unsigned int, bool)::[lambda(const Hashinator::hash_pair<unsigned int, unsigned int> &) (instance 1)], (unsigned long)1024>(split::SplitVector<T1, split::split_unified_allocator<T1>> &, split::SplitVector<T2, split::split_unified_allocator<T2>> &, T3)"
1.9,3668.5445,118562,0.0309,0.0175,0.0135,1.8965,0.0330,   1    1    1,1024    1    1,"void split::tools::loop_compact<Hashinator::hash_pair<unsigned int, unsigned int>, spatial_cell::SpatialCell::adjust_velocity_blocks(const std::vector<spatial_cell::SpatialCell*, std::allocator<spatial_cell::SpatialCell*>> &, unsigned int, bool)::[lambda(const Hashinator::hash_pair<unsigned int, unsigned int> &) (instance 3)], (unsigned long)1024>(split::SplitVector<T1, split::split_unified_allocator<T1>> &, split::SplitVector<T1, split::split_unified_allocator<T1>> &, T2)"
1.6,3038.6748,104729,0.0290,0.0098,0.0074,1.8968,0.0409,  64    1    1, 832    1    1,"update_velocity_halo_kernel(vmesh::VelocityMesh *, unsigned int, unsigned int *, Hashinator::Hashmap<unsigned int, unsigned int, (unsigned int)4294967295, (unsigned int)4294967294, Hashinator::HashFunctions::Fibonacci<unsigned int>, Hashinator::Hashers::Hasher<unsigned int, unsigned int, Hashinator::HashFunctions::Fibonacci<unsigned int>, (unsigned int)4294967295, (unsigned int)4294967294, (int)32, (int)1>, split::split_unified_allocator<Hashinator::Info>> *, Hashinator::Hashmap<unsigned int, unsigned int, (unsigned int)4294967295, (unsigned int)4294967294, Hashinator::HashFunctions::Fibonacci<unsigned int>, Hashinator::Hashers::Hasher<unsigned int, unsigned int, Hashinator::HashFunctions::Fibonacci<unsigned int>, (unsigned int)4294967295, (unsigned int)4294967294, (int)32, (int)1>, split::split_unified_allocator<Hashinator::Info>> *)"
1.5,2816.9481,16903,0.1667,0.1540,0.0668,0.7143,0.0637,  58    1    1,  16    1    1,"acceleration_kernel(const vmesh::VelocityMesh *, vmesh::VelocityBlockContainer *, VecSimple<float> *, unsigned int *, unsigned int *, Column *, unsigned int, float, float, float, float, float, float, float, float, unsigned long)"
1.4,2738.2258,30,91.2742,80.8118,78.6777,116.9516,16.6098,   7   72    1,   4    4    4,"translation_kernel(unsigned int, float, unsigned int *, unsigned int *, unsigned int *, unsigned int, unsigned int, unsigned int, float, split::SplitVector<vmesh::VelocityMesh *, split::split_unified_allocator<vmesh::VelocityMesh *>> *, split::SplitVector<vmesh::VelocityBlockContainer *, split::split_unified_allocator<vmesh::VelocityBlockContainer *>> *, float **, VecSimple<float> **, float *, float *, unsigned int *)"
1.4,2657.0871,118562,0.0224,0.0200,0.0173,0.2414,0.0110,   1    1    1,1024    1    1,"void split::tools::loop_compact_keys<Hashinator::hash_pair<unsigned int, unsigned int>, unsigned int, Hashinator::Hashmap<unsigned int, unsigned int, (unsigned int)4294967295, (unsigned int)4294967294, Hashinator::HashFunctions::Fibonacci<unsigned int>, Hashinator::Hashers::Hasher<unsigned int, unsigned int, Hashinator::HashFunctions::Fibonacci<unsigned int>, (unsigned int)4294967295, (unsigned int)4294967294, (int)32, (int)1>, split::split_unified_allocator<Hashinator::Info>>::extractAllKeysLoop(split::SplitVector<unsigned int, split::split_unified_allocator<unsigned int>> &, CUstream_st *)::[lambda(const Hashinator::hash_pair<unsigned int, unsigned int> &) (instance 1)], (unsigned long)1024>(split::SplitVector<T1, split::split_unified_allocator<T1>> &, split::SplitVector<T2, split::split_unified_allocator<T2>> &, T3)"
1.4,2629.2110,70186,0.0375,0.0061,0.0033,3.1396,0.0594,   1    1    1,   1    1    1,"resize_vbc_kernel_post(vmesh::VelocityMesh *, vmesh::VelocityBlockContainer *, unsigned int)"
1.3,2447.7066,14437,0.1695,0.1568,0.0689,0.7617,0.0635,  56    1    1,  16    1    1,"acceleration_kernel(const vmesh::VelocityMesh *, vmesh::VelocityBlockContainer *, VecSimple<float> *, unsigned int *, unsigned int *, Column *, unsigned int, float, float, float, float, float, float, float, float, unsigned long)"
0.9,1758.5886,70200,0.0251,0.0076,0.0058,0.6214,0.0376,  52    1    1,1024    1    1,"update_neighbour_halo_kernel(vmesh::VelocityMesh *, unsigned int, unsigned int **, unsigned int *, Hashinator::Hashmap<unsigned int, unsigned int, (unsigned int)4294967295, (unsigned int)4294967294, Hashinator::HashFunctions::Fibonacci<unsigned int>, Hashinator::Hashers::Hasher<unsigned int, unsigned int, Hashinator::HashFunctions::Fibonacci<unsigned int>, (unsigned int)4294967295, (unsigned int)4294967294, (int)32, (int)1>, split::split_unified_allocator<Hashinator::Info>> *, Hashinator::Hashmap<unsigned int, unsigned int, (unsigned int)4294967295, (unsigned int)4294967294, Hashinator::HashFunctions::Fibonacci<unsigned int>, Hashinator::Hashers::Hasher<unsigned int, unsigned int, Hashinator::HashFunctions::Fibonacci<unsigned int>, (unsigned int)4294967295, (unsigned int)4294967294, (int)32, (int)1>, split::split_unified_allocator<Hashinator::Info>> *)"
0.8,1468.2983,50304,0.0292,0.0147,0.0110,12.4612,0.0629,  36    1    1,  32    1    1,"evaluate_column_extents_kernel(unsigned int, const vmesh::VelocityMesh *, ColumnOffsets *, Column *, split::SplitVector<unsigned int, split::split_unified_allocator<unsigned int>> *, Hashinator::Hashmap<unsigned int, unsigned int, (unsigned int)4294967295, (unsigned int)4294967294, Hashinator::HashFunctions::Fibonacci<unsigned int>, Hashinator::Hashers::Hasher<unsigned int, unsigned int, Hashinator::HashFunctions::Fibonacci<unsigned int>, (unsigned int)4294967295, (unsigned int)4294967294, (int)32, (int)1>, split::split_unified_allocator<Hashinator::Info>> *, Hashinator::Hashmap<unsigned int, unsigned int, (unsigned int)4294967295, (unsigned int)4294967294, Hashinator::HashFunctions::Fibonacci<unsigned int>, Hashinator::Hashers::Hasher<unsigned int, unsigned int, Hashinator::HashFunctions::Fibonacci<unsigned int>, (unsigned int)4294967295, (unsigned int)4294967294, (int)32, (int)1>, split::split_unified_allocator<Hashinator::Info>> *, unsigned int *, unsigned int *, float, float, float, float, int, int, float, float, unsigned int *)"
0.8,1467.1868,70186,0.0209,0.0041,0.0028,3.1198,0.0472,   4    1    1,1024    1    1,"void split::tools::split_compact_raw<Hashinator::hash_pair<unsigned int, unsigned int>, void Hashinator::Hashmap<unsigned int, unsigned int, (unsigned int)4294967295, (unsigned int)4294967294, Hashinator::HashFunctions::Fibonacci<unsigned int>, Hashinator::Hashers::Hasher<unsigned int, unsigned int, Hashinator::HashFunctions::Fibonacci<unsigned int>, (unsigned int)4294967295, (unsigned int)4294967294, (int)32, (int)1>, split::split_unified_allocator<Hashinator::Info>>::clean_tombstones<(bool)0>(CUstream_st *)::[lambda(Hashinator::hash_pair<unsigned int, unsigned int> &) (instance 1)], (unsigned long)1024, (unsigned long)32>(T1 *, unsigned int *, unsigned int *, T1 *, T2, unsigned long, unsigned long, unsigned int *)"
0.7,1437.2594,70186,0.0205,0.0033,0.0019,3.0272,0.0388,   4    1    1,1024    1    1,"void split::tools::scan_reduce_raw<Hashinator::hash_pair<unsigned int, unsigned int>, void Hashinator::Hashmap<unsigned int, unsigned int, (unsigned int)4294967295, (unsigned int)4294967294, Hashinator::HashFunctions::Fibonacci<unsigned int>, Hashinator::Hashers::Hasher<unsigned int, unsigned int, Hashinator::HashFunctions::Fibonacci<unsigned int>, (unsigned int)4294967295, (unsigned int)4294967294, (int)32, (int)1>, split::split_unified_allocator<Hashinator::Info>>::clean_tombstones<(bool)0>(CUstream_st *)::[lambda(Hashinator::hash_pair<unsigned int, unsigned int> &) (instance 1)]>(T1 *, unsigned int *, T2, unsigned long)"
0.7,1329.2113,7377,0.1802,0.1760,0.0040,0.7069,0.1090, 912    1    1,   4    4    4,"void spatial_cell::add_blocks_from_buffer_kernel<float>(const vmesh::VelocityMesh *, vmesh::VelocityBlockContainer *, unsigned int, const unsigned int *, const T1 *, unsigned int)"
0.6,1246.6131,44308,0.0281,0.0139,0.0106,0.5481,0.0262,  52    1    1,  32    1    1,"evaluate_column_extents_kernel(unsigned int, const vmesh::VelocityMesh *, ColumnOffsets *, Column *, split::SplitVector<unsigned int, split::split_unified_allocator<unsigned int>> *, Hashinator::Hashmap<unsigned int, unsigned int, (unsigned int)4294967295, (unsigned int)4294967294, Hashinator::HashFunctions::Fibonacci<unsigned int>, Hashinator::Hashers::Hasher<unsigned int, unsigned int, Hashinator::HashFunctions::Fibonacci<unsigned int>, (unsigned int)4294967295, (unsigned int)4294967294, (int)32, (int)1>, split::split_unified_allocator<Hashinator::Info>> *, Hashinator::Hashmap<unsigned int, unsigned int, (unsigned int)4294967295, (unsigned int)4294967294, Hashinator::HashFunctions::Fibonacci<unsigned int>, Hashinator::Hashers::Hasher<unsigned int, unsigned int, Hashinator::HashFunctions::Fibonacci<unsigned int>, (unsigned int)4294967295, (unsigned int)4294967294, (int)32, (int)1>, split::split_unified_allocator<Hashinator::Info>> *, unsigned int *, unsigned int *, float, float, float, float, int, int, float, float, unsigned int *)"
0.6,1187.0174,50304,0.0236,0.0088,0.0061,0.6665,0.0300,  36    1    1,  16    1    1,"reorder_blocks_by_dimension_kernel(vmesh::VelocityBlockContainer *, VecSimple<float> *, unsigned int *, unsigned int *, ColumnOffsets *)"
0.6,1116.0593,70186,0.0159,0.0030,0.0019,3.0351,0.0377,   1    1    1,   2    1    1,"void split::tools::split_prescan<unsigned int>(T1 *, T1 *, T1 *, int, unsigned long)"
0.6,1114.2899,5292,0.2106,0.2010,0.0687,3.8214,0.0884,  60    1    1,  16    1    1,"acceleration_kernel(const vmesh::VelocityMesh *, vmesh::VelocityBlockContainer *, VecSimple<float> *, unsigned int *, unsigned int *, Column *, unsigned int, float, float, float, float, float, float, float, float, unsigned long)"
0.5,986.4668,44308,0.0223,0.0077,0.0058,0.2757,0.0294,  52    1    1,  16    1    1,"reorder_blocks_by_dimension_kernel(vmesh::VelocityBlockContainer *, VecSimple<float> *, unsigned int *, unsigned int *, ColumnOffsets *)"
0.5,909.5017,5337,0.1704,0.1568,0.0691,0.7178,0.0644,  57    1    1,  16    1    1,"acceleration_kernel(const vmesh::VelocityMesh *, vmesh::VelocityBlockContainer *, VecSimple<float> *, unsigned int *, unsigned int *, Column *, unsigned int, float, float, float, float, float, float, float, float, unsigned long)"
0.4,834.0840,47560,0.0175,0.0045,0.0033,0.4604,0.0220,   9    1    1,  32    1    1,"order_GIDs_kernel(const vmesh::VelocityMesh *, unsigned int *, unsigned int *, unsigned int, unsigned int *, unsigned int *, unsigned int, ColumnOffsets *)"
0.4,805.9638,30476,0.0264,0.0080,0.0061,0.2967,0.0314,  58    1    1,  64    1    1,"update_velocity_blocks_kernel(vmesh::VelocityMesh *, vmesh::VelocityBlockContainer *, split::SplitVector<unsigned int, split::split_unified_allocator<unsigned int>> *, split::SplitVector<Hashinator::hash_pair<unsigned int, unsigned int>, split::split_unified_allocator<Hashinator::hash_pair<unsigned int, unsigned int>>> *, split::SplitVector<Hashinator::hash_pair<unsigned int, unsigned int>, split::split_unified_allocator<Hashinator::hash_pair<unsigned int, unsigned int>>> *, split::SplitVector<Hashinator::hash_pair<unsigned int, unsigned int>, split::split_unified_allocator<Hashinator::hash_pair<unsigned int, unsigned int>>> *, unsigned int, unsigned int, unsigned int, float *)"
0.4,790.6378,45120,0.0175,0.0045,0.0032,0.5152,0.0222,   8    1    1,  32    1    1,"order_GIDs_kernel(const vmesh::VelocityMesh *, unsigned int *, unsigned int *, unsigned int, unsigned int *, unsigned int *, unsigned int, ColumnOffsets *)"
0.4,781.5445,44616,0.0175,0.0045,0.0035,0.5573,0.0220,  11    1    1,  32    1    1,"order_GIDs_kernel(const vmesh::VelocityMesh *, unsigned int *, unsigned int *, unsigned int, unsigned int *, unsigned int *, unsigned int, ColumnOffsets *)"
0.4,717.5965,22,32.6180,31.8288,30.7787,49.3191,3.7644,3960    1    1,   4    4    4,"first_moments_kernel(vmesh::VelocityBlockContainer **, double *, unsigned int)"
0.4,710.3155,3203,0.2218,0.2118,0.0762,0.6139,0.0687,  88    1    1,  16    1    1,"acceleration_kernel(const vmesh::VelocityMesh *, vmesh::VelocityBlockContainer *, VecSimple<float> *, unsigned int *, unsigned int *, Column *, unsigned int, float, float, float, float, float, float, float, float, unsigned long)"
0.4,684.0613,45120,0.0152,0.0036,0.0026,0.5602,0.0235,   8    1    1,  32    1    1,"blocksID_mapped_dim0_kernel(const vmesh::VelocityMesh *, unsigned int *, unsigned int *, unsigned int)"
0.3,667.8529,44680,0.0149,0.0032,0.0023,0.1956,0.0235,   9    1    1,  32    1    1,"blocksID_mapped_dim1_kernel(const vmesh::VelocityMesh *, unsigned int *, unsigned int *, unsigned int)"
0.3,618.5176,41160,0.0150,0.0032,0.0024,0.5632,0.0238,  11    1    1,  32    1    1,"blocksID_mapped_dim2_kernel(const vmesh::VelocityMesh *, unsigned int *, unsigned int *, unsigned int)"
0.3,578.0033,3545,0.1630,0.1496,0.0727,0.5777,0.0618,  59    1    1,  16    1    1,"acceleration_kernel(const vmesh::VelocityMesh *, vmesh::VelocityBlockContainer *, VecSimple<float> *, unsigned int *, unsigned int *, Column *, unsigned int, float, float, float, float, float, float, float, float, unsigned long)"
0.3,577.1641,4070,0.1418,0.1330,0.0607,0.4644,0.0510,  54    1    1,  16    1    1,"acceleration_kernel(const vmesh::VelocityMesh *, vmesh::VelocityBlockContainer *, VecSimple<float> *, unsigned int *, unsigned int *, Column *, unsigned int, float, float, float, float, float, float, float, float, unsigned long)"
0.3,567.5456,25272,0.0225,0.0068,0.0052,0.3971,0.0333,  34    1    1,1024    1    1,"update_neighbour_halo_kernel(vmesh::VelocityMesh *, unsigned int, unsigned int **, unsigned int *, Hashinator::Hashmap<unsigned int, unsigned int, (unsigned int)4294967295, (unsigned int)4294967294, Hashinator::HashFunctions::Fibonacci<unsigned int>, Hashinator::Hashers::Hasher<unsigned int, unsigned int, Hashinator::HashFunctions::Fibonacci<unsigned int>, (unsigned int)4294967295, (unsigned int)4294967294, (int)32, (int)1>, split::split_unified_allocator<Hashinator::Info>> *, Hashinator::Hashmap<unsigned int, unsigned int, (unsigned int)4294967295, (unsigned int)4294967294, Hashinator::HashFunctions::Fibonacci<unsigned int>, Hashinator::Hashers::Hasher<unsigned int, unsigned int, Hashinator::HashFunctions::Fibonacci<unsigned int>, (unsigned int)4294967295, (unsigned int)4294967294, (int)32, (int)1>, split::split_unified_allocator<Hashinator::Info>> *)"
0.3,543.8413,7616,0.0714,0.0703,0.0569,0.0998,0.0042, 456    1    1,  32    1    1,"void arch::reduction_kernel<(unsigned int)32, (arch::reduce_op)2, (unsigned int)4, (unsigned int)0, DRO::VariablePrecipitationDiffFlux::reduceData(const spatial_cell::SpatialCell *, char *)::[lambda(unsigned int, unsigned int, unsigned int, unsigned int, double *) (instance 1)], double>(T5, const T6 *, T6 *, const unsigned int *, unsigned int, unsigned int, T6 *)"
0.3,517.1113,3712,0.1393,0.1287,0.0594,3.7001,0.0770,  46    1    1,  16    1    1,"acceleration_kernel(const vmesh::VelocityMesh *, vmesh::VelocityBlockContainer *, VecSimple<float> *, unsigned int *, unsigned int *, Column *, unsigned int, float, float, float, float, float, float, float, float, unsigned long)"
0.3,515.3304,2371,0.2173,0.2077,0.0793,0.6065,0.0692,  80    1    1,  16    1    1,"acceleration_kernel(const vmesh::VelocityMesh *, vmesh::VelocityBlockContainer *, VecSimple<float> *, unsigned int *, unsigned int *, Column *, unsigned int, float, float, float, float, float, float, float, float, unsigned long)"
0.3,490.5794,7697,0.0637,0.0550,0.0037,0.6850,0.0585,  29    1    1,1024    1    1,"void Hashinator::Hashers::insert_index_kernel<unsigned int, unsigned int, (unsigned int)4294967295, Hashinator::HashFunctions::Fibonacci<unsigned int>, (int)32, (int)1>(T1 *, Hashinator::hash_pair<T1, T2> *, Hashinator::Info *, unsigned long)"
0.3,484.9326,19594,0.0247,0.0079,0.0062,0.6548,0.0306,  36    1    1,  64    1    1,"update_velocity_blocks_kernel(vmesh::VelocityMesh *, vmesh::VelocityBlockContainer *, split::SplitVector<unsigned int, split::split_unified_allocator<unsigned int>> *, split::SplitVector<Hashinator::hash_pair<unsigned int, unsigned int>, split::split_unified_allocator<Hashinator::hash_pair<unsigned int, unsigned int>>> *, split::SplitVector<Hashinator::hash_pair<unsigned int, unsigned int>, split::split_unified_allocator<Hashinator::hash_pair<unsigned int, unsigned int>>> *, split::SplitVector<Hashinator::hash_pair<unsigned int, unsigned int>, split::split_unified_allocator<Hashinator::hash_pair<unsigned int, unsigned int>>> *, unsigned int, unsigned int, unsigned int, float *)"
0.2,476.7244,16903,0.0282,0.0138,0.0105,0.4722,0.0265,  58    1    1,  32    1    1,"evaluate_column_extents_kernel(unsigned int, const vmesh::VelocityMesh *, ColumnOffsets *, Column *, split::SplitVector<unsigned int, split::split_unified_allocator<unsigned int>> *, Hashinator::Hashmap<unsigned int, unsigned int, (unsigned int)4294967295, (unsigned int)4294967294, Hashinator::HashFunctions::Fibonacci<unsigned int>, Hashinator::Hashers::Hasher<unsigned int, unsigned int, Hashinator::HashFunctions::Fibonacci<unsigned int>, (unsigned int)4294967295, (unsigned int)4294967294, (int)32, (int)1>, split::split_unified_allocator<Hashinator::Info>> *, Hashinator::Hashmap<unsigned int, unsigned int, (unsigned int)4294967295, (unsigned int)4294967294, Hashinator::HashFunctions::Fibonacci<unsigned int>, Hashinator::Hashers::Hasher<unsigned int, unsigned int, Hashinator::HashFunctions::Fibonacci<unsigned int>, (unsigned int)4294967295, (unsigned int)4294967294, (int)32, (int)1>, split::split_unified_allocator<Hashinator::Info>> *, unsigned int *, unsigned int *, float, float, float, float, int, int, float, float, unsigned int *)"
0.2,456.5258,16903,0.0270,0.0109,0.0060,0.3318,0.0325,  58    1    1,  16    1    1,"reorder_blocks_by_dimension_kernel(vmesh::VelocityBlockContainer *, VecSimple<float> *, unsigned int *, unsigned int *, ColumnOffsets *)"
0.2,451.3218,8266,0.0546,0.0462,0.0019,0.4199,0.0445,   1    1    1, 128    1    1,"void split::tools::block_compact<Hashinator::hash_pair<unsigned int, unsigned int>, void Hashinator::Hashmap<unsigned int, unsigned int, (unsigned int)4294967295, (unsigned int)4294967294, Hashinator::HashFunctions::Fibonacci<unsigned int>, Hashinator::Hashers::Hasher<unsigned int, unsigned int, Hashinator::HashFunctions::Fibonacci<unsigned int>, (unsigned int)4294967295, (unsigned int)4294967294, (int)32, (int)1>, split::split_unified_allocator<Hashinator::Info>>::device_rehash<(bool)1>(int, CUstream_st *)::[lambda(Hashinator::hash_pair<unsigned int, unsigned int> &) (instance 1)], (unsigned long)1024>(T1 *, T1 *, unsigned long, T2, unsigned int *)"
0.2,419.0691,47648,0.0088,0.0069,0.0060,0.2405,0.0144, 228    1    1,  64    1    1,"update_velocity_block_content_lists_kernel(vmesh::VelocityMesh *, vmesh::VelocityBlockContainer *, Hashinator::Hashmap<unsigned int, unsigned int, (unsigned int)4294967295, (unsigned int)4294967294, Hashinator::HashFunctions::Fibonacci<unsigned int>, Hashinator::Hashers::Hasher<unsigned int, unsigned int, Hashinator::HashFunctions::Fibonacci<unsigned int>, (unsigned int)4294967295, (unsigned int)4294967294, (int)32, (int)1>, split::split_unified_allocator<Hashinator::Info>> *, Hashinator::Hashmap<unsigned int, unsigned int, (unsigned int)4294967295, (unsigned int)4294967294, Hashinator::HashFunctions::Fibonacci<unsigned int>, Hashinator::Hashers::Hasher<unsigned int, unsigned int, Hashinator::HashFunctions::Fibonacci<unsigned int>, (unsigned int)4294967295, (unsigned int)4294967294, (int)32, (int)1>, split::split_unified_allocator<Hashinator::Info>> *, double)"
0.2,403.1689,14437,0.0279,0.0138,0.0106,0.2582,0.0256,  56    1    1,  32    1    1,"evaluate_column_extents_kernel(unsigned int, const vmesh::VelocityMesh *, ColumnOffsets *, Column *, split::SplitVector<unsigned int, split::split_unified_allocator<unsigned int>> *, Hashinator::Hashmap<unsigned int, unsigned int, (unsigned int)4294967295, (unsigned int)4294967294, Hashinator::HashFunctions::Fibonacci<unsigned int>, Hashinator::Hashers::Hasher<unsigned int, unsigned int, Hashinator::HashFunctions::Fibonacci<unsigned int>, (unsigned int)4294967295, (unsigned int)4294967294, (int)32, (int)1>, split::split_unified_allocator<Hashinator::Info>> *, Hashinator::Hashmap<unsigned int, unsigned int, (unsigned int)4294967295, (unsigned int)4294967294, Hashinator::HashFunctions::Fibonacci<unsigned int>, Hashinator::Hashers::Hasher<unsigned int, unsigned int, Hashinator::HashFunctions::Fibonacci<unsigned int>, (unsigned int)4294967295, (unsigned int)4294967294, (int)32, (int)1>, split::split_unified_allocator<Hashinator::Info>> *, unsigned int *, unsigned int *, float, float, float, float, int, int, float, float, unsigned int *)"
0.2,393.0669,14437,0.0272,0.0110,0.0062,0.3104,0.0323,  56    1    1,  16    1    1,"reorder_blocks_by_dimension_kernel(vmesh::VelocityBlockContainer *, VecSimple<float> *, unsigned int *, unsigned int *, ColumnOffsets *)"
0.2,361.2646,7423,0.0487,0.0556,0.0068,0.2779,0.0331, 912    1    1,  64    1    1,"update_velocity_block_content_lists_kernel(vmesh::VelocityMesh *, vmesh::VelocityBlockContainer *, Hashinator::Hashmap<unsigned int, unsigned int, (unsigned int)4294967295, (unsigned int)4294967294, Hashinator::HashFunctions::Fibonacci<unsigned int>, Hashinator::Hashers::Hasher<unsigned int, unsigned int, Hashinator::HashFunctions::Fibonacci<unsigned int>, (unsigned int)4294967295, (unsigned int)4294967294, (int)32, (int)1>, split::split_unified_allocator<Hashinator::Info>> *, Hashinator::Hashmap<unsigned int, unsigned int, (unsigned int)4294967295, (unsigned int)4294967294, Hashinator::HashFunctions::Fibonacci<unsigned int>, Hashinator::Hashers::Hasher<unsigned int, unsigned int, Hashinator::HashFunctions::Fibonacci<unsigned int>, (unsigned int)4294967295, (unsigned int)4294967294, (int)32, (int)1>, split::split_unified_allocator<Hashinator::Info>> *, double)"
0.2,321.2531,1562,0.2057,0.1962,0.0635,0.6609,0.0749,  64    1    1,  16    1    1,"acceleration_kernel(const vmesh::VelocityMesh *, vmesh::VelocityBlockContainer *, VecSimple<float> *, unsigned int *, unsigned int *, Column *, unsigned int, float, float, float, float, float, float, float, float, unsigned long)"
0.2,297.3282,11382,0.0261,0.0080,0.0062,0.5872,0.0322,  40    1    1,  64    1    1,"update_velocity_blocks_kernel(vmesh::VelocityMesh *, vmesh::VelocityBlockContainer *, split::SplitVector<unsigned int, split::split_unified_allocator<unsigned int>> *, split::SplitVector<Hashinator::hash_pair<unsigned int, unsigned int>, split::split_unified_allocator<Hashinator::hash_pair<unsigned int, unsigned int>>> *, split::SplitVector<Hashinator::hash_pair<unsigned int, unsigned int>, split::split_unified_allocator<Hashinator::hash_pair<unsigned int, unsigned int>>> *, split::SplitVector<Hashinator::hash_pair<unsigned int, unsigned int>, split::split_unified_allocator<Hashinator::hash_pair<unsigned int, unsigned int>>> *, unsigned int, unsigned int, unsigned int, float *)"
0.1,283.8057,6817,0.0416,0.0093,0.0064,0.5210,0.0557, 684    1    1,  64    1    1,"update_velocity_blocks_kernel(vmesh::VelocityMesh *, vmesh::VelocityBlockContainer *, split::SplitVector<unsigned int, split::split_unified_allocator<unsigned int>> *, split::SplitVector<Hashinator::hash_pair<unsigned int, unsigned int>, split::split_unified_allocator<Hashinator::hash_pair<unsigned int, unsigned int>>> *, split::SplitVector<Hashinator::hash_pair<unsigned int, unsigned int>, split::split_unified_allocator<Hashinator::hash_pair<unsigned int, unsigned int>>> *, split::SplitVector<Hashinator::hash_pair<unsigned int, unsigned int>, split::split_unified_allocator<Hashinator::hash_pair<unsigned int, unsigned int>>> *, unsigned int, unsigned int, unsigned int, float *)"
0.1,265.9643,10452,0.0254,0.0080,0.0059,0.5612,0.0309,  42    1    1,  64    1    1,"update_velocity_blocks_kernel(vmesh::VelocityMesh *, vmesh::VelocityBlockContainer *, split::SplitVector<unsigned int, split::split_unified_allocator<unsigned int>> *, split::SplitVector<Hashinator::hash_pair<unsigned int, unsigned int>, split::split_unified_allocator<Hashinator::hash_pair<unsigned int, unsigned int>>> *, split::SplitVector<Hashinator::hash_pair<unsigned int, unsigned int>, split::split_unified_allocator<Hashinator::hash_pair<unsigned int, unsigned int>>> *, split::SplitVector<Hashinator::hash_pair<unsigned int, unsigned int>, split::split_unified_allocator<Hashinator::hash_pair<unsigned int, unsigned int>>> *, unsigned int, unsigned int, unsigned int, float *)"
0.1,260.5019,1297,0.2008,0.1911,0.0704,0.5883,0.0638,  84    1    1,  16    1    1,"acceleration_kernel(const vmesh::VelocityMesh *, vmesh::VelocityBlockContainer *, VecSimple<float> *, unsigned int *, unsigned int *, Column *, unsigned int, float, float, float, float, float, float, float, float, unsigned long)"
0.1,258.4827,1210,0.2136,0.2008,0.0815,0.6106,0.0669,  90    1    1,  16    1    1,"acceleration_kernel(const vmesh::VelocityMesh *, vmesh::VelocityBlockContainer *, VecSimple<float> *, unsigned int *, unsigned int *, Column *, unsigned int, float, float, float, float, float, float, float, float, unsigned long)"
0.1,252.7923,9599,0.0263,0.0080,0.0062,0.2627,0.0311,  57    1    1,  64    1    1,"update_velocity_blocks_kernel(vmesh::VelocityMesh *, vmesh::VelocityBlockContainer *, split::SplitVector<unsigned int, split::split_unified_allocator<unsigned int>> *, split::SplitVector<Hashinator::hash_pair<unsigned int, unsigned int>, split::split_unified_allocator<Hashinator::hash_pair<unsigned int, unsigned int>>> *, split::SplitVector<Hashinator::hash_pair<unsigned int, unsigned int>, split::split_unified_allocator<Hashinator::hash_pair<unsigned int, unsigned int>>> *, split::SplitVector<Hashinator::hash_pair<unsigned int, unsigned int>, split::split_unified_allocator<Hashinator::hash_pair<unsigned int, unsigned int>>> *, unsigned int, unsigned int, unsigned int, float *)"
0.1,248.8616,1068,0.2330,0.2226,0.1004,0.7078,0.0707, 102    1    1,  16    1    1,"acceleration_kernel(const vmesh::VelocityMesh *, vmesh::VelocityBlockContainer *, VecSimple<float> *, unsigned int *, unsigned int *, Column *, unsigned int, float, float, float, float, float, float, float, float, unsigned long)"
0.1,243.0513,7616,0.0319,0.0381,0.0041,0.2433,0.0301,  29    1    1, 512    1    1,"void arch::reduction_kernel<(unsigned int)512, (arch::reduce_op)2, (unsigned int)4, (unsigned int)3, DRO::VariableEnergyDensity::reduceData(const spatial_cell::SpatialCell *, char *)::[lambda(unsigned int, unsigned int, unsigned int, unsigned int, double *) (instance 1)], double>(T5, const T6 *, T6 *, const unsigned int *, unsigned int, unsigned int, T6 *)"
0.1,234.6158,1348,0.1740,0.1621,0.0705,0.4872,0.0624,  70    1    1,  16    1    1,"acceleration_kernel(const vmesh::VelocityMesh *, vmesh::VelocityBlockContainer *, VecSimple<float> *, unsigned int *, unsigned int *, Column *, unsigned int, float, float, float, float, float, float, float, float, unsigned long)"
0.1,228.4883,8339,0.0274,0.0081,0.0061,0.5736,0.0330,  66    1    1,  64    1    1,"update_velocity_blocks_kernel(vmesh::VelocityMesh *, vmesh::VelocityBlockContainer *, split::SplitVector<unsigned int, split::split_unified_allocator<unsigned int>> *, split::SplitVector<Hashinator::hash_pair<unsigned int, unsigned int>, split::split_unified_allocator<Hashinator::hash_pair<unsigned int, unsigned int>>> *, split::SplitVector<Hashinator::hash_pair<unsigned int, unsigned int>, split::split_unified_allocator<Hashinator::hash_pair<unsigned int, unsigned int>>> *, split::SplitVector<Hashinator::hash_pair<unsigned int, unsigned int>, split::split_unified_allocator<Hashinator::hash_pair<unsigned int, unsigned int>>> *, unsigned int, unsigned int, unsigned int, float *)"
0.1,218.7117,12,18.2260,21.7503,0.4612,22.2786,8.2994,5160    1    1,   4    4    4,"first_moments_kernel(vmesh::VelocityBlockContainer **, double *, unsigned int)"
0.1,212.1698,1040,0.2040,0.1905,0.0666,0.5836,0.0708,  86    1    1,  16    1    1,"acceleration_kernel(const vmesh::VelocityMesh *, vmesh::VelocityBlockContainer *, VecSimple<float> *, unsigned int *, unsigned int *, Column *, unsigned int, float, float, float, float, float, float, float, float, unsigned long)"
0.1,208.7346,1049,0.1990,0.1919,0.0798,0.4640,0.0625,  87    1    1,  16    1    1,"acceleration_kernel(const vmesh::VelocityMesh *, vmesh::VelocityBlockContainer *, VecSimple<float> *, unsigned int *, unsigned int *, Column *, unsigned int, float, float, float, float, float, float, float, float, unsigned long)"
0.1,204.5518,924,0.2214,0.2136,0.0883,0.6060,0.0692, 106    1    1,  16    1    1,"acceleration_kernel(const vmesh::VelocityMesh *, vmesh::VelocityBlockContainer *, VecSimple<float> *, unsigned int *, unsigned int *, Column *, unsigned int, float, float, float, float, float, float, float, float, unsigned long)"
0.1,204.4704,1022,0.2001,0.1884,0.0760,0.5566,0.0700,  85    1    1,  16    1    1,"acceleration_kernel(const vmesh::VelocityMesh *, vmesh::VelocityBlockContainer *, VecSimple<float> *, unsigned int *, unsigned int *, Column *, unsigned int, float, float, float, float, float, float, float, float, unsigned long)"
0.1,202.2069,7616,0.0266,0.0048,0.0041,0.0836,0.0228,  29    1    1, 512    1    1,"void arch::reduction_kernel<(unsigned int)512, (arch::reduce_op)2, (unsigned int)4, (unsigned int)3, DRO::VariablePTensorOffDiagonal::reduceData(const spatial_cell::SpatialCell *, char *)::[lambda(unsigned int, unsigned int, unsigned int, unsigned int, double *) (instance 1)], double>(T5, const T6 *, T6 *, const unsigned int *, unsigned int, unsigned int, T6 *)"
0.1,201.0582,7616,0.0264,0.0047,0.0041,0.0756,0.0227,  29    1    1, 512    1    1,"void arch::reduction_kernel<(unsigned int)512, (arch::reduce_op)2, (unsigned int)4, (unsigned int)3, DRO::VariablePTensorDiagonal::reduceData(const spatial_cell::SpatialCell *, char *)::[lambda(unsigned int, unsigned int, unsigned int, unsigned int, double *) (instance 1)], double>(T5, const T6 *, T6 *, const unsigned int *, unsigned int, unsigned int, T6 *)"
0.1,200.8325,5090,0.0395,0.0071,0.0047,0.4939,0.0558, 164    1    1,  64    1    1,"update_velocity_blocks_kernel(vmesh::VelocityMesh *, vmesh::VelocityBlockContainer *, split::SplitVector<unsigned int, split::split_unified_allocator<unsigned int>> *, split::SplitVector<Hashinator::hash_pair<unsigned int, unsigned int>, split::split_unified_allocator<Hashinator::hash_pair<unsigned int, unsigned int>>> *, split::SplitVector<Hashinator::hash_pair<unsigned int, unsigned int>, split::split_unified_allocator<Hashinator::hash_pair<unsigned int, unsigned int>>> *, split::SplitVector<Hashinator::hash_pair<unsigned int, unsigned int>, split::split_unified_allocator<Hashinator::hash_pair<unsigned int, unsigned int>>> *, unsigned int, unsigned int, unsigned int, float *)"
0.1,194.2446,840,0.2312,0.2224,0.0953,0.5686,0.0689, 104    1    1,  16    1    1,"acceleration_kernel(const vmesh::VelocityMesh *, vmesh::VelocityBlockContainer *, VecSimple<float> *, unsigned int *, unsigned int *, Column *, unsigned int, float, float, float, float, float, float, float, float, unsigned long)"
0.1,190.2912,970,0.1962,0.1839,0.0698,0.5288,0.0691,  82    1    1,  16    1    1,"acceleration_kernel(const vmesh::VelocityMesh *, vmesh::VelocityBlockContainer *, VecSimple<float> *, unsigned int *, unsigned int *, Column *, unsigned int, float, float, float, float, float, float, float, float, unsigned long)"
0.1,181.0003,6949,0.0260,0.0080,0.0062,0.2342,0.0305,  65    1    1,  64    1    1,"update_velocity_blocks_kernel(vmesh::VelocityMesh *, vmesh::VelocityBlockContainer *, split::SplitVector<unsigned int, split::split_unified_allocator<unsigned int>> *, split::SplitVector<Hashinator::hash_pair<unsigned int, unsigned int>, split::split_unified_allocator<Hashinator::hash_pair<unsigned int, unsigned int>>> *, split::SplitVector<Hashinator::hash_pair<unsigned int, unsigned int>, split::split_unified_allocator<Hashinator::hash_pair<unsigned int, unsigned int>>> *, split::SplitVector<Hashinator::hash_pair<unsigned int, unsigned int>, split::split_unified_allocator<Hashinator::hash_pair<unsigned int, unsigned int>>> *, unsigned int, unsigned int, unsigned int, float *)"
0.1,174.1334,1074,0.1621,0.1505,0.0677,0.4797,0.0602,  61    1    1,  16    1    1,"acceleration_kernel(const vmesh::VelocityMesh *, vmesh::VelocityBlockContainer *, VecSimple<float> *, unsigned int *, unsigned int *, Column *, unsigned int, float, float, float, float, float, float, float, float, unsigned long)"
0.1,174.0109,6566,0.0265,0.0080,0.0062,0.2451,0.0313,  68    1    1,  64    1    1,"update_velocity_blocks_kernel(vmesh::VelocityMesh *, vmesh::VelocityBlockContainer *, split::SplitVector<unsigned int, split::split_unified_allocator<unsigned int>> *, split::SplitVector<Hashinator::hash_pair<unsigned int, unsigned int>, split::split_unified_allocator<Hashinator::hash_pair<unsigned int, unsigned int>>> *, split::SplitVector<Hashinator::hash_pair<unsigned int, unsigned int>, split::split_unified_allocator<Hashinator::hash_pair<unsigned int, unsigned int>>> *, split::SplitVector<Hashinator::hash_pair<unsigned int, unsigned int>, split::split_unified_allocator<Hashinator::hash_pair<unsigned int, unsigned int>>> *, unsigned int, unsigned int, unsigned int, float *)"
0.1,170.8347,720,0.2373,0.2261,0.1059,0.5373,0.0707, 108    1    1,  16    1    1,"acceleration_kernel(const vmesh::VelocityMesh *, vmesh::VelocityBlockContainer *, VecSimple<float> *, unsigned int *, unsigned int *, Column *, unsigned int, float, float, float, float, float, float, float, float, unsigned long)"
0.1,162.7170,3796,0.0429,0.0073,0.0048,1.8394,0.0674, 136    1    1,  64    1    1,"update_velocity_blocks_kernel(vmesh::VelocityMesh *, vmesh::VelocityBlockContainer *, split::SplitVector<unsigned int, split::split_unified_allocator<unsigned int>> *, split::SplitVector<Hashinator::hash_pair<unsigned int, unsigned int>, split::split_unified_allocator<Hashinator::hash_pair<unsigned int, unsigned int>>> *, split::SplitVector<Hashinator::hash_pair<unsigned int, unsigned int>, split::split_unified_allocator<Hashinator::hash_pair<unsigned int, unsigned int>>> *, split::SplitVector<Hashinator::hash_pair<unsigned int, unsigned int>, split::split_unified_allocator<Hashinator::hash_pair<unsigned int, unsigned int>>> *, unsigned int, unsigned int, unsigned int, float *)"
0.1,159.3895,6215,0.0256,0.0079,0.0062,0.2114,0.0301,  64    1    1,  64    1    1,"update_velocity_blocks_kernel(vmesh::VelocityMesh *, vmesh::VelocityBlockContainer *, split::SplitVector<unsigned int, split::split_unified_allocator<unsigned int>> *, split::SplitVector<Hashinator::hash_pair<unsigned int, unsigned int>, split::split_unified_allocator<Hashinator::hash_pair<unsigned int, unsigned int>>> *, split::SplitVector<Hashinator::hash_pair<unsigned int, unsigned int>, split::split_unified_allocator<Hashinator::hash_pair<unsigned int, unsigned int>>> *, split::SplitVector<Hashinator::hash_pair<unsigned int, unsigned int>, split::split_unified_allocator<Hashinator::hash_pair<unsigned int, unsigned int>>> *, unsigned int, unsigned int, unsigned int, float *)"
0.1,156.7444,3907,0.0401,0.0071,0.0048,0.4946,0.0570, 163    1    1,  64    1    1,"update_velocity_blocks_kernel(vmesh::VelocityMesh *, vmesh::VelocityBlockContainer *, split::SplitVector<unsigned int, split::split_unified_allocator<unsigned int>> *, split::SplitVector<Hashinator::hash_pair<unsigned int, unsigned int>, split::split_unified_allocator<Hashinator::hash_pair<unsigned int, unsigned int>>> *, split::SplitVector<Hashinator::hash_pair<unsigned int, unsigned int>, split::split_unified_allocator<Hashinator::hash_pair<unsigned int, unsigned int>>> *, split::SplitVector<Hashinator::hash_pair<unsigned int, unsigned int>, split::split_unified_allocator<Hashinator::hash_pair<unsigned int, unsigned int>>> *, unsigned int, unsigned int, unsigned int, float *)"
0.1,155.5246,700,0.2222,0.2102,0.0817,0.5716,0.0702,  98    1    1,  16    1    1,"acceleration_kernel(const vmesh::VelocityMesh *, vmesh::VelocityBlockContainer *, VecSimple<float> *, unsigned int *, unsigned int *, Column *, unsigned int, float, float, float, float, float, float, float, float, unsigned long)"
0.1,153.5389,3810,0.0403,0.0072,0.0048,0.4930,0.0560, 162    1    1,  64    1    1,"update_velocity_blocks_kernel(vmesh::VelocityMesh *, vmesh::VelocityBlockContainer *, split::SplitVector<unsigned int, split::split_unified_allocator<unsigned int>> *, split::SplitVector<Hashinator::hash_pair<unsigned int, unsigned int>, split::split_unified_allocator<Hashinator::hash_pair<unsigned int, unsigned int>>> *, split::SplitVector<Hashinator::hash_pair<unsigned int, unsigned int>, split::split_unified_allocator<Hashinator::hash_pair<unsigned int, unsigned int>>> *, split::SplitVector<Hashinator::hash_pair<unsigned int, unsigned int>, split::split_unified_allocator<Hashinator::hash_pair<unsigned int, unsigned int>>> *, unsigned int, unsigned int, unsigned int, float *)"
0.1,153.4100,687,0.2233,0.2151,0.0922,0.4784,0.0701, 112    1    1,  16    1    1,"acceleration_kernel(const vmesh::VelocityMesh *, vmesh::VelocityBlockContainer *, VecSimple<float> *, unsigned int *, unsigned int *, Column *, unsigned int, float, float, float, float, float, float, float, float, unsigned long)"
0.1,151.4620,4095,0.0370,0.0070,0.0049,0.5852,0.0516, 165    1    1,  64    1    1,"update_velocity_blocks_kernel(vmesh::VelocityMesh *, vmesh::VelocityBlockContainer *, split::SplitVector<unsigned int, split::split_unified_allocator<unsigned int>> *, split::SplitVector<Hashinator::hash_pair<unsigned int, unsigned int>, split::split_unified_allocator<Hashinator::hash_pair<unsigned int, unsigned int>>> *, split::SplitVector<Hashinator::hash_pair<unsigned int, unsigned int>, split::split_unified_allocator<Hashinator::hash_pair<unsigned int, unsigned int>>> *, split::SplitVector<Hashinator::hash_pair<unsigned int, unsigned int>, split::split_unified_allocator<Hashinator::hash_pair<unsigned int, unsigned int>>> *, unsigned int, unsigned int, unsigned int, float *)"
0.1,150.6898,5292,0.0285,0.0146,0.0107,0.7636,0.0292,  60    1    1,  32    1    1,"evaluate_column_extents_kernel(unsigned int, const vmesh::VelocityMesh *, ColumnOffsets *, Column *, split::SplitVector<unsigned int, split::split_unified_allocator<unsigned int>> *, Hashinator::Hashmap<unsigned int, unsigned int, (unsigned int)4294967295, (unsigned int)4294967294, Hashinator::HashFunctions::Fibonacci<unsigned int>, Hashinator::Hashers::Hasher<unsigned int, unsigned int, Hashinator::HashFunctions::Fibonacci<unsigned int>, (unsigned int)4294967295, (unsigned int)4294967294, (int)32, (int)1>, split::split_unified_allocator<Hashinator::Info>> *, Hashinator::Hashmap<unsigned int, unsigned int, (unsigned int)4294967295, (unsigned int)4294967294, Hashinator::HashFunctions::Fibonacci<unsigned int>, Hashinator::Hashers::Hasher<unsigned int, unsigned int, Hashinator::HashFunctions::Fibonacci<unsigned int>, (unsigned int)4294967295, (unsigned int)4294967294, (int)32, (int)1>, split::split_unified_allocator<Hashinator::Info>> *, unsigned int *, unsigned int *, float, float, float, float, int, int, float, float, unsigned int *)"
0.1,150.3082,5337,0.0282,0.0138,0.0106,0.2284,0.0263,  57    1    1,  32    1    1,"evaluate_column_extents_kernel(unsigned int, const vmesh::VelocityMesh *, ColumnOffsets *, Column *, split::SplitVector<unsigned int, split::split_unified_allocator<unsigned int>> *, Hashinator::Hashmap<unsigned int, unsigned int, (unsigned int)4294967295, (unsigned int)4294967294, Hashinator::HashFunctions::Fibonacci<unsigned int>, Hashinator::Hashers::Hasher<unsigned int, unsigned int, Hashinator::HashFunctions::Fibonacci<unsigned int>, (unsigned int)4294967295, (unsigned int)4294967294, (int)32, (int)1>, split::split_unified_allocator<Hashinator::Info>> *, Hashinator::Hashmap<unsigned int, unsigned int, (unsigned int)4294967295, (unsigned int)4294967294, Hashinator::HashFunctions::Fibonacci<unsigned int>, Hashinator::Hashers::Hasher<unsigned int, unsigned int, Hashinator::HashFunctions::Fibonacci<unsigned int>, (unsigned int)4294967295, (unsigned int)4294967294, (int)32, (int)1>, split::split_unified_allocator<Hashinator::Info>> *, unsigned int *, unsigned int *, float, float, float, float, int, int, float, float, unsigned int *)"
0.1,148.7258,5337,0.0279,0.0112,0.0063,0.5800,0.0342,  57    1    1,  16    1    1,"reorder_blocks_by_dimension_kernel(vmesh::VelocityBlockContainer *, VecSimple<float> *, unsigned int *, unsigned int *, ColumnOffsets *)"
0.1,142.6738,5292,0.0270,0.0113,0.0062,0.2591,0.0318,  60    1    1,  16    1    1,"reorder_blocks_by_dimension_kernel(vmesh::VelocityBlockContainer *, VecSimple<float> *, unsigned int *, unsigned int *, ColumnOffsets *)"
0.1,142.4744,5330,0.0267,0.0080,0.0062,0.2558,0.0318,  67    1    1,  64    1    1,"update_velocity_blocks_kernel(vmesh::VelocityMesh *, vmesh::VelocityBlockContainer *, split::SplitVector<unsigned int, split::split_unified_allocator<unsigned int>> *, split::SplitVector<Hashinator::hash_pair<unsigned int, unsigned int>, split::split_unified_allocator<Hashinator::hash_pair<unsigned int, unsigned int>>> *, split::SplitVector<Hashinator::hash_pair<unsigned int, unsigned int>, split::split_unified_allocator<Hashinator::hash_pair<unsigned int, unsigned int>>> *, split::SplitVector<Hashinator::hash_pair<unsigned int, unsigned int>, split::split_unified_allocator<Hashinator::hash_pair<unsigned int, unsigned int>>> *, unsigned int, unsigned int, unsigned int, float *)"
0.1,140.8953,628,0.2244,0.2139,0.0920,0.5435,0.0692,  97    1    1,  16    1    1,"acceleration_kernel(const vmesh::VelocityMesh *, vmesh::VelocityBlockContainer *, VecSimple<float> *, unsigned int *, unsigned int *, Column *, unsigned int, float, float, float, float, float, float, float, float, unsigned long)"
0.1,137.4115,3399,0.0404,0.0071,0.0049,0.6360,0.0585, 166    1    1,  64    1    1,"update_velocity_blocks_kernel(vmesh::VelocityMesh *, vmesh::VelocityBlockContainer *, split::SplitVector<unsigned int, split::split_unified_allocator<unsigned int>> *, split::SplitVector<Hashinator::hash_pair<unsigned int, unsigned int>, split::split_unified_allocator<Hashinator::hash_pair<unsigned int, unsigned int>>> *, split::SplitVector<Hashinator::hash_pair<unsigned int, unsigned int>, split::split_unified_allocator<Hashinator::hash_pair<unsigned int, unsigned int>>> *, split::SplitVector<Hashinator::hash_pair<unsigned int, unsigned int>, split::split_unified_allocator<Hashinator::hash_pair<unsigned int, unsigned int>>> *, unsigned int, unsigned int, unsigned int, float *)"
0.1,136.1844,785,0.1735,0.1621,0.0750,0.5777,0.0614,  68    1    1,  16    1    1,"acceleration_kernel(const vmesh::VelocityMesh *, vmesh::VelocityBlockContainer *, VecSimple<float> *, unsigned int *, unsigned int *, Column *, unsigned int, float, float, float, float, float, float, float, float, unsigned long)"
0.1,134.7735,560,0.2407,0.2315,0.1034,0.5268,0.0668, 116    1    1,  16    1    1,"acceleration_kernel(const vmesh::VelocityMesh *, vmesh::VelocityBlockContainer *, VecSimple<float> *, unsigned int *, unsigned int *, Column *, unsigned int, float, float, float, float, float, float, float, float, unsigned long)"
0.1,133.7353,680,0.1967,0.1877,0.0791,0.5138,0.0626,  94    1    1,  16    1    1,"acceleration_kernel(const vmesh::VelocityMesh *, vmesh::VelocityBlockContainer *, VecSimple<float> *, unsigned int *, unsigned int *, Column *, unsigned int, float, float, float, float, float, float, float, float, unsigned long)"
0.1,130.4956,7617,0.0171,0.0048,0.0044,0.6830,0.0445,  29    1    1, 512    1    1,"void arch::reduction_kernel<(unsigned int)512, (arch::reduce_op)2, (unsigned int)4, (unsigned int)4, void blockVelocityFirstMoments<double, (unsigned int)4>(vmesh::VelocityBlockContainer *, T1 (&)[T2], unsigned int)::[lambda(unsigned int, unsigned int, unsigned int, unsigned int, double *) (instance 1)], double>(T5, const T6 *, T6 *, const unsigned int *, unsigned int, unsigned int, T6 *)"
0.1,129.4421,4927,0.0263,0.0079,0.0062,0.4575,0.0319,  38    1    1,  64    1    1,"update_velocity_blocks_kernel(vmesh::VelocityMesh *, vmesh::VelocityBlockContainer *, split::SplitVector<unsigned int, split::split_unified_allocator<unsigned int>> *, split::SplitVector<Hashinator::hash_pair<unsigned int, unsigned int>, split::split_unified_allocator<Hashinator::hash_pair<unsigned int, unsigned int>>> *, split::SplitVector<Hashinator::hash_pair<unsigned int, unsigned int>, split::split_unified_allocator<Hashinator::hash_pair<unsigned int, unsigned int>>> *, split::SplitVector<Hashinator::hash_pair<unsigned int, unsigned int>, split::split_unified_allocator<Hashinator::hash_pair<unsigned int, unsigned int>>> *, unsigned int, unsigned int, unsigned int, float *)"
0.1,126.7428,7032,0.0180,0.0043,0.0034,12.4872,0.1560,  10    1    1,  32    1    1,"order_GIDs_kernel(const vmesh::VelocityMesh *, unsigned int *, unsigned int *, unsigned int, unsigned int *, unsigned int *, unsigned int, ColumnOffsets *)"
0.1,124.8724,526,0.2374,0.2260,0.1039,0.6068,0.0711, 111    1    1,  16    1    1,"acceleration_kernel(const vmesh::VelocityMesh *, vmesh::VelocityBlockContainer *, VecSimple<float> *, unsigned int *, unsigned int *, Column *, unsigned int, float, float, float, float, float, float, float, float, unsigned long)"
0.1,121.8520,30,4.0617,0.7985,0.5936,11.4361,4.7855,6952    1    1,  32   32    1,"gather_union_of_blocks_kernel(Hashinator::Hashmap<unsigned int, unsigned int, (unsigned int)4294967295, (unsigned int)4294967294, Hashinator::HashFunctions::Fibonacci<unsigned int>, Hashinator::Hashers::Hasher<unsigned int, unsigned int, Hashinator::HashFunctions::Fibonacci<unsigned int>, (unsigned int)4294967295, (unsigned int)4294967294, (int)32, (int)1>, split::split_unified_allocator<Hashinator::Info>> *, split::SplitVector<vmesh::VelocityMesh *, split::split_unified_allocator<vmesh::VelocityMesh *>> *, unsigned int)"
0.1,119.2053,507,0.2351,0.2251,0.1092,0.4930,0.0721, 113    1    1,  16    1    1,"acceleration_kernel(const vmesh::VelocityMesh *, vmesh::VelocityBlockContainer *, VecSimple<float> *, unsigned int *, unsigned int *, Column *, unsigned int, float, float, float, float, float, float, float, float, unsigned long)"
0.1,118.3265,574,0.2061,0.1935,0.0826,0.5156,0.0700,  89    1    1,  16    1    1,"acceleration_kernel(const vmesh::VelocityMesh *, vmesh::VelocityBlockContainer *, VecSimple<float> *, unsigned int *, unsigned int *, Column *, unsigned int, float, float, float, float, float, float, float, float, unsigned long)"
0.1,117.5930,2883,0.0408,0.0073,0.0048,0.6532,0.0584, 161    1    1,  64    1    1,"update_velocity_blocks_kernel(vmesh::VelocityMesh *, vmesh::VelocityBlockContainer *, split::SplitVector<unsigned int, split::split_unified_allocator<unsigned int>> *, split::SplitVector<Hashinator::hash_pair<unsigned int, unsigned int>, split::split_unified_allocator<Hashinator::hash_pair<unsigned int, unsigned int>>> *, split::SplitVector<Hashinator::hash_pair<unsigned int, unsigned int>, split::split_unified_allocator<Hashinator::hash_pair<unsigned int, unsigned int>>> *, split::SplitVector<Hashinator::hash_pair<unsigned int, unsigned int>, split::split_unified_allocator<Hashinator::hash_pair<unsigned int, unsigned int>>> *, unsigned int, unsigned int, unsigned int, float *)"
0.1,115.3341,2825,0.0408,0.0075,0.0049,0.4463,0.0539, 160    1    1,  64    1    1,"update_velocity_blocks_kernel(vmesh::VelocityMesh *, vmesh::VelocityBlockContainer *, split::SplitVector<unsigned int, split::split_unified_allocator<unsigned int>> *, split::SplitVector<Hashinator::hash_pair<unsigned int, unsigned int>, split::split_unified_allocator<Hashinator::hash_pair<unsigned int, unsigned int>>> *, split::SplitVector<Hashinator::hash_pair<unsigned int, unsigned int>, split::split_unified_allocator<Hashinator::hash_pair<unsigned int, unsigned int>>> *, split::SplitVector<Hashinator::hash_pair<unsigned int, unsigned int>, split::split_unified_allocator<Hashinator::hash_pair<unsigned int, unsigned int>>> *, unsigned int, unsigned int, unsigned int, float *)"
0.1,113.7848,504,0.2258,0.2137,0.0890,0.5324,0.0703, 100    1    1,  16    1    1,"acceleration_kernel(const vmesh::VelocityMesh *, vmesh::VelocityBlockContainer *, VecSimple<float> *, unsigned int *, unsigned int *, Column *, unsigned int, float, float, float, float, float, float, float, float, unsigned long)"
0.1,112.3624,7376,0.0152,0.0047,0.0041,0.3735,0.0268, 114    1    1, 512    1    1,"void arch::reduction_kernel<(unsigned int)512, (arch::reduce_op)2, (unsigned int)4, (unsigned int)4, void blockVelocityFirstMoments<double, (unsigned int)4>(vmesh::VelocityBlockContainer *, T1 (&)[T2], unsigned int)::[lambda(unsigned int, unsigned int, unsigned int, unsigned int, double *) (instance 1)], double>(T5, const T6 *, T6 *, const unsigned int *, unsigned int, unsigned int, T6 *)"
0.1,105.7239,488,0.2166,0.2040,0.1041,0.4783,0.0666, 101    1    1,  16    1    1,"acceleration_kernel(const vmesh::VelocityMesh *, vmesh::VelocityBlockContainer *, VecSimple<float> *, unsigned int *, unsigned int *, Column *, unsigned int, float, float, float, float, float, float, float, float, unsigned long)"
0.1,104.0574,5288,0.0197,0.0045,0.0035,12.4839,0.1728,  12    1    1,  32    1    1,"order_GIDs_kernel(const vmesh::VelocityMesh *, unsigned int *, unsigned int *, unsigned int, unsigned int *, unsigned int *, unsigned int, ColumnOffsets *)"
0.1,101.4791,512,0.1982,0.1841,0.0825,0.5355,0.0707,  78    1    1,  16    1    1,"acceleration_kernel(const vmesh::VelocityMesh *, vmesh::VelocityBlockContainer *, VecSimple<float> *, unsigned int *, unsigned int *, Column *, unsigned int, float, float, float, float, float, float, float, float, unsigned long)"
0.1,101.1355,472,0.2143,0.2026,0.0912,0.6136,0.0690, 109    1    1,  16    1    1,"acceleration_kernel(const vmesh::VelocityMesh *, vmesh::VelocityBlockContainer *, VecSimple<float> *, unsigned int *, unsigned int *, Column *, unsigned int, float, float, float, float, float, float, float, float, unsigned long)"
0.1,99.7975,2464,0.0405,0.0072,0.0048,0.4739,0.0563, 159    1    1,  64    1    1,"update_velocity_blocks_kernel(vmesh::VelocityMesh *, vmesh::VelocityBlockContainer *, split::SplitVector<unsigned int, split::split_unified_allocator<unsigned int>> *, split::SplitVector<Hashinator::hash_pair<unsigned int, unsigned int>, split::split_unified_allocator<Hashinator::hash_pair<unsigned int, unsigned int>>> *, split::SplitVector<Hashinator::hash_pair<unsigned int, unsigned int>, split::split_unified_allocator<Hashinator::hash_pair<unsigned int, unsigned int>>> *, split::SplitVector<Hashinator::hash_pair<unsigned int, unsigned int>, split::split_unified_allocator<Hashinator::hash_pair<unsigned int, unsigned int>>> *, unsigned int, unsigned int, unsigned int, float *)"
0.1,98.7309,570,0.1732,0.1630,0.0706,0.4982,0.0626,  69    1    1,  16    1    1,"acceleration_kernel(const vmesh::VelocityMesh *, vmesh::VelocityBlockContainer *, VecSimple<float> *, unsigned int *, unsigned int *, Column *, unsigned int, float, float, float, float, float, float, float, float, unsigned long)"
0.1,97.9935,3618,0.0271,0.0080,0.0062,0.4964,0.0329,  69    1    1,  64    1    1,"update_velocity_blocks_kernel(vmesh::VelocityMesh *, vmesh::VelocityBlockContainer *, split::SplitVector<unsigned int, split::split_unified_allocator<unsigned int>> *, split::SplitVector<Hashinator::hash_pair<unsigned int, unsigned int>, split::split_unified_allocator<Hashinator::hash_pair<unsigned int, unsigned int>>> *, split::SplitVector<Hashinator::hash_pair<unsigned int, unsigned int>, split::split_unified_allocator<Hashinator::hash_pair<unsigned int, unsigned int>>> *, split::SplitVector<Hashinator::hash_pair<unsigned int, unsigned int>, split::split_unified_allocator<Hashinator::hash_pair<unsigned int, unsigned int>>> *, unsigned int, unsigned int, unsigned int, float *)"
0.1,97.5749,3545,0.0275,0.0138,0.0108,0.2557,0.0248,  59    1    1,  32    1    1,"evaluate_column_extents_kernel(unsigned int, const vmesh::VelocityMesh *, ColumnOffsets *, Column *, split::SplitVector<unsigned int, split::split_unified_allocator<unsigned int>> *, Hashinator::Hashmap<unsigned int, unsigned int, (unsigned int)4294967295, (unsigned int)4294967294, Hashinator::HashFunctions::Fibonacci<unsigned int>, Hashinator::Hashers::Hasher<unsigned int, unsigned int, Hashinator::HashFunctions::Fibonacci<unsigned int>, (unsigned int)4294967295, (unsigned int)4294967294, (int)32, (int)1>, split::split_unified_allocator<Hashinator::Info>> *, Hashinator::Hashmap<unsigned int, unsigned int, (unsigned int)4294967295, (unsigned int)4294967294, Hashinator::HashFunctions::Fibonacci<unsigned int>, Hashinator::Hashers::Hasher<unsigned int, unsigned int, Hashinator::HashFunctions::Fibonacci<unsigned int>, (unsigned int)4294967295, (unsigned int)4294967294, (int)32, (int)1>, split::split_unified_allocator<Hashinator::Info>> *, unsigned int *, unsigned int *, float, float, float, float, int, int, float, float, unsigned int *)"
0.1,97.5456,7376,0.0132,0.0043,0.0039,0.3697,0.0274, 114    1    1, 512    1    1,"void arch::reduction_kernel<(unsigned int)512, (arch::reduce_op)2, (unsigned int)4, (unsigned int)3, void blockVelocitySecondMoments<double, (unsigned int)3>(vmesh::VelocityBlockContainer *, T1, T1, T1, T1 (&)[T2], unsigned int)::[lambda(unsigned int, unsigned int, unsigned int, unsigned int, double *) (instance 1)], double>(T5, const T6 *, T6 *, const unsigned int *, unsigned int, unsigned int, T6 *)"
0.1,97.4418,4070,0.0239,0.0127,0.0105,0.2097,0.0220,  54    1    1,  32    1    1,"evaluate_column_extents_kernel(unsigned int, const vmesh::VelocityMesh *, ColumnOffsets *, Column *, split::SplitVector<unsigned int, split::split_unified_allocator<unsigned int>> *, Hashinator::Hashmap<unsigned int, unsigned int, (unsigned int)4294967295, (unsigned int)4294967294, Hashinator::HashFunctions::Fibonacci<unsigned int>, Hashinator::Hashers::Hasher<unsigned int, unsigned int, Hashinator::HashFunctions::Fibonacci<unsigned int>, (unsigned int)4294967295, (unsigned int)4294967294, (int)32, (int)1>, split::split_unified_allocator<Hashinator::Info>> *, Hashinator::Hashmap<unsigned int, unsigned int, (unsigned int)4294967295, (unsigned int)4294967294, Hashinator::HashFunctions::Fibonacci<unsigned int>, Hashinator::Hashers::Hasher<unsigned int, unsigned int, Hashinator::HashFunctions::Fibonacci<unsigned int>, (unsigned int)4294967295, (unsigned int)4294967294, (int)32, (int)1>, split::split_unified_allocator<Hashinator::Info>> *, unsigned int *, unsigned int *, float, float, float, float, int, int, float, float, unsigned int *)"
0.0,94.0310,3203,0.0294,0.0147,0.0108,0.2646,0.0264,  88    1    1,  32    1    1,"evaluate_column_extents_kernel(unsigned int, const vmesh::VelocityMesh *, ColumnOffsets *, Column *, split::SplitVector<unsigned int, split::split_unified_allocator<unsigned int>> *, Hashinator::Hashmap<unsigned int, unsigned int, (unsigned int)4294967295, (unsigned int)4294967294, Hashinator::HashFunctions::Fibonacci<unsigned int>, Hashinator::Hashers::Hasher<unsigned int, unsigned int, Hashinator::HashFunctions::Fibonacci<unsigned int>, (unsigned int)4294967295, (unsigned int)4294967294, (int)32, (int)1>, split::split_unified_allocator<Hashinator::Info>> *, Hashinator::Hashmap<unsigned int, unsigned int, (unsigned int)4294967295, (unsigned int)4294967294, Hashinator::HashFunctions::Fibonacci<unsigned int>, Hashinator::Hashers::Hasher<unsigned int, unsigned int, Hashinator::HashFunctions::Fibonacci<unsigned int>, (unsigned int)4294967295, (unsigned int)4294967294, (int)32, (int)1>, split::split_unified_allocator<Hashinator::Info>> *, unsigned int *, unsigned int *, float, float, float, float, int, int, float, float, unsigned int *)"
0.0,93.3354,3545,0.0263,0.0110,0.0065,0.2467,0.0316,  59    1    1,  16    1    1,"reorder_blocks_by_dimension_kernel(vmesh::VelocityBlockContainer *, VecSimple<float> *, unsigned int *, unsigned int *, ColumnOffsets *)"
0.0,92.8398,3597,0.0258,0.0078,0.0060,0.5785,0.0327,  60    1    1,  64    1    1,"update_velocity_blocks_kernel(vmesh::VelocityMesh *, vmesh::VelocityBlockContainer *, split::SplitVector<unsigned int, split::split_unified_allocator<unsigned int>> *, split::SplitVector<Hashinator::hash_pair<unsigned int, unsigned int>, split::split_unified_allocator<Hashinator::hash_pair<unsigned int, unsigned int>>> *, split::SplitVector<Hashinator::hash_pair<unsigned int, unsigned int>, split::split_unified_allocator<Hashinator::hash_pair<unsigned int, unsigned int>>> *, split::SplitVector<Hashinator::hash_pair<unsigned int, unsigned int>, split::split_unified_allocator<Hashinator::hash_pair<unsigned int, unsigned int>>> *, unsigned int, unsigned int, unsigned int, float *)"
0.0,92.3830,4070,0.0227,0.0098,0.0061,0.3018,0.0275,  54    1    1,  16    1    1,"reorder_blocks_by_dimension_kernel(vmesh::VelocityBlockContainer *, VecSimple<float> *, unsigned int *, unsigned int *, ColumnOffsets *)"
0.0,90.0565,2081,0.0433,0.0166,0.0124,0.6373,0.0502, 280    1    1, 832    1    1,"update_velocity_halo_kernel(vmesh::VelocityMesh *, unsigned int, unsigned int *, Hashinator::Hashmap<unsigned int, unsigned int, (unsigned int)4294967295, (unsigned int)4294967294, Hashinator::HashFunctions::Fibonacci<unsigned int>, Hashinator::Hashers::Hasher<unsigned int, unsigned int, Hashinator::HashFunctions::Fibonacci<unsigned int>, (unsigned int)4294967295, (unsigned int)4294967294, (int)32, (int)1>, split::split_unified_allocator<Hashinator::Info>> *, Hashinator::Hashmap<unsigned int, unsigned int, (unsigned int)4294967295, (unsigned int)4294967294, Hashinator::HashFunctions::Fibonacci<unsigned int>, Hashinator::Hashers::Hasher<unsigned int, unsigned int, Hashinator::HashFunctions::Fibonacci<unsigned int>, (unsigned int)4294967295, (unsigned int)4294967294, (int)32, (int)1>, split::split_unified_allocator<Hashinator::Info>> *)"
0.0,89.6543,2179,0.0411,0.0073,0.0049,0.5360,0.0587, 167    1    1,  64    1    1,"update_velocity_blocks_kernel(vmesh::VelocityMesh *, vmesh::VelocityBlockContainer *, split::SplitVector<unsigned int, split::split_unified_allocator<unsigned int>> *, split::SplitVector<Hashinator::hash_pair<unsigned int, unsigned int>, split::split_unified_allocator<Hashinator::hash_pair<unsigned int, unsigned int>>> *, split::SplitVector<Hashinator::hash_pair<unsigned int, unsigned int>, split::split_unified_allocator<Hashinator::hash_pair<unsigned int, unsigned int>>> *, split::SplitVector<Hashinator::hash_pair<unsigned int, unsigned int>, split::split_unified_allocator<Hashinator::hash_pair<unsigned int, unsigned int>>> *, unsigned int, unsigned int, unsigned int, float *)"
0.0,87.4166,3712,0.0235,0.0126,0.0106,0.2611,0.0222,  46    1    1,  32    1    1,"evaluate_column_extents_kernel(unsigned int, const vmesh::VelocityMesh *, ColumnOffsets *, Column *, split::SplitVector<unsigned int, split::split_unified_allocator<unsigned int>> *, Hashinator::Hashmap<unsigned int, unsigned int, (unsigned int)4294967295, (unsigned int)4294967294, Hashinator::HashFunctions::Fibonacci<unsigned int>, Hashinator::Hashers::Hasher<unsigned int, unsigned int, Hashinator::HashFunctions::Fibonacci<unsigned int>, (unsigned int)4294967295, (unsigned int)4294967294, (int)32, (int)1>, split::split_unified_allocator<Hashinator::Info>> *, Hashinator::Hashmap<unsigned int, unsigned int, (unsigned int)4294967295, (unsigned int)4294967294, Hashinator::HashFunctions::Fibonacci<unsigned int>, Hashinator::Hashers::Hasher<unsigned int, unsigned int, Hashinator::HashFunctions::Fibonacci<unsigned int>, (unsigned int)4294967295, (unsigned int)4294967294, (int)32, (int)1>, split::split_unified_allocator<Hashinator::Info>> *, unsigned int *, unsigned int *, float, float, float, float, int, int, float, float, unsigned int *)"
0.0,86.8618,3203,0.0271,0.0112,0.0073,0.2238,0.0325,  88    1    1,  16    1    1,"reorder_blocks_by_dimension_kernel(vmesh::VelocityBlockContainer *, VecSimple<float> *, unsigned int *, unsigned int *, ColumnOffsets *)"
0.0,85.4146,486,0.1758,0.1594,0.0718,0.4184,0.0663,  67    1    1,  16    1    1,"acceleration_kernel(const vmesh::VelocityMesh *, vmesh::VelocityBlockContainer *, VecSimple<float> *, unsigned int *, unsigned int *, Column *, unsigned int, float, float, float, float, float, float, float, float, unsigned long)"
0.0,80.4345,1911,0.0421,0.0076,0.0048,0.6109,0.0588, 158    1    1,  64    1    1,"update_velocity_blocks_kernel(vmesh::VelocityMesh *, vmesh::VelocityBlockContainer *, split::SplitVector<unsigned int, split::split_unified_allocator<unsigned int>> *, split::SplitVector<Hashinator::hash_pair<unsigned int, unsigned int>, split::split_unified_allocator<Hashinator::hash_pair<unsigned int, unsigned int>>> *, split::SplitVector<Hashinator::hash_pair<unsigned int, unsigned int>, split::split_unified_allocator<Hashinator::hash_pair<unsigned int, unsigned int>>> *, split::SplitVector<Hashinator::hash_pair<unsigned int, unsigned int>, split::split_unified_allocator<Hashinator::hash_pair<unsigned int, unsigned int>>> *, unsigned int, unsigned int, unsigned int, float *)"
0.0,79.9298,349,0.2290,0.2265,0.1002,0.5308,0.0680, 114    1    1,  16    1    1,"acceleration_kernel(const vmesh::VelocityMesh *, vmesh::VelocityBlockContainer *, VecSimple<float> *, unsigned int *, unsigned int *, Column *, unsigned int, float, float, float, float, float, float, float, float, unsigned long)"
0.0,78.8159,452,0.1744,0.1589,0.0715,0.4695,0.0669,  75    1    1,  16    1    1,"acceleration_kernel(const vmesh::VelocityMesh *, vmesh::VelocityBlockContainer *, VecSimple<float> *, unsigned int *, unsigned int *, Column *, unsigned int, float, float, float, float, float, float, float, float, unsigned long)"
0.0,78.1483,383,0.2040,0.1876,0.0787,0.5199,0.0757,  83    1    1,  16    1    1,"acceleration_kernel(const vmesh::VelocityMesh *, vmesh::VelocityBlockContainer *, VecSimple<float> *, unsigned int *, unsigned int *, Column *, unsigned int, float, float, float, float, float, float, float, float, unsigned long)"
0.0,78.0011,308,0.2533,0.2398,0.1282,0.4835,0.0698, 124    1    1,  16    1    1,"acceleration_kernel(const vmesh::VelocityMesh *, vmesh::VelocityBlockContainer *, VecSimple<float> *, unsigned int *, unsigned int *, Column *, unsigned int, float, float, float, float, float, float, float, float, unsigned long)"
0.0,76.7804,3811,0.0201,0.0075,0.0062,0.5934,0.0255,  46    1    1,  64    1    1,"update_velocity_blocks_kernel(vmesh::VelocityMesh *, vmesh::VelocityBlockContainer *, split::SplitVector<unsigned int, split::split_unified_allocator<unsigned int>> *, split::SplitVector<Hashinator::hash_pair<unsigned int, unsigned int>, split::split_unified_allocator<Hashinator::hash_pair<unsigned int, unsigned int>>> *, split::SplitVector<Hashinator::hash_pair<unsigned int, unsigned int>, split::split_unified_allocator<Hashinator::hash_pair<unsigned int, unsigned int>>> *, split::SplitVector<Hashinator::hash_pair<unsigned int, unsigned int>, split::split_unified_allocator<Hashinator::hash_pair<unsigned int, unsigned int>>> *, unsigned int, unsigned int, unsigned int, float *)"
0.0,76.3688,326,0.2343,0.2265,0.1050,0.4326,0.0674, 118    1    1,  16    1    1,"acceleration_kernel(const vmesh::VelocityMesh *, vmesh::VelocityBlockContainer *, VecSimple<float> *, unsigned int *, unsigned int *, Column *, unsigned int, float, float, float, float, float, float, float, float, unsigned long)"
0.0,76.2610,3712,0.0205,0.0074,0.0062,0.2978,0.0259,  54    1    1,  64    1    1,"update_velocity_blocks_kernel(vmesh::VelocityMesh *, vmesh::VelocityBlockContainer *, split::SplitVector<unsigned int, split::split_unified_allocator<unsigned int>> *, split::SplitVector<Hashinator::hash_pair<unsigned int, unsigned int>, split::split_unified_allocator<Hashinator::hash_pair<unsigned int, unsigned int>>> *, split::SplitVector<Hashinator::hash_pair<unsigned int, unsigned int>, split::split_unified_allocator<Hashinator::hash_pair<unsigned int, unsigned int>>> *, split::SplitVector<Hashinator::hash_pair<unsigned int, unsigned int>, split::split_unified_allocator<Hashinator::hash_pair<unsigned int, unsigned int>>> *, unsigned int, unsigned int, unsigned int, float *)"
0.0,75.5460,455,0.1660,0.1527,0.0723,0.4991,0.0641,  66    1    1,  16    1    1,"acceleration_kernel(const vmesh::VelocityMesh *, vmesh::VelocityBlockContainer *, VecSimple<float> *, unsigned int *, unsigned int *, Column *, unsigned int, float, float, float, float, float, float, float, float, unsigned long)"
0.0,73.7750,2840,0.0260,0.0079,0.0062,0.5028,0.0316,  70    1    1,  64    1    1,"update_velocity_blocks_kernel(vmesh::VelocityMesh *, vmesh::VelocityBlockContainer *, split::SplitVector<unsigned int, split::split_unified_allocator<unsigned int>> *, split::SplitVector<Hashinator::hash_pair<unsigned int, unsigned int>, split::split_unified_allocator<Hashinator::hash_pair<unsigned int, unsigned int>>> *, split::SplitVector<Hashinator::hash_pair<unsigned int, unsigned int>, split::split_unified_allocator<Hashinator::hash_pair<unsigned int, unsigned int>>> *, split::SplitVector<Hashinator::hash_pair<unsigned int, unsigned int>, split::split_unified_allocator<Hashinator::hash_pair<unsigned int, unsigned int>>> *, unsigned int, unsigned int, unsigned int, float *)"
0.0,71.3642,360,0.1982,0.1856,0.0884,0.4978,0.0637,  74    1    1,  16    1    1,"acceleration_kernel(const vmesh::VelocityMesh *, vmesh::VelocityBlockContainer *, VecSimple<float> *, unsigned int *, unsigned int *, Column *, unsigned int, float, float, float, float, float, float, float, float, unsigned long)"
0.0,71.0593,324,0.2193,0.2121,0.0904,0.4880,0.0689, 110    1    1,  16    1    1,"acceleration_kernel(const vmesh::VelocityMesh *, vmesh::VelocityBlockContainer *, VecSimple<float> *, unsigned int *, unsigned int *, Column *, unsigned int, float, float, float, float, float, float, float, float, unsigned long)"
0.0,69.4953,2371,0.0293,0.0148,0.0106,0.2281,0.0263,  80    1    1,  32    1    1,"evaluate_column_extents_kernel(unsigned int, const vmesh::VelocityMesh *, ColumnOffsets *, Column *, split::SplitVector<unsigned int, split::split_unified_allocator<unsigned int>> *, Hashinator::Hashmap<unsigned int, unsigned int, (unsigned int)4294967295, (unsigned int)4294967294, Hashinator::HashFunctions::Fibonacci<unsigned int>, Hashinator::Hashers::Hasher<unsigned int, unsigned int, Hashinator::HashFunctions::Fibonacci<unsigned int>, (unsigned int)4294967295, (unsigned int)4294967294, (int)32, (int)1>, split::split_unified_allocator<Hashinator::Info>> *, Hashinator::Hashmap<unsigned int, unsigned int, (unsigned int)4294967295, (unsigned int)4294967294, Hashinator::HashFunctions::Fibonacci<unsigned int>, Hashinator::Hashers::Hasher<unsigned int, unsigned int, Hashinator::HashFunctions::Fibonacci<unsigned int>, (unsigned int)4294967295, (unsigned int)4294967294, (int)32, (int)1>, split::split_unified_allocator<Hashinator::Info>> *, unsigned int *, unsigned int *, float, float, float, float, int, int, float, float, unsigned int *)"
0.0,69.0246,1786,0.0386,0.0071,0.0048,0.5608,0.0542, 168    1    1,  64    1    1,"update_velocity_blocks_kernel(vmesh::VelocityMesh *, vmesh::VelocityBlockContainer *, split::SplitVector<unsigned int, split::split_unified_allocator<unsigned int>> *, split::SplitVector<Hashinator::hash_pair<unsigned int, unsigned int>, split::split_unified_allocator<Hashinator::hash_pair<unsigned int, unsigned int>>> *, split::SplitVector<Hashinator::hash_pair<unsigned int, unsigned int>, split::split_unified_allocator<Hashinator::hash_pair<unsigned int, unsigned int>>> *, split::SplitVector<Hashinator::hash_pair<unsigned int, unsigned int>, split::split_unified_allocator<Hashinator::hash_pair<unsigned int, unsigned int>>> *, unsigned int, unsigned int, unsigned int, float *)"
0.0,68.2636,3712,0.0184,0.0070,0.0059,0.2224,0.0254,  46    1    1,  16    1    1,"reorder_blocks_by_dimension_kernel(vmesh::VelocityBlockContainer *, VecSimple<float> *, unsigned int *, unsigned int *, ColumnOffsets *)"
0.0,68.2320,4016,0.0170,0.0045,0.0035,0.1892,0.0217,  18    1    1,  32    1    1,"order_GIDs_kernel(const vmesh::VelocityMesh *, unsigned int *, unsigned int *, unsigned int, unsigned int *, unsigned int *, unsigned int, ColumnOffsets *)"
0.0,67.9584,308,0.2206,0.2112,0.1087,0.4588,0.0670, 107    1    1,  16    1    1,"acceleration_kernel(const vmesh::VelocityMesh *, vmesh::VelocityBlockContainer *, VecSimple<float> *, unsigned int *, unsigned int *, Column *, unsigned int, float, float, float, float, float, float, float, float, unsigned long)"
0.0,67.6806,336,0.2014,0.1914,0.0876,0.4405,0.0603, 105    1    1,  16    1    1,"acceleration_kernel(const vmesh::VelocityMesh *, vmesh::VelocityBlockContainer *, VecSimple<float> *, unsigned int *, unsigned int *, Column *, unsigned int, float, float, float, float, float, float, float, float, unsigned long)"
0.0,66.4933,264,0.2519,0.2427,0.1265,0.6008,0.0729, 120    1    1,  16    1    1,"acceleration_kernel(const vmesh::VelocityMesh *, vmesh::VelocityBlockContainer *, VecSimple<float> *, unsigned int *, unsigned int *, Column *, unsigned int, float, float, float, float, float, float, float, float, unsigned long)"
0.0,64.3412,3824,0.0168,0.0045,0.0035,0.3708,0.0221,  16    1    1,  32    1    1,"order_GIDs_kernel(const vmesh::VelocityMesh *, unsigned int *, unsigned int *, unsigned int, unsigned int *, unsigned int *, unsigned int, ColumnOffsets *)"
0.0,64.2957,346,0.1858,0.1766,0.0856,0.4398,0.0567,  92    1    1,  16    1    1,"acceleration_kernel(const vmesh::VelocityMesh *, vmesh::VelocityBlockContainer *, VecSimple<float> *, unsigned int *, unsigned int *, Column *, unsigned int, float, float, float, float, float, float, float, float, unsigned long)"
0.0,63.9831,352,0.1818,0.1703,0.0706,0.4692,0.0676,  77    1    1,  16    1    1,"acceleration_kernel(const vmesh::VelocityMesh *, vmesh::VelocityBlockContainer *, VecSimple<float> *, unsigned int *, unsigned int *, Column *, unsigned int, float, float, float, float, float, float, float, float, unsigned long)"
0.0,63.7720,2371,0.0269,0.0111,0.0072,0.2069,0.0319,  80    1    1,  16    1    1,"reorder_blocks_by_dimension_kernel(vmesh::VelocityBlockContainer *, VecSimple<float> *, unsigned int *, unsigned int *, ColumnOffsets *)"
0.0,62.9803,376,0.1675,0.1542,0.0772,0.4803,0.0620,  62    1    1,  16    1    1,"acceleration_kernel(const vmesh::VelocityMesh *, vmesh::VelocityBlockContainer *, VecSimple<float> *, unsigned int *, unsigned int *, Column *, unsigned int, float, float, float, float, float, float, float, float, unsigned long)"
0.0,60.8951,1515,0.0402,0.0074,0.0049,0.5244,0.0548, 157    1    1,  64    1    1,"update_velocity_blocks_kernel(vmesh::VelocityMesh *, vmesh::VelocityBlockContainer *, split::SplitVector<unsigned int, split::split_unified_allocator<unsigned int>> *, split::SplitVector<Hashinator::hash_pair<unsigned int, unsigned int>, split::split_unified_allocator<Hashinator::hash_pair<unsigned int, unsigned int>>> *, split::SplitVector<Hashinator::hash_pair<unsigned int, unsigned int>, split::split_unified_allocator<Hashinator::hash_pair<unsigned int, unsigned int>>> *, split::SplitVector<Hashinator::hash_pair<unsigned int, unsigned int>, split::split_unified_allocator<Hashinator::hash_pair<unsigned int, unsigned int>>> *, unsigned int, unsigned int, unsigned int, float *)"
0.0,60.5851,2299,0.0264,0.0080,0.0062,0.2028,0.0309,  63    1    1,  64    1    1,"update_velocity_blocks_kernel(vmesh::VelocityMesh *, vmesh::VelocityBlockContainer *, split::SplitVector<unsigned int, split::split_unified_allocator<unsigned int>> *, split::SplitVector<Hashinator::hash_pair<unsigned int, unsigned int>, split::split_unified_allocator<Hashinator::hash_pair<unsigned int, unsigned int>>> *, split::SplitVector<Hashinator::hash_pair<unsigned int, unsigned int>, split::split_unified_allocator<Hashinator::hash_pair<unsigned int, unsigned int>>> *, split::SplitVector<Hashinator::hash_pair<unsigned int, unsigned int>, split::split_unified_allocator<Hashinator::hash_pair<unsigned int, unsigned int>>> *, unsigned int, unsigned int, unsigned int, float *)"
0.0,60.1348,7617,0.0079,0.0040,0.0038,0.4095,0.0199,  29    1    1, 512    1    1,"void arch::reduction_kernel<(unsigned int)512, (arch::reduce_op)2, (unsigned int)4, (unsigned int)3, void blockVelocitySecondMoments<double, (unsigned int)3>(vmesh::VelocityBlockContainer *, T1, T1, T1, T1 (&)[T2], unsigned int)::[lambda(unsigned int, unsigned int, unsigned int, unsigned int, double *) (instance 1)], double>(T5, const T6 *, T6 *, const unsigned int *, unsigned int, unsigned int, T6 *)"
0.0,60.1096,264,0.2277,0.2128,0.1099,0.5245,0.0733, 103    1    1,  16    1    1,"acceleration_kernel(const vmesh::VelocityMesh *, vmesh::VelocityBlockContainer *, VecSimple<float> *, unsigned int *, unsigned int *, Column *, unsigned int, float, float, float, float, float, float, float, float, unsigned long)"
0.0,59.4495,264,0.2252,0.2111,0.1074,0.4993,0.0699,  99    1    1,  16    1    1,"acceleration_kernel(const vmesh::VelocityMesh *, vmesh::VelocityBlockContainer *, VecSimple<float> *, unsigned int *, unsigned int *, Column *, unsigned int, float, float, float, float, float, float, float, float, unsigned long)"
0.0,58.7160,3304,0.0178,0.0046,0.0035,0.1440,0.0215,  22    1    1,  32    1    1,"order_GIDs_kernel(const vmesh::VelocityMesh *, unsigned int *, unsigned int *, unsigned int, unsigned int *, unsigned int *, unsigned int, ColumnOffsets *)"
0.0,58.6216,320,0.1832,0.1767,0.0044,0.5940,0.1043, 920    1    1,   4    4    4,"void spatial_cell::add_blocks_from_buffer_kernel<float>(const vmesh::VelocityMesh *, vmesh::VelocityBlockContainer *, unsigned int, const unsigned int *, const T1 *, unsigned int)"
0.0,58.4804,296,0.1976,0.1861,0.0735,0.4997,0.0652,  96    1    1,  16    1    1,"acceleration_kernel(const vmesh::VelocityMesh *, vmesh::VelocityBlockContainer *, VecSimple<float> *, unsigned int *, unsigned int *, Column *, unsigned int, float, float, float, float, float, float, float, float, unsigned long)"
0.0,57.8557,294,0.1968,0.1859,0.0768,0.5995,0.0715,  93    1    1,  16    1    1,"acceleration_kernel(const vmesh::VelocityMesh *, vmesh::VelocityBlockContainer *, VecSimple<float> *, unsigned int *, unsigned int *, Column *, unsigned int, float, float, float, float, float, float, float, float, unsigned long)"
0.0,57.3605,3102,0.0185,0.0045,0.0036,3.5764,0.0675,  14    1    1,  32    1    1,"order_GIDs_kernel(const vmesh::VelocityMesh *, unsigned int *, unsigned int *, unsigned int, unsigned int *, unsigned int *, unsigned int, ColumnOffsets *)"
0.0,56.4552,2808,0.0201,0.0060,0.0046,0.3932,0.0333,  22    1    1,1024    1    1,"update_neighbour_halo_kernel(vmesh::VelocityMesh *, unsigned int, unsigned int **, unsigned int *, Hashinator::Hashmap<unsigned int, unsigned int, (unsigned int)4294967295, (unsigned int)4294967294, Hashinator::HashFunctions::Fibonacci<unsigned int>, Hashinator::Hashers::Hasher<unsigned int, unsigned int, Hashinator::HashFunctions::Fibonacci<unsigned int>, (unsigned int)4294967295, (unsigned int)4294967294, (int)32, (int)1>, split::split_unified_allocator<Hashinator::Info>> *, Hashinator::Hashmap<unsigned int, unsigned int, (unsigned int)4294967295, (unsigned int)4294967294, Hashinator::HashFunctions::Fibonacci<unsigned int>, Hashinator::Hashers::Hasher<unsigned int, unsigned int, Hashinator::HashFunctions::Fibonacci<unsigned int>, (unsigned int)4294967295, (unsigned int)4294967294, (int)32, (int)1>, split::split_unified_allocator<Hashinator::Info>> *)"
0.0,56.0460,3224,0.0174,0.0045,0.0035,0.1599,0.0217,  13    1    1,  32    1    1,"order_GIDs_kernel(const vmesh::VelocityMesh *, unsigned int *, unsigned int *, unsigned int, unsigned int *, unsigned int *, unsigned int, ColumnOffsets *)"
0.0,55.8851,220,0.2540,0.2406,0.1315,0.5984,0.0675, 130    1    1,  16    1    1,"acceleration_kernel(const vmesh::VelocityMesh *, vmesh::VelocityBlockContainer *, VecSimple<float> *, unsigned int *, unsigned int *, Column *, unsigned int, float, float, float, float, float, float, float, float, unsigned long)"
0.0,55.7991,220,0.2536,0.2415,0.1231,0.5620,0.0802, 128    1    1,  16    1    1,"acceleration_kernel(const vmesh::VelocityMesh *, vmesh::VelocityBlockContainer *, VecSimple<float> *, unsigned int *, unsigned int *, Column *, unsigned int, float, float, float, float, float, float, float, float, unsigned long)"
0.0,53.6031,1520,0.0353,0.0106,0.0079,0.4416,0.0452,  96    1    1, 832    1    1,"update_velocity_halo_kernel(vmesh::VelocityMesh *, unsigned int, unsigned int *, Hashinator::Hashmap<unsigned int, unsigned int, (unsigned int)4294967295, (unsigned int)4294967294, Hashinator::HashFunctions::Fibonacci<unsigned int>, Hashinator::Hashers::Hasher<unsigned int, unsigned int, Hashinator::HashFunctions::Fibonacci<unsigned int>, (unsigned int)4294967295, (unsigned int)4294967294, (int)32, (int)1>, split::split_unified_allocator<Hashinator::Info>> *, Hashinator::Hashmap<unsigned int, unsigned int, (unsigned int)4294967295, (unsigned int)4294967294, Hashinator::HashFunctions::Fibonacci<unsigned int>, Hashinator::Hashers::Hasher<unsigned int, unsigned int, Hashinator::HashFunctions::Fibonacci<unsigned int>, (unsigned int)4294967295, (unsigned int)4294967294, (int)32, (int)1>, split::split_unified_allocator<Hashinator::Info>> *)"
0.0,51.0953,1248,0.0409,0.0104,0.0076,3.1251,0.1017,  72    1    1, 832    1    1,"update_velocity_halo_kernel(vmesh::VelocityMesh *, unsigned int, unsigned int *, Hashinator::Hashmap<unsigned int, unsigned int, (unsigned int)4294967295, (unsigned int)4294967294, Hashinator::HashFunctions::Fibonacci<unsigned int>, Hashinator::Hashers::Hasher<unsigned int, unsigned int, Hashinator::HashFunctions::Fibonacci<unsigned int>, (unsigned int)4294967295, (unsigned int)4294967294, (int)32, (int)1>, split::split_unified_allocator<Hashinator::Info>> *, Hashinator::Hashmap<unsigned int, unsigned int, (unsigned int)4294967295, (unsigned int)4294967294, Hashinator::HashFunctions::Fibonacci<unsigned int>, Hashinator::Hashers::Hasher<unsigned int, unsigned int, Hashinator::HashFunctions::Fibonacci<unsigned int>, (unsigned int)4294967295, (unsigned int)4294967294, (int)32, (int)1>, split::split_unified_allocator<Hashinator::Info>> *)"
0.0,50.7483,2930,0.0173,0.0045,0.0035,0.1621,0.0218,  15    1    1,  32    1    1,"order_GIDs_kernel(const vmesh::VelocityMesh *, unsigned int *, unsigned int *, unsigned int, unsigned int *, unsigned int *, unsigned int, ColumnOffsets *)"
0.0,47.6738,240,0.1986,0.1920,0.0876,0.4983,0.0620,  76    1    1,  16    1    1,"acceleration_kernel(const vmesh::VelocityMesh *, vmesh::VelocityBlockContainer *, VecSimple<float> *, unsigned int *, unsigned int *, Column *, unsigned int, float, float, float, float, float, float, float, float, unsigned long)"
0.0,47.3811,1562,0.0303,0.0147,0.0107,0.6135,0.0306,  64    1    1,  32    1    1,"evaluate_column_extents_kernel(unsigned int, const vmesh::VelocityMesh *, ColumnOffsets *, Column *, split::SplitVector<unsigned int, split::split_unified_allocator<unsigned int>> *, Hashinator::Hashmap<unsigned int, unsigned int, (unsigned int)4294967295, (unsigned int)4294967294, Hashinator::HashFunctions::Fibonacci<unsigned int>, Hashinator::Hashers::Hasher<unsigned int, unsigned int, Hashinator::HashFunctions::Fibonacci<unsigned int>, (unsigned int)4294967295, (unsigned int)4294967294, (int)32, (int)1>, split::split_unified_allocator<Hashinator::Info>> *, Hashinator::Hashmap<unsigned int, unsigned int, (unsigned int)4294967295, (unsigned int)4294967294, Hashinator::HashFunctions::Fibonacci<unsigned int>, Hashinator::Hashers::Hasher<unsigned int, unsigned int, Hashinator::HashFunctions::Fibonacci<unsigned int>, (unsigned int)4294967295, (unsigned int)4294967294, (int)32, (int)1>, split::split_unified_allocator<Hashinator::Info>> *, unsigned int *, unsigned int *, float, float, float, float, int, int, float, float, unsigned int *)"
0.0,47.0794,1740,0.0271,0.0079,0.0060,0.2371,0.0322,  98    1    1,  64    1    1,"update_velocity_blocks_kernel(vmesh::VelocityMesh *, vmesh::VelocityBlockContainer *, split::SplitVector<unsigned int, split::split_unified_allocator<unsigned int>> *, split::SplitVector<Hashinator::hash_pair<unsigned int, unsigned int>, split::split_unified_allocator<Hashinator::hash_pair<unsigned int, unsigned int>>> *, split::SplitVector<Hashinator::hash_pair<unsigned int, unsigned int>, split::split_unified_allocator<Hashinator::hash_pair<unsigned int, unsigned int>>> *, split::SplitVector<Hashinator::hash_pair<unsigned int, unsigned int>, split::split_unified_allocator<Hashinator::hash_pair<unsigned int, unsigned int>>> *, unsigned int, unsigned int, unsigned int, float *)"
0.0,46.3027,1742,0.0266,0.0081,0.0063,0.6319,0.0350,  44    1    1,  64    1    1,"update_velocity_blocks_kernel(vmesh::VelocityMesh *, vmesh::VelocityBlockContainer *, split::SplitVector<unsigned int, split::split_unified_allocator<unsigned int>> *, split::SplitVector<Hashinator::hash_pair<unsigned int, unsigned int>, split::split_unified_allocator<Hashinator::hash_pair<unsigned int, unsigned int>>> *, split::SplitVector<Hashinator::hash_pair<unsigned int, unsigned int>, split::split_unified_allocator<Hashinator::hash_pair<unsigned int, unsigned int>>> *, split::SplitVector<Hashinator::hash_pair<unsigned int, unsigned int>, split::split_unified_allocator<Hashinator::hash_pair<unsigned int, unsigned int>>> *, unsigned int, unsigned int, unsigned int, float *)"
0.0,46.1590,23,2.0069,2.0938,0.6964,2.4514,0.4291,9120    1    1,   4    4    4,"first_moments_kernel(vmesh::VelocityBlockContainer **, double *, unsigned int)"
0.0,45.6524,2656,0.0172,0.0045,0.0035,0.1502,0.0212,  21    1    1,  32    1    1,"order_GIDs_kernel(const vmesh::VelocityMesh *, unsigned int *, unsigned int *, unsigned int, unsigned int *, unsigned int *, unsigned int, ColumnOffsets *)"
0.0,44.0676,1099,0.0401,0.0070,0.0049,0.4138,0.0563, 169    1    1,  64    1    1,"update_velocity_blocks_kernel(vmesh::VelocityMesh *, vmesh::VelocityBlockContainer *, split::SplitVector<unsigned int, split::split_unified_allocator<unsigned int>> *, split::SplitVector<Hashinator::hash_pair<unsigned int, unsigned int>, split::split_unified_allocator<Hashinator::hash_pair<unsigned int, unsigned int>>> *, split::SplitVector<Hashinator::hash_pair<unsigned int, unsigned int>, split::split_unified_allocator<Hashinator::hash_pair<unsigned int, unsigned int>>> *, split::SplitVector<Hashinator::hash_pair<unsigned int, unsigned int>, split::split_unified_allocator<Hashinator::hash_pair<unsigned int, unsigned int>>> *, unsigned int, unsigned int, unsigned int, float *)"
0.0,43.9255,1613,0.0272,0.0082,0.0062,0.2366,0.0316,  71    1    1,  64    1    1,"update_velocity_blocks_kernel(vmesh::VelocityMesh *, vmesh::VelocityBlockContainer *, split::SplitVector<unsigned int, split::split_unified_allocator<unsigned int>> *, split::SplitVector<Hashinator::hash_pair<unsigned int, unsigned int>, split::split_unified_allocator<Hashinator::hash_pair<unsigned int, unsigned int>>> *, split::SplitVector<Hashinator::hash_pair<unsigned int, unsigned int>, split::split_unified_allocator<Hashinator::hash_pair<unsigned int, unsigned int>>> *, split::SplitVector<Hashinator::hash_pair<unsigned int, unsigned int>, split::split_unified_allocator<Hashinator::hash_pair<unsigned int, unsigned int>>> *, unsigned int, unsigned int, unsigned int, float *)"
0.0,43.8045,2480,0.0177,0.0045,0.0036,0.1960,0.0222,  19    1    1,  32    1    1,"order_GIDs_kernel(const vmesh::VelocityMesh *, unsigned int *, unsigned int *, unsigned int, unsigned int *, unsigned int *, unsigned int, ColumnOffsets *)"
0.0,43.4089,176,0.2466,0.2361,0.1280,0.5105,0.0712, 126    1    1,  16    1    1,"acceleration_kernel(const vmesh::VelocityMesh *, vmesh::VelocityBlockContainer *, VecSimple<float> *, unsigned int *, unsigned int *, Column *, unsigned int, float, float, float, float, float, float, float, float, unsigned long)"
0.0,43.3412,2488,0.0174,0.0046,0.0035,0.1620,0.0210,  25    1    1,  32    1    1,"order_GIDs_kernel(const vmesh::VelocityMesh *, unsigned int *, unsigned int *, unsigned int, unsigned int *, unsigned int *, unsigned int, ColumnOffsets *)"
0.0,42.6584,3712,0.0115,0.0031,0.0025,0.1452,0.0205,  10    1    1,  32    1    1,"blocksID_mapped_dim2_kernel(const vmesh::VelocityMesh *, unsigned int *, unsigned int *, unsigned int)"
0.0,42.5431,2880,0.0148,0.0036,0.0028,0.1736,0.0229,   9    1    1,  32    1    1,"blocksID_mapped_dim0_kernel(const vmesh::VelocityMesh *, unsigned int *, unsigned int *, unsigned int)"
0.0,42.2810,1352,0.0313,0.0104,0.0060,0.4272,0.0446, 111    1    1,1024    1    1,"update_neighbour_halo_kernel(vmesh::VelocityMesh *, unsigned int, unsigned int **, unsigned int *, Hashinator::Hashmap<unsigned int, unsigned int, (unsigned int)4294967295, (unsigned int)4294967294, Hashinator::HashFunctions::Fibonacci<unsigned int>, Hashinator::Hashers::Hasher<unsigned int, unsigned int, Hashinator::HashFunctions::Fibonacci<unsigned int>, (unsigned int)4294967295, (unsigned int)4294967294, (int)32, (int)1>, split::split_unified_allocator<Hashinator::Info>> *, Hashinator::Hashmap<unsigned int, unsigned int, (unsigned int)4294967295, (unsigned int)4294967294, Hashinator::HashFunctions::Fibonacci<unsigned int>, Hashinator::Hashers::Hasher<unsigned int, unsigned int, Hashinator::HashFunctions::Fibonacci<unsigned int>, (unsigned int)4294967295, (unsigned int)4294967294, (int)32, (int)1>, split::split_unified_allocator<Hashinator::Info>> *)"
0.0,41.7325,936,0.0446,0.0152,0.0108,0.3524,0.0525, 192    1    1, 832    1    1,"update_velocity_halo_kernel(vmesh::VelocityMesh *, unsigned int, unsigned int *, Hashinator::Hashmap<unsigned int, unsigned int, (unsigned int)4294967295, (unsigned int)4294967294, Hashinator::HashFunctions::Fibonacci<unsigned int>, Hashinator::Hashers::Hasher<unsigned int, unsigned int, Hashinator::HashFunctions::Fibonacci<unsigned int>, (unsigned int)4294967295, (unsigned int)4294967294, (int)32, (int)1>, split::split_unified_allocator<Hashinator::Info>> *, Hashinator::Hashmap<unsigned int, unsigned int, (unsigned int)4294967295, (unsigned int)4294967294, Hashinator::HashFunctions::Fibonacci<unsigned int>, Hashinator::Hashers::Hasher<unsigned int, unsigned int, Hashinator::HashFunctions::Fibonacci<unsigned int>, (unsigned int)4294967295, (unsigned int)4294967294, (int)32, (int)1>, split::split_unified_allocator<Hashinator::Info>> *)"
0.0,40.8568,209,0.1955,0.1849,0.0658,0.5652,0.0780,  81    1    1,  16    1    1,"acceleration_kernel(const vmesh::VelocityMesh *, vmesh::VelocityBlockContainer *, VecSimple<float> *, unsigned int *, unsigned int *, Column *, unsigned int, float, float, float, float, float, float, float, float, unsigned long)"
0.0,40.1777,220,0.1826,0.1724,0.0731,0.4705,0.0697,  91    1    1,  16    1    1,"acceleration_kernel(const vmesh::VelocityMesh *, vmesh::VelocityBlockContainer *, VecSimple<float> *, unsigned int *, unsigned int *, Column *, unsigned int, float, float, float, float, float, float, float, float, unsigned long)"
0.0,39.9699,1422,0.0281,0.0079,0.0061,0.2623,0.0337,  96    1    1,  64    1    1,"update_velocity_blocks_kernel(vmesh::VelocityMesh *, vmesh::VelocityBlockContainer *, split::SplitVector<unsigned int, split::split_unified_allocator<unsigned int>> *, split::SplitVector<Hashinator::hash_pair<unsigned int, unsigned int>, split::split_unified_allocator<Hashinator::hash_pair<unsigned int, unsigned int>>> *, split::SplitVector<Hashinator::hash_pair<unsigned int, unsigned int>, split::split_unified_allocator<Hashinator::hash_pair<unsigned int, unsigned int>>> *, split::SplitVector<Hashinator::hash_pair<unsigned int, unsigned int>, split::split_unified_allocator<Hashinator::hash_pair<unsigned int, unsigned int>>> *, unsigned int, unsigned int, unsigned int, float *)"
0.0,39.7865,175,0.2274,0.2185,0.1110,0.4161,0.0598, 115    1    1,  16    1    1,"acceleration_kernel(const vmesh::VelocityMesh *, vmesh::VelocityBlockContainer *, VecSimple<float> *, unsigned int *, unsigned int *, Column *, unsigned int, float, float, float, float, float, float, float, float, unsigned long)"
0.0,39.5525,1562,0.0253,0.0113,0.0060,0.2224,0.0312,  64    1    1,  16    1    1,"reorder_blocks_by_dimension_kernel(vmesh::VelocityBlockContainer *, VecSimple<float> *, unsigned int *, unsigned int *, ColumnOffsets *)"
0.0,39.3543,936,0.0420,0.0132,0.0100,0.3112,0.0482, 148    1    1, 832    1    1,"update_velocity_halo_kernel(vmesh::VelocityMesh *, unsigned int, unsigned int *, Hashinator::Hashmap<unsigned int, unsigned int, (unsigned int)4294967295, (unsigned int)4294967294, Hashinator::HashFunctions::Fibonacci<unsigned int>, Hashinator::Hashers::Hasher<unsigned int, unsigned int, Hashinator::HashFunctions::Fibonacci<unsigned int>, (unsigned int)4294967295, (unsigned int)4294967294, (int)32, (int)1>, split::split_unified_allocator<Hashinator::Info>> *, Hashinator::Hashmap<unsigned int, unsigned int, (unsigned int)4294967295, (unsigned int)4294967294, Hashinator::HashFunctions::Fibonacci<unsigned int>, Hashinator::Hashers::Hasher<unsigned int, unsigned int, Hashinator::HashFunctions::Fibonacci<unsigned int>, (unsigned int)4294967295, (unsigned int)4294967294, (int)32, (int)1>, split::split_unified_allocator<Hashinator::Info>> *)"
0.0,37.4666,2744,0.0137,0.0032,0.0025,0.1614,0.0220,  10    1    1,  32    1    1,"blocksID_mapped_dim1_kernel(const vmesh::VelocityMesh *, unsigned int *, unsigned int *, unsigned int)"
0.0,37.2816,158,0.2360,0.2216,0.1016,0.4884,0.0710, 119    1    1,  16    1    1,"acceleration_kernel(const vmesh::VelocityMesh *, vmesh::VelocityBlockContainer *, VecSimple<float> *, unsigned int *, unsigned int *, Column *, unsigned int, float, float, float, float, float, float, float, float, unsigned long)"
0.0,36.8680,2600,0.0142,0.0032,0.0024,0.1760,0.0235,  12    1    1,  32    1    1,"blocksID_mapped_dim2_kernel(const vmesh::VelocityMesh *, unsigned int *, unsigned int *, unsigned int)"
0.0,36.6008,2264,0.0162,0.0044,0.0036,0.1630,0.0201,  17    1    1,  32    1    1,"order_GIDs_kernel(const vmesh::VelocityMesh *, unsigned int *, unsigned int *, unsigned int, unsigned int *, unsigned int *, unsigned int, ColumnOffsets *)"
0.0,36.5159,2528,0.0144,0.0033,0.0025,0.1604,0.0228,  18    1    1,  32    1    1,"blocksID_mapped_dim1_kernel(const vmesh::VelocityMesh *, unsigned int *, unsigned int *, unsigned int)"
0.0,36.4734,1367,0.0267,0.0079,0.0063,0.2417,0.0320,  72    1    1,  64    1    1,"update_velocity_blocks_kernel(vmesh::VelocityMesh *, vmesh::VelocityBlockContainer *, split::SplitVector<unsigned int, split::split_unified_allocator<unsigned int>> *, split::SplitVector<Hashinator::hash_pair<unsigned int, unsigned int>, split::split_unified_allocator<Hashinator::hash_pair<unsigned int, unsigned int>>> *, split::SplitVector<Hashinator::hash_pair<unsigned int, unsigned int>, split::split_unified_allocator<Hashinator::hash_pair<unsigned int, unsigned int>>> *, split::SplitVector<Hashinator::hash_pair<unsigned int, unsigned int>, split::split_unified_allocator<Hashinator::hash_pair<unsigned int, unsigned int>>> *, unsigned int, unsigned int, unsigned int, float *)"
0.0,36.2459,1348,0.0269,0.0138,0.0106,0.1602,0.0240,  70    1    1,  32    1    1,"evaluate_column_extents_kernel(unsigned int, const vmesh::VelocityMesh *, ColumnOffsets *, Column *, split::SplitVector<unsigned int, split::split_unified_allocator<unsigned int>> *, Hashinator::Hashmap<unsigned int, unsigned int, (unsigned int)4294967295, (unsigned int)4294967294, Hashinator::HashFunctions::Fibonacci<unsigned int>, Hashinator::Hashers::Hasher<unsigned int, unsigned int, Hashinator::HashFunctions::Fibonacci<unsigned int>, (unsigned int)4294967295, (unsigned int)4294967294, (int)32, (int)1>, split::split_unified_allocator<Hashinator::Info>> *, Hashinator::Hashmap<unsigned int, unsigned int, (unsigned int)4294967295, (unsigned int)4294967294, Hashinator::HashFunctions::Fibonacci<unsigned int>, Hashinator::Hashers::Hasher<unsigned int, unsigned int, Hashinator::HashFunctions::Fibonacci<unsigned int>, (unsigned int)4294967295, (unsigned int)4294967294, (int)32, (int)1>, split::split_unified_allocator<Hashinator::Info>> *, unsigned int *, unsigned int *, float, float, float, float, int, int, float, float, unsigned int *)"
0.0,36.2306,900,0.0403,0.0132,0.0102,0.3861,0.0494, 156    1    1, 832    1    1,"update_velocity_halo_kernel(vmesh::VelocityMesh *, unsigned int, unsigned int *, Hashinator::Hashmap<unsigned int, unsigned int, (unsigned int)4294967295, (unsigned int)4294967294, Hashinator::HashFunctions::Fibonacci<unsigned int>, Hashinator::Hashers::Hasher<unsigned int, unsigned int, Hashinator::HashFunctions::Fibonacci<unsigned int>, (unsigned int)4294967295, (unsigned int)4294967294, (int)32, (int)1>, split::split_unified_allocator<Hashinator::Info>> *, Hashinator::Hashmap<unsigned int, unsigned int, (unsigned int)4294967295, (unsigned int)4294967294, Hashinator::HashFunctions::Fibonacci<unsigned int>, Hashinator::Hashers::Hasher<unsigned int, unsigned int, Hashinator::HashFunctions::Fibonacci<unsigned int>, (unsigned int)4294967295, (unsigned int)4294967294, (int)32, (int)1>, split::split_unified_allocator<Hashinator::Info>> *)"
0.0,35.5210,5090,0.0070,0.0069,0.0063,0.0099,0.0004, 392    1    1,  64    1    1,"update_velocity_block_content_lists_kernel(vmesh::VelocityMesh *, vmesh::VelocityBlockContainer *, Hashinator::Hashmap<unsigned int, unsigned int, (unsigned int)4294967295, (unsigned int)4294967294, Hashinator::HashFunctions::Fibonacci<unsigned int>, Hashinator::Hashers::Hasher<unsigned int, unsigned int, Hashinator::HashFunctions::Fibonacci<unsigned int>, (unsigned int)4294967295, (unsigned int)4294967294, (int)32, (int)1>, split::split_unified_allocator<Hashinator::Info>> *, Hashinator::Hashmap<unsigned int, unsigned int, (unsigned int)4294967295, (unsigned int)4294967294, Hashinator::HashFunctions::Fibonacci<unsigned int>, Hashinator::Hashers::Hasher<unsigned int, unsigned int, Hashinator::HashFunctions::Fibonacci<unsigned int>, (unsigned int)4294967295, (unsigned int)4294967294, (int)32, (int)1>, split::split_unified_allocator<Hashinator::Info>> *, double)"
0.0,34.9143,2056,0.0170,0.0044,0.0035,0.1510,0.0214,  20    1    1,  32    1    1,"order_GIDs_kernel(const vmesh::VelocityMesh *, unsigned int *, unsigned int *, unsigned int, unsigned int *, unsigned int *, unsigned int, ColumnOffsets *)"
0.0,34.8943,2304,0.0151,0.0036,0.0028,0.1605,0.0236,  11    1    1,  32    1    1,"blocksID_mapped_dim0_kernel(const vmesh::VelocityMesh *, unsigned int *, unsigned int *, unsigned int)"
0.0,34.6962,1297,0.0268,0.0138,0.0108,0.5586,0.0278,  84    1    1,  32    1    1,"evaluate_column_extents_kernel(unsigned int, const vmesh::VelocityMesh *, ColumnOffsets *, Column *, split::SplitVector<unsigned int, split::split_unified_allocator<unsigned int>> *, Hashinator::Hashmap<unsigned int, unsigned int, (unsigned int)4294967295, (unsigned int)4294967294, Hashinator::HashFunctions::Fibonacci<unsigned int>, Hashinator::Hashers::Hasher<unsigned int, unsigned int, Hashinator::HashFunctions::Fibonacci<unsigned int>, (unsigned int)4294967295, (unsigned int)4294967294, (int)32, (int)1>, split::split_unified_allocator<Hashinator::Info>> *, Hashinator::Hashmap<unsigned int, unsigned int, (unsigned int)4294967295, (unsigned int)4294967294, Hashinator::HashFunctions::Fibonacci<unsigned int>, Hashinator::Hashers::Hasher<unsigned int, unsigned int, Hashinator::HashFunctions::Fibonacci<unsigned int>, (unsigned int)4294967295, (unsigned int)4294967294, (int)32, (int)1>, split::split_unified_allocator<Hashinator::Info>> *, unsigned int *, unsigned int *, float, float, float, float, int, int, float, float, unsigned int *)"
0.0,34.2100,1123,0.0305,0.0093,0.0063,0.5822,0.0472,  71    1    1,1024    1    1,"update_neighbour_halo_kernel(vmesh::VelocityMesh *, unsigned int, unsigned int **, unsigned int *, Hashinator::Hashmap<unsigned int, unsigned int, (unsigned int)4294967295, (unsigned int)4294967294, Hashinator::HashFunctions::Fibonacci<unsigned int>, Hashinator::Hashers::Hasher<unsigned int, unsigned int, Hashinator::HashFunctions::Fibonacci<unsigned int>, (unsigned int)4294967295, (unsigned int)4294967294, (int)32, (int)1>, split::split_unified_allocator<Hashinator::Info>> *, Hashinator::Hashmap<unsigned int, unsigned int, (unsigned int)4294967295, (unsigned int)4294967294, Hashinator::HashFunctions::Fibonacci<unsigned int>, Hashinator::Hashers::Hasher<unsigned int, unsigned int, Hashinator::HashFunctions::Fibonacci<unsigned int>, (unsigned int)4294967295, (unsigned int)4294967294, (int)32, (int)1>, split::split_unified_allocator<Hashinator::Info>> *)"
0.0,33.9759,176,0.1930,0.1802,0.0911,0.4736,0.0697,  79    1    1,  16    1    1,"acceleration_kernel(const vmesh::VelocityMesh *, vmesh::VelocityBlockContainer *, VecSimple<float> *, unsigned int *, unsigned int *, Column *, unsigned int, float, float, float, float, float, float, float, float, unsigned long)"
0.0,33.9683,2372,0.0143,0.0036,0.0028,0.1589,0.0225,  16    1    1,  32    1    1,"blocksID_mapped_dim0_kernel(const vmesh::VelocityMesh *, unsigned int *, unsigned int *, unsigned int)"
0.0,33.6137,1297,0.0259,0.0108,0.0072,0.1984,0.0332,  84    1    1,  16    1    1,"reorder_blocks_by_dimension_kernel(vmesh::VelocityBlockContainer *, VecSimple<float> *, unsigned int *, unsigned int *, ColumnOffsets *)"
0.0,33.5529,1242,0.0270,0.0082,0.0062,0.2097,0.0314,  90    1    1,  64    1    1,"update_velocity_blocks_kernel(vmesh::VelocityMesh *, vmesh::VelocityBlockContainer *, split::SplitVector<unsigned int, split::split_unified_allocator<unsigned int>> *, split::SplitVector<Hashinator::hash_pair<unsigned int, unsigned int>, split::split_unified_allocator<Hashinator::hash_pair<unsigned int, unsigned int>>> *, split::SplitVector<Hashinator::hash_pair<unsigned int, unsigned int>, split::split_unified_allocator<Hashinator::hash_pair<unsigned int, unsigned int>>> *, split::SplitVector<Hashinator::hash_pair<unsigned int, unsigned int>, split::split_unified_allocator<Hashinator::hash_pair<unsigned int, unsigned int>>> *, unsigned int, unsigned int, unsigned int, float *)"
0.0,33.3297,820,0.0406,0.0072,0.0049,0.6092,0.0587, 156    1    1,  64    1    1,"update_velocity_blocks_kernel(vmesh::VelocityMesh *, vmesh::VelocityBlockContainer *, split::SplitVector<unsigned int, split::split_unified_allocator<unsigned int>> *, split::SplitVector<Hashinator::hash_pair<unsigned int, unsigned int>, split::split_unified_allocator<Hashinator::hash_pair<unsigned int, unsigned int>>> *, split::SplitVector<Hashinator::hash_pair<unsigned int, unsigned int>, split::split_unified_allocator<Hashinator::hash_pair<unsigned int, unsigned int>>> *, split::SplitVector<Hashinator::hash_pair<unsigned int, unsigned int>, split::split_unified_allocator<Hashinator::hash_pair<unsigned int, unsigned int>>> *, unsigned int, unsigned int, unsigned int, float *)"
0.0,33.1637,1210,0.0274,0.0141,0.0108,0.2662,0.0244,  90    1    1,  32    1    1,"evaluate_column_extents_kernel(unsigned int, const vmesh::VelocityMesh *, ColumnOffsets *, Column *, split::SplitVector<unsigned int, split::split_unified_allocator<unsigned int>> *, Hashinator::Hashmap<unsigned int, unsigned int, (unsigned int)4294967295, (unsigned int)4294967294, Hashinator::HashFunctions::Fibonacci<unsigned int>, Hashinator::Hashers::Hasher<unsigned int, unsigned int, Hashinator::HashFunctions::Fibonacci<unsigned int>, (unsigned int)4294967295, (unsigned int)4294967294, (int)32, (int)1>, split::split_unified_allocator<Hashinator::Info>> *, Hashinator::Hashmap<unsigned int, unsigned int, (unsigned int)4294967295, (unsigned int)4294967294, Hashinator::HashFunctions::Fibonacci<unsigned int>, Hashinator::Hashers::Hasher<unsigned int, unsigned int, Hashinator::HashFunctions::Fibonacci<unsigned int>, (unsigned int)4294967295, (unsigned int)4294967294, (int)32, (int)1>, split::split_unified_allocator<Hashinator::Info>> *, unsigned int *, unsigned int *, float, float, float, float, int, int, float, float, unsigned int *)"
0.0,32.7531,144,0.2275,0.2367,0.0048,0.5394,0.1099,1436    1    1,   4    4    4,"void spatial_cell::add_blocks_from_buffer_kernel<float>(const vmesh::VelocityMesh *, vmesh::VelocityBlockContainer *, unsigned int, const unsigned int *, const T1 *, unsigned int)"
0.0,32.0101,1068,0.0300,0.0120,0.0086,0.2486,0.0361, 102    1    1,  16    1    1,"reorder_blocks_by_dimension_kernel(vmesh::VelocityBlockContainer *, VecSimple<float> *, unsigned int *, unsigned int *, ColumnOffsets *)"
0.0,31.8512,728,0.0438,0.0159,0.0124,0.4457,0.0519, 204    1    1, 832    1    1,"update_velocity_halo_kernel(vmesh::VelocityMesh *, unsigned int, unsigned int *, Hashinator::Hashmap<unsigned int, unsigned int, (unsigned int)4294967295, (unsigned int)4294967294, Hashinator::HashFunctions::Fibonacci<unsigned int>, Hashinator::Hashers::Hasher<unsigned int, unsigned int, Hashinator::HashFunctions::Fibonacci<unsigned int>, (unsigned int)4294967295, (unsigned int)4294967294, (int)32, (int)1>, split::split_unified_allocator<Hashinator::Info>> *, Hashinator::Hashmap<unsigned int, unsigned int, (unsigned int)4294967295, (unsigned int)4294967294, Hashinator::HashFunctions::Fibonacci<unsigned int>, Hashinator::Hashers::Hasher<unsigned int, unsigned int, Hashinator::HashFunctions::Fibonacci<unsigned int>, (unsigned int)4294967295, (unsigned int)4294967294, (int)32, (int)1>, split::split_unified_allocator<Hashinator::Info>> *)"
0.0,31.8288,1348,0.0236,0.0094,0.0061,0.2187,0.0306,  70    1    1,  16    1    1,"reorder_blocks_by_dimension_kernel(vmesh::VelocityBlockContainer *, VecSimple<float> *, unsigned int *, unsigned int *, ColumnOffsets *)"
0.0,31.3125,184,0.1702,0.1607,0.0831,0.3470,0.0559,  72    1    1,  16    1    1,"acceleration_kernel(const vmesh::VelocityMesh *, vmesh::VelocityBlockContainer *, VecSimple<float> *, unsigned int *, unsigned int *, Column *, unsigned int, float, float, float, float, float, float, float, float, unsigned long)"
0.0,31.2305,1185,0.0264,0.0079,0.0063,0.5614,0.0340,  97    1    1,  64    1    1,"update_velocity_blocks_kernel(vmesh::VelocityMesh *, vmesh::VelocityBlockContainer *, split::SplitVector<unsigned int, split::split_unified_allocator<unsigned int>> *, split::SplitVector<Hashinator::hash_pair<unsigned int, unsigned int>, split::split_unified_allocator<Hashinator::hash_pair<unsigned int, unsigned int>>> *, split::SplitVector<Hashinator::hash_pair<unsigned int, unsigned int>, split::split_unified_allocator<Hashinator::hash_pair<unsigned int, unsigned int>>> *, split::SplitVector<Hashinator::hash_pair<unsigned int, unsigned int>, split::split_unified_allocator<Hashinator::hash_pair<unsigned int, unsigned int>>> *, unsigned int, unsigned int, unsigned int, float *)"
0.0,30.3565,1040,0.0292,0.0143,0.0107,0.2122,0.0270,  86    1    1,  32    1    1,"evaluate_column_extents_kernel(unsigned int, const vmesh::VelocityMesh *, ColumnOffsets *, Column *, split::SplitVector<unsigned int, split::split_unified_allocator<unsigned int>> *, Hashinator::Hashmap<unsigned int, unsigned int, (unsigned int)4294967295, (unsigned int)4294967294, Hashinator::HashFunctions::Fibonacci<unsigned int>, Hashinator::Hashers::Hasher<unsigned int, unsigned int, Hashinator::HashFunctions::Fibonacci<unsigned int>, (unsigned int)4294967295, (unsigned int)4294967294, (int)32, (int)1>, split::split_unified_allocator<Hashinator::Info>> *, Hashinator::Hashmap<unsigned int, unsigned int, (unsigned int)4294967295, (unsigned int)4294967294, Hashinator::HashFunctions::Fibonacci<unsigned int>, Hashinator::Hashers::Hasher<unsigned int, unsigned int, Hashinator::HashFunctions::Fibonacci<unsigned int>, (unsigned int)4294967295, (unsigned int)4294967294, (int)32, (int)1>, split::split_unified_allocator<Hashinator::Info>> *, unsigned int *, unsigned int *, float, float, float, float, int, int, float, float, unsigned int *)"
0.0,30.0924,2032,0.0148,0.0033,0.0026,0.1503,0.0234,  21    1    1,  32    1    1,"blocksID_mapped_dim2_kernel(const vmesh::VelocityMesh *, unsigned int *, unsigned int *, unsigned int)"
0.0,29.7376,1049,0.0283,0.0109,0.0076,0.2744,0.0361,  87    1    1,  16    1    1,"reorder_blocks_by_dimension_kernel(vmesh::VelocityBlockContainer *, VecSimple<float> *, unsigned int *, unsigned int *, ColumnOffsets *)"
0.0,29.5644,1068,0.0277,0.0141,0.0111,0.1736,0.0240, 102    1    1,  32    1    1,"evaluate_column_extents_kernel(unsigned int, const vmesh::VelocityMesh *, ColumnOffsets *, Column *, split::SplitVector<unsigned int, split::split_unified_allocator<unsigned int>> *, Hashinator::Hashmap<unsigned int, unsigned int, (unsigned int)4294967295, (unsigned int)4294967294, Hashinator::HashFunctions::Fibonacci<unsigned int>, Hashinator::Hashers::Hasher<unsigned int, unsigned int, Hashinator::HashFunctions::Fibonacci<unsigned int>, (unsigned int)4294967295, (unsigned int)4294967294, (int)32, (int)1>, split::split_unified_allocator<Hashinator::Info>> *, Hashinator::Hashmap<unsigned int, unsigned int, (unsigned int)4294967295, (unsigned int)4294967294, Hashinator::HashFunctions::Fibonacci<unsigned int>, Hashinator::Hashers::Hasher<unsigned int, unsigned int, Hashinator::HashFunctions::Fibonacci<unsigned int>, (unsigned int)4294967295, (unsigned int)4294967294, (int)32, (int)1>, split::split_unified_allocator<Hashinator::Info>> *, unsigned int *, unsigned int *, float, float, float, float, int, int, float, float, unsigned int *)"
0.0,29.5032,1074,0.0275,0.0137,0.0104,0.2432,0.0252,  61    1    1,  32    1    1,"evaluate_column_extents_kernel(unsigned int, const vmesh::VelocityMesh *, ColumnOffsets *, Column *, split::SplitVector<unsigned int, split::split_unified_allocator<unsigned int>> *, Hashinator::Hashmap<unsigned int, unsigned int, (unsigned int)4294967295, (unsigned int)4294967294, Hashinator::HashFunctions::Fibonacci<unsigned int>, Hashinator::Hashers::Hasher<unsigned int, unsigned int, Hashinator::HashFunctions::Fibonacci<unsigned int>, (unsigned int)4294967295, (unsigned int)4294967294, (int)32, (int)1>, split::split_unified_allocator<Hashinator::Info>> *, Hashinator::Hashmap<unsigned int, unsigned int, (unsigned int)4294967295, (unsigned int)4294967294, Hashinator::HashFunctions::Fibonacci<unsigned int>, Hashinator::Hashers::Hasher<unsigned int, unsigned int, Hashinator::HashFunctions::Fibonacci<unsigned int>, (unsigned int)4294967295, (unsigned int)4294967294, (int)32, (int)1>, split::split_unified_allocator<Hashinator::Info>> *, unsigned int *, unsigned int *, float, float, float, float, int, int, float, float, unsigned int *)"
0.0,29.3774,1022,0.0287,0.0140,0.0107,0.2134,0.0272,  85    1    1,  32    1    1,"evaluate_column_extents_kernel(unsigned int, const vmesh::VelocityMesh *, ColumnOffsets *, Column *, split::SplitVector<unsigned int, split::split_unified_allocator<unsigned int>> *, Hashinator::Hashmap<unsigned int, unsigned int, (unsigned int)4294967295, (unsigned int)4294967294, Hashinator::HashFunctions::Fibonacci<unsigned int>, Hashinator::Hashers::Hasher<unsigned int, unsigned int, Hashinator::HashFunctions::Fibonacci<unsigned int>, (unsigned int)4294967295, (unsigned int)4294967294, (int)32, (int)1>, split::split_unified_allocator<Hashinator::Info>> *, Hashinator::Hashmap<unsigned int, unsigned int, (unsigned int)4294967295, (unsigned int)4294967294, Hashinator::HashFunctions::Fibonacci<unsigned int>, Hashinator::Hashers::Hasher<unsigned int, unsigned int, Hashinator::HashFunctions::Fibonacci<unsigned int>, (unsigned int)4294967295, (unsigned int)4294967294, (int)32, (int)1>, split::split_unified_allocator<Hashinator::Info>> *, unsigned int *, unsigned int *, float, float, float, float, int, int, float, float, unsigned int *)"
0.0,29.2828,655,0.0447,0.0085,0.0048,0.4934,0.0615, 171    1    1,  64    1    1,"update_velocity_blocks_kernel(vmesh::VelocityMesh *, vmesh::VelocityBlockContainer *, split::SplitVector<unsigned int, split::split_unified_allocator<unsigned int>> *, split::SplitVector<Hashinator::hash_pair<unsigned int, unsigned int>, split::split_unified_allocator<Hashinator::hash_pair<unsigned int, unsigned int>>> *, split::SplitVector<Hashinator::hash_pair<unsigned int, unsigned int>, split::split_unified_allocator<Hashinator::hash_pair<unsigned int, unsigned int>>> *, split::SplitVector<Hashinator::hash_pair<unsigned int, unsigned int>, split::split_unified_allocator<Hashinator::hash_pair<unsigned int, unsigned int>>> *, unsigned int, unsigned int, unsigned int, float *)"
0.0,29.1450,936,0.0311,0.0093,0.0061,0.4111,0.0443,  61    1    1,1024    1    1,"update_neighbour_halo_kernel(vmesh::VelocityMesh *, unsigned int, unsigned int **, unsigned int *, Hashinator::Hashmap<unsigned int, unsigned int, (unsigned int)4294967295, (unsigned int)4294967294, Hashinator::HashFunctions::Fibonacci<unsigned int>, Hashinator::Hashers::Hasher<unsigned int, unsigned int, Hashinator::HashFunctions::Fibonacci<unsigned int>, (unsigned int)4294967295, (unsigned int)4294967294, (int)32, (int)1>, split::split_unified_allocator<Hashinator::Info>> *, Hashinator::Hashmap<unsigned int, unsigned int, (unsigned int)4294967295, (unsigned int)4294967294, Hashinator::HashFunctions::Fibonacci<unsigned int>, Hashinator::Hashers::Hasher<unsigned int, unsigned int, Hashinator::HashFunctions::Fibonacci<unsigned int>, (unsigned int)4294967295, (unsigned int)4294967294, (int)32, (int)1>, split::split_unified_allocator<Hashinator::Info>> *)"
0.0,29.0279,1210,0.0240,0.0092,0.0073,0.2430,0.0316,  90    1    1,  16    1    1,"reorder_blocks_by_dimension_kernel(vmesh::VelocityBlockContainer *, VecSimple<float> *, unsigned int *, unsigned int *, ColumnOffsets *)"
0.0,28.8110,1074,0.0268,0.0106,0.0062,0.2586,0.0332,  61    1    1,  16    1    1,"reorder_blocks_by_dimension_kernel(vmesh::VelocityBlockContainer *, VecSimple<float> *, unsigned int *, unsigned int *, ColumnOffsets *)"
0.0,28.5790,4095,0.0070,0.0069,0.0063,0.0100,0.0004, 393    1    1,  64    1    1,"update_velocity_block_content_lists_kernel(vmesh::VelocityMesh *, vmesh::VelocityBlockContainer *, Hashinator::Hashmap<unsigned int, unsigned int, (unsigned int)4294967295, (unsigned int)4294967294, Hashinator::HashFunctions::Fibonacci<unsigned int>, Hashinator::Hashers::Hasher<unsigned int, unsigned int, Hashinator::HashFunctions::Fibonacci<unsigned int>, (unsigned int)4294967295, (unsigned int)4294967294, (int)32, (int)1>, split::split_unified_allocator<Hashinator::Info>> *, Hashinator::Hashmap<unsigned int, unsigned int, (unsigned int)4294967295, (unsigned int)4294967294, Hashinator::HashFunctions::Fibonacci<unsigned int>, Hashinator::Hashers::Hasher<unsigned int, unsigned int, Hashinator::HashFunctions::Fibonacci<unsigned int>, (unsigned int)4294967295, (unsigned int)4294967294, (int)32, (int)1>, split::split_unified_allocator<Hashinator::Info>> *, double)"
0.0,28.5732,170,0.1681,0.1572,0.0753,0.5998,0.0701,  65    1    1,  16    1    1,"acceleration_kernel(const vmesh::VelocityMesh *, vmesh::VelocityBlockContainer *, VecSimple<float> *, unsigned int *, unsigned int *, Column *, unsigned int, float, float, float, float, float, float, float, float, unsigned long)"
0.0,28.4891,1049,0.0272,0.0138,0.0109,0.2136,0.0249,  87    1    1,  32    1    1,"evaluate_column_extents_kernel(unsigned int, const vmesh::VelocityMesh *, ColumnOffsets *, Column *, split::SplitVector<unsigned int, split::split_unified_allocator<unsigned int>> *, Hashinator::Hashmap<unsigned int, unsigned int, (unsigned int)4294967295, (unsigned int)4294967294, Hashinator::HashFunctions::Fibonacci<unsigned int>, Hashinator::Hashers::Hasher<unsigned int, unsigned int, Hashinator::HashFunctions::Fibonacci<unsigned int>, (unsigned int)4294967295, (unsigned int)4294967294, (int)32, (int)1>, split::split_unified_allocator<Hashinator::Info>> *, Hashinator::Hashmap<unsigned int, unsigned int, (unsigned int)4294967295, (unsigned int)4294967294, Hashinator::HashFunctions::Fibonacci<unsigned int>, Hashinator::Hashers::Hasher<unsigned int, unsigned int, Hashinator::HashFunctions::Fibonacci<unsigned int>, (unsigned int)4294967295, (unsigned int)4294967294, (int)32, (int)1>, split::split_unified_allocator<Hashinator::Info>> *, unsigned int *, unsigned int *, float, float, float, float, int, int, float, float, unsigned int *)"
0.0,28.2441,170,0.1661,0.1553,0.0803,0.3409,0.0562,  55    1    1,  16    1    1,"acceleration_kernel(const vmesh::VelocityMesh *, vmesh::VelocityBlockContainer *, VecSimple<float> *, unsigned int *, unsigned int *, Column *, unsigned int, float, float, float, float, float, float, float, float, unsigned long)"
0.0,27.9576,730,0.0383,0.0110,0.0079,0.2987,0.0474,  88    1    1, 832    1    1,"update_velocity_halo_kernel(vmesh::VelocityMesh *, unsigned int, unsigned int *, Hashinator::Hashmap<unsigned int, unsigned int, (unsigned int)4294967295, (unsigned int)4294967294, Hashinator::HashFunctions::Fibonacci<unsigned int>, Hashinator::Hashers::Hasher<unsigned int, unsigned int, Hashinator::HashFunctions::Fibonacci<unsigned int>, (unsigned int)4294967295, (unsigned int)4294967294, (int)32, (int)1>, split::split_unified_allocator<Hashinator::Info>> *, Hashinator::Hashmap<unsigned int, unsigned int, (unsigned int)4294967295, (unsigned int)4294967294, Hashinator::HashFunctions::Fibonacci<unsigned int>, Hashinator::Hashers::Hasher<unsigned int, unsigned int, Hashinator::HashFunctions::Fibonacci<unsigned int>, (unsigned int)4294967295, (unsigned int)4294967294, (int)32, (int)1>, split::split_unified_allocator<Hashinator::Info>> *)"
0.0,27.9437,1120,0.0249,0.0078,0.0063,0.1485,0.0285,  95    1    1,  64    1    1,"update_velocity_blocks_kernel(vmesh::VelocityMesh *, vmesh::VelocityBlockContainer *, split::SplitVector<unsigned int, split::split_unified_allocator<unsigned int>> *, split::SplitVector<Hashinator::hash_pair<unsigned int, unsigned int>, split::split_unified_allocator<Hashinator::hash_pair<unsigned int, unsigned int>>> *, split::SplitVector<Hashinator::hash_pair<unsigned int, unsigned int>, split::split_unified_allocator<Hashinator::hash_pair<unsigned int, unsigned int>>> *, split::SplitVector<Hashinator::hash_pair<unsigned int, unsigned int>, split::split_unified_allocator<Hashinator::hash_pair<unsigned int, unsigned int>>> *, unsigned int, unsigned int, unsigned int, float *)"
0.0,27.2869,719,0.0380,0.0071,0.0049,0.4068,0.0525, 170    1    1,  64    1    1,"update_velocity_blocks_kernel(vmesh::VelocityMesh *, vmesh::VelocityBlockContainer *, split::SplitVector<unsigned int, split::split_unified_allocator<unsigned int>> *, split::SplitVector<Hashinator::hash_pair<unsigned int, unsigned int>, split::split_unified_allocator<Hashinator::hash_pair<unsigned int, unsigned int>>> *, split::SplitVector<Hashinator::hash_pair<unsigned int, unsigned int>, split::split_unified_allocator<Hashinator::hash_pair<unsigned int, unsigned int>>> *, split::SplitVector<Hashinator::hash_pair<unsigned int, unsigned int>, split::split_unified_allocator<Hashinator::hash_pair<unsigned int, unsigned int>>> *, unsigned int, unsigned int, unsigned int, float *)"
0.0,27.2457,1824,0.0149,0.0036,0.0028,0.1611,0.0230,  22    1    1,  32    1    1,"blocksID_mapped_dim0_kernel(const vmesh::VelocityMesh *, unsigned int *, unsigned int *, unsigned int)"
0.0,27.2226,3907,0.0070,0.0069,0.0063,0.0099,0.0004, 391    1    1,  64    1    1,"update_velocity_block_content_lists_kernel(vmesh::VelocityMesh *, vmesh::VelocityBlockContainer *, Hashinator::Hashmap<unsigned int, unsigned int, (unsigned int)4294967295, (unsigned int)4294967294, Hashinator::HashFunctions::Fibonacci<unsigned int>, Hashinator::Hashers::Hasher<unsigned int, unsigned int, Hashinator::HashFunctions::Fibonacci<unsigned int>, (unsigned int)4294967295, (unsigned int)4294967294, (int)32, (int)1>, split::split_unified_allocator<Hashinator::Info>> *, Hashinator::Hashmap<unsigned int, unsigned int, (unsigned int)4294967295, (unsigned int)4294967294, Hashinator::HashFunctions::Fibonacci<unsigned int>, Hashinator::Hashers::Hasher<unsigned int, unsigned int, Hashinator::HashFunctions::Fibonacci<unsigned int>, (unsigned int)4294967295, (unsigned int)4294967294, (int)32, (int)1>, split::split_unified_allocator<Hashinator::Info>> *, double)"
0.0,27.1791,144,0.1887,0.1815,0.0050,0.6535,0.1104, 888    1    1,   4    4    4,"void spatial_cell::add_blocks_from_buffer_kernel<float>(const vmesh::VelocityMesh *, vmesh::VelocityBlockContainer *, unsigned int, const unsigned int *, const T1 *, unsigned int)"
0.0,26.8140,1800,0.0149,0.0033,0.0025,0.1581,0.0240,  25    1    1,  32    1    1,"blocksID_mapped_dim1_kernel(const vmesh::VelocityMesh *, unsigned int *, unsigned int *, unsigned int)"
0.0,26.7025,924,0.0289,0.0129,0.0088,0.1901,0.0314, 106    1    1,  16    1    1,"reorder_blocks_by_dimension_kernel(vmesh::VelocityBlockContainer *, VecSimple<float> *, unsigned int *, unsigned int *, ColumnOffsets *)"
0.0,26.4100,1728,0.0153,0.0032,0.0025,0.1404,0.0240,  12    1    1,  32    1    1,"blocksID_mapped_dim1_kernel(const vmesh::VelocityMesh *, unsigned int *, unsigned int *, unsigned int)"
0.0,26.3015,3762,0.0070,0.0069,0.0063,0.0114,0.0004, 390    1    1,  64    1    1,"update_velocity_block_content_lists_kernel(vmesh::VelocityMesh *, vmesh::VelocityBlockContainer *, Hashinator::Hashmap<unsigned int, unsigned int, (unsigned int)4294967295, (unsigned int)4294967294, Hashinator::HashFunctions::Fibonacci<unsigned int>, Hashinator::Hashers::Hasher<unsigned int, unsigned int, Hashinator::HashFunctions::Fibonacci<unsigned int>, (unsigned int)4294967295, (unsigned int)4294967294, (int)32, (int)1>, split::split_unified_allocator<Hashinator::Info>> *, Hashinator::Hashmap<unsigned int, unsigned int, (unsigned int)4294967295, (unsigned int)4294967294, Hashinator::HashFunctions::Fibonacci<unsigned int>, Hashinator::Hashers::Hasher<unsigned int, unsigned int, Hashinator::HashFunctions::Fibonacci<unsigned int>, (unsigned int)4294967295, (unsigned int)4294967294, (int)32, (int)1>, split::split_unified_allocator<Hashinator::Info>> *, double)"
0.0,26.1729,876,0.0299,0.0093,0.0061,0.2624,0.0401,  88    1    1,1024    1    1,"update_neighbour_halo_kernel(vmesh::VelocityMesh *, unsigned int, unsigned int **, unsigned int *, Hashinator::Hashmap<unsigned int, unsigned int, (unsigned int)4294967295, (unsigned int)4294967294, Hashinator::HashFunctions::Fibonacci<unsigned int>, Hashinator::Hashers::Hasher<unsigned int, unsigned int, Hashinator::HashFunctions::Fibonacci<unsigned int>, (unsigned int)4294967295, (unsigned int)4294967294, (int)32, (int)1>, split::split_unified_allocator<Hashinator::Info>> *, Hashinator::Hashmap<unsigned int, unsigned int, (unsigned int)4294967295, (unsigned int)4294967294, Hashinator::HashFunctions::Fibonacci<unsigned int>, Hashinator::Hashers::Hasher<unsigned int, unsigned int, Hashinator::HashFunctions::Fibonacci<unsigned int>, (unsigned int)4294967295, (unsigned int)4294967294, (int)32, (int)1>, split::split_unified_allocator<Hashinator::Info>> *)"
0.0,25.9547,920,0.0282,0.0090,0.0063,0.3535,0.0401,  64    1    1,1024    1    1,"update_neighbour_halo_kernel(vmesh::VelocityMesh *, unsigned int, unsigned int **, unsigned int *, Hashinator::Hashmap<unsigned int, unsigned int, (unsigned int)4294967295, (unsigned int)4294967294, Hashinator::HashFunctions::Fibonacci<unsigned int>, Hashinator::Hashers::Hasher<unsigned int, unsigned int, Hashinator::HashFunctions::Fibonacci<unsigned int>, (unsigned int)4294967295, (unsigned int)4294967294, (int)32, (int)1>, split::split_unified_allocator<Hashinator::Info>> *, Hashinator::Hashmap<unsigned int, unsigned int, (unsigned int)4294967295, (unsigned int)4294967294, Hashinator::HashFunctions::Fibonacci<unsigned int>, Hashinator::Hashers::Hasher<unsigned int, unsigned int, Hashinator::HashFunctions::Fibonacci<unsigned int>, (unsigned int)4294967295, (unsigned int)4294967294, (int)32, (int)1>, split::split_unified_allocator<Hashinator::Info>> *)"
0.0,25.8067,3712,0.0070,0.0068,0.0062,0.0126,0.0004, 364    1    1,  64    1    1,"update_velocity_block_content_lists_kernel(vmesh::VelocityMesh *, vmesh::VelocityBlockContainer *, Hashinator::Hashmap<unsigned int, unsigned int, (unsigned int)4294967295, (unsigned int)4294967294, Hashinator::HashFunctions::Fibonacci<unsigned int>, Hashinator::Hashers::Hasher<unsigned int, unsigned int, Hashinator::HashFunctions::Fibonacci<unsigned int>, (unsigned int)4294967295, (unsigned int)4294967294, (int)32, (int)1>, split::split_unified_allocator<Hashinator::Info>> *, Hashinator::Hashmap<unsigned int, unsigned int, (unsigned int)4294967295, (unsigned int)4294967294, Hashinator::HashFunctions::Fibonacci<unsigned int>, Hashinator::Hashers::Hasher<unsigned int, unsigned int, Hashinator::HashFunctions::Fibonacci<unsigned int>, (unsigned int)4294967295, (unsigned int)4294967294, (int)32, (int)1>, split::split_unified_allocator<Hashinator::Info>> *, double)"
0.0,25.7410,970,0.0265,0.0138,0.0106,0.1869,0.0242,  82    1    1,  32    1    1,"evaluate_column_extents_kernel(unsigned int, const vmesh::VelocityMesh *, ColumnOffsets *, Column *, split::SplitVector<unsigned int, split::split_unified_allocator<unsigned int>> *, Hashinator::Hashmap<unsigned int, unsigned int, (unsigned int)4294967295, (unsigned int)4294967294, Hashinator::HashFunctions::Fibonacci<unsigned int>, Hashinator::Hashers::Hasher<unsigned int, unsigned int, Hashinator::HashFunctions::Fibonacci<unsigned int>, (unsigned int)4294967295, (unsigned int)4294967294, (int)32, (int)1>, split::split_unified_allocator<Hashinator::Info>> *, Hashinator::Hashmap<unsigned int, unsigned int, (unsigned int)4294967295, (unsigned int)4294967294, Hashinator::HashFunctions::Fibonacci<unsigned int>, Hashinator::Hashers::Hasher<unsigned int, unsigned int, Hashinator::HashFunctions::Fibonacci<unsigned int>, (unsigned int)4294967295, (unsigned int)4294967294, (int)32, (int)1>, split::split_unified_allocator<Hashinator::Info>> *, unsigned int *, unsigned int *, float, float, float, float, int, int, float, float, unsigned int *)"
0.0,25.5821,924,0.0277,0.0140,0.0110,0.2219,0.0256, 106    1    1,  32    1    1,"evaluate_column_extents_kernel(unsigned int, const vmesh::VelocityMesh *, ColumnOffsets *, Column *, split::SplitVector<unsigned int, split::split_unified_allocator<unsigned int>> *, Hashinator::Hashmap<unsigned int, unsigned int, (unsigned int)4294967295, (unsigned int)4294967294, Hashinator::HashFunctions::Fibonacci<unsigned int>, Hashinator::Hashers::Hasher<unsigned int, unsigned int, Hashinator::HashFunctions::Fibonacci<unsigned int>, (unsigned int)4294967295, (unsigned int)4294967294, (int)32, (int)1>, split::split_unified_allocator<Hashinator::Info>> *, Hashinator::Hashmap<unsigned int, unsigned int, (unsigned int)4294967295, (unsigned int)4294967294, Hashinator::HashFunctions::Fibonacci<unsigned int>, Hashinator::Hashers::Hasher<unsigned int, unsigned int, Hashinator::HashFunctions::Fibonacci<unsigned int>, (unsigned int)4294967295, (unsigned int)4294967294, (int)32, (int)1>, split::split_unified_allocator<Hashinator::Info>> *, unsigned int *, unsigned int *, float, float, float, float, int, int, float, float, unsigned int *)"
0.0,25.4023,105,0.2419,0.2384,0.0052,0.6978,0.1335,1472    1    1,   4    4    4,"void spatial_cell::add_blocks_from_buffer_kernel<float>(const vmesh::VelocityMesh *, vmesh::VelocityBlockContainer *, unsigned int, const unsigned int *, const T1 *, unsigned int)"
0.0,25.3024,1022,0.0248,0.0103,0.0071,0.2176,0.0301,  85    1    1,  16    1    1,"reorder_blocks_by_dimension_kernel(vmesh::VelocityBlockContainer *, VecSimple<float> *, unsigned int *, unsigned int *, ColumnOffsets *)"
0.0,25.1879,975,0.0258,0.0079,0.0063,0.1922,0.0307,  74    1    1,  64    1    1,"update_velocity_blocks_kernel(vmesh::VelocityMesh *, vmesh::VelocityBlockContainer *, split::SplitVector<unsigned int, split::split_unified_allocator<unsigned int>> *, split::SplitVector<Hashinator::hash_pair<unsigned int, unsigned int>, split::split_unified_allocator<Hashinator::hash_pair<unsigned int, unsigned int>>> *, split::SplitVector<Hashinator::hash_pair<unsigned int, unsigned int>, split::split_unified_allocator<Hashinator::hash_pair<unsigned int, unsigned int>>> *, split::SplitVector<Hashinator::hash_pair<unsigned int, unsigned int>, split::split_unified_allocator<Hashinator::hash_pair<unsigned int, unsigned int>>> *, unsigned int, unsigned int, unsigned int, float *)"
0.0,24.8884,840,0.0296,0.0123,0.0088,0.2442,0.0342, 104    1    1,  16    1    1,"reorder_blocks_by_dimension_kernel(vmesh::VelocityBlockContainer *, VecSimple<float> *, unsigned int *, unsigned int *, ColumnOffsets *)"
0.0,24.7769,1040,0.0238,0.0096,0.0073,0.2107,0.0312,  86    1    1,  16    1    1,"reorder_blocks_by_dimension_kernel(vmesh::VelocityBlockContainer *, VecSimple<float> *, unsigned int *, unsigned int *, ColumnOffsets *)"
0.0,24.3388,945,0.0258,0.0080,0.0063,0.2177,0.0314,  92    1    1,  64    1    1,"update_velocity_blocks_kernel(vmesh::VelocityMesh *, vmesh::VelocityBlockContainer *, split::SplitVector<unsigned int, split::split_unified_allocator<unsigned int>> *, split::SplitVector<Hashinator::hash_pair<unsigned int, unsigned int>, split::split_unified_allocator<Hashinator::hash_pair<unsigned int, unsigned int>>> *, split::SplitVector<Hashinator::hash_pair<unsigned int, unsigned int>, split::split_unified_allocator<Hashinator::hash_pair<unsigned int, unsigned int>>> *, split::SplitVector<Hashinator::hash_pair<unsigned int, unsigned int>, split::split_unified_allocator<Hashinator::hash_pair<unsigned int, unsigned int>>> *, unsigned int, unsigned int, unsigned int, float *)"
0.0,24.2054,937,0.0258,0.0078,0.0063,0.2263,0.0306,  88    1    1,  64    1    1,"update_velocity_blocks_kernel(vmesh::VelocityMesh *, vmesh::VelocityBlockContainer *, split::SplitVector<unsigned int, split::split_unified_allocator<unsigned int>> *, split::SplitVector<Hashinator::hash_pair<unsigned int, unsigned int>, split::split_unified_allocator<Hashinator::hash_pair<unsigned int, unsigned int>>> *, split::SplitVector<Hashinator::hash_pair<unsigned int, unsigned int>, split::split_unified_allocator<Hashinator::hash_pair<unsigned int, unsigned int>>> *, split::SplitVector<Hashinator::hash_pair<unsigned int, unsigned int>, split::split_unified_allocator<Hashinator::hash_pair<unsigned int, unsigned int>>> *, unsigned int, unsigned int, unsigned int, float *)"
0.0,24.1943,624,0.0388,0.0160,0.0126,0.2780,0.0403, 272    1    1, 832    1    1,"update_velocity_halo_kernel(vmesh::VelocityMesh *, unsigned int, unsigned int *, Hashinator::Hashmap<unsigned int, unsigned int, (unsigned int)4294967295, (unsigned int)4294967294, Hashinator::HashFunctions::Fibonacci<unsigned int>, Hashinator::Hashers::Hasher<unsigned int, unsigned int, Hashinator::HashFunctions::Fibonacci<unsigned int>, (unsigned int)4294967295, (unsigned int)4294967294, (int)32, (int)1>, split::split_unified_allocator<Hashinator::Info>> *, Hashinator::Hashmap<unsigned int, unsigned int, (unsigned int)4294967295, (unsigned int)4294967294, Hashinator::HashFunctions::Fibonacci<unsigned int>, Hashinator::Hashers::Hasher<unsigned int, unsigned int, Hashinator::HashFunctions::Fibonacci<unsigned int>, (unsigned int)4294967295, (unsigned int)4294967294, (int)32, (int)1>, split::split_unified_allocator<Hashinator::Info>> *)"
0.0,23.5854,855,0.0276,0.0081,0.0062,0.2843,0.0322, 100    1    1,  64    1    1,"update_velocity_blocks_kernel(vmesh::VelocityMesh *, vmesh::VelocityBlockContainer *, split::SplitVector<unsigned int, split::split_unified_allocator<unsigned int>> *, split::SplitVector<Hashinator::hash_pair<unsigned int, unsigned int>, split::split_unified_allocator<Hashinator::hash_pair<unsigned int, unsigned int>>> *, split::SplitVector<Hashinator::hash_pair<unsigned int, unsigned int>, split::split_unified_allocator<Hashinator::hash_pair<unsigned int, unsigned int>>> *, split::SplitVector<Hashinator::hash_pair<unsigned int, unsigned int>, split::split_unified_allocator<Hashinator::hash_pair<unsigned int, unsigned int>>> *, unsigned int, unsigned int, unsigned int, float *)"
0.0,23.4162,132,0.1774,0.1662,0.0807,0.4892,0.0625,  63    1    1,  16    1    1,"acceleration_kernel(const vmesh::VelocityMesh *, vmesh::VelocityBlockContainer *, VecSimple<float> *, unsigned int *, unsigned int *, Column *, unsigned int, float, float, float, float, float, float, float, float, unsigned long)"
0.0,23.3981,3351,0.0070,0.0069,0.0063,0.0097,0.0004, 394    1    1,  64    1    1,"update_velocity_block_content_lists_kernel(vmesh::VelocityMesh *, vmesh::VelocityBlockContainer *, Hashinator::Hashmap<unsigned int, unsigned int, (unsigned int)4294967295, (unsigned int)4294967294, Hashinator::HashFunctions::Fibonacci<unsigned int>, Hashinator::Hashers::Hasher<unsigned int, unsigned int, Hashinator::HashFunctions::Fibonacci<unsigned int>, (unsigned int)4294967295, (unsigned int)4294967294, (int)32, (int)1>, split::split_unified_allocator<Hashinator::Info>> *, Hashinator::Hashmap<unsigned int, unsigned int, (unsigned int)4294967295, (unsigned int)4294967294, Hashinator::HashFunctions::Fibonacci<unsigned int>, Hashinator::Hashers::Hasher<unsigned int, unsigned int, Hashinator::HashFunctions::Fibonacci<unsigned int>, (unsigned int)4294967295, (unsigned int)4294967294, (int)32, (int)1>, split::split_unified_allocator<Hashinator::Info>> *, double)"
0.0,23.3435,840,0.0278,0.0078,0.0062,0.2198,0.0336, 112    1    1,  64    1    1,"update_velocity_blocks_kernel(vmesh::VelocityMesh *, vmesh::VelocityBlockContainer *, split::SplitVector<unsigned int, split::split_unified_allocator<unsigned int>> *, split::SplitVector<Hashinator::hash_pair<unsigned int, unsigned int>, split::split_unified_allocator<Hashinator::hash_pair<unsigned int, unsigned int>>> *, split::SplitVector<Hashinator::hash_pair<unsigned int, unsigned int>, split::split_unified_allocator<Hashinator::hash_pair<unsigned int, unsigned int>>> *, split::SplitVector<Hashinator::hash_pair<unsigned int, unsigned int>, split::split_unified_allocator<Hashinator::hash_pair<unsigned int, unsigned int>>> *, unsigned int, unsigned int, unsigned int, float *)"
0.0,23.3420,840,0.0278,0.0140,0.0107,0.1747,0.0251, 104    1    1,  32    1    1,"evaluate_column_extents_kernel(unsigned int, const vmesh::VelocityMesh *, ColumnOffsets *, Column *, split::SplitVector<unsigned int, split::split_unified_allocator<unsigned int>> *, Hashinator::Hashmap<unsigned int, unsigned int, (unsigned int)4294967295, (unsigned int)4294967294, Hashinator::HashFunctions::Fibonacci<unsigned int>, Hashinator::Hashers::Hasher<unsigned int, unsigned int, Hashinator::HashFunctions::Fibonacci<unsigned int>, (unsigned int)4294967295, (unsigned int)4294967294, (int)32, (int)1>, split::split_unified_allocator<Hashinator::Info>> *, Hashinator::Hashmap<unsigned int, unsigned int, (unsigned int)4294967295, (unsigned int)4294967294, Hashinator::HashFunctions::Fibonacci<unsigned int>, Hashinator::Hashers::Hasher<unsigned int, unsigned int, Hashinator::HashFunctions::Fibonacci<unsigned int>, (unsigned int)4294967295, (unsigned int)4294967294, (int)32, (int)1>, split::split_unified_allocator<Hashinator::Info>> *, unsigned int *, unsigned int *, float, float, float, float, int, int, float, float, unsigned int *)"
0.0,23.1050,1320,0.0175,0.0045,0.0036,0.1549,0.0224,  29    1    1,  32    1    1,"order_GIDs_kernel(const vmesh::VelocityMesh *, unsigned int *, unsigned int *, unsigned int, unsigned int *, unsigned int *, unsigned int, ColumnOffsets *)"
0.0,23.0803,132,0.1749,0.1567,0.0655,0.5160,0.0717,  73    1    1,  16    1    1,"acceleration_kernel(const vmesh::VelocityMesh *, vmesh::VelocityBlockContainer *, VecSimple<float> *, unsigned int *, unsigned int *, Column *, unsigned int, float, float, float, float, float, float, float, float, unsigned long)"
0.0,22.9756,1536,0.0150,0.0036,0.0029,0.1536,0.0228,  13    1    1,  32    1    1,"blocksID_mapped_dim0_kernel(const vmesh::VelocityMesh *, unsigned int *, unsigned int *, unsigned int)"
0.0,22.7255,96,0.2367,0.2300,0.1019,0.4059,0.0553,  44    1    1,  16    1    1,"acceleration_kernel(const vmesh::VelocityMesh *, vmesh::VelocityBlockContainer *, VecSimple<float> *, unsigned int *, unsigned int *, Column *, unsigned int, float, float, float, float, float, float, float, float, unsigned long)"
0.0,22.7104,720,0.0315,0.0121,0.0088,0.2352,0.0365, 108    1    1,  16    1    1,"reorder_blocks_by_dimension_kernel(vmesh::VelocityBlockContainer *, VecSimple<float> *, unsigned int *, unsigned int *, ColumnOffsets *)"
0.0,22.6364,522,0.0434,0.0081,0.0051,0.4287,0.0577, 276    1    1,  64    1    1,"update_velocity_blocks_kernel(vmesh::VelocityMesh *, vmesh::VelocityBlockContainer *, split::SplitVector<unsigned int, split::split_unified_allocator<unsigned int>> *, split::SplitVector<Hashinator::hash_pair<unsigned int, unsigned int>, split::split_unified_allocator<Hashinator::hash_pair<unsigned int, unsigned int>>> *, split::SplitVector<Hashinator::hash_pair<unsigned int, unsigned int>, split::split_unified_allocator<Hashinator::hash_pair<unsigned int, unsigned int>>> *, split::SplitVector<Hashinator::hash_pair<unsigned int, unsigned int>, split::split_unified_allocator<Hashinator::hash_pair<unsigned int, unsigned int>>> *, unsigned int, unsigned int, unsigned int, float *)"
0.0,22.3619,858,0.0261,0.0079,0.0063,0.2051,0.0311,  76    1    1,  64    1    1,"update_velocity_blocks_kernel(vmesh::VelocityMesh *, vmesh::VelocityBlockContainer *, split::SplitVector<unsigned int, split::split_unified_allocator<unsigned int>> *, split::SplitVector<Hashinator::hash_pair<unsigned int, unsigned int>, split::split_unified_allocator<Hashinator::hash_pair<unsigned int, unsigned int>>> *, split::SplitVector<Hashinator::hash_pair<unsigned int, unsigned int>, split::split_unified_allocator<Hashinator::hash_pair<unsigned int, unsigned int>>> *, split::SplitVector<Hashinator::hash_pair<unsigned int, unsigned int>, split::split_unified_allocator<Hashinator::hash_pair<unsigned int, unsigned int>>> *, unsigned int, unsigned int, unsigned int, float *)"
0.0,22.0926,755,0.0293,0.0083,0.0064,0.2177,0.0335,  73    1    1,  64    1    1,"update_velocity_blocks_kernel(vmesh::VelocityMesh *, vmesh::VelocityBlockContainer *, split::SplitVector<unsigned int, split::split_unified_allocator<unsigned int>> *, split::SplitVector<Hashinator::hash_pair<unsigned int, unsigned int>, split::split_unified_allocator<Hashinator::hash_pair<unsigned int, unsigned int>>> *, split::SplitVector<Hashinator::hash_pair<unsigned int, unsigned int>, split::split_unified_allocator<Hashinator::hash_pair<unsigned int, unsigned int>>> *, split::SplitVector<Hashinator::hash_pair<unsigned int, unsigned int>, split::split_unified_allocator<Hashinator::hash_pair<unsigned int, unsigned int>>> *, unsigned int, unsigned int, unsigned int, float *)"
0.0,22.0640,1488,0.0148,0.0033,0.0026,0.1731,0.0241,  18    1    1,  32    1    1,"blocksID_mapped_dim2_kernel(const vmesh::VelocityMesh *, unsigned int *, unsigned int *, unsigned int)"
0.0,21.8393,687,0.0318,0.0142,0.0107,0.2936,0.0369, 112    1    1,  16    1    1,"reorder_blocks_by_dimension_kernel(vmesh::VelocityBlockContainer *, VecSimple<float> *, unsigned int *, unsigned int *, ColumnOffsets *)"
0.0,21.7999,811,0.0269,0.0078,0.0063,0.2567,0.0327,  93    1    1,  64    1    1,"update_velocity_blocks_kernel(vmesh::VelocityMesh *, vmesh::VelocityBlockContainer *, split::SplitVector<unsigned int, split::split_unified_allocator<unsigned int>> *, split::SplitVector<Hashinator::hash_pair<unsigned int, unsigned int>, split::split_unified_allocator<Hashinator::hash_pair<unsigned int, unsigned int>>> *, split::SplitVector<Hashinator::hash_pair<unsigned int, unsigned int>, split::split_unified_allocator<Hashinator::hash_pair<unsigned int, unsigned int>>> *, split::SplitVector<Hashinator::hash_pair<unsigned int, unsigned int>, split::split_unified_allocator<Hashinator::hash_pair<unsigned int, unsigned int>>> *, unsigned int, unsigned int, unsigned int, float *)"
0.0,21.6719,970,0.0223,0.0095,0.0072,0.2619,0.0308,  82    1    1,  16    1    1,"reorder_blocks_by_dimension_kernel(vmesh::VelocityBlockContainer *, VecSimple<float> *, unsigned int *, unsigned int *, ColumnOffsets *)"
0.0,21.4661,1536,0.0140,0.0033,0.0026,0.1335,0.0222,  15    1    1,  32    1    1,"blocksID_mapped_dim1_kernel(const vmesh::VelocityMesh *, unsigned int *, unsigned int *, unsigned int)"
0.0,21.4244,88,0.2435,0.2371,0.1260,0.5334,0.0778, 123    1    1,  16    1    1,"acceleration_kernel(const vmesh::VelocityMesh *, vmesh::VelocityBlockContainer *, VecSimple<float> *, unsigned int *, unsigned int *, Column *, unsigned int, float, float, float, float, float, float, float, float, unsigned long)"
0.0,21.3876,785,0.0272,0.0134,0.0106,0.1699,0.0247,  68    1    1,  32    1    1,"evaluate_column_extents_kernel(unsigned int, const vmesh::VelocityMesh *, ColumnOffsets *, Column *, split::SplitVector<unsigned int, split::split_unified_allocator<unsigned int>> *, Hashinator::Hashmap<unsigned int, unsigned int, (unsigned int)4294967295, (unsigned int)4294967294, Hashinator::HashFunctions::Fibonacci<unsigned int>, Hashinator::Hashers::Hasher<unsigned int, unsigned int, Hashinator::HashFunctions::Fibonacci<unsigned int>, (unsigned int)4294967295, (unsigned int)4294967294, (int)32, (int)1>, split::split_unified_allocator<Hashinator::Info>> *, Hashinator::Hashmap<unsigned int, unsigned int, (unsigned int)4294967295, (unsigned int)4294967294, Hashinator::HashFunctions::Fibonacci<unsigned int>, Hashinator::Hashers::Hasher<unsigned int, unsigned int, Hashinator::HashFunctions::Fibonacci<unsigned int>, (unsigned int)4294967295, (unsigned int)4294967294, (int)32, (int)1>, split::split_unified_allocator<Hashinator::Info>> *, unsigned int *, unsigned int *, float, float, float, float, int, int, float, float, unsigned int *)"
0.0,21.3514,742,0.0288,0.0082,0.0062,0.1736,0.0331,  99    1    1,  64    1    1,"update_velocity_blocks_kernel(vmesh::VelocityMesh *, vmesh::VelocityBlockContainer *, split::SplitVector<unsigned int, split::split_unified_allocator<unsigned int>> *, split::SplitVector<Hashinator::hash_pair<unsigned int, unsigned int>, split::split_unified_allocator<Hashinator::hash_pair<unsigned int, unsigned int>>> *, split::SplitVector<Hashinator::hash_pair<unsigned int, unsigned int>, split::split_unified_allocator<Hashinator::hash_pair<unsigned int, unsigned int>>> *, split::SplitVector<Hashinator::hash_pair<unsigned int, unsigned int>, split::split_unified_allocator<Hashinator::hash_pair<unsigned int, unsigned int>>> *, unsigned int, unsigned int, unsigned int, float *)"
0.0,21.2379,749,0.0284,0.0082,0.0062,0.2436,0.0344, 109    1    1,  64    1    1,"update_velocity_blocks_kernel(vmesh::VelocityMesh *, vmesh::VelocityBlockContainer *, split::SplitVector<unsigned int, split::split_unified_allocator<unsigned int>> *, split::SplitVector<Hashinator::hash_pair<unsigned int, unsigned int>, split::split_unified_allocator<Hashinator::hash_pair<unsigned int, unsigned int>>> *, split::SplitVector<Hashinator::hash_pair<unsigned int, unsigned int>, split::split_unified_allocator<Hashinator::hash_pair<unsigned int, unsigned int>>> *, split::SplitVector<Hashinator::hash_pair<unsigned int, unsigned int>, split::split_unified_allocator<Hashinator::hash_pair<unsigned int, unsigned int>>> *, unsigned int, unsigned int, unsigned int, float *)"
0.0,20.9323,88,0.2379,0.2294,0.1220,0.4328,0.0661, 127    1    1,  16    1    1,"acceleration_kernel(const vmesh::VelocityMesh *, vmesh::VelocityBlockContainer *, VecSimple<float> *, unsigned int *, unsigned int *, Column *, unsigned int, float, float, float, float, float, float, float, float, unsigned long)"
0.0,20.8896,624,0.0335,0.0094,0.0063,0.4097,0.0446,  57    1    1,1024    1    1,"update_neighbour_halo_kernel(vmesh::VelocityMesh *, unsigned int, unsigned int **, unsigned int *, Hashinator::Hashmap<unsigned int, unsigned int, (unsigned int)4294967295, (unsigned int)4294967294, Hashinator::HashFunctions::Fibonacci<unsigned int>, Hashinator::Hashers::Hasher<unsigned int, unsigned int, Hashinator::HashFunctions::Fibonacci<unsigned int>, (unsigned int)4294967295, (unsigned int)4294967294, (int)32, (int)1>, split::split_unified_allocator<Hashinator::Info>> *, Hashinator::Hashmap<unsigned int, unsigned int, (unsigned int)4294967295, (unsigned int)4294967294, Hashinator::HashFunctions::Fibonacci<unsigned int>, Hashinator::Hashers::Hasher<unsigned int, unsigned int, Hashinator::HashFunctions::Fibonacci<unsigned int>, (unsigned int)4294967295, (unsigned int)4294967294, (int)32, (int)1>, split::split_unified_allocator<Hashinator::Info>> *)"
0.0,20.8478,846,0.0246,0.0076,0.0063,0.2140,0.0301,  80    1    1,  64    1    1,"update_velocity_blocks_kernel(vmesh::VelocityMesh *, vmesh::VelocityBlockContainer *, split::SplitVector<unsigned int, split::split_unified_allocator<unsigned int>> *, split::SplitVector<Hashinator::hash_pair<unsigned int, unsigned int>, split::split_unified_allocator<Hashinator::hash_pair<unsigned int, unsigned int>>> *, split::SplitVector<Hashinator::hash_pair<unsigned int, unsigned int>, split::split_unified_allocator<Hashinator::hash_pair<unsigned int, unsigned int>>> *, split::SplitVector<Hashinator::hash_pair<unsigned int, unsigned int>, split::split_unified_allocator<Hashinator::hash_pair<unsigned int, unsigned int>>> *, unsigned int, unsigned int, unsigned int, float *)"
0.0,20.6996,560,0.0370,0.0167,0.0107,0.2085,0.0375, 116    1    1,  16    1    1,"reorder_blocks_by_dimension_kernel(vmesh::VelocityBlockContainer *, VecSimple<float> *, unsigned int *, unsigned int *, ColumnOffsets *)"
0.0,20.6964,568,0.0364,0.0132,0.0101,0.3628,0.0425, 168    1    1, 832    1    1,"update_velocity_halo_kernel(vmesh::VelocityMesh *, unsigned int, unsigned int *, Hashinator::Hashmap<unsigned int, unsigned int, (unsigned int)4294967295, (unsigned int)4294967294, Hashinator::HashFunctions::Fibonacci<unsigned int>, Hashinator::Hashers::Hasher<unsigned int, unsigned int, Hashinator::HashFunctions::Fibonacci<unsigned int>, (unsigned int)4294967295, (unsigned int)4294967294, (int)32, (int)1>, split::split_unified_allocator<Hashinator::Info>> *, Hashinator::Hashmap<unsigned int, unsigned int, (unsigned int)4294967295, (unsigned int)4294967294, Hashinator::HashFunctions::Fibonacci<unsigned int>, Hashinator::Hashers::Hasher<unsigned int, unsigned int, Hashinator::HashFunctions::Fibonacci<unsigned int>, (unsigned int)4294967295, (unsigned int)4294967294, (int)32, (int)1>, split::split_unified_allocator<Hashinator::Info>> *)"
0.0,20.5627,700,0.0294,0.0117,0.0086,0.2446,0.0346,  98    1    1,  16    1    1,"reorder_blocks_by_dimension_kernel(vmesh::VelocityBlockContainer *, VecSimple<float> *, unsigned int *, unsigned int *, ColumnOffsets *)"
0.0,20.4454,818,0.0250,0.0080,0.0063,0.2226,0.0297,  59    1    1,  64    1    1,"update_velocity_blocks_kernel(vmesh::VelocityMesh *, vmesh::VelocityBlockContainer *, split::SplitVector<unsigned int, split::split_unified_allocator<unsigned int>> *, split::SplitVector<Hashinator::hash_pair<unsigned int, unsigned int>, split::split_unified_allocator<Hashinator::hash_pair<unsigned int, unsigned int>>> *, split::SplitVector<Hashinator::hash_pair<unsigned int, unsigned int>, split::split_unified_allocator<Hashinator::hash_pair<unsigned int, unsigned int>>> *, split::SplitVector<Hashinator::hash_pair<unsigned int, unsigned int>, split::split_unified_allocator<Hashinator::hash_pair<unsigned int, unsigned int>>> *, unsigned int, unsigned int, unsigned int, float *)"
0.0,20.2581,720,0.0281,0.0142,0.0108,0.1663,0.0251, 108    1    1,  32    1    1,"evaluate_column_extents_kernel(unsigned int, const vmesh::VelocityMesh *, ColumnOffsets *, Column *, split::SplitVector<unsigned int, split::split_unified_allocator<unsigned int>> *, Hashinator::Hashmap<unsigned int, unsigned int, (unsigned int)4294967295, (unsigned int)4294967294, Hashinator::HashFunctions::Fibonacci<unsigned int>, Hashinator::Hashers::Hasher<unsigned int, unsigned int, Hashinator::HashFunctions::Fibonacci<unsigned int>, (unsigned int)4294967295, (unsigned int)4294967294, (int)32, (int)1>, split::split_unified_allocator<Hashinator::Info>> *, Hashinator::Hashmap<unsigned int, unsigned int, (unsigned int)4294967295, (unsigned int)4294967294, Hashinator::HashFunctions::Fibonacci<unsigned int>, Hashinator::Hashers::Hasher<unsigned int, unsigned int, Hashinator::HashFunctions::Fibonacci<unsigned int>, (unsigned int)4294967295, (unsigned int)4294967294, (int)32, (int)1>, split::split_unified_allocator<Hashinator::Info>> *, unsigned int *, unsigned int *, float, float, float, float, int, int, float, float, unsigned int *)"
0.0,20.1585,2883,0.0070,0.0069,0.0063,0.0948,0.0017, 389    1    1,  64    1    1,"update_velocity_block_content_lists_kernel(vmesh::VelocityMesh *, vmesh::VelocityBlockContainer *, Hashinator::Hashmap<unsigned int, unsigned int, (unsigned int)4294967295, (unsigned int)4294967294, Hashinator::HashFunctions::Fibonacci<unsigned int>, Hashinator::Hashers::Hasher<unsigned int, unsigned int, Hashinator::HashFunctions::Fibonacci<unsigned int>, (unsigned int)4294967295, (unsigned int)4294967294, (int)32, (int)1>, split::split_unified_allocator<Hashinator::Info>> *, Hashinator::Hashmap<unsigned int, unsigned int, (unsigned int)4294967295, (unsigned int)4294967294, Hashinator::HashFunctions::Fibonacci<unsigned int>, Hashinator::Hashers::Hasher<unsigned int, unsigned int, Hashinator::HashFunctions::Fibonacci<unsigned int>, (unsigned int)4294967295, (unsigned int)4294967294, (int)32, (int)1>, split::split_unified_allocator<Hashinator::Info>> *, double)"
0.0,20.1492,770,0.0262,0.0079,0.0063,0.1769,0.0309,  62    1    1,  64    1    1,"update_velocity_blocks_kernel(vmesh::VelocityMesh *, vmesh::VelocityBlockContainer *, split::SplitVector<unsigned int, split::split_unified_allocator<unsigned int>> *, split::SplitVector<Hashinator::hash_pair<unsigned int, unsigned int>, split::split_unified_allocator<Hashinator::hash_pair<unsigned int, unsigned int>>> *, split::SplitVector<Hashinator::hash_pair<unsigned int, unsigned int>, split::split_unified_allocator<Hashinator::hash_pair<unsigned int, unsigned int>>> *, split::SplitVector<Hashinator::hash_pair<unsigned int, unsigned int>, split::split_unified_allocator<Hashinator::hash_pair<unsigned int, unsigned int>>> *, unsigned int, unsigned int, unsigned int, float *)"
0.0,20.0535,758,0.0265,0.0079,0.0062,0.2128,0.0310,  77    1    1,  64    1    1,"update_velocity_blocks_kernel(vmesh::VelocityMesh *, vmesh::VelocityBlockContainer *, split::SplitVector<unsigned int, split::split_unified_allocator<unsigned int>> *, split::SplitVector<Hashinator::hash_pair<unsigned int, unsigned int>, split::split_unified_allocator<Hashinator::hash_pair<unsigned int, unsigned int>>> *, split::SplitVector<Hashinator::hash_pair<unsigned int, unsigned int>, split::split_unified_allocator<Hashinator::hash_pair<unsigned int, unsigned int>>> *, split::SplitVector<Hashinator::hash_pair<unsigned int, unsigned int>, split::split_unified_allocator<Hashinator::hash_pair<unsigned int, unsigned int>>> *, unsigned int, unsigned int, unsigned int, float *)"
0.0,19.9125,710,0.0280,0.0099,0.0066,0.3287,0.0388, 122    1    1,1024    1    1,"update_neighbour_halo_kernel(vmesh::VelocityMesh *, unsigned int, unsigned int **, unsigned int *, Hashinator::Hashmap<unsigned int, unsigned int, (unsigned int)4294967295, (unsigned int)4294967294, Hashinator::HashFunctions::Fibonacci<unsigned int>, Hashinator::Hashers::Hasher<unsigned int, unsigned int, Hashinator::HashFunctions::Fibonacci<unsigned int>, (unsigned int)4294967295, (unsigned int)4294967294, (int)32, (int)1>, split::split_unified_allocator<Hashinator::Info>> *, Hashinator::Hashmap<unsigned int, unsigned int, (unsigned int)4294967295, (unsigned int)4294967294, Hashinator::HashFunctions::Fibonacci<unsigned int>, Hashinator::Hashers::Hasher<unsigned int, unsigned int, Hashinator::HashFunctions::Fibonacci<unsigned int>, (unsigned int)4294967295, (unsigned int)4294967294, (int)32, (int)1>, split::split_unified_allocator<Hashinator::Info>> *)"
0.0,19.9069,1374,0.0145,0.0032,0.0025,0.2086,0.0238,  14    1    1,  32    1    1,"blocksID_mapped_dim2_kernel(const vmesh::VelocityMesh *, unsigned int *, unsigned int *, unsigned int)"
0.0,19.6867,2825,0.0070,0.0069,0.0063,0.0299,0.0006, 388    1    1,  64    1    1,"update_velocity_block_content_lists_kernel(vmesh::VelocityMesh *, vmesh::VelocityBlockContainer *, Hashinator::Hashmap<unsigned int, unsigned int, (unsigned int)4294967295, (unsigned int)4294967294, Hashinator::HashFunctions::Fibonacci<unsigned int>, Hashinator::Hashers::Hasher<unsigned int, unsigned int, Hashinator::HashFunctions::Fibonacci<unsigned int>, (unsigned int)4294967295, (unsigned int)4294967294, (int)32, (int)1>, split::split_unified_allocator<Hashinator::Info>> *, Hashinator::Hashmap<unsigned int, unsigned int, (unsigned int)4294967295, (unsigned int)4294967294, Hashinator::HashFunctions::Fibonacci<unsigned int>, Hashinator::Hashers::Hasher<unsigned int, unsigned int, Hashinator::HashFunctions::Fibonacci<unsigned int>, (unsigned int)4294967295, (unsigned int)4294967294, (int)32, (int)1>, split::split_unified_allocator<Hashinator::Info>> *, double)"
0.0,19.4434,478,0.0407,0.0077,0.0049,0.4285,0.0538, 172    1    1,  64    1    1,"update_velocity_blocks_kernel(vmesh::VelocityMesh *, vmesh::VelocityBlockContainer *, split::SplitVector<unsigned int, split::split_unified_allocator<unsigned int>> *, split::SplitVector<Hashinator::hash_pair<unsigned int, unsigned int>, split::split_unified_allocator<Hashinator::hash_pair<unsigned int, unsigned int>>> *, split::SplitVector<Hashinator::hash_pair<unsigned int, unsigned int>, split::split_unified_allocator<Hashinator::hash_pair<unsigned int, unsigned int>>> *, split::SplitVector<Hashinator::hash_pair<unsigned int, unsigned int>, split::split_unified_allocator<Hashinator::hash_pair<unsigned int, unsigned int>>> *, unsigned int, unsigned int, unsigned int, float *)"
0.0,19.4356,536,0.0363,0.0113,0.0082,0.2997,0.0452, 136    1    1, 832    1    1,"update_velocity_halo_kernel(vmesh::VelocityMesh *, unsigned int, unsigned int *, Hashinator::Hashmap<unsigned int, unsigned int, (unsigned int)4294967295, (unsigned int)4294967294, Hashinator::HashFunctions::Fibonacci<unsigned int>, Hashinator::Hashers::Hasher<unsigned int, unsigned int, Hashinator::HashFunctions::Fibonacci<unsigned int>, (unsigned int)4294967295, (unsigned int)4294967294, (int)32, (int)1>, split::split_unified_allocator<Hashinator::Info>> *, Hashinator::Hashmap<unsigned int, unsigned int, (unsigned int)4294967295, (unsigned int)4294967294, Hashinator::HashFunctions::Fibonacci<unsigned int>, Hashinator::Hashers::Hasher<unsigned int, unsigned int, Hashinator::HashFunctions::Fibonacci<unsigned int>, (unsigned int)4294967295, (unsigned int)4294967294, (int)32, (int)1>, split::split_unified_allocator<Hashinator::Info>> *)"
0.0,19.1331,475,0.0403,0.0154,0.0124,0.2583,0.0450, 240    1    1, 832    1    1,"update_velocity_halo_kernel(vmesh::VelocityMesh *, unsigned int, unsigned int *, Hashinator::Hashmap<unsigned int, unsigned int, (unsigned int)4294967295, (unsigned int)4294967294, Hashinator::HashFunctions::Fibonacci<unsigned int>, Hashinator::Hashers::Hasher<unsigned int, unsigned int, Hashinator::HashFunctions::Fibonacci<unsigned int>, (unsigned int)4294967295, (unsigned int)4294967294, (int)32, (int)1>, split::split_unified_allocator<Hashinator::Info>> *, Hashinator::Hashmap<unsigned int, unsigned int, (unsigned int)4294967295, (unsigned int)4294967294, Hashinator::HashFunctions::Fibonacci<unsigned int>, Hashinator::Hashers::Hasher<unsigned int, unsigned int, Hashinator::HashFunctions::Fibonacci<unsigned int>, (unsigned int)4294967295, (unsigned int)4294967294, (int)32, (int)1>, split::split_unified_allocator<Hashinator::Info>> *)"
0.0,19.0779,687,0.0278,0.0140,0.0109,0.1716,0.0253, 112    1    1,  32    1    1,"evaluate_column_extents_kernel(unsigned int, const vmesh::VelocityMesh *, ColumnOffsets *, Column *, split::SplitVector<unsigned int, split::split_unified_allocator<unsigned int>> *, Hashinator::Hashmap<unsigned int, unsigned int, (unsigned int)4294967295, (unsigned int)4294967294, Hashinator::HashFunctions::Fibonacci<unsigned int>, Hashinator::Hashers::Hasher<unsigned int, unsigned int, Hashinator::HashFunctions::Fibonacci<unsigned int>, (unsigned int)4294967295, (unsigned int)4294967294, (int)32, (int)1>, split::split_unified_allocator<Hashinator::Info>> *, Hashinator::Hashmap<unsigned int, unsigned int, (unsigned int)4294967295, (unsigned int)4294967294, Hashinator::HashFunctions::Fibonacci<unsigned int>, Hashinator::Hashers::Hasher<unsigned int, unsigned int, Hashinator::HashFunctions::Fibonacci<unsigned int>, (unsigned int)4294967295, (unsigned int)4294967294, (int)32, (int)1>, split::split_unified_allocator<Hashinator::Info>> *, unsigned int *, unsigned int *, float, float, float, float, int, int, float, float, unsigned int *)"
0.0,19.0145,136,0.1398,0.0460,0.0051,3.1121,0.4423, 262    1    1,  64    1    1,"update_velocity_blocks_kernel(vmesh::VelocityMesh *, vmesh::VelocityBlockContainer *, split::SplitVector<unsigned int, split::split_unified_allocator<unsigned int>> *, split::SplitVector<Hashinator::hash_pair<unsigned int, unsigned int>, split::split_unified_allocator<Hashinator::hash_pair<unsigned int, unsigned int>>> *, split::SplitVector<Hashinator::hash_pair<unsigned int, unsigned int>, split::split_unified_allocator<Hashinator::hash_pair<unsigned int, unsigned int>>> *, split::SplitVector<Hashinator::hash_pair<unsigned int, unsigned int>, split::split_unified_allocator<Hashinator::hash_pair<unsigned int, unsigned int>>> *, unsigned int, unsigned int, unsigned int, float *)"
0.0,18.9898,700,0.0271,0.0137,0.0108,0.1984,0.0272,  98    1    1,  32    1    1,"evaluate_column_extents_kernel(unsigned int, const vmesh::VelocityMesh *, ColumnOffsets *, Column *, split::SplitVector<unsigned int, split::split_unified_allocator<unsigned int>> *, Hashinator::Hashmap<unsigned int, unsigned int, (unsigned int)4294967295, (unsigned int)4294967294, Hashinator::HashFunctions::Fibonacci<unsigned int>, Hashinator::Hashers::Hasher<unsigned int, unsigned int, Hashinator::HashFunctions::Fibonacci<unsigned int>, (unsigned int)4294967295, (unsigned int)4294967294, (int)32, (int)1>, split::split_unified_allocator<Hashinator::Info>> *, Hashinator::Hashmap<unsigned int, unsigned int, (unsigned int)4294967295, (unsigned int)4294967294, Hashinator::HashFunctions::Fibonacci<unsigned int>, Hashinator::Hashers::Hasher<unsigned int, unsigned int, Hashinator::HashFunctions::Fibonacci<unsigned int>, (unsigned int)4294967295, (unsigned int)4294967294, (int)32, (int)1>, split::split_unified_allocator<Hashinator::Info>> *, unsigned int *, unsigned int *, float, float, float, float, int, int, float, float, unsigned int *)"
0.0,18.9555,1320,0.0144,0.0033,0.0025,0.1566,0.0229,  29    1    1,  32    1    1,"blocksID_mapped_dim2_kernel(const vmesh::VelocityMesh *, unsigned int *, unsigned int *, unsigned int)"
0.0,18.9549,680,0.0279,0.0126,0.0084,0.2331,0.0331,  94    1    1,  16    1    1,"reorder_blocks_by_dimension_kernel(vmesh::VelocityBlockContainer *, VecSimple<float> *, unsigned int *, unsigned int *, ColumnOffsets *)"
0.0,18.8539,807,0.0234,0.0076,0.0062,0.1659,0.0271,  94    1    1,  64    1    1,"update_velocity_blocks_kernel(vmesh::VelocityMesh *, vmesh::VelocityBlockContainer *, split::SplitVector<unsigned int, split::split_unified_allocator<unsigned int>> *, split::SplitVector<Hashinator::hash_pair<unsigned int, unsigned int>, split::split_unified_allocator<Hashinator::hash_pair<unsigned int, unsigned int>>> *, split::SplitVector<Hashinator::hash_pair<unsigned int, unsigned int>, split::split_unified_allocator<Hashinator::hash_pair<unsigned int, unsigned int>>> *, split::SplitVector<Hashinator::hash_pair<unsigned int, unsigned int>, split::split_unified_allocator<Hashinator::hash_pair<unsigned int, unsigned int>>> *, unsigned int, unsigned int, unsigned int, float *)"
0.0,18.6833,785,0.0238,0.0102,0.0063,0.1732,0.0297,  68    1    1,  16    1    1,"reorder_blocks_by_dimension_kernel(vmesh::VelocityBlockContainer *, VecSimple<float> *, unsigned int *, unsigned int *, ColumnOffsets *)"
0.0,18.6675,526,0.0355,0.0159,0.0108,0.1840,0.0349, 111    1    1,  16    1    1,"reorder_blocks_by_dimension_kernel(vmesh::VelocityBlockContainer *, VecSimple<float> *, unsigned int *, unsigned int *, ColumnOffsets *)"
0.0,18.5928,456,0.0408,0.0109,0.0078,0.3523,0.0555, 112    1    1, 832    1    1,"update_velocity_halo_kernel(vmesh::VelocityMesh *, unsigned int, unsigned int *, Hashinator::Hashmap<unsigned int, unsigned int, (unsigned int)4294967295, (unsigned int)4294967294, Hashinator::HashFunctions::Fibonacci<unsigned int>, Hashinator::Hashers::Hasher<unsigned int, unsigned int, Hashinator::HashFunctions::Fibonacci<unsigned int>, (unsigned int)4294967295, (unsigned int)4294967294, (int)32, (int)1>, split::split_unified_allocator<Hashinator::Info>> *, Hashinator::Hashmap<unsigned int, unsigned int, (unsigned int)4294967295, (unsigned int)4294967294, Hashinator::HashFunctions::Fibonacci<unsigned int>, Hashinator::Hashers::Hasher<unsigned int, unsigned int, Hashinator::HashFunctions::Fibonacci<unsigned int>, (unsigned int)4294967295, (unsigned int)4294967294, (int)32, (int)1>, split::split_unified_allocator<Hashinator::Info>> *)"
0.0,18.5500,403,0.0460,0.0084,0.0050,0.3651,0.0635, 274    1    1,  64    1    1,"update_velocity_blocks_kernel(vmesh::VelocityMesh *, vmesh::VelocityBlockContainer *, split::SplitVector<unsigned int, split::split_unified_allocator<unsigned int>> *, split::SplitVector<Hashinator::hash_pair<unsigned int, unsigned int>, split::split_unified_allocator<Hashinator::hash_pair<unsigned int, unsigned int>>> *, split::SplitVector<Hashinator::hash_pair<unsigned int, unsigned int>, split::split_unified_allocator<Hashinator::hash_pair<unsigned int, unsigned int>>> *, split::SplitVector<Hashinator::hash_pair<unsigned int, unsigned int>, split::split_unified_allocator<Hashinator::hash_pair<unsigned int, unsigned int>>> *, unsigned int, unsigned int, unsigned int, float *)"
0.0,18.5427,779,0.0238,0.0078,0.0062,0.2244,0.0289,  39    1    1,  64    1    1,"update_velocity_blocks_kernel(vmesh::VelocityMesh *, vmesh::VelocityBlockContainer *, split::SplitVector<unsigned int, split::split_unified_allocator<unsigned int>> *, split::SplitVector<Hashinator::hash_pair<unsigned int, unsigned int>, split::split_unified_allocator<Hashinator::hash_pair<unsigned int, unsigned int>>> *, split::SplitVector<Hashinator::hash_pair<unsigned int, unsigned int>, split::split_unified_allocator<Hashinator::hash_pair<unsigned int, unsigned int>>> *, split::SplitVector<Hashinator::hash_pair<unsigned int, unsigned int>, split::split_unified_allocator<Hashinator::hash_pair<unsigned int, unsigned int>>> *, unsigned int, unsigned int, unsigned int, float *)"
0.0,18.4911,703,0.0263,0.0086,0.0063,0.1620,0.0279,  41    1    1,  64    1    1,"update_velocity_blocks_kernel(vmesh::VelocityMesh *, vmesh::VelocityBlockContainer *, split::SplitVector<unsigned int, split::split_unified_allocator<unsigned int>> *, split::SplitVector<Hashinator::hash_pair<unsigned int, unsigned int>, split::split_unified_allocator<Hashinator::hash_pair<unsigned int, unsigned int>>> *, split::SplitVector<Hashinator::hash_pair<unsigned int, unsigned int>, split::split_unified_allocator<Hashinator::hash_pair<unsigned int, unsigned int>>> *, split::SplitVector<Hashinator::hash_pair<unsigned int, unsigned int>, split::split_unified_allocator<Hashinator::hash_pair<unsigned int, unsigned int>>> *, unsigned int, unsigned int, unsigned int, float *)"
0.0,18.4506,264,0.0699,0.0547,0.0046,0.6934,0.0794,  45    1    1,1024    1    1,"void Hashinator::Hashers::insert_index_kernel<unsigned int, unsigned int, (unsigned int)4294967295, Hashinator::HashFunctions::Fibonacci<unsigned int>, (int)32, (int)1>(T1 *, Hashinator::hash_pair<T1, T2> *, Hashinator::Info *, unsigned long)"
0.0,18.3204,717,0.0256,0.0077,0.0063,0.1724,0.0302,  82    1    1,  64    1    1,"update_velocity_blocks_kernel(vmesh::VelocityMesh *, vmesh::VelocityBlockContainer *, split::SplitVector<unsigned int, split::split_unified_allocator<unsigned int>> *, split::SplitVector<Hashinator::hash_pair<unsigned int, unsigned int>, split::split_unified_allocator<Hashinator::hash_pair<unsigned int, unsigned int>>> *, split::SplitVector<Hashinator::hash_pair<unsigned int, unsigned int>, split::split_unified_allocator<Hashinator::hash_pair<unsigned int, unsigned int>>> *, split::SplitVector<Hashinator::hash_pair<unsigned int, unsigned int>, split::split_unified_allocator<Hashinator::hash_pair<unsigned int, unsigned int>>> *, unsigned int, unsigned int, unsigned int, float *)"
0.0,18.2014,624,0.0292,0.0094,0.0062,0.4281,0.0445,  81    1    1,1024    1    1,"update_neighbour_halo_kernel(vmesh::VelocityMesh *, unsigned int, unsigned int **, unsigned int *, Hashinator::Hashmap<unsigned int, unsigned int, (unsigned int)4294967295, (unsigned int)4294967294, Hashinator::HashFunctions::Fibonacci<unsigned int>, Hashinator::Hashers::Hasher<unsigned int, unsigned int, Hashinator::HashFunctions::Fibonacci<unsigned int>, (unsigned int)4294967295, (unsigned int)4294967294, (int)32, (int)1>, split::split_unified_allocator<Hashinator::Info>> *, Hashinator::Hashmap<unsigned int, unsigned int, (unsigned int)4294967295, (unsigned int)4294967294, Hashinator::HashFunctions::Fibonacci<unsigned int>, Hashinator::Hashers::Hasher<unsigned int, unsigned int, Hashinator::HashFunctions::Fibonacci<unsigned int>, (unsigned int)4294967295, (unsigned int)4294967294, (int)32, (int)1>, split::split_unified_allocator<Hashinator::Info>> *)"
0.0,18.1608,792,0.0229,0.0075,0.0062,0.1953,0.0284,  52    1    1,  64    1    1,"update_velocity_blocks_kernel(vmesh::VelocityMesh *, vmesh::VelocityBlockContainer *, split::SplitVector<unsigned int, split::split_unified_allocator<unsigned int>> *, split::SplitVector<Hashinator::hash_pair<unsigned int, unsigned int>, split::split_unified_allocator<Hashinator::hash_pair<unsigned int, unsigned int>>> *, split::SplitVector<Hashinator::hash_pair<unsigned int, unsigned int>, split::split_unified_allocator<Hashinator::hash_pair<unsigned int, unsigned int>>> *, split::SplitVector<Hashinator::hash_pair<unsigned int, unsigned int>, split::split_unified_allocator<Hashinator::hash_pair<unsigned int, unsigned int>>> *, unsigned int, unsigned int, unsigned int, float *)"
0.0,18.0982,680,0.0266,0.0136,0.0107,0.2198,0.0244,  94    1    1,  32    1    1,"evaluate_column_extents_kernel(unsigned int, const vmesh::VelocityMesh *, ColumnOffsets *, Column *, split::SplitVector<unsigned int, split::split_unified_allocator<unsigned int>> *, Hashinator::Hashmap<unsigned int, unsigned int, (unsigned int)4294967295, (unsigned int)4294967294, Hashinator::HashFunctions::Fibonacci<unsigned int>, Hashinator::Hashers::Hasher<unsigned int, unsigned int, Hashinator::HashFunctions::Fibonacci<unsigned int>, (unsigned int)4294967295, (unsigned int)4294967294, (int)32, (int)1>, split::split_unified_allocator<Hashinator::Info>> *, Hashinator::Hashmap<unsigned int, unsigned int, (unsigned int)4294967295, (unsigned int)4294967294, Hashinator::HashFunctions::Fibonacci<unsigned int>, Hashinator::Hashers::Hasher<unsigned int, unsigned int, Hashinator::HashFunctions::Fibonacci<unsigned int>, (unsigned int)4294967295, (unsigned int)4294967294, (int)32, (int)1>, split::split_unified_allocator<Hashinator::Info>> *, unsigned int *, unsigned int *, float, float, float, float, int, int, float, float, unsigned int *)"
0.0,18.0557,628,0.0288,0.0118,0.0084,0.1967,0.0343,  97    1    1,  16    1    1,"reorder_blocks_by_dimension_kernel(vmesh::VelocityBlockContainer *, VecSimple<float> *, unsigned int *, unsigned int *, ColumnOffsets *)"
0.0,18.0085,556,0.0324,0.0115,0.0084,0.2823,0.0415, 144    1    1,1024    1    1,"update_neighbour_halo_kernel(vmesh::VelocityMesh *, unsigned int, unsigned int **, unsigned int *, Hashinator::Hashmap<unsigned int, unsigned int, (unsigned int)4294967295, (unsigned int)4294967294, Hashinator::HashFunctions::Fibonacci<unsigned int>, Hashinator::Hashers::Hasher<unsigned int, unsigned int, Hashinator::HashFunctions::Fibonacci<unsigned int>, (unsigned int)4294967295, (unsigned int)4294967294, (int)32, (int)1>, split::split_unified_allocator<Hashinator::Info>> *, Hashinator::Hashmap<unsigned int, unsigned int, (unsigned int)4294967295, (unsigned int)4294967294, Hashinator::HashFunctions::Fibonacci<unsigned int>, Hashinator::Hashers::Hasher<unsigned int, unsigned int, Hashinator::HashFunctions::Fibonacci<unsigned int>, (unsigned int)4294967295, (unsigned int)4294967294, (int)32, (int)1>, split::split_unified_allocator<Hashinator::Info>> *)"
0.0,18.0049,616,0.0292,0.0091,0.0062,0.3021,0.0422,  76    1    1,1024    1    1,"update_neighbour_halo_kernel(vmesh::VelocityMesh *, unsigned int, unsigned int **, unsigned int *, Hashinator::Hashmap<unsigned int, unsigned int, (unsigned int)4294967295, (unsigned int)4294967294, Hashinator::HashFunctions::Fibonacci<unsigned int>, Hashinator::Hashers::Hasher<unsigned int, unsigned int, Hashinator::HashFunctions::Fibonacci<unsigned int>, (unsigned int)4294967295, (unsigned int)4294967294, (int)32, (int)1>, split::split_unified_allocator<Hashinator::Info>> *, Hashinator::Hashmap<unsigned int, unsigned int, (unsigned int)4294967295, (unsigned int)4294967294, Hashinator::HashFunctions::Fibonacci<unsigned int>, Hashinator::Hashers::Hasher<unsigned int, unsigned int, Hashinator::HashFunctions::Fibonacci<unsigned int>, (unsigned int)4294967295, (unsigned int)4294967294, (int)32, (int)1>, split::split_unified_allocator<Hashinator::Info>> *)"
0.0,17.9224,620,0.0289,0.0092,0.0061,0.2537,0.0401,  87    1    1,1024    1    1,"update_neighbour_halo_kernel(vmesh::VelocityMesh *, unsigned int, unsigned int **, unsigned int *, Hashinator::Hashmap<unsigned int, unsigned int, (unsigned int)4294967295, (unsigned int)4294967294, Hashinator::HashFunctions::Fibonacci<unsigned int>, Hashinator::Hashers::Hasher<unsigned int, unsigned int, Hashinator::HashFunctions::Fibonacci<unsigned int>, (unsigned int)4294967295, (unsigned int)4294967294, (int)32, (int)1>, split::split_unified_allocator<Hashinator::Info>> *, Hashinator::Hashmap<unsigned int, unsigned int, (unsigned int)4294967295, (unsigned int)4294967294, Hashinator::HashFunctions::Fibonacci<unsigned int>, Hashinator::Hashers::Hasher<unsigned int, unsigned int, Hashinator::HashFunctions::Fibonacci<unsigned int>, (unsigned int)4294967295, (unsigned int)4294967294, (int)32, (int)1>, split::split_unified_allocator<Hashinator::Info>> *)"
0.0,17.9185,696,0.0257,0.0080,0.0063,0.2642,0.0316,  78    1    1,  64    1    1,"update_velocity_blocks_kernel(vmesh::VelocityMesh *, vmesh::VelocityBlockContainer *, split::SplitVector<unsigned int, split::split_unified_allocator<unsigned int>> *, split::SplitVector<Hashinator::hash_pair<unsigned int, unsigned int>, split::split_unified_allocator<Hashinator::hash_pair<unsigned int, unsigned int>>> *, split::SplitVector<Hashinator::hash_pair<unsigned int, unsigned int>, split::split_unified_allocator<Hashinator::hash_pair<unsigned int, unsigned int>>> *, split::SplitVector<Hashinator::hash_pair<unsigned int, unsigned int>, split::split_unified_allocator<Hashinator::hash_pair<unsigned int, unsigned int>>> *, unsigned int, unsigned int, unsigned int, float *)"
0.0,17.8795,1152,0.0155,0.0033,0.0025,0.1306,0.0241,  11    1    1,  32    1    1,"blocksID_mapped_dim1_kernel(const vmesh::VelocityMesh *, unsigned int *, unsigned int *, unsigned int)"
0.0,17.6487,80,0.2206,0.2066,0.0983,0.4487,0.0681,  95    1    1,  16    1    1,"acceleration_kernel(const vmesh::VelocityMesh *, vmesh::VelocityBlockContainer *, VecSimple<float> *, unsigned int *, unsigned int *, Column *, unsigned int, float, float, float, float, float, float, float, float, unsigned long)"
0.0,17.6075,617,0.0285,0.0084,0.0063,0.2391,0.0325, 122    1    1,  64    1    1,"update_velocity_blocks_kernel(vmesh::VelocityMesh *, vmesh::VelocityBlockContainer *, split::SplitVector<unsigned int, split::split_unified_allocator<unsigned int>> *, split::SplitVector<Hashinator::hash_pair<unsigned int, unsigned int>, split::split_unified_allocator<Hashinator::hash_pair<unsigned int, unsigned int>>> *, split::SplitVector<Hashinator::hash_pair<unsigned int, unsigned int>, split::split_unified_allocator<Hashinator::hash_pair<unsigned int, unsigned int>>> *, split::SplitVector<Hashinator::hash_pair<unsigned int, unsigned int>, split::split_unified_allocator<Hashinator::hash_pair<unsigned int, unsigned int>>> *, unsigned int, unsigned int, unsigned int, float *)"
0.0,17.5446,628,0.0279,0.0140,0.0107,0.1920,0.0265,  97    1    1,  32    1    1,"evaluate_column_extents_kernel(unsigned int, const vmesh::VelocityMesh *, ColumnOffsets *, Column *, split::SplitVector<unsigned int, split::split_unified_allocator<unsigned int>> *, Hashinator::Hashmap<unsigned int, unsigned int, (unsigned int)4294967295, (unsigned int)4294967294, Hashinator::HashFunctions::Fibonacci<unsigned int>, Hashinator::Hashers::Hasher<unsigned int, unsigned int, Hashinator::HashFunctions::Fibonacci<unsigned int>, (unsigned int)4294967295, (unsigned int)4294967294, (int)32, (int)1>, split::split_unified_allocator<Hashinator::Info>> *, Hashinator::Hashmap<unsigned int, unsigned int, (unsigned int)4294967295, (unsigned int)4294967294, Hashinator::HashFunctions::Fibonacci<unsigned int>, Hashinator::Hashers::Hasher<unsigned int, unsigned int, Hashinator::HashFunctions::Fibonacci<unsigned int>, (unsigned int)4294967295, (unsigned int)4294967294, (int)32, (int)1>, split::split_unified_allocator<Hashinator::Info>> *, unsigned int *, unsigned int *, float, float, float, float, int, int, float, float, unsigned int *)"
0.0,17.4521,612,0.0285,0.0079,0.0063,0.2726,0.0349, 118    1    1,  64    1    1,"update_velocity_blocks_kernel(vmesh::VelocityMesh *, vmesh::VelocityBlockContainer *, split::SplitVector<unsigned int, split::split_unified_allocator<unsigned int>> *, split::SplitVector<Hashinator::hash_pair<unsigned int, unsigned int>, split::split_unified_allocator<Hashinator::hash_pair<unsigned int, unsigned int>>> *, split::SplitVector<Hashinator::hash_pair<unsigned int, unsigned int>, split::split_unified_allocator<Hashinator::hash_pair<unsigned int, unsigned int>>> *, split::SplitVector<Hashinator::hash_pair<unsigned int, unsigned int>, split::split_unified_allocator<Hashinator::hash_pair<unsigned int, unsigned int>>> *, unsigned int, unsigned int, unsigned int, float *)"
0.0,17.4212,1112,0.0157,0.0036,0.0029,0.1395,0.0241,  20    1    1,  32    1    1,"blocksID_mapped_dim0_kernel(const vmesh::VelocityMesh *, unsigned int *, unsigned int *, unsigned int)"
0.0,17.3131,582,0.0297,0.0104,0.0066,0.2522,0.0383,  89    1    1,1024    1    1,"update_neighbour_halo_kernel(vmesh::VelocityMesh *, unsigned int, unsigned int **, unsigned int *, Hashinator::Hashmap<unsigned int, unsigned int, (unsigned int)4294967295, (unsigned int)4294967294, Hashinator::HashFunctions::Fibonacci<unsigned int>, Hashinator::Hashers::Hasher<unsigned int, unsigned int, Hashinator::HashFunctions::Fibonacci<unsigned int>, (unsigned int)4294967295, (unsigned int)4294967294, (int)32, (int)1>, split::split_unified_allocator<Hashinator::Info>> *, Hashinator::Hashmap<unsigned int, unsigned int, (unsigned int)4294967295, (unsigned int)4294967294, Hashinator::HashFunctions::Fibonacci<unsigned int>, Hashinator::Hashers::Hasher<unsigned int, unsigned int, Hashinator::HashFunctions::Fibonacci<unsigned int>, (unsigned int)4294967295, (unsigned int)4294967294, (int)32, (int)1>, split::split_unified_allocator<Hashinator::Info>> *)"
0.0,17.1883,2464,0.0070,0.0069,0.0063,0.0100,0.0004, 387    1    1,  64    1    1,"update_velocity_block_content_lists_kernel(vmesh::VelocityMesh *, vmesh::VelocityBlockContainer *, Hashinator::Hashmap<unsigned int, unsigned int, (unsigned int)4294967295, (unsigned int)4294967294, Hashinator::HashFunctions::Fibonacci<unsigned int>, Hashinator::Hashers::Hasher<unsigned int, unsigned int, Hashinator::HashFunctions::Fibonacci<unsigned int>, (unsigned int)4294967295, (unsigned int)4294967294, (int)32, (int)1>, split::split_unified_allocator<Hashinator::Info>> *, Hashinator::Hashmap<unsigned int, unsigned int, (unsigned int)4294967295, (unsigned int)4294967294, Hashinator::HashFunctions::Fibonacci<unsigned int>, Hashinator::Hashers::Hasher<unsigned int, unsigned int, Hashinator::HashFunctions::Fibonacci<unsigned int>, (unsigned int)4294967295, (unsigned int)4294967294, (int)32, (int)1>, split::split_unified_allocator<Hashinator::Info>> *, double)"
0.0,17.0942,604,0.0283,0.0092,0.0063,0.2968,0.0398,  94    1    1,1024    1    1,"update_neighbour_halo_kernel(vmesh::VelocityMesh *, unsigned int, unsigned int **, unsigned int *, Hashinator::Hashmap<unsigned int, unsigned int, (unsigned int)4294967295, (unsigned int)4294967294, Hashinator::HashFunctions::Fibonacci<unsigned int>, Hashinator::Hashers::Hasher<unsigned int, unsigned int, Hashinator::HashFunctions::Fibonacci<unsigned int>, (unsigned int)4294967295, (unsigned int)4294967294, (int)32, (int)1>, split::split_unified_allocator<Hashinator::Info>> *, Hashinator::Hashmap<unsigned int, unsigned int, (unsigned int)4294967295, (unsigned int)4294967294, Hashinator::HashFunctions::Fibonacci<unsigned int>, Hashinator::Hashers::Hasher<unsigned int, unsigned int, Hashinator::HashFunctions::Fibonacci<unsigned int>, (unsigned int)4294967295, (unsigned int)4294967294, (int)32, (int)1>, split::split_unified_allocator<Hashinator::Info>> *)"
0.0,16.8125,580,0.0290,0.0082,0.0062,0.2003,0.0341, 116    1    1,  64    1    1,"update_velocity_blocks_kernel(vmesh::VelocityMesh *, vmesh::VelocityBlockContainer *, split::SplitVector<unsigned int, split::split_unified_allocator<unsigned int>> *, split::SplitVector<Hashinator::hash_pair<unsigned int, unsigned int>, split::split_unified_allocator<Hashinator::hash_pair<unsigned int, unsigned int>>> *, split::SplitVector<Hashinator::hash_pair<unsigned int, unsigned int>, split::split_unified_allocator<Hashinator::hash_pair<unsigned int, unsigned int>>> *, split::SplitVector<Hashinator::hash_pair<unsigned int, unsigned int>, split::split_unified_allocator<Hashinator::hash_pair<unsigned int, unsigned int>>> *, unsigned int, unsigned int, unsigned int, float *)"
0.0,16.7080,1056,0.0158,0.0033,0.0025,0.1762,0.0229,  22    1    1,  32    1    1,"blocksID_mapped_dim2_kernel(const vmesh::VelocityMesh *, unsigned int *, unsigned int *, unsigned int)"
0.0,16.6934,507,0.0329,0.0153,0.0110,0.2078,0.0357, 113    1    1,  16    1    1,"reorder_blocks_by_dimension_kernel(vmesh::VelocityBlockContainer *, VecSimple<float> *, unsigned int *, unsigned int *, ColumnOffsets *)"
0.0,16.6439,574,0.0290,0.0142,0.0109,0.1939,0.0275,  89    1    1,  32    1    1,"evaluate_column_extents_kernel(unsigned int, const vmesh::VelocityMesh *, ColumnOffsets *, Column *, split::SplitVector<unsigned int, split::split_unified_allocator<unsigned int>> *, Hashinator::Hashmap<unsigned int, unsigned int, (unsigned int)4294967295, (unsigned int)4294967294, Hashinator::HashFunctions::Fibonacci<unsigned int>, Hashinator::Hashers::Hasher<unsigned int, unsigned int, Hashinator::HashFunctions::Fibonacci<unsigned int>, (unsigned int)4294967295, (unsigned int)4294967294, (int)32, (int)1>, split::split_unified_allocator<Hashinator::Info>> *, Hashinator::Hashmap<unsigned int, unsigned int, (unsigned int)4294967295, (unsigned int)4294967294, Hashinator::HashFunctions::Fibonacci<unsigned int>, Hashinator::Hashers::Hasher<unsigned int, unsigned int, Hashinator::HashFunctions::Fibonacci<unsigned int>, (unsigned int)4294967295, (unsigned int)4294967294, (int)32, (int)1>, split::split_unified_allocator<Hashinator::Info>> *, unsigned int *, unsigned int *, float, float, float, float, int, int, float, float, unsigned int *)"
0.0,16.6218,88,0.1889,0.1613,0.0886,0.4532,0.0706,  71    1    1,  16    1    1,"acceleration_kernel(const vmesh::VelocityMesh *, vmesh::VelocityBlockContainer *, VecSimple<float> *, unsigned int *, unsigned int *, Column *, unsigned int, float, float, float, float, float, float, float, float, unsigned long)"
0.0,16.5827,23,0.7210,0.7142,0.7051,0.8649,0.0318,9120    1    1,   4    4    4,"second_moments_kernel(vmesh::VelocityBlockContainer **, double *, double *, unsigned int)"
0.0,16.4343,570,0.0288,0.0116,0.0086,0.1805,0.0315,  69    1    1,  16    1    1,"reorder_blocks_by_dimension_kernel(vmesh::VelocityBlockContainer *, VecSimple<float> *, unsigned int *, unsigned int *, ColumnOffsets *)"
0.0,15.9870,376,0.0425,0.0180,0.0139,0.2666,0.0421, 196    1    1,1024    1    1,"update_neighbour_halo_kernel(vmesh::VelocityMesh *, unsigned int, unsigned int **, unsigned int *, Hashinator::Hashmap<unsigned int, unsigned int, (unsigned int)4294967295, (unsigned int)4294967294, Hashinator::HashFunctions::Fibonacci<unsigned int>, Hashinator::Hashers::Hasher<unsigned int, unsigned int, Hashinator::HashFunctions::Fibonacci<unsigned int>, (unsigned int)4294967295, (unsigned int)4294967294, (int)32, (int)1>, split::split_unified_allocator<Hashinator::Info>> *, Hashinator::Hashmap<unsigned int, unsigned int, (unsigned int)4294967295, (unsigned int)4294967294, Hashinator::HashFunctions::Fibonacci<unsigned int>, Hashinator::Hashers::Hasher<unsigned int, unsigned int, Hashinator::HashFunctions::Fibonacci<unsigned int>, (unsigned int)4294967295, (unsigned int)4294967294, (int)32, (int)1>, split::split_unified_allocator<Hashinator::Info>> *)"
0.0,15.8132,560,0.0282,0.0145,0.0110,0.1812,0.0250, 116    1    1,  32    1    1,"evaluate_column_extents_kernel(unsigned int, const vmesh::VelocityMesh *, ColumnOffsets *, Column *, split::SplitVector<unsigned int, split::split_unified_allocator<unsigned int>> *, Hashinator::Hashmap<unsigned int, unsigned int, (unsigned int)4294967295, (unsigned int)4294967294, Hashinator::HashFunctions::Fibonacci<unsigned int>, Hashinator::Hashers::Hasher<unsigned int, unsigned int, Hashinator::HashFunctions::Fibonacci<unsigned int>, (unsigned int)4294967295, (unsigned int)4294967294, (int)32, (int)1>, split::split_unified_allocator<Hashinator::Info>> *, Hashinator::Hashmap<unsigned int, unsigned int, (unsigned int)4294967295, (unsigned int)4294967294, Hashinator::HashFunctions::Fibonacci<unsigned int>, Hashinator::Hashers::Hasher<unsigned int, unsigned int, Hashinator::HashFunctions::Fibonacci<unsigned int>, (unsigned int)4294967295, (unsigned int)4294967294, (int)32, (int)1>, split::split_unified_allocator<Hashinator::Info>> *, unsigned int *, unsigned int *, float, float, float, float, int, int, float, float, unsigned int *)"
0.0,15.6703,488,0.0321,0.0132,0.0088,0.3225,0.0385, 101    1    1,  16    1    1,"reorder_blocks_by_dimension_kernel(vmesh::VelocityBlockContainer *, VecSimple<float> *, unsigned int *, unsigned int *, ColumnOffsets *)"
0.0,15.6570,507,0.0309,0.0148,0.0108,0.2313,0.0277, 113    1    1,  32    1    1,"evaluate_column_extents_kernel(unsigned int, const vmesh::VelocityMesh *, ColumnOffsets *, Column *, split::SplitVector<unsigned int, split::split_unified_allocator<unsigned int>> *, Hashinator::Hashmap<unsigned int, unsigned int, (unsigned int)4294967295, (unsigned int)4294967294, Hashinator::HashFunctions::Fibonacci<unsigned int>, Hashinator::Hashers::Hasher<unsigned int, unsigned int, Hashinator::HashFunctions::Fibonacci<unsigned int>, (unsigned int)4294967295, (unsigned int)4294967294, (int)32, (int)1>, split::split_unified_allocator<Hashinator::Info>> *, Hashinator::Hashmap<unsigned int, unsigned int, (unsigned int)4294967295, (unsigned int)4294967294, Hashinator::HashFunctions::Fibonacci<unsigned int>, Hashinator::Hashers::Hasher<unsigned int, unsigned int, Hashinator::HashFunctions::Fibonacci<unsigned int>, (unsigned int)4294967295, (unsigned int)4294967294, (int)32, (int)1>, split::split_unified_allocator<Hashinator::Info>> *, unsigned int *, unsigned int *, float, float, float, float, int, int, float, float, unsigned int *)"
0.0,15.6078,616,0.0253,0.0078,0.0063,0.2200,0.0305, 115    1    1,  64    1    1,"update_velocity_blocks_kernel(vmesh::VelocityMesh *, vmesh::VelocityBlockContainer *, split::SplitVector<unsigned int, split::split_unified_allocator<unsigned int>> *, split::SplitVector<Hashinator::hash_pair<unsigned int, unsigned int>, split::split_unified_allocator<Hashinator::hash_pair<unsigned int, unsigned int>>> *, split::SplitVector<Hashinator::hash_pair<unsigned int, unsigned int>, split::split_unified_allocator<Hashinator::hash_pair<unsigned int, unsigned int>>> *, split::SplitVector<Hashinator::hash_pair<unsigned int, unsigned int>, split::split_unified_allocator<Hashinator::hash_pair<unsigned int, unsigned int>>> *, unsigned int, unsigned int, unsigned int, float *)"
0.0,15.5616,350,0.0445,0.0108,0.0078,0.4471,0.0592,  80    1    1, 832    1    1,"update_velocity_halo_kernel(vmesh::VelocityMesh *, unsigned int, unsigned int *, Hashinator::Hashmap<unsigned int, unsigned int, (unsigned int)4294967295, (unsigned int)4294967294, Hashinator::HashFunctions::Fibonacci<unsigned int>, Hashinator::Hashers::Hasher<unsigned int, unsigned int, Hashinator::HashFunctions::Fibonacci<unsigned int>, (unsigned int)4294967295, (unsigned int)4294967294, (int)32, (int)1>, split::split_unified_allocator<Hashinator::Info>> *, Hashinator::Hashmap<unsigned int, unsigned int, (unsigned int)4294967295, (unsigned int)4294967294, Hashinator::HashFunctions::Fibonacci<unsigned int>, Hashinator::Hashers::Hasher<unsigned int, unsigned int, Hashinator::HashFunctions::Fibonacci<unsigned int>, (unsigned int)4294967295, (unsigned int)4294967294, (int)32, (int)1>, split::split_unified_allocator<Hashinator::Info>> *)"
0.0,15.5009,547,0.0283,0.0083,0.0063,0.2328,0.0332, 103    1    1,  64    1    1,"update_velocity_blocks_kernel(vmesh::VelocityMesh *, vmesh::VelocityBlockContainer *, split::SplitVector<unsigned int, split::split_unified_allocator<unsigned int>> *, split::SplitVector<Hashinator::hash_pair<unsigned int, unsigned int>, split::split_unified_allocator<Hashinator::hash_pair<unsigned int, unsigned int>>> *, split::SplitVector<Hashinator::hash_pair<unsigned int, unsigned int>, split::split_unified_allocator<Hashinator::hash_pair<unsigned int, unsigned int>>> *, split::SplitVector<Hashinator::hash_pair<unsigned int, unsigned int>, split::split_unified_allocator<Hashinator::hash_pair<unsigned int, unsigned int>>> *, unsigned int, unsigned int, unsigned int, float *)"
0.0,15.4149,88,0.1752,0.1618,0.0851,0.3385,0.0532,  51    1    1,  16    1    1,"acceleration_kernel(const vmesh::VelocityMesh *, vmesh::VelocityBlockContainer *, VecSimple<float> *, unsigned int *, unsigned int *, Column *, unsigned int, float, float, float, float, float, float, float, float, unsigned long)"
0.0,15.3836,652,0.0236,0.0077,0.0062,0.2104,0.0289,  75    1    1,  64    1    1,"update_velocity_blocks_kernel(vmesh::VelocityMesh *, vmesh::VelocityBlockContainer *, split::SplitVector<unsigned int, split::split_unified_allocator<unsigned int>> *, split::SplitVector<Hashinator::hash_pair<unsigned int, unsigned int>, split::split_unified_allocator<Hashinator::hash_pair<unsigned int, unsigned int>>> *, split::SplitVector<Hashinator::hash_pair<unsigned int, unsigned int>, split::split_unified_allocator<Hashinator::hash_pair<unsigned int, unsigned int>>> *, split::SplitVector<Hashinator::hash_pair<unsigned int, unsigned int>, split::split_unified_allocator<Hashinator::hash_pair<unsigned int, unsigned int>>> *, unsigned int, unsigned int, unsigned int, float *)"
0.0,15.3699,570,0.0270,0.0136,0.0107,0.2340,0.0254,  69    1    1,  32    1    1,"evaluate_column_extents_kernel(unsigned int, const vmesh::VelocityMesh *, ColumnOffsets *, Column *, split::SplitVector<unsigned int, split::split_unified_allocator<unsigned int>> *, Hashinator::Hashmap<unsigned int, unsigned int, (unsigned int)4294967295, (unsigned int)4294967294, Hashinator::HashFunctions::Fibonacci<unsigned int>, Hashinator::Hashers::Hasher<unsigned int, unsigned int, Hashinator::HashFunctions::Fibonacci<unsigned int>, (unsigned int)4294967295, (unsigned int)4294967294, (int)32, (int)1>, split::split_unified_allocator<Hashinator::Info>> *, Hashinator::Hashmap<unsigned int, unsigned int, (unsigned int)4294967295, (unsigned int)4294967294, Hashinator::HashFunctions::Fibonacci<unsigned int>, Hashinator::Hashers::Hasher<unsigned int, unsigned int, Hashinator::HashFunctions::Fibonacci<unsigned int>, (unsigned int)4294967295, (unsigned int)4294967294, (int)32, (int)1>, split::split_unified_allocator<Hashinator::Info>> *, unsigned int *, unsigned int *, float, float, float, float, int, int, float, float, unsigned int *)"
0.0,15.2956,72,0.2124,0.2068,0.0051,0.5564,0.1095,1432    1    1,   4    4    4,"void spatial_cell::add_blocks_from_buffer_kernel<float>(const vmesh::VelocityMesh *, vmesh::VelocityBlockContainer *, unsigned int, const unsigned int *, const T1 *, unsigned int)"
0.0,15.2793,504,0.0303,0.0143,0.0108,0.2468,0.0292, 100    1    1,  32    1    1,"evaluate_column_extents_kernel(unsigned int, const vmesh::VelocityMesh *, ColumnOffsets *, Column *, split::SplitVector<unsigned int, split::split_unified_allocator<unsigned int>> *, Hashinator::Hashmap<unsigned int, unsigned int, (unsigned int)4294967295, (unsigned int)4294967294, Hashinator::HashFunctions::Fibonacci<unsigned int>, Hashinator::Hashers::Hasher<unsigned int, unsigned int, Hashinator::HashFunctions::Fibonacci<unsigned int>, (unsigned int)4294967295, (unsigned int)4294967294, (int)32, (int)1>, split::split_unified_allocator<Hashinator::Info>> *, Hashinator::Hashmap<unsigned int, unsigned int, (unsigned int)4294967295, (unsigned int)4294967294, Hashinator::HashFunctions::Fibonacci<unsigned int>, Hashinator::Hashers::Hasher<unsigned int, unsigned int, Hashinator::HashFunctions::Fibonacci<unsigned int>, (unsigned int)4294967295, (unsigned int)4294967294, (int)32, (int)1>, split::split_unified_allocator<Hashinator::Info>> *, unsigned int *, unsigned int *, float, float, float, float, int, int, float, float, unsigned int *)"
0.0,15.2139,2179,0.0070,0.0069,0.0063,0.0100,0.0004, 395    1    1,  64    1    1,"update_velocity_block_content_lists_kernel(vmesh::VelocityMesh *, vmesh::VelocityBlockContainer *, Hashinator::Hashmap<unsigned int, unsigned int, (unsigned int)4294967295, (unsigned int)4294967294, Hashinator::HashFunctions::Fibonacci<unsigned int>, Hashinator::Hashers::Hasher<unsigned int, unsigned int, Hashinator::HashFunctions::Fibonacci<unsigned int>, (unsigned int)4294967295, (unsigned int)4294967294, (int)32, (int)1>, split::split_unified_allocator<Hashinator::Info>> *, Hashinator::Hashmap<unsigned int, unsigned int, (unsigned int)4294967295, (unsigned int)4294967294, Hashinator::HashFunctions::Fibonacci<unsigned int>, Hashinator::Hashers::Hasher<unsigned int, unsigned int, Hashinator::HashFunctions::Fibonacci<unsigned int>, (unsigned int)4294967295, (unsigned int)4294967294, (int)32, (int)1>, split::split_unified_allocator<Hashinator::Info>> *, double)"
0.0,15.1597,504,0.0301,0.0130,0.0088,0.2144,0.0355, 100    1    1,  16    1    1,"reorder_blocks_by_dimension_kernel(vmesh::VelocityBlockContainer *, VecSimple<float> *, unsigned int *, unsigned int *, ColumnOffsets *)"
0.0,15.1207,472,0.0320,0.0138,0.0107,0.2208,0.0372, 109    1    1,  16    1    1,"reorder_blocks_by_dimension_kernel(vmesh::VelocityBlockContainer *, VecSimple<float> *, unsigned int *, unsigned int *, ColumnOffsets *)"
0.0,14.9621,486,0.0308,0.0140,0.0106,0.2164,0.0288,  67    1    1,  32    1    1,"evaluate_column_extents_kernel(unsigned int, const vmesh::VelocityMesh *, ColumnOffsets *, Column *, split::SplitVector<unsigned int, split::split_unified_allocator<unsigned int>> *, Hashinator::Hashmap<unsigned int, unsigned int, (unsigned int)4294967295, (unsigned int)4294967294, Hashinator::HashFunctions::Fibonacci<unsigned int>, Hashinator::Hashers::Hasher<unsigned int, unsigned int, Hashinator::HashFunctions::Fibonacci<unsigned int>, (unsigned int)4294967295, (unsigned int)4294967294, (int)32, (int)1>, split::split_unified_allocator<Hashinator::Info>> *, Hashinator::Hashmap<unsigned int, unsigned int, (unsigned int)4294967295, (unsigned int)4294967294, Hashinator::HashFunctions::Fibonacci<unsigned int>, Hashinator::Hashers::Hasher<unsigned int, unsigned int, Hashinator::HashFunctions::Fibonacci<unsigned int>, (unsigned int)4294967295, (unsigned int)4294967294, (int)32, (int)1>, split::split_unified_allocator<Hashinator::Info>> *, unsigned int *, unsigned int *, float, float, float, float, int, int, float, float, unsigned int *)"
0.0,14.9359,526,0.0284,0.0141,0.0111,0.2358,0.0267, 111    1    1,  32    1    1,"evaluate_column_extents_kernel(unsigned int, const vmesh::VelocityMesh *, ColumnOffsets *, Column *, split::SplitVector<unsigned int, split::split_unified_allocator<unsigned int>> *, Hashinator::Hashmap<unsigned int, unsigned int, (unsigned int)4294967295, (unsigned int)4294967294, Hashinator::HashFunctions::Fibonacci<unsigned int>, Hashinator::Hashers::Hasher<unsigned int, unsigned int, Hashinator::HashFunctions::Fibonacci<unsigned int>, (unsigned int)4294967295, (unsigned int)4294967294, (int)32, (int)1>, split::split_unified_allocator<Hashinator::Info>> *, Hashinator::Hashmap<unsigned int, unsigned int, (unsigned int)4294967295, (unsigned int)4294967294, Hashinator::HashFunctions::Fibonacci<unsigned int>, Hashinator::Hashers::Hasher<unsigned int, unsigned int, Hashinator::HashFunctions::Fibonacci<unsigned int>, (unsigned int)4294967295, (unsigned int)4294967294, (int)32, (int)1>, split::split_unified_allocator<Hashinator::Info>> *, unsigned int *, unsigned int *, float, float, float, float, int, int, float, float, unsigned int *)"
0.0,14.9186,574,0.0260,0.0098,0.0073,0.1811,0.0343,  89    1    1,  16    1    1,"reorder_blocks_by_dimension_kernel(vmesh::VelocityBlockContainer *, VecSimple<float> *, unsigned int *, unsigned int *, ColumnOffsets *)"
0.0,14.8452,311,0.0477,0.0074,0.0049,0.4262,0.0674, 184    1    1,  64    1    1,"update_velocity_blocks_kernel(vmesh::VelocityMesh *, vmesh::VelocityBlockContainer *, split::SplitVector<unsigned int, split::split_unified_allocator<unsigned int>> *, split::SplitVector<Hashinator::hash_pair<unsigned int, unsigned int>, split::split_unified_allocator<Hashinator::hash_pair<unsigned int, unsigned int>>> *, split::SplitVector<Hashinator::hash_pair<unsigned int, unsigned int>, split::split_unified_allocator<Hashinator::hash_pair<unsigned int, unsigned int>>> *, split::SplitVector<Hashinator::hash_pair<unsigned int, unsigned int>, split::split_unified_allocator<Hashinator::hash_pair<unsigned int, unsigned int>>> *, unsigned int, unsigned int, unsigned int, float *)"
0.0,14.8403,160,0.0928,0.0913,0.0859,0.1069,0.0039,1392    1    1,  32    1    1,"void arch::reduction_kernel<(unsigned int)32, (arch::reduce_op)2, (unsigned int)4, (unsigned int)0, DRO::VariablePrecipitationDiffFlux::reduceData(const spatial_cell::SpatialCell *, char *)::[lambda(unsigned int, unsigned int, unsigned int, unsigned int, double *) (instance 1)], double>(T5, const T6 *, T6 *, const unsigned int *, unsigned int, unsigned int, T6 *)"
0.0,14.8328,532,0.0279,0.0093,0.0060,0.3592,0.0387, 102    1    1,1024    1    1,"update_neighbour_halo_kernel(vmesh::VelocityMesh *, unsigned int, unsigned int **, unsigned int *, Hashinator::Hashmap<unsigned int, unsigned int, (unsigned int)4294967295, (unsigned int)4294967294, Hashinator::HashFunctions::Fibonacci<unsigned int>, Hashinator::Hashers::Hasher<unsigned int, unsigned int, Hashinator::HashFunctions::Fibonacci<unsigned int>, (unsigned int)4294967295, (unsigned int)4294967294, (int)32, (int)1>, split::split_unified_allocator<Hashinator::Info>> *, Hashinator::Hashmap<unsigned int, unsigned int, (unsigned int)4294967295, (unsigned int)4294967294, Hashinator::HashFunctions::Fibonacci<unsigned int>, Hashinator::Hashers::Hasher<unsigned int, unsigned int, Hashinator::HashFunctions::Fibonacci<unsigned int>, (unsigned int)4294967295, (unsigned int)4294967294, (int)32, (int)1>, split::split_unified_allocator<Hashinator::Info>> *)"
0.0,14.7236,478,0.0308,0.0082,0.0062,0.2270,0.0364,  89    1    1,  64    1    1,"update_velocity_blocks_kernel(vmesh::VelocityMesh *, vmesh::VelocityBlockContainer *, split::SplitVector<unsigned int, split::split_unified_allocator<unsigned int>> *, split::SplitVector<Hashinator::hash_pair<unsigned int, unsigned int>, split::split_unified_allocator<Hashinator::hash_pair<unsigned int, unsigned int>>> *, split::SplitVector<Hashinator::hash_pair<unsigned int, unsigned int>, split::split_unified_allocator<Hashinator::hash_pair<unsigned int, unsigned int>>> *, split::SplitVector<Hashinator::hash_pair<unsigned int, unsigned int>, split::split_unified_allocator<Hashinator::hash_pair<unsigned int, unsigned int>>> *, unsigned int, unsigned int, unsigned int, float *)"
0.0,14.6654,1016,0.0144,0.0032,0.0025,0.1400,0.0231,  19    1    1,  32    1    1,"blocksID_mapped_dim1_kernel(const vmesh::VelocityMesh *, unsigned int *, unsigned int *, unsigned int)"
0.0,14.5966,584,0.0250,0.0116,0.0090,0.1741,0.0289, 213    1    1,1024    1    1,"update_neighbour_halo_kernel(vmesh::VelocityMesh *, unsigned int, unsigned int **, unsigned int *, Hashinator::Hashmap<unsigned int, unsigned int, (unsigned int)4294967295, (unsigned int)4294967294, Hashinator::HashFunctions::Fibonacci<unsigned int>, Hashinator::Hashers::Hasher<unsigned int, unsigned int, Hashinator::HashFunctions::Fibonacci<unsigned int>, (unsigned int)4294967295, (unsigned int)4294967294, (int)32, (int)1>, split::split_unified_allocator<Hashinator::Info>> *, Hashinator::Hashmap<unsigned int, unsigned int, (unsigned int)4294967295, (unsigned int)4294967294, Hashinator::HashFunctions::Fibonacci<unsigned int>, Hashinator::Hashers::Hasher<unsigned int, unsigned int, Hashinator::HashFunctions::Fibonacci<unsigned int>, (unsigned int)4294967295, (unsigned int)4294967294, (int)32, (int)1>, split::split_unified_allocator<Hashinator::Info>> *)"
0.0,14.5491,88,0.1653,0.1462,0.0802,0.3324,0.0606,  49    1    1,  16    1    1,"acceleration_kernel(const vmesh::VelocityMesh *, vmesh::VelocityBlockContainer *, VecSimple<float> *, unsigned int *, unsigned int *, Column *, unsigned int, float, float, float, float, float, float, float, float, unsigned long)"
0.0,14.2957,1016,0.0141,0.0033,0.0026,0.1477,0.0222,  13    1    1,  32    1    1,"blocksID_mapped_dim2_kernel(const vmesh::VelocityMesh *, unsigned int *, unsigned int *, unsigned int)"
0.0,14.1840,512,0.0277,0.0104,0.0071,0.1840,0.0330,  78    1    1,  16    1    1,"reorder_blocks_by_dimension_kernel(vmesh::VelocityBlockContainer *, VecSimple<float> *, unsigned int *, unsigned int *, ColumnOffsets *)"
0.0,14.1657,192,0.0738,0.0726,0.0669,0.0931,0.0040, 520    1    1,  32    1    1,"void arch::reduction_kernel<(unsigned int)32, (arch::reduce_op)2, (unsigned int)4, (unsigned int)0, DRO::VariablePrecipitationDiffFlux::reduceData(const spatial_cell::SpatialCell *, char *)::[lambda(unsigned int, unsigned int, unsigned int, unsigned int, double *) (instance 1)], double>(T5, const T6 *, T6 *, const unsigned int *, unsigned int, unsigned int, T6 *)"
0.0,14.1474,588,0.0241,0.0079,0.0063,0.1608,0.0284, 111    1    1,  64    1    1,"update_velocity_blocks_kernel(vmesh::VelocityMesh *, vmesh::VelocityBlockContainer *, split::SplitVector<unsigned int, split::split_unified_allocator<unsigned int>> *, split::SplitVector<Hashinator::hash_pair<unsigned int, unsigned int>, split::split_unified_allocator<Hashinator::hash_pair<unsigned int, unsigned int>>> *, split::SplitVector<Hashinator::hash_pair<unsigned int, unsigned int>, split::split_unified_allocator<Hashinator::hash_pair<unsigned int, unsigned int>>> *, split::SplitVector<Hashinator::hash_pair<unsigned int, unsigned int>, split::split_unified_allocator<Hashinator::hash_pair<unsigned int, unsigned int>>> *, unsigned int, unsigned int, unsigned int, float *)"
0.0,13.9411,468,0.0298,0.0114,0.0084,0.2540,0.0395, 157    1    1,1024    1    1,"update_neighbour_halo_kernel(vmesh::VelocityMesh *, unsigned int, unsigned int **, unsigned int *, Hashinator::Hashmap<unsigned int, unsigned int, (unsigned int)4294967295, (unsigned int)4294967294, Hashinator::HashFunctions::Fibonacci<unsigned int>, Hashinator::Hashers::Hasher<unsigned int, unsigned int, Hashinator::HashFunctions::Fibonacci<unsigned int>, (unsigned int)4294967295, (unsigned int)4294967294, (int)32, (int)1>, split::split_unified_allocator<Hashinator::Info>> *, Hashinator::Hashmap<unsigned int, unsigned int, (unsigned int)4294967295, (unsigned int)4294967294, Hashinator::HashFunctions::Fibonacci<unsigned int>, Hashinator::Hashers::Hasher<unsigned int, unsigned int, Hashinator::HashFunctions::Fibonacci<unsigned int>, (unsigned int)4294967295, (unsigned int)4294967294, (int)32, (int)1>, split::split_unified_allocator<Hashinator::Info>> *)"
0.0,13.8009,458,0.0301,0.0118,0.0089,0.1944,0.0363, 192    1    1,1024    1    1,"update_neighbour_halo_kernel(vmesh::VelocityMesh *, unsigned int, unsigned int **, unsigned int *, Hashinator::Hashmap<unsigned int, unsigned int, (unsigned int)4294967295, (unsigned int)4294967294, Hashinator::HashFunctions::Fibonacci<unsigned int>, Hashinator::Hashers::Hasher<unsigned int, unsigned int, Hashinator::HashFunctions::Fibonacci<unsigned int>, (unsigned int)4294967295, (unsigned int)4294967294, (int)32, (int)1>, split::split_unified_allocator<Hashinator::Info>> *, Hashinator::Hashmap<unsigned int, unsigned int, (unsigned int)4294967295, (unsigned int)4294967294, Hashinator::HashFunctions::Fibonacci<unsigned int>, Hashinator::Hashers::Hasher<unsigned int, unsigned int, Hashinator::HashFunctions::Fibonacci<unsigned int>, (unsigned int)4294967295, (unsigned int)4294967294, (int)32, (int)1>, split::split_unified_allocator<Hashinator::Info>> *)"
0.0,13.7222,526,0.0261,0.0079,0.0063,0.2268,0.0306, 114    1    1,  64    1    1,"update_velocity_blocks_kernel(vmesh::VelocityMesh *, vmesh::VelocityBlockContainer *, split::SplitVector<unsigned int, split::split_unified_allocator<unsigned int>> *, split::SplitVector<Hashinator::hash_pair<unsigned int, unsigned int>, split::split_unified_allocator<Hashinator::hash_pair<unsigned int, unsigned int>>> *, split::SplitVector<Hashinator::hash_pair<unsigned int, unsigned int>, split::split_unified_allocator<Hashinator::hash_pair<unsigned int, unsigned int>>> *, split::SplitVector<Hashinator::hash_pair<unsigned int, unsigned int>, split::split_unified_allocator<Hashinator::hash_pair<unsigned int, unsigned int>>> *, unsigned int, unsigned int, unsigned int, float *)"
0.0,13.5844,312,0.0435,0.0154,0.0128,0.3317,0.0498, 228    1    1, 832    1    1,"update_velocity_halo_kernel(vmesh::VelocityMesh *, unsigned int, unsigned int *, Hashinator::Hashmap<unsigned int, unsigned int, (unsigned int)4294967295, (unsigned int)4294967294, Hashinator::HashFunctions::Fibonacci<unsigned int>, Hashinator::Hashers::Hasher<unsigned int, unsigned int, Hashinator::HashFunctions::Fibonacci<unsigned int>, (unsigned int)4294967295, (unsigned int)4294967294, (int)32, (int)1>, split::split_unified_allocator<Hashinator::Info>> *, Hashinator::Hashmap<unsigned int, unsigned int, (unsigned int)4294967295, (unsigned int)4294967294, Hashinator::HashFunctions::Fibonacci<unsigned int>, Hashinator::Hashers::Hasher<unsigned int, unsigned int, Hashinator::HashFunctions::Fibonacci<unsigned int>, (unsigned int)4294967295, (unsigned int)4294967294, (int)32, (int)1>, split::split_unified_allocator<Hashinator::Info>> *)"
0.0,13.5772,321,0.0423,0.0080,0.0050,0.3770,0.0569, 275    1    1,  64    1    1,"update_velocity_blocks_kernel(vmesh::VelocityMesh *, vmesh::VelocityBlockContainer *, split::SplitVector<unsigned int, split::split_unified_allocator<unsigned int>> *, split::SplitVector<Hashinator::hash_pair<unsigned int, unsigned int>, split::split_unified_allocator<Hashinator::hash_pair<unsigned int, unsigned int>>> *, split::SplitVector<Hashinator::hash_pair<unsigned int, unsigned int>, split::split_unified_allocator<Hashinator::hash_pair<unsigned int, unsigned int>>> *, split::SplitVector<Hashinator::hash_pair<unsigned int, unsigned int>, split::split_unified_allocator<Hashinator::hash_pair<unsigned int, unsigned int>>> *, unsigned int, unsigned int, unsigned int, float *)"
0.0,13.5682,488,0.0278,0.0142,0.0109,0.1891,0.0257, 101    1    1,  32    1    1,"evaluate_column_extents_kernel(unsigned int, const vmesh::VelocityMesh *, ColumnOffsets *, Column *, split::SplitVector<unsigned int, split::split_unified_allocator<unsigned int>> *, Hashinator::Hashmap<unsigned int, unsigned int, (unsigned int)4294967295, (unsigned int)4294967294, Hashinator::HashFunctions::Fibonacci<unsigned int>, Hashinator::Hashers::Hasher<unsigned int, unsigned int, Hashinator::HashFunctions::Fibonacci<unsigned int>, (unsigned int)4294967295, (unsigned int)4294967294, (int)32, (int)1>, split::split_unified_allocator<Hashinator::Info>> *, Hashinator::Hashmap<unsigned int, unsigned int, (unsigned int)4294967295, (unsigned int)4294967294, Hashinator::HashFunctions::Fibonacci<unsigned int>, Hashinator::Hashers::Hasher<unsigned int, unsigned int, Hashinator::HashFunctions::Fibonacci<unsigned int>, (unsigned int)4294967295, (unsigned int)4294967294, (int)32, (int)1>, split::split_unified_allocator<Hashinator::Info>> *, unsigned int *, unsigned int *, float, float, float, float, int, int, float, float, unsigned int *)"
0.0,13.5542,864,0.0157,0.0036,0.0028,0.1651,0.0237,  17    1    1,  32    1    1,"blocksID_mapped_dim0_kernel(const vmesh::VelocityMesh *, unsigned int *, unsigned int *, unsigned int)"
0.0,13.5484,512,0.0265,0.0135,0.0108,0.1845,0.0245,  78    1    1,  32    1    1,"evaluate_column_extents_kernel(unsigned int, const vmesh::VelocityMesh *, ColumnOffsets *, Column *, split::SplitVector<unsigned int, split::split_unified_allocator<unsigned int>> *, Hashinator::Hashmap<unsigned int, unsigned int, (unsigned int)4294967295, (unsigned int)4294967294, Hashinator::HashFunctions::Fibonacci<unsigned int>, Hashinator::Hashers::Hasher<unsigned int, unsigned int, Hashinator::HashFunctions::Fibonacci<unsigned int>, (unsigned int)4294967295, (unsigned int)4294967294, (int)32, (int)1>, split::split_unified_allocator<Hashinator::Info>> *, Hashinator::Hashmap<unsigned int, unsigned int, (unsigned int)4294967295, (unsigned int)4294967294, Hashinator::HashFunctions::Fibonacci<unsigned int>, Hashinator::Hashers::Hasher<unsigned int, unsigned int, Hashinator::HashFunctions::Fibonacci<unsigned int>, (unsigned int)4294967295, (unsigned int)4294967294, (int)32, (int)1>, split::split_unified_allocator<Hashinator::Info>> *, unsigned int *, unsigned int *, float, float, float, float, int, int, float, float, unsigned int *)"
0.0,13.4865,451,0.0299,0.0083,0.0063,0.1793,0.0339,  87    1    1,  64    1    1,"update_velocity_blocks_kernel(vmesh::VelocityMesh *, vmesh::VelocityBlockContainer *, split::SplitVector<unsigned int, split::split_unified_allocator<unsigned int>> *, split::SplitVector<Hashinator::hash_pair<unsigned int, unsigned int>, split::split_unified_allocator<Hashinator::hash_pair<unsigned int, unsigned int>>> *, split::SplitVector<Hashinator::hash_pair<unsigned int, unsigned int>, split::split_unified_allocator<Hashinator::hash_pair<unsigned int, unsigned int>>> *, split::SplitVector<Hashinator::hash_pair<unsigned int, unsigned int>, split::split_unified_allocator<Hashinator::hash_pair<unsigned int, unsigned int>>> *, unsigned int, unsigned int, unsigned int, float *)"
0.0,13.4828,472,0.0286,0.0140,0.0108,0.1577,0.0260, 109    1    1,  32    1    1,"evaluate_column_extents_kernel(unsigned int, const vmesh::VelocityMesh *, ColumnOffsets *, Column *, split::SplitVector<unsigned int, split::split_unified_allocator<unsigned int>> *, Hashinator::Hashmap<unsigned int, unsigned int, (unsigned int)4294967295, (unsigned int)4294967294, Hashinator::HashFunctions::Fibonacci<unsigned int>, Hashinator::Hashers::Hasher<unsigned int, unsigned int, Hashinator::HashFunctions::Fibonacci<unsigned int>, (unsigned int)4294967295, (unsigned int)4294967294, (int)32, (int)1>, split::split_unified_allocator<Hashinator::Info>> *, Hashinator::Hashmap<unsigned int, unsigned int, (unsigned int)4294967295, (unsigned int)4294967294, Hashinator::HashFunctions::Fibonacci<unsigned int>, Hashinator::Hashers::Hasher<unsigned int, unsigned int, Hashinator::HashFunctions::Fibonacci<unsigned int>, (unsigned int)4294967295, (unsigned int)4294967294, (int)32, (int)1>, split::split_unified_allocator<Hashinator::Info>> *, unsigned int *, unsigned int *, float, float, float, float, int, int, float, float, unsigned int *)"
0.0,13.4408,425,0.0316,0.0109,0.0079,0.2988,0.0415, 133    1    1,1024    1    1,"update_neighbour_halo_kernel(vmesh::VelocityMesh *, unsigned int, unsigned int **, unsigned int *, Hashinator::Hashmap<unsigned int, unsigned int, (unsigned int)4294967295, (unsigned int)4294967294, Hashinator::HashFunctions::Fibonacci<unsigned int>, Hashinator::Hashers::Hasher<unsigned int, unsigned int, Hashinator::HashFunctions::Fibonacci<unsigned int>, (unsigned int)4294967295, (unsigned int)4294967294, (int)32, (int)1>, split::split_unified_allocator<Hashinator::Info>> *, Hashinator::Hashmap<unsigned int, unsigned int, (unsigned int)4294967295, (unsigned int)4294967294, Hashinator::HashFunctions::Fibonacci<unsigned int>, Hashinator::Hashers::Hasher<unsigned int, unsigned int, Hashinator::HashFunctions::Fibonacci<unsigned int>, (unsigned int)4294967295, (unsigned int)4294967294, (int)32, (int)1>, split::split_unified_allocator<Hashinator::Info>> *)"
0.0,13.3513,1911,0.0070,0.0069,0.0062,0.0100,0.0004, 386    1    1,  64    1    1,"update_velocity_block_content_lists_kernel(vmesh::VelocityMesh *, vmesh::VelocityBlockContainer *, Hashinator::Hashmap<unsigned int, unsigned int, (unsigned int)4294967295, (unsigned int)4294967294, Hashinator::HashFunctions::Fibonacci<unsigned int>, Hashinator::Hashers::Hasher<unsigned int, unsigned int, Hashinator::HashFunctions::Fibonacci<unsigned int>, (unsigned int)4294967295, (unsigned int)4294967294, (int)32, (int)1>, split::split_unified_allocator<Hashinator::Info>> *, Hashinator::Hashmap<unsigned int, unsigned int, (unsigned int)4294967295, (unsigned int)4294967294, Hashinator::HashFunctions::Fibonacci<unsigned int>, Hashinator::Hashers::Hasher<unsigned int, unsigned int, Hashinator::HashFunctions::Fibonacci<unsigned int>, (unsigned int)4294967295, (unsigned int)4294967294, (int)32, (int)1>, split::split_unified_allocator<Hashinator::Info>> *, double)"
0.0,13.3422,510,0.0262,0.0078,0.0062,0.1977,0.0319, 113    1    1,  64    1    1,"update_velocity_blocks_kernel(vmesh::VelocityMesh *, vmesh::VelocityBlockContainer *, split::SplitVector<unsigned int, split::split_unified_allocator<unsigned int>> *, split::SplitVector<Hashinator::hash_pair<unsigned int, unsigned int>, split::split_unified_allocator<Hashinator::hash_pair<unsigned int, unsigned int>>> *, split::SplitVector<Hashinator::hash_pair<unsigned int, unsigned int>, split::split_unified_allocator<Hashinator::hash_pair<unsigned int, unsigned int>>> *, split::SplitVector<Hashinator::hash_pair<unsigned int, unsigned int>, split::split_unified_allocator<Hashinator::hash_pair<unsigned int, unsigned int>>> *, unsigned int, unsigned int, unsigned int, float *)"
0.0,13.1635,56,0.2351,0.2236,0.0054,0.5795,0.1286,1448    1    1,   4    4    4,"void spatial_cell::add_blocks_from_buffer_kernel<float>(const vmesh::VelocityMesh *, vmesh::VelocityBlockContainer *, unsigned int, const unsigned int *, const T1 *, unsigned int)"
0.0,13.0287,912,0.0143,0.0032,0.0024,0.1427,0.0229,  17    1    1,  32    1    1,"blocksID_mapped_dim2_kernel(const vmesh::VelocityMesh *, unsigned int *, unsigned int *, unsigned int)"
0.0,13.0205,960,0.0136,0.0036,0.0028,0.1270,0.0213,  12    1    1,  32    1    1,"blocksID_mapped_dim0_kernel(const vmesh::VelocityMesh *, unsigned int *, unsigned int *, unsigned int)"
0.0,12.9284,944,0.0137,0.0033,0.0025,0.1500,0.0223,  20    1    1,  32    1    1,"blocksID_mapped_dim2_kernel(const vmesh::VelocityMesh *, unsigned int *, unsigned int *, unsigned int)"
0.0,12.9130,416,0.0310,0.0124,0.0091,0.2584,0.0386, 228    1    1,1024    1    1,"update_neighbour_halo_kernel(vmesh::VelocityMesh *, unsigned int, unsigned int **, unsigned int *, Hashinator::Hashmap<unsigned int, unsigned int, (unsigned int)4294967295, (unsigned int)4294967294, Hashinator::HashFunctions::Fibonacci<unsigned int>, Hashinator::Hashers::Hasher<unsigned int, unsigned int, Hashinator::HashFunctions::Fibonacci<unsigned int>, (unsigned int)4294967295, (unsigned int)4294967294, (int)32, (int)1>, split::split_unified_allocator<Hashinator::Info>> *, Hashinator::Hashmap<unsigned int, unsigned int, (unsigned int)4294967295, (unsigned int)4294967294, Hashinator::HashFunctions::Fibonacci<unsigned int>, Hashinator::Hashers::Hasher<unsigned int, unsigned int, Hashinator::HashFunctions::Fibonacci<unsigned int>, (unsigned int)4294967295, (unsigned int)4294967294, (int)32, (int)1>, split::split_unified_allocator<Hashinator::Info>> *)"
0.0,12.8510,252,0.0510,0.0103,0.0050,0.4412,0.0670, 273    1    1,  64    1    1,"update_velocity_blocks_kernel(vmesh::VelocityMesh *, vmesh::VelocityBlockContainer *, split::SplitVector<unsigned int, split::split_unified_allocator<unsigned int>> *, split::SplitVector<Hashinator::hash_pair<unsigned int, unsigned int>, split::split_unified_allocator<Hashinator::hash_pair<unsigned int, unsigned int>>> *, split::SplitVector<Hashinator::hash_pair<unsigned int, unsigned int>, split::split_unified_allocator<Hashinator::hash_pair<unsigned int, unsigned int>>> *, split::SplitVector<Hashinator::hash_pair<unsigned int, unsigned int>, split::split_unified_allocator<Hashinator::hash_pair<unsigned int, unsigned int>>> *, unsigned int, unsigned int, unsigned int, float *)"
0.0,12.8038,455,0.0281,0.0136,0.0107,0.2035,0.0274,  66    1    1,  32    1    1,"evaluate_column_extents_kernel(unsigned int, const vmesh::VelocityMesh *, ColumnOffsets *, Column *, split::SplitVector<unsigned int, split::split_unified_allocator<unsigned int>> *, Hashinator::Hashmap<unsigned int, unsigned int, (unsigned int)4294967295, (unsigned int)4294967294, Hashinator::HashFunctions::Fibonacci<unsigned int>, Hashinator::Hashers::Hasher<unsigned int, unsigned int, Hashinator::HashFunctions::Fibonacci<unsigned int>, (unsigned int)4294967295, (unsigned int)4294967294, (int)32, (int)1>, split::split_unified_allocator<Hashinator::Info>> *, Hashinator::Hashmap<unsigned int, unsigned int, (unsigned int)4294967295, (unsigned int)4294967294, Hashinator::HashFunctions::Fibonacci<unsigned int>, Hashinator::Hashers::Hasher<unsigned int, unsigned int, Hashinator::HashFunctions::Fibonacci<unsigned int>, (unsigned int)4294967295, (unsigned int)4294967294, (int)32, (int)1>, split::split_unified_allocator<Hashinator::Info>> *, unsigned int *, unsigned int *, float, float, float, float, int, int, float, float, unsigned int *)"
0.0,12.7672,864,0.0148,0.0033,0.0026,0.1620,0.0238,  14    1    1,  32    1    1,"blocksID_mapped_dim1_kernel(const vmesh::VelocityMesh *, unsigned int *, unsigned int *, unsigned int)"
0.0,12.7490,275,0.0464,0.0076,0.0049,0.4521,0.0683, 175    1    1,  64    1    1,"update_velocity_blocks_kernel(vmesh::VelocityMesh *, vmesh::VelocityBlockContainer *, split::SplitVector<unsigned int, split::split_unified_allocator<unsigned int>> *, split::SplitVector<Hashinator::hash_pair<unsigned int, unsigned int>, split::split_unified_allocator<Hashinator::hash_pair<unsigned int, unsigned int>>> *, split::SplitVector<Hashinator::hash_pair<unsigned int, unsigned int>, split::split_unified_allocator<Hashinator::hash_pair<unsigned int, unsigned int>>> *, split::SplitVector<Hashinator::hash_pair<unsigned int, unsigned int>, split::split_unified_allocator<Hashinator::hash_pair<unsigned int, unsigned int>>> *, unsigned int, unsigned int, unsigned int, float *)"
0.0,12.7138,780,0.0163,0.0044,0.0035,0.1678,0.0209,  23    1    1,  32    1    1,"order_GIDs_kernel(const vmesh::VelocityMesh *, unsigned int *, unsigned int *, unsigned int, unsigned int *, unsigned int *, unsigned int, ColumnOffsets *)"
0.0,12.6735,315,0.0402,0.0070,0.0050,0.3495,0.0570, 244    1    1,  64    1    1,"update_velocity_blocks_kernel(vmesh::VelocityMesh *, vmesh::VelocityBlockContainer *, split::SplitVector<unsigned int, split::split_unified_allocator<unsigned int>> *, split::SplitVector<Hashinator::hash_pair<unsigned int, unsigned int>, split::split_unified_allocator<Hashinator::hash_pair<unsigned int, unsigned int>>> *, split::SplitVector<Hashinator::hash_pair<unsigned int, unsigned int>, split::split_unified_allocator<Hashinator::hash_pair<unsigned int, unsigned int>>> *, split::SplitVector<Hashinator::hash_pair<unsigned int, unsigned int>, split::split_unified_allocator<Hashinator::hash_pair<unsigned int, unsigned int>>> *, unsigned int, unsigned int, unsigned int, float *)"
0.0,12.5615,201,0.0625,0.0148,0.0049,3.1317,0.2255, 189    1    1,  64    1    1,"update_velocity_blocks_kernel(vmesh::VelocityMesh *, vmesh::VelocityBlockContainer *, split::SplitVector<unsigned int, split::split_unified_allocator<unsigned int>> *, split::SplitVector<Hashinator::hash_pair<unsigned int, unsigned int>, split::split_unified_allocator<Hashinator::hash_pair<unsigned int, unsigned int>>> *, split::SplitVector<Hashinator::hash_pair<unsigned int, unsigned int>, split::split_unified_allocator<Hashinator::hash_pair<unsigned int, unsigned int>>> *, split::SplitVector<Hashinator::hash_pair<unsigned int, unsigned int>, split::split_unified_allocator<Hashinator::hash_pair<unsigned int, unsigned int>>> *, unsigned int, unsigned int, unsigned int, float *)"
0.0,12.5049,864,0.0145,0.0036,0.0028,0.1361,0.0222,  14    1    1,  32    1    1,"blocksID_mapped_dim0_kernel(const vmesh::VelocityMesh *, unsigned int *, unsigned int *, unsigned int)"
0.0,12.4953,1786,0.0070,0.0069,0.0063,0.0097,0.0004, 396    1    1,  64    1    1,"update_velocity_block_content_lists_kernel(vmesh::VelocityMesh *, vmesh::VelocityBlockContainer *, Hashinator::Hashmap<unsigned int, unsigned int, (unsigned int)4294967295, (unsigned int)4294967294, Hashinator::HashFunctions::Fibonacci<unsigned int>, Hashinator::Hashers::Hasher<unsigned int, unsigned int, Hashinator::HashFunctions::Fibonacci<unsigned int>, (unsigned int)4294967295, (unsigned int)4294967294, (int)32, (int)1>, split::split_unified_allocator<Hashinator::Info>> *, Hashinator::Hashmap<unsigned int, unsigned int, (unsigned int)4294967295, (unsigned int)4294967294, Hashinator::HashFunctions::Fibonacci<unsigned int>, Hashinator::Hashers::Hasher<unsigned int, unsigned int, Hashinator::HashFunctions::Fibonacci<unsigned int>, (unsigned int)4294967295, (unsigned int)4294967294, (int)32, (int)1>, split::split_unified_allocator<Hashinator::Info>> *, double)"
0.0,12.4898,463,0.0270,0.0080,0.0063,0.1816,0.0324,  79    1    1,  64    1    1,"update_velocity_blocks_kernel(vmesh::VelocityMesh *, vmesh::VelocityBlockContainer *, split::SplitVector<unsigned int, split::split_unified_allocator<unsigned int>> *, split::SplitVector<Hashinator::hash_pair<unsigned int, unsigned int>, split::split_unified_allocator<Hashinator::hash_pair<unsigned int, unsigned int>>> *, split::SplitVector<Hashinator::hash_pair<unsigned int, unsigned int>, split::split_unified_allocator<Hashinator::hash_pair<unsigned int, unsigned int>>> *, split::SplitVector<Hashinator::hash_pair<unsigned int, unsigned int>, split::split_unified_allocator<Hashinator::hash_pair<unsigned int, unsigned int>>> *, unsigned int, unsigned int, unsigned int, float *)"
0.0,12.4828,408,0.0306,0.0114,0.0062,0.2321,0.0323, 117    1    1,  64    1    1,"update_velocity_blocks_kernel(vmesh::VelocityMesh *, vmesh::VelocityBlockContainer *, split::SplitVector<unsigned int, split::split_unified_allocator<unsigned int>> *, split::SplitVector<Hashinator::hash_pair<unsigned int, unsigned int>, split::split_unified_allocator<Hashinator::hash_pair<unsigned int, unsigned int>>> *, split::SplitVector<Hashinator::hash_pair<unsigned int, unsigned int>, split::split_unified_allocator<Hashinator::hash_pair<unsigned int, unsigned int>>> *, split::SplitVector<Hashinator::hash_pair<unsigned int, unsigned int>, split::split_unified_allocator<Hashinator::hash_pair<unsigned int, unsigned int>>> *, unsigned int, unsigned int, unsigned int, float *)"
0.0,12.4517,288,0.0432,0.0075,0.0049,0.4844,0.0657, 181    1    1,  64    1    1,"update_velocity_blocks_kernel(vmesh::VelocityMesh *, vmesh::VelocityBlockContainer *, split::SplitVector<unsigned int, split::split_unified_allocator<unsigned int>> *, split::SplitVector<Hashinator::hash_pair<unsigned int, unsigned int>, split::split_unified_allocator<Hashinator::hash_pair<unsigned int, unsigned int>>> *, split::SplitVector<Hashinator::hash_pair<unsigned int, unsigned int>, split::split_unified_allocator<Hashinator::hash_pair<unsigned int, unsigned int>>> *, split::SplitVector<Hashinator::hash_pair<unsigned int, unsigned int>, split::split_unified_allocator<Hashinator::hash_pair<unsigned int, unsigned int>>> *, unsigned int, unsigned int, unsigned int, float *)"
0.0,12.4430,459,0.0271,0.0079,0.0064,0.1994,0.0328,  81    1    1,  64    1    1,"update_velocity_blocks_kernel(vmesh::VelocityMesh *, vmesh::VelocityBlockContainer *, split::SplitVector<unsigned int, split::split_unified_allocator<unsigned int>> *, split::SplitVector<Hashinator::hash_pair<unsigned int, unsigned int>, split::split_unified_allocator<Hashinator::hash_pair<unsigned int, unsigned int>>> *, split::SplitVector<Hashinator::hash_pair<unsigned int, unsigned int>, split::split_unified_allocator<Hashinator::hash_pair<unsigned int, unsigned int>>> *, split::SplitVector<Hashinator::hash_pair<unsigned int, unsigned int>, split::split_unified_allocator<Hashinator::hash_pair<unsigned int, unsigned int>>> *, unsigned int, unsigned int, unsigned int, float *)"
0.0,12.4048,288,0.0431,0.0073,0.0049,0.3059,0.0587, 206    1    1,  64    1    1,"update_velocity_blocks_kernel(vmesh::VelocityMesh *, vmesh::VelocityBlockContainer *, split::SplitVector<unsigned int, split::split_unified_allocator<unsigned int>> *, split::SplitVector<Hashinator::hash_pair<unsigned int, unsigned int>, split::split_unified_allocator<Hashinator::hash_pair<unsigned int, unsigned int>>> *, split::SplitVector<Hashinator::hash_pair<unsigned int, unsigned int>, split::split_unified_allocator<Hashinator::hash_pair<unsigned int, unsigned int>>> *, split::SplitVector<Hashinator::hash_pair<unsigned int, unsigned int>, split::split_unified_allocator<Hashinator::hash_pair<unsigned int, unsigned int>>> *, unsigned int, unsigned int, unsigned int, float *)"
0.0,12.3915,486,0.0255,0.0101,0.0063,0.2463,0.0342,  67    1    1,  16    1    1,"reorder_blocks_by_dimension_kernel(vmesh::VelocityBlockContainer *, VecSimple<float> *, unsigned int *, unsigned int *, ColumnOffsets *)"
0.0,12.3802,428,0.0289,0.0093,0.0062,0.1992,0.0325, 124    1    1,  64    1    1,"update_velocity_blocks_kernel(vmesh::VelocityMesh *, vmesh::VelocityBlockContainer *, split::SplitVector<unsigned int, split::split_unified_allocator<unsigned int>> *, split::SplitVector<Hashinator::hash_pair<unsigned int, unsigned int>, split::split_unified_allocator<Hashinator::hash_pair<unsigned int, unsigned int>>> *, split::SplitVector<Hashinator::hash_pair<unsigned int, unsigned int>, split::split_unified_allocator<Hashinator::hash_pair<unsigned int, unsigned int>>> *, split::SplitVector<Hashinator::hash_pair<unsigned int, unsigned int>, split::split_unified_allocator<Hashinator::hash_pair<unsigned int, unsigned int>>> *, unsigned int, unsigned int, unsigned int, float *)"
0.0,12.3708,754,0.0164,0.0045,0.0035,0.1075,0.0204,  26    1    1,  32    1    1,"order_GIDs_kernel(const vmesh::VelocityMesh *, unsigned int *, unsigned int *, unsigned int, unsigned int *, unsigned int *, unsigned int, ColumnOffsets *)"
0.0,12.3446,228,0.0541,0.0075,0.0050,3.1280,0.2109, 246    1    1,  64    1    1,"update_velocity_blocks_kernel(vmesh::VelocityMesh *, vmesh::VelocityBlockContainer *, split::SplitVector<unsigned int, split::split_unified_allocator<unsigned int>> *, split::SplitVector<Hashinator::hash_pair<unsigned int, unsigned int>, split::split_unified_allocator<Hashinator::hash_pair<unsigned int, unsigned int>>> *, split::SplitVector<Hashinator::hash_pair<unsigned int, unsigned int>, split::split_unified_allocator<Hashinator::hash_pair<unsigned int, unsigned int>>> *, split::SplitVector<Hashinator::hash_pair<unsigned int, unsigned int>, split::split_unified_allocator<Hashinator::hash_pair<unsigned int, unsigned int>>> *, unsigned int, unsigned int, unsigned int, float *)"
0.0,12.3086,198,0.0622,0.0073,0.0050,3.1314,0.2288, 205    1    1,  64    1    1,"update_velocity_blocks_kernel(vmesh::VelocityMesh *, vmesh::VelocityBlockContainer *, split::SplitVector<unsigned int, split::split_unified_allocator<unsigned int>> *, split::SplitVector<Hashinator::hash_pair<unsigned int, unsigned int>, split::split_unified_allocator<Hashinator::hash_pair<unsigned int, unsigned int>>> *, split::SplitVector<Hashinator::hash_pair<unsigned int, unsigned int>, split::split_unified_allocator<Hashinator::hash_pair<unsigned int, unsigned int>>> *, split::SplitVector<Hashinator::hash_pair<unsigned int, unsigned int>, split::split_unified_allocator<Hashinator::hash_pair<unsigned int, unsigned int>>> *, unsigned int, unsigned int, unsigned int, float *)"
0.0,12.2959,282,0.0436,0.0083,0.0051,0.3383,0.0550, 280    1    1,  64    1    1,"update_velocity_blocks_kernel(vmesh::VelocityMesh *, vmesh::VelocityBlockContainer *, split::SplitVector<unsigned int, split::split_unified_allocator<unsigned int>> *, split::SplitVector<Hashinator::hash_pair<unsigned int, unsigned int>, split::split_unified_allocator<Hashinator::hash_pair<unsigned int, unsigned int>>> *, split::SplitVector<Hashinator::hash_pair<unsigned int, unsigned int>, split::split_unified_allocator<Hashinator::hash_pair<unsigned int, unsigned int>>> *, split::SplitVector<Hashinator::hash_pair<unsigned int, unsigned int>, split::split_unified_allocator<Hashinator::hash_pair<unsigned int, unsigned int>>> *, unsigned int, unsigned int, unsigned int, float *)"
0.0,12.2718,326,0.0376,0.0161,0.0109,0.2386,0.0399, 118    1    1,  16    1    1,"reorder_blocks_by_dimension_kernel(vmesh::VelocityBlockContainer *, VecSimple<float> *, unsigned int *, unsigned int *, ColumnOffsets *)"
0.0,12.2682,513,0.0239,0.0078,0.0062,0.1593,0.0275,  84    1    1,  64    1    1,"update_velocity_blocks_kernel(vmesh::VelocityMesh *, vmesh::VelocityBlockContainer *, split::SplitVector<unsigned int, split::split_unified_allocator<unsigned int>> *, split::SplitVector<Hashinator::hash_pair<unsigned int, unsigned int>, split::split_unified_allocator<Hashinator::hash_pair<unsigned int, unsigned int>>> *, split::SplitVector<Hashinator::hash_pair<unsigned int, unsigned int>, split::split_unified_allocator<Hashinator::hash_pair<unsigned int, unsigned int>>> *, split::SplitVector<Hashinator::hash_pair<unsigned int, unsigned int>, split::split_unified_allocator<Hashinator::hash_pair<unsigned int, unsigned int>>> *, unsigned int, unsigned int, unsigned int, float *)"
0.0,12.2500,394,0.0311,0.0081,0.0062,0.1961,0.0362, 121    1    1,  64    1    1,"update_velocity_blocks_kernel(vmesh::VelocityMesh *, vmesh::VelocityBlockContainer *, split::SplitVector<unsigned int, split::split_unified_allocator<unsigned int>> *, split::SplitVector<Hashinator::hash_pair<unsigned int, unsigned int>, split::split_unified_allocator<Hashinator::hash_pair<unsigned int, unsigned int>>> *, split::SplitVector<Hashinator::hash_pair<unsigned int, unsigned int>, split::split_unified_allocator<Hashinator::hash_pair<unsigned int, unsigned int>>> *, split::SplitVector<Hashinator::hash_pair<unsigned int, unsigned int>, split::split_unified_allocator<Hashinator::hash_pair<unsigned int, unsigned int>>> *, unsigned int, unsigned int, unsigned int, float *)"
0.0,12.1185,780,0.0155,0.0033,0.0026,0.1187,0.0240,  23    1    1,  32    1    1,"blocksID_mapped_dim1_kernel(const vmesh::VelocityMesh *, unsigned int *, unsigned int *, unsigned int)"
0.0,11.9854,306,0.0392,0.0204,0.0101,0.2511,0.0365, 222    1    1,1024    1    1,"update_neighbour_halo_kernel(vmesh::VelocityMesh *, unsigned int, unsigned int **, unsigned int *, Hashinator::Hashmap<unsigned int, unsigned int, (unsigned int)4294967295, (unsigned int)4294967294, Hashinator::HashFunctions::Fibonacci<unsigned int>, Hashinator::Hashers::Hasher<unsigned int, unsigned int, Hashinator::HashFunctions::Fibonacci<unsigned int>, (unsigned int)4294967295, (unsigned int)4294967294, (int)32, (int)1>, split::split_unified_allocator<Hashinator::Info>> *, Hashinator::Hashmap<unsigned int, unsigned int, (unsigned int)4294967295, (unsigned int)4294967294, Hashinator::HashFunctions::Fibonacci<unsigned int>, Hashinator::Hashers::Hasher<unsigned int, unsigned int, Hashinator::HashFunctions::Fibonacci<unsigned int>, (unsigned int)4294967295, (unsigned int)4294967294, (int)32, (int)1>, split::split_unified_allocator<Hashinator::Info>> *)"
0.0,11.9074,349,0.0341,0.0148,0.0108,0.2665,0.0408, 114    1    1,  16    1    1,"reorder_blocks_by_dimension_kernel(vmesh::VelocityBlockContainer *, VecSimple<float> *, unsigned int *, unsigned int *, ColumnOffsets *)"
0.0,11.8661,864,0.0137,0.0032,0.0026,0.1572,0.0225,  16    1    1,  32    1    1,"blocksID_mapped_dim1_kernel(const vmesh::VelocityMesh *, unsigned int *, unsigned int *, unsigned int)"
0.0,11.6620,161,0.0724,0.0528,0.0047,0.4256,0.0699,  46    1    1,1024    1    1,"void Hashinator::Hashers::insert_index_kernel<unsigned int, unsigned int, (unsigned int)4294967295, Hashinator::HashFunctions::Fibonacci<unsigned int>, (int)32, (int)1>(T1 *, Hashinator::hash_pair<T1, T2> *, Hashinator::Info *, unsigned long)"
0.0,11.6472,455,0.0256,0.0095,0.0063,0.2160,0.0333,  66    1    1,  16    1    1,"reorder_blocks_by_dimension_kernel(vmesh::VelocityBlockContainer *, VecSimple<float> *, unsigned int *, unsigned int *, ColumnOffsets *)"
0.0,11.6390,452,0.0257,0.0134,0.0106,0.1404,0.0236,  75    1    1,  32    1    1,"evaluate_column_extents_kernel(unsigned int, const vmesh::VelocityMesh *, ColumnOffsets *, Column *, split::SplitVector<unsigned int, split::split_unified_allocator<unsigned int>> *, Hashinator::Hashmap<unsigned int, unsigned int, (unsigned int)4294967295, (unsigned int)4294967294, Hashinator::HashFunctions::Fibonacci<unsigned int>, Hashinator::Hashers::Hasher<unsigned int, unsigned int, Hashinator::HashFunctions::Fibonacci<unsigned int>, (unsigned int)4294967295, (unsigned int)4294967294, (int)32, (int)1>, split::split_unified_allocator<Hashinator::Info>> *, Hashinator::Hashmap<unsigned int, unsigned int, (unsigned int)4294967295, (unsigned int)4294967294, Hashinator::HashFunctions::Fibonacci<unsigned int>, Hashinator::Hashers::Hasher<unsigned int, unsigned int, Hashinator::HashFunctions::Fibonacci<unsigned int>, (unsigned int)4294967295, (unsigned int)4294967294, (int)32, (int)1>, split::split_unified_allocator<Hashinator::Info>> *, unsigned int *, unsigned int *, float, float, float, float, int, int, float, float, unsigned int *)"
0.0,11.6357,394,0.0295,0.0084,0.0063,0.1770,0.0342, 128    1    1,  64    1    1,"update_velocity_blocks_kernel(vmesh::VelocityMesh *, vmesh::VelocityBlockContainer *, split::SplitVector<unsigned int, split::split_unified_allocator<unsigned int>> *, split::SplitVector<Hashinator::hash_pair<unsigned int, unsigned int>, split::split_unified_allocator<Hashinator::hash_pair<unsigned int, unsigned int>>> *, split::SplitVector<Hashinator::hash_pair<unsigned int, unsigned int>, split::split_unified_allocator<Hashinator::hash_pair<unsigned int, unsigned int>>> *, split::SplitVector<Hashinator::hash_pair<unsigned int, unsigned int>, split::split_unified_allocator<Hashinator::hash_pair<unsigned int, unsigned int>>> *, unsigned int, unsigned int, unsigned int, float *)"
0.0,11.6291,372,0.0313,0.0115,0.0086,0.2373,0.0391, 145    1    1,1024    1    1,"update_neighbour_halo_kernel(vmesh::VelocityMesh *, unsigned int, unsigned int **, unsigned int *, Hashinator::Hashmap<unsigned int, unsigned int, (unsigned int)4294967295, (unsigned int)4294967294, Hashinator::HashFunctions::Fibonacci<unsigned int>, Hashinator::Hashers::Hasher<unsigned int, unsigned int, Hashinator::HashFunctions::Fibonacci<unsigned int>, (unsigned int)4294967295, (unsigned int)4294967294, (int)32, (int)1>, split::split_unified_allocator<Hashinator::Info>> *, Hashinator::Hashmap<unsigned int, unsigned int, (unsigned int)4294967295, (unsigned int)4294967294, Hashinator::HashFunctions::Fibonacci<unsigned int>, Hashinator::Hashers::Hasher<unsigned int, unsigned int, Hashinator::HashFunctions::Fibonacci<unsigned int>, (unsigned int)4294967295, (unsigned int)4294967294, (int)32, (int)1>, split::split_unified_allocator<Hashinator::Info>> *)"
0.0,11.5619,472,0.0245,0.0081,0.0064,0.1457,0.0281,  37    1    1,  64    1    1,"update_velocity_blocks_kernel(vmesh::VelocityMesh *, vmesh::VelocityBlockContainer *, split::SplitVector<unsigned int, split::split_unified_allocator<unsigned int>> *, split::SplitVector<Hashinator::hash_pair<unsigned int, unsigned int>, split::split_unified_allocator<Hashinator::hash_pair<unsigned int, unsigned int>>> *, split::SplitVector<Hashinator::hash_pair<unsigned int, unsigned int>, split::split_unified_allocator<Hashinator::hash_pair<unsigned int, unsigned int>>> *, split::SplitVector<Hashinator::hash_pair<unsigned int, unsigned int>, split::split_unified_allocator<Hashinator::hash_pair<unsigned int, unsigned int>>> *, unsigned int, unsigned int, unsigned int, float *)"
0.0,11.5483,792,0.0146,0.0033,0.0025,0.1237,0.0225,  19    1    1,  32    1    1,"blocksID_mapped_dim2_kernel(const vmesh::VelocityMesh *, unsigned int *, unsigned int *, unsigned int)"
0.0,11.5360,386,0.0299,0.0116,0.0090,0.2291,0.0405, 181    1    1,1024    1    1,"update_neighbour_halo_kernel(vmesh::VelocityMesh *, unsigned int, unsigned int **, unsigned int *, Hashinator::Hashmap<unsigned int, unsigned int, (unsigned int)4294967295, (unsigned int)4294967294, Hashinator::HashFunctions::Fibonacci<unsigned int>, Hashinator::Hashers::Hasher<unsigned int, unsigned int, Hashinator::HashFunctions::Fibonacci<unsigned int>, (unsigned int)4294967295, (unsigned int)4294967294, (int)32, (int)1>, split::split_unified_allocator<Hashinator::Info>> *, Hashinator::Hashmap<unsigned int, unsigned int, (unsigned int)4294967295, (unsigned int)4294967294, Hashinator::HashFunctions::Fibonacci<unsigned int>, Hashinator::Hashers::Hasher<unsigned int, unsigned int, Hashinator::HashFunctions::Fibonacci<unsigned int>, (unsigned int)4294967295, (unsigned int)4294967294, (int)32, (int)1>, split::split_unified_allocator<Hashinator::Info>> *)"
0.0,11.5012,48,0.2396,0.2454,0.0053,0.4928,0.1139,1440    1    1,   4    4    4,"void spatial_cell::add_blocks_from_buffer_kernel<float>(const vmesh::VelocityMesh *, vmesh::VelocityBlockContainer *, unsigned int, const unsigned int *, const T1 *, unsigned int)"
0.0,11.4946,396,0.0290,0.0087,0.0063,0.1524,0.0313, 101    1    1,  64    1    1,"update_velocity_blocks_kernel(vmesh::VelocityMesh *, vmesh::VelocityBlockContainer *, split::SplitVector<unsigned int, split::split_unified_allocator<unsigned int>> *, split::SplitVector<Hashinator::hash_pair<unsigned int, unsigned int>, split::split_unified_allocator<Hashinator::hash_pair<unsigned int, unsigned int>>> *, split::SplitVector<Hashinator::hash_pair<unsigned int, unsigned int>, split::split_unified_allocator<Hashinator::hash_pair<unsigned int, unsigned int>>> *, split::SplitVector<Hashinator::hash_pair<unsigned int, unsigned int>, split::split_unified_allocator<Hashinator::hash_pair<unsigned int, unsigned int>>> *, unsigned int, unsigned int, unsigned int, float *)"
0.0,11.4942,320,0.0359,0.0092,0.0067,0.1504,0.0323, 920    1    1,  64    1    1,"update_velocity_block_content_lists_kernel(vmesh::VelocityMesh *, vmesh::VelocityBlockContainer *, Hashinator::Hashmap<unsigned int, unsigned int, (unsigned int)4294967295, (unsigned int)4294967294, Hashinator::HashFunctions::Fibonacci<unsigned int>, Hashinator::Hashers::Hasher<unsigned int, unsigned int, Hashinator::HashFunctions::Fibonacci<unsigned int>, (unsigned int)4294967295, (unsigned int)4294967294, (int)32, (int)1>, split::split_unified_allocator<Hashinator::Info>> *, Hashinator::Hashmap<unsigned int, unsigned int, (unsigned int)4294967295, (unsigned int)4294967294, Hashinator::HashFunctions::Fibonacci<unsigned int>, Hashinator::Hashers::Hasher<unsigned int, unsigned int, Hashinator::HashFunctions::Fibonacci<unsigned int>, (unsigned int)4294967295, (unsigned int)4294967294, (int)32, (int)1>, split::split_unified_allocator<Hashinator::Info>> *, double)"
0.0,11.4900,44,0.2611,0.2464,0.1666,0.4878,0.0706, 125    1    1,  16    1    1,"acceleration_kernel(const vmesh::VelocityMesh *, vmesh::VelocityBlockContainer *, VecSimple<float> *, unsigned int *, unsigned int *, Column *, unsigned int, float, float, float, float, float, float, float, float, unsigned long)"
0.0,11.1786,144,0.0776,0.0759,0.0701,0.0953,0.0048, 656    1    1,  32    1    1,"void arch::reduction_kernel<(unsigned int)32, (arch::reduce_op)2, (unsigned int)4, (unsigned int)0, DRO::VariablePrecipitationDiffFlux::reduceData(const spatial_cell::SpatialCell *, char *)::[lambda(unsigned int, unsigned int, unsigned int, unsigned int, double *) (instance 1)], double>(T5, const T6 *, T6 *, const unsigned int *, unsigned int, unsigned int, T6 *)"
0.0,11.1366,44,0.2531,0.2537,0.1671,0.4116,0.0450, 132    1    1,  16    1    1,"acceleration_kernel(const vmesh::VelocityMesh *, vmesh::VelocityBlockContainer *, VecSimple<float> *, unsigned int *, unsigned int *, Column *, unsigned int, float, float, float, float, float, float, float, float, unsigned long)"
0.0,11.1078,264,0.0421,0.0172,0.0125,0.2440,0.0419, 120    1    1,  16    1    1,"reorder_blocks_by_dimension_kernel(vmesh::VelocityBlockContainer *, VecSimple<float> *, unsigned int *, unsigned int *, ColumnOffsets *)"
0.0,10.9674,488,0.0225,0.0075,0.0062,0.2140,0.0307,  61    1    1,  64    1    1,"update_velocity_blocks_kernel(vmesh::VelocityMesh *, vmesh::VelocityBlockContainer *, split::SplitVector<unsigned int, split::split_unified_allocator<unsigned int>> *, split::SplitVector<Hashinator::hash_pair<unsigned int, unsigned int>, split::split_unified_allocator<Hashinator::hash_pair<unsigned int, unsigned int>>> *, split::SplitVector<Hashinator::hash_pair<unsigned int, unsigned int>, split::split_unified_allocator<Hashinator::hash_pair<unsigned int, unsigned int>>> *, split::SplitVector<Hashinator::hash_pair<unsigned int, unsigned int>, split::split_unified_allocator<Hashinator::hash_pair<unsigned int, unsigned int>>> *, unsigned int, unsigned int, unsigned int, float *)"
0.0,10.9503,44,0.2489,0.2307,0.1534,0.4113,0.0624, 129    1    1,  16    1    1,"acceleration_kernel(const vmesh::VelocityMesh *, vmesh::VelocityBlockContainer *, VecSimple<float> *, unsigned int *, unsigned int *, Column *, unsigned int, float, float, float, float, float, float, float, float, unsigned long)"
0.0,10.8692,376,0.0289,0.0084,0.0063,0.1550,0.0322,  85    1    1,  64    1    1,"update_velocity_blocks_kernel(vmesh::VelocityMesh *, vmesh::VelocityBlockContainer *, split::SplitVector<unsigned int, split::split_unified_allocator<unsigned int>> *, split::SplitVector<Hashinator::hash_pair<unsigned int, unsigned int>, split::split_unified_allocator<Hashinator::hash_pair<unsigned int, unsigned int>>> *, split::SplitVector<Hashinator::hash_pair<unsigned int, unsigned int>, split::split_unified_allocator<Hashinator::hash_pair<unsigned int, unsigned int>>> *, split::SplitVector<Hashinator::hash_pair<unsigned int, unsigned int>, split::split_unified_allocator<Hashinator::hash_pair<unsigned int, unsigned int>>> *, unsigned int, unsigned int, unsigned int, float *)"
0.0,10.8432,227,0.0478,0.0081,0.0049,0.5981,0.0721, 192    1    1,  64    1    1,"update_velocity_blocks_kernel(vmesh::VelocityMesh *, vmesh::VelocityBlockContainer *, split::SplitVector<unsigned int, split::split_unified_allocator<unsigned int>> *, split::SplitVector<Hashinator::hash_pair<unsigned int, unsigned int>, split::split_unified_allocator<Hashinator::hash_pair<unsigned int, unsigned int>>> *, split::SplitVector<Hashinator::hash_pair<unsigned int, unsigned int>, split::split_unified_allocator<Hashinator::hash_pair<unsigned int, unsigned int>>> *, split::SplitVector<Hashinator::hash_pair<unsigned int, unsigned int>, split::split_unified_allocator<Hashinator::hash_pair<unsigned int, unsigned int>>> *, unsigned int, unsigned int, unsigned int, float *)"
0.0,10.8280,384,0.0282,0.0117,0.0089,0.2278,0.0332, 182    1    1,1024    1    1,"update_neighbour_halo_kernel(vmesh::VelocityMesh *, unsigned int, unsigned int **, unsigned int *, Hashinator::Hashmap<unsigned int, unsigned int, (unsigned int)4294967295, (unsigned int)4294967294, Hashinator::HashFunctions::Fibonacci<unsigned int>, Hashinator::Hashers::Hasher<unsigned int, unsigned int, Hashinator::HashFunctions::Fibonacci<unsigned int>, (unsigned int)4294967295, (unsigned int)4294967294, (int)32, (int)1>, split::split_unified_allocator<Hashinator::Info>> *, Hashinator::Hashmap<unsigned int, unsigned int, (unsigned int)4294967295, (unsigned int)4294967294, Hashinator::HashFunctions::Fibonacci<unsigned int>, Hashinator::Hashers::Hasher<unsigned int, unsigned int, Hashinator::HashFunctions::Fibonacci<unsigned int>, (unsigned int)4294967295, (unsigned int)4294967294, (int)32, (int)1>, split::split_unified_allocator<Hashinator::Info>> *)"
0.0,10.8195,796,0.0136,0.0036,0.0028,0.1310,0.0216,  15    1    1,  32    1    1,"blocksID_mapped_dim0_kernel(const vmesh::VelocityMesh *, unsigned int *, unsigned int *, unsigned int)"
0.0,10.7156,349,0.0307,0.0092,0.0063,0.1553,0.0333, 129    1    1,  64    1    1,"update_velocity_blocks_kernel(vmesh::VelocityMesh *, vmesh::VelocityBlockContainer *, split::SplitVector<unsigned int, split::split_unified_allocator<unsigned int>> *, split::SplitVector<Hashinator::hash_pair<unsigned int, unsigned int>, split::split_unified_allocator<Hashinator::hash_pair<unsigned int, unsigned int>>> *, split::SplitVector<Hashinator::hash_pair<unsigned int, unsigned int>, split::split_unified_allocator<Hashinator::hash_pair<unsigned int, unsigned int>>> *, split::SplitVector<Hashinator::hash_pair<unsigned int, unsigned int>, split::split_unified_allocator<Hashinator::hash_pair<unsigned int, unsigned int>>> *, unsigned int, unsigned int, unsigned int, float *)"
0.0,10.6520,383,0.0278,0.0121,0.0090,0.2819,0.0330,  83    1    1,  16    1    1,"reorder_blocks_by_dimension_kernel(vmesh::VelocityBlockContainer *, VecSimple<float> *, unsigned int *, unsigned int *, ColumnOffsets *)"
0.0,10.6215,452,0.0235,0.0099,0.0073,0.1981,0.0293,  75    1    1,  16    1    1,"reorder_blocks_by_dimension_kernel(vmesh::VelocityBlockContainer *, VecSimple<float> *, unsigned int *, unsigned int *, ColumnOffsets *)"
0.0,10.5965,728,0.0146,0.0074,0.0065,0.1917,0.0262, 696    1    1,  64    1    1,"update_velocity_block_content_lists_kernel(vmesh::VelocityMesh *, vmesh::VelocityBlockContainer *, Hashinator::Hashmap<unsigned int, unsigned int, (unsigned int)4294967295, (unsigned int)4294967294, Hashinator::HashFunctions::Fibonacci<unsigned int>, Hashinator::Hashers::Hasher<unsigned int, unsigned int, Hashinator::HashFunctions::Fibonacci<unsigned int>, (unsigned int)4294967295, (unsigned int)4294967294, (int)32, (int)1>, split::split_unified_allocator<Hashinator::Info>> *, Hashinator::Hashmap<unsigned int, unsigned int, (unsigned int)4294967295, (unsigned int)4294967294, Hashinator::HashFunctions::Fibonacci<unsigned int>, Hashinator::Hashers::Hasher<unsigned int, unsigned int, Hashinator::HashFunctions::Fibonacci<unsigned int>, (unsigned int)4294967295, (unsigned int)4294967294, (int)32, (int)1>, split::split_unified_allocator<Hashinator::Info>> *, double)"
0.0,10.5795,1515,0.0070,0.0069,0.0063,0.0094,0.0004, 385    1    1,  64    1    1,"update_velocity_block_content_lists_kernel(vmesh::VelocityMesh *, vmesh::VelocityBlockContainer *, Hashinator::Hashmap<unsigned int, unsigned int, (unsigned int)4294967295, (unsigned int)4294967294, Hashinator::HashFunctions::Fibonacci<unsigned int>, Hashinator::Hashers::Hasher<unsigned int, unsigned int, Hashinator::HashFunctions::Fibonacci<unsigned int>, (unsigned int)4294967295, (unsigned int)4294967294, (int)32, (int)1>, split::split_unified_allocator<Hashinator::Info>> *, Hashinator::Hashmap<unsigned int, unsigned int, (unsigned int)4294967295, (unsigned int)4294967294, Hashinator::HashFunctions::Fibonacci<unsigned int>, Hashinator::Hashers::Hasher<unsigned int, unsigned int, Hashinator::HashFunctions::Fibonacci<unsigned int>, (unsigned int)4294967295, (unsigned int)4294967294, (int)32, (int)1>, split::split_unified_allocator<Hashinator::Info>> *, double)"
0.0,10.5375,376,0.0280,0.0138,0.0107,0.2233,0.0277,  62    1    1,  32    1    1,"evaluate_column_extents_kernel(unsigned int, const vmesh::VelocityMesh *, ColumnOffsets *, Column *, split::SplitVector<unsigned int, split::split_unified_allocator<unsigned int>> *, Hashinator::Hashmap<unsigned int, unsigned int, (unsigned int)4294967295, (unsigned int)4294967294, Hashinator::HashFunctions::Fibonacci<unsigned int>, Hashinator::Hashers::Hasher<unsigned int, unsigned int, Hashinator::HashFunctions::Fibonacci<unsigned int>, (unsigned int)4294967295, (unsigned int)4294967294, (int)32, (int)1>, split::split_unified_allocator<Hashinator::Info>> *, Hashinator::Hashmap<unsigned int, unsigned int, (unsigned int)4294967295, (unsigned int)4294967294, Hashinator::HashFunctions::Fibonacci<unsigned int>, Hashinator::Hashers::Hasher<unsigned int, unsigned int, Hashinator::HashFunctions::Fibonacci<unsigned int>, (unsigned int)4294967295, (unsigned int)4294967294, (int)32, (int)1>, split::split_unified_allocator<Hashinator::Info>> *, unsigned int *, unsigned int *, float, float, float, float, int, int, float, float, unsigned int *)"
0.0,10.5106,212,0.0496,0.0106,0.0049,0.4374,0.0682, 187    1    1,  64    1    1,"update_velocity_blocks_kernel(vmesh::VelocityMesh *, vmesh::VelocityBlockContainer *, split::SplitVector<unsigned int, split::split_unified_allocator<unsigned int>> *, split::SplitVector<Hashinator::hash_pair<unsigned int, unsigned int>, split::split_unified_allocator<Hashinator::hash_pair<unsigned int, unsigned int>>> *, split::SplitVector<Hashinator::hash_pair<unsigned int, unsigned int>, split::split_unified_allocator<Hashinator::hash_pair<unsigned int, unsigned int>>> *, split::SplitVector<Hashinator::hash_pair<unsigned int, unsigned int>, split::split_unified_allocator<Hashinator::hash_pair<unsigned int, unsigned int>>> *, unsigned int, unsigned int, unsigned int, float *)"
0.0,10.4986,259,0.0405,0.0077,0.0051,0.3093,0.0527, 336    1    1,  64    1    1,"update_velocity_blocks_kernel(vmesh::VelocityMesh *, vmesh::VelocityBlockContainer *, split::SplitVector<unsigned int, split::split_unified_allocator<unsigned int>> *, split::SplitVector<Hashinator::hash_pair<unsigned int, unsigned int>, split::split_unified_allocator<Hashinator::hash_pair<unsigned int, unsigned int>>> *, split::SplitVector<Hashinator::hash_pair<unsigned int, unsigned int>, split::split_unified_allocator<Hashinator::hash_pair<unsigned int, unsigned int>>> *, split::SplitVector<Hashinator::hash_pair<unsigned int, unsigned int>, split::split_unified_allocator<Hashinator::hash_pair<unsigned int, unsigned int>>> *, unsigned int, unsigned int, unsigned int, float *)"
0.0,10.4666,754,0.0139,0.0033,0.0025,0.1031,0.0217,  26    1    1,  32    1    1,"blocksID_mapped_dim2_kernel(const vmesh::VelocityMesh *, unsigned int *, unsigned int *, unsigned int)"
0.0,10.4513,443,0.0236,0.0079,0.0063,0.1693,0.0269,  86    1    1,  64    1    1,"update_velocity_blocks_kernel(vmesh::VelocityMesh *, vmesh::VelocityBlockContainer *, split::SplitVector<unsigned int, split::split_unified_allocator<unsigned int>> *, split::SplitVector<Hashinator::hash_pair<unsigned int, unsigned int>, split::split_unified_allocator<Hashinator::hash_pair<unsigned int, unsigned int>>> *, split::SplitVector<Hashinator::hash_pair<unsigned int, unsigned int>, split::split_unified_allocator<Hashinator::hash_pair<unsigned int, unsigned int>>> *, split::SplitVector<Hashinator::hash_pair<unsigned int, unsigned int>, split::split_unified_allocator<Hashinator::hash_pair<unsigned int, unsigned int>>> *, unsigned int, unsigned int, unsigned int, float *)"
0.0,10.4356,308,0.0339,0.0166,0.0124,0.1996,0.0335, 124    1    1,  16    1    1,"reorder_blocks_by_dimension_kernel(vmesh::VelocityBlockContainer *, VecSimple<float> *, unsigned int *, unsigned int *, ColumnOffsets *)"
0.0,10.3799,324,0.0320,0.0138,0.0088,0.2499,0.0386, 110    1    1,  16    1    1,"reorder_blocks_by_dimension_kernel(vmesh::VelocityBlockContainer *, VecSimple<float> *, unsigned int *, unsigned int *, ColumnOffsets *)"
0.0,10.3748,22,0.4716,0.4720,0.4675,0.4757,0.0023,3960    1    1,   4    4    4,"second_moments_kernel(vmesh::VelocityBlockContainer **, double *, double *, unsigned int)"
0.0,10.0833,385,0.0262,0.0078,0.0063,0.2568,0.0314, 102    1    1,  64    1    1,"update_velocity_blocks_kernel(vmesh::VelocityMesh *, vmesh::VelocityBlockContainer *, split::SplitVector<unsigned int, split::split_unified_allocator<unsigned int>> *, split::SplitVector<Hashinator::hash_pair<unsigned int, unsigned int>, split::split_unified_allocator<Hashinator::hash_pair<unsigned int, unsigned int>>> *, split::SplitVector<Hashinator::hash_pair<unsigned int, unsigned int>, split::split_unified_allocator<Hashinator::hash_pair<unsigned int, unsigned int>>> *, split::SplitVector<Hashinator::hash_pair<unsigned int, unsigned int>, split::split_unified_allocator<Hashinator::hash_pair<unsigned int, unsigned int>>> *, unsigned int, unsigned int, unsigned int, float *)"
0.0,10.0627,355,0.0283,0.0080,0.0063,0.2097,0.0322, 104    1    1,  64    1    1,"update_velocity_blocks_kernel(vmesh::VelocityMesh *, vmesh::VelocityBlockContainer *, split::SplitVector<unsigned int, split::split_unified_allocator<unsigned int>> *, split::SplitVector<Hashinator::hash_pair<unsigned int, unsigned int>, split::split_unified_allocator<Hashinator::hash_pair<unsigned int, unsigned int>>> *, split::SplitVector<Hashinator::hash_pair<unsigned int, unsigned int>, split::split_unified_allocator<Hashinator::hash_pair<unsigned int, unsigned int>>> *, split::SplitVector<Hashinator::hash_pair<unsigned int, unsigned int>, split::split_unified_allocator<Hashinator::hash_pair<unsigned int, unsigned int>>> *, unsigned int, unsigned int, unsigned int, float *)"
0.0,10.0441,346,0.0290,0.0114,0.0074,0.2028,0.0357,  92    1    1,  16    1    1,"reorder_blocks_by_dimension_kernel(vmesh::VelocityBlockContainer *, VecSimple<float> *, unsigned int *, unsigned int *, ColumnOffsets *)"
0.0,9.9661,367,0.0272,0.0084,0.0063,0.1785,0.0306,  91    1    1,  64    1    1,"update_velocity_blocks_kernel(vmesh::VelocityMesh *, vmesh::VelocityBlockContainer *, split::SplitVector<unsigned int, split::split_unified_allocator<unsigned int>> *, split::SplitVector<Hashinator::hash_pair<unsigned int, unsigned int>, split::split_unified_allocator<Hashinator::hash_pair<unsigned int, unsigned int>>> *, split::SplitVector<Hashinator::hash_pair<unsigned int, unsigned int>, split::split_unified_allocator<Hashinator::hash_pair<unsigned int, unsigned int>>> *, split::SplitVector<Hashinator::hash_pair<unsigned int, unsigned int>, split::split_unified_allocator<Hashinator::hash_pair<unsigned int, unsigned int>>> *, unsigned int, unsigned int, unsigned int, float *)"
0.0,9.9531,364,0.0273,0.0076,0.0063,0.1836,0.0334, 107    1    1,  64    1    1,"update_velocity_blocks_kernel(vmesh::VelocityMesh *, vmesh::VelocityBlockContainer *, split::SplitVector<unsigned int, split::split_unified_allocator<unsigned int>> *, split::SplitVector<Hashinator::hash_pair<unsigned int, unsigned int>, split::split_unified_allocator<Hashinator::hash_pair<unsigned int, unsigned int>>> *, split::SplitVector<Hashinator::hash_pair<unsigned int, unsigned int>, split::split_unified_allocator<Hashinator::hash_pair<unsigned int, unsigned int>>> *, split::SplitVector<Hashinator::hash_pair<unsigned int, unsigned int>, split::split_unified_allocator<Hashinator::hash_pair<unsigned int, unsigned int>>> *, unsigned int, unsigned int, unsigned int, float *)"
0.0,9.9456,213,0.0467,0.0080,0.0062,3.6090,0.2482, 105    1    1,  64    1    1,"update_velocity_blocks_kernel(vmesh::VelocityMesh *, vmesh::VelocityBlockContainer *, split::SplitVector<unsigned int, split::split_unified_allocator<unsigned int>> *, split::SplitVector<Hashinator::hash_pair<unsigned int, unsigned int>, split::split_unified_allocator<Hashinator::hash_pair<unsigned int, unsigned int>>> *, split::SplitVector<Hashinator::hash_pair<unsigned int, unsigned int>, split::split_unified_allocator<Hashinator::hash_pair<unsigned int, unsigned int>>> *, split::SplitVector<Hashinator::hash_pair<unsigned int, unsigned int>, split::split_unified_allocator<Hashinator::hash_pair<unsigned int, unsigned int>>> *, unsigned int, unsigned int, unsigned int, float *)"
0.0,9.8907,672,0.0147,0.0036,0.0028,0.1450,0.0235,  19    1    1,  32    1    1,"blocksID_mapped_dim0_kernel(const vmesh::VelocityMesh *, unsigned int *, unsigned int *, unsigned int)"
0.0,9.8456,308,0.0320,0.0140,0.0108,0.1935,0.0346, 107    1    1,  16    1    1,"reorder_blocks_by_dimension_kernel(vmesh::VelocityBlockContainer *, VecSimple<float> *, unsigned int *, unsigned int *, ColumnOffsets *)"
0.0,9.8389,201,0.0489,0.0081,0.0050,0.3353,0.0674, 233    1    1,  64    1    1,"update_velocity_blocks_kernel(vmesh::VelocityMesh *, vmesh::VelocityBlockContainer *, split::SplitVector<unsigned int, split::split_unified_allocator<unsigned int>> *, split::SplitVector<Hashinator::hash_pair<unsigned int, unsigned int>, split::split_unified_allocator<Hashinator::hash_pair<unsigned int, unsigned int>>> *, split::SplitVector<Hashinator::hash_pair<unsigned int, unsigned int>, split::split_unified_allocator<Hashinator::hash_pair<unsigned int, unsigned int>>> *, split::SplitVector<Hashinator::hash_pair<unsigned int, unsigned int>, split::split_unified_allocator<Hashinator::hash_pair<unsigned int, unsigned int>>> *, unsigned int, unsigned int, unsigned int, float *)"
0.0,9.8024,144,0.0681,0.0505,0.0041,0.5175,0.0724,  28    1    1,1024    1    1,"void Hashinator::Hashers::insert_index_kernel<unsigned int, unsigned int, (unsigned int)4294967295, Hashinator::HashFunctions::Fibonacci<unsigned int>, (int)32, (int)1>(T1 *, Hashinator::hash_pair<T1, T2> *, Hashinator::Info *, unsigned long)"
0.0,9.6459,383,0.0252,0.0137,0.0107,0.2146,0.0235,  83    1    1,  32    1    1,"evaluate_column_extents_kernel(unsigned int, const vmesh::VelocityMesh *, ColumnOffsets *, Column *, split::SplitVector<unsigned int, split::split_unified_allocator<unsigned int>> *, Hashinator::Hashmap<unsigned int, unsigned int, (unsigned int)4294967295, (unsigned int)4294967294, Hashinator::HashFunctions::Fibonacci<unsigned int>, Hashinator::Hashers::Hasher<unsigned int, unsigned int, Hashinator::HashFunctions::Fibonacci<unsigned int>, (unsigned int)4294967295, (unsigned int)4294967294, (int)32, (int)1>, split::split_unified_allocator<Hashinator::Info>> *, Hashinator::Hashmap<unsigned int, unsigned int, (unsigned int)4294967295, (unsigned int)4294967294, Hashinator::HashFunctions::Fibonacci<unsigned int>, Hashinator::Hashers::Hasher<unsigned int, unsigned int, Hashinator::HashFunctions::Fibonacci<unsigned int>, (unsigned int)4294967295, (unsigned int)4294967294, (int)32, (int)1>, split::split_unified_allocator<Hashinator::Info>> *, unsigned int *, unsigned int *, float, float, float, float, int, int, float, float, unsigned int *)"
0.0,9.6455,320,0.0301,0.0086,0.0062,0.1974,0.0346, 125    1    1,  64    1    1,"update_velocity_blocks_kernel(vmesh::VelocityMesh *, vmesh::VelocityBlockContainer *, split::SplitVector<unsigned int, split::split_unified_allocator<unsigned int>> *, split::SplitVector<Hashinator::hash_pair<unsigned int, unsigned int>, split::split_unified_allocator<Hashinator::hash_pair<unsigned int, unsigned int>>> *, split::SplitVector<Hashinator::hash_pair<unsigned int, unsigned int>, split::split_unified_allocator<Hashinator::hash_pair<unsigned int, unsigned int>>> *, split::SplitVector<Hashinator::hash_pair<unsigned int, unsigned int>, split::split_unified_allocator<Hashinator::hash_pair<unsigned int, unsigned int>>> *, unsigned int, unsigned int, unsigned int, float *)"
0.0,9.6350,598,0.0161,0.0033,0.0026,0.1311,0.0249,  15    1    1,  32    1    1,"blocksID_mapped_dim2_kernel(const vmesh::VelocityMesh *, unsigned int *, unsigned int *, unsigned int)"
0.0,9.6288,346,0.0278,0.0131,0.0106,0.1405,0.0258,  92    1    1,  32    1    1,"evaluate_column_extents_kernel(unsigned int, const vmesh::VelocityMesh *, ColumnOffsets *, Column *, split::SplitVector<unsigned int, split::split_unified_allocator<unsigned int>> *, Hashinator::Hashmap<unsigned int, unsigned int, (unsigned int)4294967295, (unsigned int)4294967294, Hashinator::HashFunctions::Fibonacci<unsigned int>, Hashinator::Hashers::Hasher<unsigned int, unsigned int, Hashinator::HashFunctions::Fibonacci<unsigned int>, (unsigned int)4294967295, (unsigned int)4294967294, (int)32, (int)1>, split::split_unified_allocator<Hashinator::Info>> *, Hashinator::Hashmap<unsigned int, unsigned int, (unsigned int)4294967295, (unsigned int)4294967294, Hashinator::HashFunctions::Fibonacci<unsigned int>, Hashinator::Hashers::Hasher<unsigned int, unsigned int, Hashinator::HashFunctions::Fibonacci<unsigned int>, (unsigned int)4294967295, (unsigned int)4294967294, (int)32, (int)1>, split::split_unified_allocator<Hashinator::Info>> *, unsigned int *, unsigned int *, float, float, float, float, int, int, float, float, unsigned int *)"
0.0,9.6224,231,0.0417,0.0076,0.0050,0.3635,0.0585, 236    1    1,  64    1    1,"update_velocity_blocks_kernel(vmesh::VelocityMesh *, vmesh::VelocityBlockContainer *, split::SplitVector<unsigned int, split::split_unified_allocator<unsigned int>> *, split::SplitVector<Hashinator::hash_pair<unsigned int, unsigned int>, split::split_unified_allocator<Hashinator::hash_pair<unsigned int, unsigned int>>> *, split::SplitVector<Hashinator::hash_pair<unsigned int, unsigned int>, split::split_unified_allocator<Hashinator::hash_pair<unsigned int, unsigned int>>> *, split::SplitVector<Hashinator::hash_pair<unsigned int, unsigned int>, split::split_unified_allocator<Hashinator::hash_pair<unsigned int, unsigned int>>> *, unsigned int, unsigned int, unsigned int, float *)"
0.0,9.5950,206,0.0466,0.0082,0.0052,0.2761,0.0609, 334    1    1,  64    1    1,"update_velocity_blocks_kernel(vmesh::VelocityMesh *, vmesh::VelocityBlockContainer *, split::SplitVector<unsigned int, split::split_unified_allocator<unsigned int>> *, split::SplitVector<Hashinator::hash_pair<unsigned int, unsigned int>, split::split_unified_allocator<Hashinator::hash_pair<unsigned int, unsigned int>>> *, split::SplitVector<Hashinator::hash_pair<unsigned int, unsigned int>, split::split_unified_allocator<Hashinator::hash_pair<unsigned int, unsigned int>>> *, split::SplitVector<Hashinator::hash_pair<unsigned int, unsigned int>, split::split_unified_allocator<Hashinator::hash_pair<unsigned int, unsigned int>>> *, unsigned int, unsigned int, unsigned int, float *)"
0.0,9.5500,225,0.0424,0.0076,0.0049,0.3165,0.0545, 193    1    1,  64    1    1,"update_velocity_blocks_kernel(vmesh::VelocityMesh *, vmesh::VelocityBlockContainer *, split::SplitVector<unsigned int, split::split_unified_allocator<unsigned int>> *, split::SplitVector<Hashinator::hash_pair<unsigned int, unsigned int>, split::split_unified_allocator<Hashinator::hash_pair<unsigned int, unsigned int>>> *, split::SplitVector<Hashinator::hash_pair<unsigned int, unsigned int>, split::split_unified_allocator<Hashinator::hash_pair<unsigned int, unsigned int>>> *, split::SplitVector<Hashinator::hash_pair<unsigned int, unsigned int>, split::split_unified_allocator<Hashinator::hash_pair<unsigned int, unsigned int>>> *, unsigned int, unsigned int, unsigned int, float *)"
0.0,9.5276,672,0.0142,0.0032,0.0025,0.1269,0.0225,  13    1    1,  32    1    1,"blocksID_mapped_dim1_kernel(const vmesh::VelocityMesh *, unsigned int *, unsigned int *, unsigned int)"
0.0,9.5170,688,0.0138,0.0033,0.0026,0.1620,0.0217,  25    1    1,  32    1    1,"blocksID_mapped_dim2_kernel(const vmesh::VelocityMesh *, unsigned int *, unsigned int *, unsigned int)"
0.0,9.4920,292,0.0325,0.0098,0.0063,0.2564,0.0445,  82    1    1,1024    1    1,"update_neighbour_halo_kernel(vmesh::VelocityMesh *, unsigned int, unsigned int **, unsigned int *, Hashinator::Hashmap<unsigned int, unsigned int, (unsigned int)4294967295, (unsigned int)4294967294, Hashinator::HashFunctions::Fibonacci<unsigned int>, Hashinator::Hashers::Hasher<unsigned int, unsigned int, Hashinator::HashFunctions::Fibonacci<unsigned int>, (unsigned int)4294967295, (unsigned int)4294967294, (int)32, (int)1>, split::split_unified_allocator<Hashinator::Info>> *, Hashinator::Hashmap<unsigned int, unsigned int, (unsigned int)4294967295, (unsigned int)4294967294, Hashinator::HashFunctions::Fibonacci<unsigned int>, Hashinator::Hashers::Hasher<unsigned int, unsigned int, Hashinator::HashFunctions::Fibonacci<unsigned int>, (unsigned int)4294967295, (unsigned int)4294967294, (int)32, (int)1>, split::split_unified_allocator<Hashinator::Info>> *)"
0.0,9.4837,240,0.0395,0.0069,0.0050,0.4511,0.0700, 149    1    1,  64    1    1,"update_velocity_blocks_kernel(vmesh::VelocityMesh *, vmesh::VelocityBlockContainer *, split::SplitVector<unsigned int, split::split_unified_allocator<unsigned int>> *, split::SplitVector<Hashinator::hash_pair<unsigned int, unsigned int>, split::split_unified_allocator<Hashinator::hash_pair<unsigned int, unsigned int>>> *, split::SplitVector<Hashinator::hash_pair<unsigned int, unsigned int>, split::split_unified_allocator<Hashinator::hash_pair<unsigned int, unsigned int>>> *, split::SplitVector<Hashinator::hash_pair<unsigned int, unsigned int>, split::split_unified_allocator<Hashinator::hash_pair<unsigned int, unsigned int>>> *, unsigned int, unsigned int, unsigned int, float *)"
0.0,9.4798,360,0.0263,0.0139,0.0108,0.1535,0.0228,  74    1    1,  32    1    1,"evaluate_column_extents_kernel(unsigned int, const vmesh::VelocityMesh *, ColumnOffsets *, Column *, split::SplitVector<unsigned int, split::split_unified_allocator<unsigned int>> *, Hashinator::Hashmap<unsigned int, unsigned int, (unsigned int)4294967295, (unsigned int)4294967294, Hashinator::HashFunctions::Fibonacci<unsigned int>, Hashinator::Hashers::Hasher<unsigned int, unsigned int, Hashinator::HashFunctions::Fibonacci<unsigned int>, (unsigned int)4294967295, (unsigned int)4294967294, (int)32, (int)1>, split::split_unified_allocator<Hashinator::Info>> *, Hashinator::Hashmap<unsigned int, unsigned int, (unsigned int)4294967295, (unsigned int)4294967294, Hashinator::HashFunctions::Fibonacci<unsigned int>, Hashinator::Hashers::Hasher<unsigned int, unsigned int, Hashinator::HashFunctions::Fibonacci<unsigned int>, (unsigned int)4294967295, (unsigned int)4294967294, (int)32, (int)1>, split::split_unified_allocator<Hashinator::Info>> *, unsigned int *, unsigned int *, float, float, float, float, int, int, float, float, unsigned int *)"
0.0,9.4470,349,0.0271,0.0139,0.0108,0.1819,0.0251, 114    1    1,  32    1    1,"evaluate_column_extents_kernel(unsigned int, const vmesh::VelocityMesh *, ColumnOffsets *, Column *, split::SplitVector<unsigned int, split::split_unified_allocator<unsigned int>> *, Hashinator::Hashmap<unsigned int, unsigned int, (unsigned int)4294967295, (unsigned int)4294967294, Hashinator::HashFunctions::Fibonacci<unsigned int>, Hashinator::Hashers::Hasher<unsigned int, unsigned int, Hashinator::HashFunctions::Fibonacci<unsigned int>, (unsigned int)4294967295, (unsigned int)4294967294, (int)32, (int)1>, split::split_unified_allocator<Hashinator::Info>> *, Hashinator::Hashmap<unsigned int, unsigned int, (unsigned int)4294967295, (unsigned int)4294967294, Hashinator::HashFunctions::Fibonacci<unsigned int>, Hashinator::Hashers::Hasher<unsigned int, unsigned int, Hashinator::HashFunctions::Fibonacci<unsigned int>, (unsigned int)4294967295, (unsigned int)4294967294, (int)32, (int)1>, split::split_unified_allocator<Hashinator::Info>> *, unsigned int *, unsigned int *, float, float, float, float, int, int, float, float, unsigned int *)"
0.0,9.4209,584,0.0161,0.0033,0.0026,0.1700,0.0256,  21    1    1,  32    1    1,"blocksID_mapped_dim1_kernel(const vmesh::VelocityMesh *, unsigned int *, unsigned int *, unsigned int)"
0.0,9.3825,338,0.0278,0.0081,0.0063,0.2315,0.0329, 123    1    1,  64    1    1,"update_velocity_blocks_kernel(vmesh::VelocityMesh *, vmesh::VelocityBlockContainer *, split::SplitVector<unsigned int, split::split_unified_allocator<unsigned int>> *, split::SplitVector<Hashinator::hash_pair<unsigned int, unsigned int>, split::split_unified_allocator<Hashinator::hash_pair<unsigned int, unsigned int>>> *, split::SplitVector<Hashinator::hash_pair<unsigned int, unsigned int>, split::split_unified_allocator<Hashinator::hash_pair<unsigned int, unsigned int>>> *, split::SplitVector<Hashinator::hash_pair<unsigned int, unsigned int>, split::split_unified_allocator<Hashinator::hash_pair<unsigned int, unsigned int>>> *, unsigned int, unsigned int, unsigned int, float *)"
0.0,9.3592,312,0.0300,0.0122,0.0091,0.3512,0.0390, 226    1    1,1024    1    1,"update_neighbour_halo_kernel(vmesh::VelocityMesh *, unsigned int, unsigned int **, unsigned int *, Hashinator::Hashmap<unsigned int, unsigned int, (unsigned int)4294967295, (unsigned int)4294967294, Hashinator::HashFunctions::Fibonacci<unsigned int>, Hashinator::Hashers::Hasher<unsigned int, unsigned int, Hashinator::HashFunctions::Fibonacci<unsigned int>, (unsigned int)4294967295, (unsigned int)4294967294, (int)32, (int)1>, split::split_unified_allocator<Hashinator::Info>> *, Hashinator::Hashmap<unsigned int, unsigned int, (unsigned int)4294967295, (unsigned int)4294967294, Hashinator::HashFunctions::Fibonacci<unsigned int>, Hashinator::Hashers::Hasher<unsigned int, unsigned int, Hashinator::HashFunctions::Fibonacci<unsigned int>, (unsigned int)4294967295, (unsigned int)4294967294, (int)32, (int)1>, split::split_unified_allocator<Hashinator::Info>> *)"
0.0,9.3471,44,0.2124,0.1962,0.1179,0.4501,0.0701, 117    1    1,  16    1    1,"acceleration_kernel(const vmesh::VelocityMesh *, vmesh::VelocityBlockContainer *, VecSimple<float> *, unsigned int *, unsigned int *, Column *, unsigned int, float, float, float, float, float, float, float, float, unsigned long)"
0.0,9.3455,352,0.0265,0.0113,0.0087,0.1762,0.0327,  77    1    1,  16    1    1,"reorder_blocks_by_dimension_kernel(vmesh::VelocityBlockContainer *, VecSimple<float> *, unsigned int *, unsigned int *, ColumnOffsets *)"
0.0,9.3165,352,0.0265,0.0136,0.0108,0.1602,0.0255,  77    1    1,  32    1    1,"evaluate_column_extents_kernel(unsigned int, const vmesh::VelocityMesh *, ColumnOffsets *, Column *, split::SplitVector<unsigned int, split::split_unified_allocator<unsigned int>> *, Hashinator::Hashmap<unsigned int, unsigned int, (unsigned int)4294967295, (unsigned int)4294967294, Hashinator::HashFunctions::Fibonacci<unsigned int>, Hashinator::Hashers::Hasher<unsigned int, unsigned int, Hashinator::HashFunctions::Fibonacci<unsigned int>, (unsigned int)4294967295, (unsigned int)4294967294, (int)32, (int)1>, split::split_unified_allocator<Hashinator::Info>> *, Hashinator::Hashmap<unsigned int, unsigned int, (unsigned int)4294967295, (unsigned int)4294967294, Hashinator::HashFunctions::Fibonacci<unsigned int>, Hashinator::Hashers::Hasher<unsigned int, unsigned int, Hashinator::HashFunctions::Fibonacci<unsigned int>, (unsigned int)4294967295, (unsigned int)4294967294, (int)32, (int)1>, split::split_unified_allocator<Hashinator::Info>> *, unsigned int *, unsigned int *, float, float, float, float, int, int, float, float, unsigned int *)"
0.0,9.2350,326,0.0283,0.0140,0.0110,0.1458,0.0247, 118    1    1,  32    1    1,"evaluate_column_extents_kernel(unsigned int, const vmesh::VelocityMesh *, ColumnOffsets *, Column *, split::SplitVector<unsigned int, split::split_unified_allocator<unsigned int>> *, Hashinator::Hashmap<unsigned int, unsigned int, (unsigned int)4294967295, (unsigned int)4294967294, Hashinator::HashFunctions::Fibonacci<unsigned int>, Hashinator::Hashers::Hasher<unsigned int, unsigned int, Hashinator::HashFunctions::Fibonacci<unsigned int>, (unsigned int)4294967295, (unsigned int)4294967294, (int)32, (int)1>, split::split_unified_allocator<Hashinator::Info>> *, Hashinator::Hashmap<unsigned int, unsigned int, (unsigned int)4294967295, (unsigned int)4294967294, Hashinator::HashFunctions::Fibonacci<unsigned int>, Hashinator::Hashers::Hasher<unsigned int, unsigned int, Hashinator::HashFunctions::Fibonacci<unsigned int>, (unsigned int)4294967295, (unsigned int)4294967294, (int)32, (int)1>, split::split_unified_allocator<Hashinator::Info>> *, unsigned int *, unsigned int *, float, float, float, float, int, int, float, float, unsigned int *)"
0.0,9.2091,350,0.0263,0.0082,0.0061,0.2260,0.0316, 132    1    1,  64    1    1,"update_velocity_blocks_kernel(vmesh::VelocityMesh *, vmesh::VelocityBlockContainer *, split::SplitVector<unsigned int, split::split_unified_allocator<unsigned int>> *, split::SplitVector<Hashinator::hash_pair<unsigned int, unsigned int>, split::split_unified_allocator<Hashinator::hash_pair<unsigned int, unsigned int>>> *, split::SplitVector<Hashinator::hash_pair<unsigned int, unsigned int>, split::split_unified_allocator<Hashinator::hash_pair<unsigned int, unsigned int>>> *, split::SplitVector<Hashinator::hash_pair<unsigned int, unsigned int>, split::split_unified_allocator<Hashinator::hash_pair<unsigned int, unsigned int>>> *, unsigned int, unsigned int, unsigned int, float *)"
0.0,9.1555,376,0.0243,0.0098,0.0063,0.1777,0.0305,  62    1    1,  16    1    1,"reorder_blocks_by_dimension_kernel(vmesh::VelocityBlockContainer *, VecSimple<float> *, unsigned int *, unsigned int *, ColumnOffsets *)"
0.0,9.0873,193,0.0471,0.0093,0.0051,0.3753,0.0603, 281    1    1,  64    1    1,"update_velocity_blocks_kernel(vmesh::VelocityMesh *, vmesh::VelocityBlockContainer *, split::SplitVector<unsigned int, split::split_unified_allocator<unsigned int>> *, split::SplitVector<Hashinator::hash_pair<unsigned int, unsigned int>, split::split_unified_allocator<Hashinator::hash_pair<unsigned int, unsigned int>>> *, split::SplitVector<Hashinator::hash_pair<unsigned int, unsigned int>, split::split_unified_allocator<Hashinator::hash_pair<unsigned int, unsigned int>>> *, split::SplitVector<Hashinator::hash_pair<unsigned int, unsigned int>, split::split_unified_allocator<Hashinator::hash_pair<unsigned int, unsigned int>>> *, unsigned int, unsigned int, unsigned int, float *)"
0.0,9.0834,336,0.0270,0.0138,0.0107,0.1602,0.0290, 105    1    1,  16    1    1,"reorder_blocks_by_dimension_kernel(vmesh::VelocityBlockContainer *, VecSimple<float> *, unsigned int *, unsigned int *, ColumnOffsets *)"
0.0,9.0806,308,0.0295,0.0142,0.0112,0.2042,0.0287, 124    1    1,  32    1    1,"evaluate_column_extents_kernel(unsigned int, const vmesh::VelocityMesh *, ColumnOffsets *, Column *, split::SplitVector<unsigned int, split::split_unified_allocator<unsigned int>> *, Hashinator::Hashmap<unsigned int, unsigned int, (unsigned int)4294967295, (unsigned int)4294967294, Hashinator::HashFunctions::Fibonacci<unsigned int>, Hashinator::Hashers::Hasher<unsigned int, unsigned int, Hashinator::HashFunctions::Fibonacci<unsigned int>, (unsigned int)4294967295, (unsigned int)4294967294, (int)32, (int)1>, split::split_unified_allocator<Hashinator::Info>> *, Hashinator::Hashmap<unsigned int, unsigned int, (unsigned int)4294967295, (unsigned int)4294967294, Hashinator::HashFunctions::Fibonacci<unsigned int>, Hashinator::Hashers::Hasher<unsigned int, unsigned int, Hashinator::HashFunctions::Fibonacci<unsigned int>, (unsigned int)4294967295, (unsigned int)4294967294, (int)32, (int)1>, split::split_unified_allocator<Hashinator::Info>> *, unsigned int *, unsigned int *, float, float, float, float, int, int, float, float, unsigned int *)"
0.0,9.0691,229,0.0396,0.0075,0.0050,0.2538,0.0521, 346    1    1,  64    1    1,"update_velocity_blocks_kernel(vmesh::VelocityMesh *, vmesh::VelocityBlockContainer *, split::SplitVector<unsigned int, split::split_unified_allocator<unsigned int>> *, split::SplitVector<Hashinator::hash_pair<unsigned int, unsigned int>, split::split_unified_allocator<Hashinator::hash_pair<unsigned int, unsigned int>>> *, split::SplitVector<Hashinator::hash_pair<unsigned int, unsigned int>, split::split_unified_allocator<Hashinator::hash_pair<unsigned int, unsigned int>>> *, split::SplitVector<Hashinator::hash_pair<unsigned int, unsigned int>, split::split_unified_allocator<Hashinator::hash_pair<unsigned int, unsigned int>>> *, unsigned int, unsigned int, unsigned int, float *)"
0.0,9.0668,348,0.0261,0.0078,0.0062,0.1640,0.0304, 126    1    1,  64    1    1,"update_velocity_blocks_kernel(vmesh::VelocityMesh *, vmesh::VelocityBlockContainer *, split::SplitVector<unsigned int, split::split_unified_allocator<unsigned int>> *, split::SplitVector<Hashinator::hash_pair<unsigned int, unsigned int>, split::split_unified_allocator<Hashinator::hash_pair<unsigned int, unsigned int>>> *, split::SplitVector<Hashinator::hash_pair<unsigned int, unsigned int>, split::split_unified_allocator<Hashinator::hash_pair<unsigned int, unsigned int>>> *, split::SplitVector<Hashinator::hash_pair<unsigned int, unsigned int>, split::split_unified_allocator<Hashinator::hash_pair<unsigned int, unsigned int>>> *, unsigned int, unsigned int, unsigned int, float *)"
0.0,9.0227,212,0.0426,0.0256,0.0206,0.2767,0.0328, 298    1    1,1024    1    1,"update_neighbour_halo_kernel(vmesh::VelocityMesh *, unsigned int, unsigned int **, unsigned int *, Hashinator::Hashmap<unsigned int, unsigned int, (unsigned int)4294967295, (unsigned int)4294967294, Hashinator::HashFunctions::Fibonacci<unsigned int>, Hashinator::Hashers::Hasher<unsigned int, unsigned int, Hashinator::HashFunctions::Fibonacci<unsigned int>, (unsigned int)4294967295, (unsigned int)4294967294, (int)32, (int)1>, split::split_unified_allocator<Hashinator::Info>> *, Hashinator::Hashmap<unsigned int, unsigned int, (unsigned int)4294967295, (unsigned int)4294967294, Hashinator::HashFunctions::Fibonacci<unsigned int>, Hashinator::Hashers::Hasher<unsigned int, unsigned int, Hashinator::HashFunctions::Fibonacci<unsigned int>, (unsigned int)4294967295, (unsigned int)4294967294, (int)32, (int)1>, split::split_unified_allocator<Hashinator::Info>> *)"
0.0,8.9828,316,0.0284,0.0082,0.0063,0.1397,0.0307, 119    1    1,  64    1    1,"update_velocity_blocks_kernel(vmesh::VelocityMesh *, vmesh::VelocityBlockContainer *, split::SplitVector<unsigned int, split::split_unified_allocator<unsigned int>> *, split::SplitVector<Hashinator::hash_pair<unsigned int, unsigned int>, split::split_unified_allocator<Hashinator::hash_pair<unsigned int, unsigned int>>> *, split::SplitVector<Hashinator::hash_pair<unsigned int, unsigned int>, split::split_unified_allocator<Hashinator::hash_pair<unsigned int, unsigned int>>> *, split::SplitVector<Hashinator::hash_pair<unsigned int, unsigned int>, split::split_unified_allocator<Hashinator::hash_pair<unsigned int, unsigned int>>> *, unsigned int, unsigned int, unsigned int, float *)"
0.0,8.9792,273,0.0329,0.0070,0.0051,0.3280,0.0462, 272    1    1,  64    1    1,"update_velocity_blocks_kernel(vmesh::VelocityMesh *, vmesh::VelocityBlockContainer *, split::SplitVector<unsigned int, split::split_unified_allocator<unsigned int>> *, split::SplitVector<Hashinator::hash_pair<unsigned int, unsigned int>, split::split_unified_allocator<Hashinator::hash_pair<unsigned int, unsigned int>>> *, split::SplitVector<Hashinator::hash_pair<unsigned int, unsigned int>, split::split_unified_allocator<Hashinator::hash_pair<unsigned int, unsigned int>>> *, split::SplitVector<Hashinator::hash_pair<unsigned int, unsigned int>, split::split_unified_allocator<Hashinator::hash_pair<unsigned int, unsigned int>>> *, unsigned int, unsigned int, unsigned int, float *)"
0.0,8.9718,308,0.0291,0.0141,0.0108,0.3350,0.0313, 107    1    1,  32    1    1,"evaluate_column_extents_kernel(unsigned int, const vmesh::VelocityMesh *, ColumnOffsets *, Column *, split::SplitVector<unsigned int, split::split_unified_allocator<unsigned int>> *, Hashinator::Hashmap<unsigned int, unsigned int, (unsigned int)4294967295, (unsigned int)4294967294, Hashinator::HashFunctions::Fibonacci<unsigned int>, Hashinator::Hashers::Hasher<unsigned int, unsigned int, Hashinator::HashFunctions::Fibonacci<unsigned int>, (unsigned int)4294967295, (unsigned int)4294967294, (int)32, (int)1>, split::split_unified_allocator<Hashinator::Info>> *, Hashinator::Hashmap<unsigned int, unsigned int, (unsigned int)4294967295, (unsigned int)4294967294, Hashinator::HashFunctions::Fibonacci<unsigned int>, Hashinator::Hashers::Hasher<unsigned int, unsigned int, Hashinator::HashFunctions::Fibonacci<unsigned int>, (unsigned int)4294967295, (unsigned int)4294967294, (int)32, (int)1>, split::split_unified_allocator<Hashinator::Info>> *, unsigned int *, unsigned int *, float, float, float, float, int, int, float, float, unsigned int *)"
0.0,8.9463,264,0.0339,0.0133,0.0088,0.2364,0.0407, 103    1    1,  16    1    1,"reorder_blocks_by_dimension_kernel(vmesh::VelocityBlockContainer *, VecSimple<float> *, unsigned int *, unsigned int *, ColumnOffsets *)"
0.0,8.9204,324,0.0275,0.0139,0.0112,0.1274,0.0232, 110    1    1,  32    1    1,"evaluate_column_extents_kernel(unsigned int, const vmesh::VelocityMesh *, ColumnOffsets *, Column *, split::SplitVector<unsigned int, split::split_unified_allocator<unsigned int>> *, Hashinator::Hashmap<unsigned int, unsigned int, (unsigned int)4294967295, (unsigned int)4294967294, Hashinator::HashFunctions::Fibonacci<unsigned int>, Hashinator::Hashers::Hasher<unsigned int, unsigned int, Hashinator::HashFunctions::Fibonacci<unsigned int>, (unsigned int)4294967295, (unsigned int)4294967294, (int)32, (int)1>, split::split_unified_allocator<Hashinator::Info>> *, Hashinator::Hashmap<unsigned int, unsigned int, (unsigned int)4294967295, (unsigned int)4294967294, Hashinator::HashFunctions::Fibonacci<unsigned int>, Hashinator::Hashers::Hasher<unsigned int, unsigned int, Hashinator::HashFunctions::Fibonacci<unsigned int>, (unsigned int)4294967295, (unsigned int)4294967294, (int)32, (int)1>, split::split_unified_allocator<Hashinator::Info>> *, unsigned int *, unsigned int *, float, float, float, float, int, int, float, float, unsigned int *)"
0.0,8.9129,336,0.0265,0.0137,0.0108,0.1783,0.0240, 105    1    1,  32    1    1,"evaluate_column_extents_kernel(unsigned int, const vmesh::VelocityMesh *, ColumnOffsets *, Column *, split::SplitVector<unsigned int, split::split_unified_allocator<unsigned int>> *, Hashinator::Hashmap<unsigned int, unsigned int, (unsigned int)4294967295, (unsigned int)4294967294, Hashinator::HashFunctions::Fibonacci<unsigned int>, Hashinator::Hashers::Hasher<unsigned int, unsigned int, Hashinator::HashFunctions::Fibonacci<unsigned int>, (unsigned int)4294967295, (unsigned int)4294967294, (int)32, (int)1>, split::split_unified_allocator<Hashinator::Info>> *, Hashinator::Hashmap<unsigned int, unsigned int, (unsigned int)4294967295, (unsigned int)4294967294, Hashinator::HashFunctions::Fibonacci<unsigned int>, Hashinator::Hashers::Hasher<unsigned int, unsigned int, Hashinator::HashFunctions::Fibonacci<unsigned int>, (unsigned int)4294967295, (unsigned int)4294967294, (int)32, (int)1>, split::split_unified_allocator<Hashinator::Info>> *, unsigned int *, unsigned int *, float, float, float, float, int, int, float, float, unsigned int *)"
0.0,8.8841,178,0.0499,0.0105,0.0050,0.2754,0.0611, 278    1    1,  64    1    1,"update_velocity_blocks_kernel(vmesh::VelocityMesh *, vmesh::VelocityBlockContainer *, split::SplitVector<unsigned int, split::split_unified_allocator<unsigned int>> *, split::SplitVector<Hashinator::hash_pair<unsigned int, unsigned int>, split::split_unified_allocator<Hashinator::hash_pair<unsigned int, unsigned int>>> *, split::SplitVector<Hashinator::hash_pair<unsigned int, unsigned int>, split::split_unified_allocator<Hashinator::hash_pair<unsigned int, unsigned int>>> *, split::SplitVector<Hashinator::hash_pair<unsigned int, unsigned int>, split::split_unified_allocator<Hashinator::hash_pair<unsigned int, unsigned int>>> *, unsigned int, unsigned int, unsigned int, float *)"
0.0,8.8510,184,0.0481,0.0525,0.0043,0.1127,0.0199,  87    1    1, 512    1    1,"void arch::reduction_kernel<(unsigned int)512, (arch::reduce_op)2, (unsigned int)4, (unsigned int)3, DRO::VariableEnergyDensity::reduceData(const spatial_cell::SpatialCell *, char *)::[lambda(unsigned int, unsigned int, unsigned int, unsigned int, double *) (instance 1)], double>(T5, const T6 *, T6 *, const unsigned int *, unsigned int, unsigned int, T6 *)"
0.0,8.8354,360,0.0245,0.0101,0.0073,0.1876,0.0308,  74    1    1,  16    1    1,"reorder_blocks_by_dimension_kernel(vmesh::VelocityBlockContainer *, VecSimple<float> *, unsigned int *, unsigned int *, ColumnOffsets *)"
0.0,8.8348,236,0.0374,0.0077,0.0051,0.3153,0.0507, 323    1    1,  64    1    1,"update_velocity_blocks_kernel(vmesh::VelocityMesh *, vmesh::VelocityBlockContainer *, split::SplitVector<unsigned int, split::split_unified_allocator<unsigned int>> *, split::SplitVector<Hashinator::hash_pair<unsigned int, unsigned int>, split::split_unified_allocator<Hashinator::hash_pair<unsigned int, unsigned int>>> *, split::SplitVector<Hashinator::hash_pair<unsigned int, unsigned int>, split::split_unified_allocator<Hashinator::hash_pair<unsigned int, unsigned int>>> *, split::SplitVector<Hashinator::hash_pair<unsigned int, unsigned int>, split::split_unified_allocator<Hashinator::hash_pair<unsigned int, unsigned int>>> *, unsigned int, unsigned int, unsigned int, float *)"
0.0,8.7862,184,0.0478,0.0518,0.0043,0.0662,0.0156,  87    1    1, 512    1    1,"void arch::reduction_kernel<(unsigned int)512, (arch::reduce_op)2, (unsigned int)4, (unsigned int)3, DRO::VariablePTensorOffDiagonal::reduceData(const spatial_cell::SpatialCell *, char *)::[lambda(unsigned int, unsigned int, unsigned int, unsigned int, double *) (instance 1)], double>(T5, const T6 *, T6 *, const unsigned int *, unsigned int, unsigned int, T6 *)"
0.0,8.7640,196,0.0447,0.0070,0.0050,0.4077,0.0697, 224    1    1,  64    1    1,"update_velocity_blocks_kernel(vmesh::VelocityMesh *, vmesh::VelocityBlockContainer *, split::SplitVector<unsigned int, split::split_unified_allocator<unsigned int>> *, split::SplitVector<Hashinator::hash_pair<unsigned int, unsigned int>, split::split_unified_allocator<Hashinator::hash_pair<unsigned int, unsigned int>>> *, split::SplitVector<Hashinator::hash_pair<unsigned int, unsigned int>, split::split_unified_allocator<Hashinator::hash_pair<unsigned int, unsigned int>>> *, split::SplitVector<Hashinator::hash_pair<unsigned int, unsigned int>, split::split_unified_allocator<Hashinator::hash_pair<unsigned int, unsigned int>>> *, unsigned int, unsigned int, unsigned int, float *)"
0.0,8.7566,220,0.0398,0.0173,0.0131,0.2146,0.0405, 128    1    1,  16    1    1,"reorder_blocks_by_dimension_kernel(vmesh::VelocityBlockContainer *, VecSimple<float> *, unsigned int *, unsigned int *, ColumnOffsets *)"
0.0,8.5895,264,0.0325,0.0147,0.0112,0.1707,0.0313, 103    1    1,  32    1    1,"evaluate_column_extents_kernel(unsigned int, const vmesh::VelocityMesh *, ColumnOffsets *, Column *, split::SplitVector<unsigned int, split::split_unified_allocator<unsigned int>> *, Hashinator::Hashmap<unsigned int, unsigned int, (unsigned int)4294967295, (unsigned int)4294967294, Hashinator::HashFunctions::Fibonacci<unsigned int>, Hashinator::Hashers::Hasher<unsigned int, unsigned int, Hashinator::HashFunctions::Fibonacci<unsigned int>, (unsigned int)4294967295, (unsigned int)4294967294, (int)32, (int)1>, split::split_unified_allocator<Hashinator::Info>> *, Hashinator::Hashmap<unsigned int, unsigned int, (unsigned int)4294967295, (unsigned int)4294967294, Hashinator::HashFunctions::Fibonacci<unsigned int>, Hashinator::Hashers::Hasher<unsigned int, unsigned int, Hashinator::HashFunctions::Fibonacci<unsigned int>, (unsigned int)4294967295, (unsigned int)4294967294, (int)32, (int)1>, split::split_unified_allocator<Hashinator::Info>> *, unsigned int *, unsigned int *, float, float, float, float, int, int, float, float, unsigned int *)"
0.0,8.5267,220,0.0388,0.0169,0.0131,0.1985,0.0379, 130    1    1,  16    1    1,"reorder_blocks_by_dimension_kernel(vmesh::VelocityBlockContainer *, VecSimple<float> *, unsigned int *, unsigned int *, ColumnOffsets *)"
0.0,8.4266,264,0.0319,0.0138,0.0109,0.1775,0.0337,  99    1    1,  16    1    1,"reorder_blocks_by_dimension_kernel(vmesh::VelocityBlockContainer *, VecSimple<float> *, unsigned int *, unsigned int *, ColumnOffsets *)"
0.0,8.4134,588,0.0143,0.0032,0.0026,0.1180,0.0219,  16    1    1,  32    1    1,"blocksID_mapped_dim2_kernel(const vmesh::VelocityMesh *, unsigned int *, unsigned int *, unsigned int)"
0.0,8.3748,262,0.0320,0.0069,0.0049,0.2495,0.0434, 173    1    1,  64    1    1,"update_velocity_blocks_kernel(vmesh::VelocityMesh *, vmesh::VelocityBlockContainer *, split::SplitVector<unsigned int, split::split_unified_allocator<unsigned int>> *, split::SplitVector<Hashinator::hash_pair<unsigned int, unsigned int>, split::split_unified_allocator<Hashinator::hash_pair<unsigned int, unsigned int>>> *, split::SplitVector<Hashinator::hash_pair<unsigned int, unsigned int>, split::split_unified_allocator<Hashinator::hash_pair<unsigned int, unsigned int>>> *, split::SplitVector<Hashinator::hash_pair<unsigned int, unsigned int>, split::split_unified_allocator<Hashinator::hash_pair<unsigned int, unsigned int>>> *, unsigned int, unsigned int, unsigned int, float *)"
0.0,8.3287,104,0.0801,0.0784,0.0730,0.0975,0.0044, 816    1    1,  32    1    1,"void arch::reduction_kernel<(unsigned int)32, (arch::reduce_op)2, (unsigned int)4, (unsigned int)0, DRO::VariablePrecipitationDiffFlux::reduceData(const spatial_cell::SpatialCell *, char *)::[lambda(unsigned int, unsigned int, unsigned int, unsigned int, double *) (instance 1)], double>(T5, const T6 *, T6 *, const unsigned int *, unsigned int, unsigned int, T6 *)"
0.0,8.2990,312,0.0266,0.0086,0.0066,0.1889,0.0332,  68    1    1,1024    1    1,"update_neighbour_halo_kernel(vmesh::VelocityMesh *, unsigned int, unsigned int **, unsigned int *, Hashinator::Hashmap<unsigned int, unsigned int, (unsigned int)4294967295, (unsigned int)4294967294, Hashinator::HashFunctions::Fibonacci<unsigned int>, Hashinator::Hashers::Hasher<unsigned int, unsigned int, Hashinator::HashFunctions::Fibonacci<unsigned int>, (unsigned int)4294967295, (unsigned int)4294967294, (int)32, (int)1>, split::split_unified_allocator<Hashinator::Info>> *, Hashinator::Hashmap<unsigned int, unsigned int, (unsigned int)4294967295, (unsigned int)4294967294, Hashinator::HashFunctions::Fibonacci<unsigned int>, Hashinator::Hashers::Hasher<unsigned int, unsigned int, Hashinator::HashFunctions::Fibonacci<unsigned int>, (unsigned int)4294967295, (unsigned int)4294967294, (int)32, (int)1>, split::split_unified_allocator<Hashinator::Info>> *)"
0.0,8.2614,156,0.0530,0.0088,0.0052,0.2703,0.0626, 325    1    1,  64    1    1,"update_velocity_blocks_kernel(vmesh::VelocityMesh *, vmesh::VelocityBlockContainer *, split::SplitVector<unsigned int, split::split_unified_allocator<unsigned int>> *, split::SplitVector<Hashinator::hash_pair<unsigned int, unsigned int>, split::split_unified_allocator<Hashinator::hash_pair<unsigned int, unsigned int>>> *, split::SplitVector<Hashinator::hash_pair<unsigned int, unsigned int>, split::split_unified_allocator<Hashinator::hash_pair<unsigned int, unsigned int>>> *, split::SplitVector<Hashinator::hash_pair<unsigned int, unsigned int>, split::split_unified_allocator<Hashinator::hash_pair<unsigned int, unsigned int>>> *, unsigned int, unsigned int, unsigned int, float *)"
0.0,8.2275,204,0.0403,0.0073,0.0048,0.3255,0.0573, 207    1    1,  64    1    1,"update_velocity_blocks_kernel(vmesh::VelocityMesh *, vmesh::VelocityBlockContainer *, split::SplitVector<unsigned int, split::split_unified_allocator<unsigned int>> *, split::SplitVector<Hashinator::hash_pair<unsigned int, unsigned int>, split::split_unified_allocator<Hashinator::hash_pair<unsigned int, unsigned int>>> *, split::SplitVector<Hashinator::hash_pair<unsigned int, unsigned int>, split::split_unified_allocator<Hashinator::hash_pair<unsigned int, unsigned int>>> *, split::SplitVector<Hashinator::hash_pair<unsigned int, unsigned int>, split::split_unified_allocator<Hashinator::hash_pair<unsigned int, unsigned int>>> *, unsigned int, unsigned int, unsigned int, float *)"
0.0,8.1806,480,0.0170,0.0044,0.0036,0.1289,0.0209,  28    1    1,  32    1    1,"order_GIDs_kernel(const vmesh::VelocityMesh *, unsigned int *, unsigned int *, unsigned int, unsigned int *, unsigned int *, unsigned int, ColumnOffsets *)"
0.0,8.1723,576,0.0142,0.0036,0.0028,0.1172,0.0219,  10    1    1,  32    1    1,"blocksID_mapped_dim0_kernel(const vmesh::VelocityMesh *, unsigned int *, unsigned int *, unsigned int)"
0.0,8.1648,294,0.0278,0.0138,0.0107,0.1708,0.0259,  93    1    1,  32    1    1,"evaluate_column_extents_kernel(unsigned int, const vmesh::VelocityMesh *, ColumnOffsets *, Column *, split::SplitVector<unsigned int, split::split_unified_allocator<unsigned int>> *, Hashinator::Hashmap<unsigned int, unsigned int, (unsigned int)4294967295, (unsigned int)4294967294, Hashinator::HashFunctions::Fibonacci<unsigned int>, Hashinator::Hashers::Hasher<unsigned int, unsigned int, Hashinator::HashFunctions::Fibonacci<unsigned int>, (unsigned int)4294967295, (unsigned int)4294967294, (int)32, (int)1>, split::split_unified_allocator<Hashinator::Info>> *, Hashinator::Hashmap<unsigned int, unsigned int, (unsigned int)4294967295, (unsigned int)4294967294, Hashinator::HashFunctions::Fibonacci<unsigned int>, Hashinator::Hashers::Hasher<unsigned int, unsigned int, Hashinator::HashFunctions::Fibonacci<unsigned int>, (unsigned int)4294967295, (unsigned int)4294967294, (int)32, (int)1>, split::split_unified_allocator<Hashinator::Info>> *, unsigned int *, unsigned int *, float, float, float, float, int, int, float, float, unsigned int *)"
0.0,8.1279,188,0.0432,0.0077,0.0051,0.3142,0.0571, 344    1    1,  64    1    1,"update_velocity_blocks_kernel(vmesh::VelocityMesh *, vmesh::VelocityBlockContainer *, split::SplitVector<unsigned int, split::split_unified_allocator<unsigned int>> *, split::SplitVector<Hashinator::hash_pair<unsigned int, unsigned int>, split::split_unified_allocator<Hashinator::hash_pair<unsigned int, unsigned int>>> *, split::SplitVector<Hashinator::hash_pair<unsigned int, unsigned int>, split::split_unified_allocator<Hashinator::hash_pair<unsigned int, unsigned int>>> *, split::SplitVector<Hashinator::hash_pair<unsigned int, unsigned int>, split::split_unified_allocator<Hashinator::hash_pair<unsigned int, unsigned int>>> *, unsigned int, unsigned int, unsigned int, float *)"
0.0,8.0626,296,0.0272,0.0119,0.0088,0.2055,0.0306,  96    1    1,  16    1    1,"reorder_blocks_by_dimension_kernel(vmesh::VelocityBlockContainer *, VecSimple<float> *, unsigned int *, unsigned int *, ColumnOffsets *)"
0.0,8.0271,312,0.0257,0.0075,0.0060,0.2071,0.0378,  54    1    1,1024    1    1,"update_neighbour_halo_kernel(vmesh::VelocityMesh *, unsigned int, unsigned int **, unsigned int *, Hashinator::Hashmap<unsigned int, unsigned int, (unsigned int)4294967295, (unsigned int)4294967294, Hashinator::HashFunctions::Fibonacci<unsigned int>, Hashinator::Hashers::Hasher<unsigned int, unsigned int, Hashinator::HashFunctions::Fibonacci<unsigned int>, (unsigned int)4294967295, (unsigned int)4294967294, (int)32, (int)1>, split::split_unified_allocator<Hashinator::Info>> *, Hashinator::Hashmap<unsigned int, unsigned int, (unsigned int)4294967295, (unsigned int)4294967294, Hashinator::HashFunctions::Fibonacci<unsigned int>, Hashinator::Hashers::Hasher<unsigned int, unsigned int, Hashinator::HashFunctions::Fibonacci<unsigned int>, (unsigned int)4294967295, (unsigned int)4294967294, (int)32, (int)1>, split::split_unified_allocator<Hashinator::Info>> *)"
0.0,8.0258,1147,0.0070,0.0069,0.0063,0.0106,0.0004, 397    1    1,  64    1    1,"update_velocity_block_content_lists_kernel(vmesh::VelocityMesh *, vmesh::VelocityBlockContainer *, Hashinator::Hashmap<unsigned int, unsigned int, (unsigned int)4294967295, (unsigned int)4294967294, Hashinator::HashFunctions::Fibonacci<unsigned int>, Hashinator::Hashers::Hasher<unsigned int, unsigned int, Hashinator::HashFunctions::Fibonacci<unsigned int>, (unsigned int)4294967295, (unsigned int)4294967294, (int)32, (int)1>, split::split_unified_allocator<Hashinator::Info>> *, Hashinator::Hashmap<unsigned int, unsigned int, (unsigned int)4294967295, (unsigned int)4294967294, Hashinator::HashFunctions::Fibonacci<unsigned int>, Hashinator::Hashers::Hasher<unsigned int, unsigned int, Hashinator::HashFunctions::Fibonacci<unsigned int>, (unsigned int)4294967295, (unsigned int)4294967294, (int)32, (int)1>, split::split_unified_allocator<Hashinator::Info>> *, double)"
0.0,8.0010,96,0.0833,0.0822,0.0731,0.0943,0.0035, 976    1    1,  32    1    1,"void arch::reduction_kernel<(unsigned int)32, (arch::reduce_op)2, (unsigned int)4, (unsigned int)0, DRO::VariablePrecipitationDiffFlux::reduceData(const spatial_cell::SpatialCell *, char *)::[lambda(unsigned int, unsigned int, unsigned int, unsigned int, double *) (instance 1)], double>(T5, const T6 *, T6 *, const unsigned int *, unsigned int, unsigned int, T6 *)"
0.0,7.9846,285,0.0280,0.0082,0.0062,0.1530,0.0318, 130    1    1,  64    1    1,"update_velocity_blocks_kernel(vmesh::VelocityMesh *, vmesh::VelocityBlockContainer *, split::SplitVector<unsigned int, split::split_unified_allocator<unsigned int>> *, split::SplitVector<Hashinator::hash_pair<unsigned int, unsigned int>, split::split_unified_allocator<Hashinator::hash_pair<unsigned int, unsigned int>>> *, split::SplitVector<Hashinator::hash_pair<unsigned int, unsigned int>, split::split_unified_allocator<Hashinator::hash_pair<unsigned int, unsigned int>>> *, split::SplitVector<Hashinator::hash_pair<unsigned int, unsigned int>, split::split_unified_allocator<Hashinator::hash_pair<unsigned int, unsigned int>>> *, unsigned int, unsigned int, unsigned int, float *)"
0.0,7.9820,320,0.0249,0.0080,0.0062,0.1687,0.0289, 108    1    1,  64    1    1,"update_velocity_blocks_kernel(vmesh::VelocityMesh *, vmesh::VelocityBlockContainer *, split::SplitVector<unsigned int, split::split_unified_allocator<unsigned int>> *, split::SplitVector<Hashinator::hash_pair<unsigned int, unsigned int>, split::split_unified_allocator<Hashinator::hash_pair<unsigned int, unsigned int>>> *, split::SplitVector<Hashinator::hash_pair<unsigned int, unsigned int>, split::split_unified_allocator<Hashinator::hash_pair<unsigned int, unsigned int>>> *, split::SplitVector<Hashinator::hash_pair<unsigned int, unsigned int>, split::split_unified_allocator<Hashinator::hash_pair<unsigned int, unsigned int>>> *, unsigned int, unsigned int, unsigned int, float *)"
0.0,7.9583,176,0.0452,0.0076,0.0050,0.3247,0.0619, 203    1    1,  64    1    1,"update_velocity_blocks_kernel(vmesh::VelocityMesh *, vmesh::VelocityBlockContainer *, split::SplitVector<unsigned int, split::split_unified_allocator<unsigned int>> *, split::SplitVector<Hashinator::hash_pair<unsigned int, unsigned int>, split::split_unified_allocator<Hashinator::hash_pair<unsigned int, unsigned int>>> *, split::SplitVector<Hashinator::hash_pair<unsigned int, unsigned int>, split::split_unified_allocator<Hashinator::hash_pair<unsigned int, unsigned int>>> *, split::SplitVector<Hashinator::hash_pair<unsigned int, unsigned int>, split::split_unified_allocator<Hashinator::hash_pair<unsigned int, unsigned int>>> *, unsigned int, unsigned int, unsigned int, float *)"
0.0,7.8661,163,0.0483,0.0125,0.0050,0.2987,0.0589, 290    1    1,  64    1    1,"update_velocity_blocks_kernel(vmesh::VelocityMesh *, vmesh::VelocityBlockContainer *, split::SplitVector<unsigned int, split::split_unified_allocator<unsigned int>> *, split::SplitVector<Hashinator::hash_pair<unsigned int, unsigned int>, split::split_unified_allocator<Hashinator::hash_pair<unsigned int, unsigned int>>> *, split::SplitVector<Hashinator::hash_pair<unsigned int, unsigned int>, split::split_unified_allocator<Hashinator::hash_pair<unsigned int, unsigned int>>> *, split::SplitVector<Hashinator::hash_pair<unsigned int, unsigned int>, split::split_unified_allocator<Hashinator::hash_pair<unsigned int, unsigned int>>> *, unsigned int, unsigned int, unsigned int, float *)"
0.0,7.7828,264,0.0295,0.0145,0.0110,0.1601,0.0258,  99    1    1,  32    1    1,"evaluate_column_extents_kernel(unsigned int, const vmesh::VelocityMesh *, ColumnOffsets *, Column *, split::SplitVector<unsigned int, split::split_unified_allocator<unsigned int>> *, Hashinator::Hashmap<unsigned int, unsigned int, (unsigned int)4294967295, (unsigned int)4294967294, Hashinator::HashFunctions::Fibonacci<unsigned int>, Hashinator::Hashers::Hasher<unsigned int, unsigned int, Hashinator::HashFunctions::Fibonacci<unsigned int>, (unsigned int)4294967295, (unsigned int)4294967294, (int)32, (int)1>, split::split_unified_allocator<Hashinator::Info>> *, Hashinator::Hashmap<unsigned int, unsigned int, (unsigned int)4294967295, (unsigned int)4294967294, Hashinator::HashFunctions::Fibonacci<unsigned int>, Hashinator::Hashers::Hasher<unsigned int, unsigned int, Hashinator::HashFunctions::Fibonacci<unsigned int>, (unsigned int)4294967295, (unsigned int)4294967294, (int)32, (int)1>, split::split_unified_allocator<Hashinator::Info>> *, unsigned int *, unsigned int *, float, float, float, float, int, int, float, float, unsigned int *)"
0.0,7.6089,264,0.0288,0.0143,0.0114,0.1717,0.0268, 120    1    1,  32    1    1,"evaluate_column_extents_kernel(unsigned int, const vmesh::VelocityMesh *, ColumnOffsets *, Column *, split::SplitVector<unsigned int, split::split_unified_allocator<unsigned int>> *, Hashinator::Hashmap<unsigned int, unsigned int, (unsigned int)4294967295, (unsigned int)4294967294, Hashinator::HashFunctions::Fibonacci<unsigned int>, Hashinator::Hashers::Hasher<unsigned int, unsigned int, Hashinator::HashFunctions::Fibonacci<unsigned int>, (unsigned int)4294967295, (unsigned int)4294967294, (int)32, (int)1>, split::split_unified_allocator<Hashinator::Info>> *, Hashinator::Hashmap<unsigned int, unsigned int, (unsigned int)4294967295, (unsigned int)4294967294, Hashinator::HashFunctions::Fibonacci<unsigned int>, Hashinator::Hashers::Hasher<unsigned int, unsigned int, Hashinator::HashFunctions::Fibonacci<unsigned int>, (unsigned int)4294967295, (unsigned int)4294967294, (int)32, (int)1>, split::split_unified_allocator<Hashinator::Info>> *, unsigned int *, unsigned int *, float, float, float, float, int, int, float, float, unsigned int *)"
0.0,7.6029,190,0.0400,0.0073,0.0050,0.2943,0.0549, 174    1    1,  64    1    1,"update_velocity_blocks_kernel(vmesh::VelocityMesh *, vmesh::VelocityBlockContainer *, split::SplitVector<unsigned int, split::split_unified_allocator<unsigned int>> *, split::SplitVector<Hashinator::hash_pair<unsigned int, unsigned int>, split::split_unified_allocator<Hashinator::hash_pair<unsigned int, unsigned int>>> *, split::SplitVector<Hashinator::hash_pair<unsigned int, unsigned int>, split::split_unified_allocator<Hashinator::hash_pair<unsigned int, unsigned int>>> *, split::SplitVector<Hashinator::hash_pair<unsigned int, unsigned int>, split::split_unified_allocator<Hashinator::hash_pair<unsigned int, unsigned int>>> *, unsigned int, unsigned int, unsigned int, float *)"
0.0,7.5492,296,0.0255,0.0133,0.0106,0.1392,0.0239,  96    1    1,  32    1    1,"evaluate_column_extents_kernel(unsigned int, const vmesh::VelocityMesh *, ColumnOffsets *, Column *, split::SplitVector<unsigned int, split::split_unified_allocator<unsigned int>> *, Hashinator::Hashmap<unsigned int, unsigned int, (unsigned int)4294967295, (unsigned int)4294967294, Hashinator::HashFunctions::Fibonacci<unsigned int>, Hashinator::Hashers::Hasher<unsigned int, unsigned int, Hashinator::HashFunctions::Fibonacci<unsigned int>, (unsigned int)4294967295, (unsigned int)4294967294, (int)32, (int)1>, split::split_unified_allocator<Hashinator::Info>> *, Hashinator::Hashmap<unsigned int, unsigned int, (unsigned int)4294967295, (unsigned int)4294967294, Hashinator::HashFunctions::Fibonacci<unsigned int>, Hashinator::Hashers::Hasher<unsigned int, unsigned int, Hashinator::HashFunctions::Fibonacci<unsigned int>, (unsigned int)4294967295, (unsigned int)4294967294, (int)32, (int)1>, split::split_unified_allocator<Hashinator::Info>> *, unsigned int *, unsigned int *, float, float, float, float, int, int, float, float, unsigned int *)"
0.0,7.4446,198,0.0376,0.0104,0.0075,0.2802,0.0515,  82    1    1, 832    1    1,"update_velocity_halo_kernel(vmesh::VelocityMesh *, unsigned int, unsigned int *, Hashinator::Hashmap<unsigned int, unsigned int, (unsigned int)4294967295, (unsigned int)4294967294, Hashinator::HashFunctions::Fibonacci<unsigned int>, Hashinator::Hashers::Hasher<unsigned int, unsigned int, Hashinator::HashFunctions::Fibonacci<unsigned int>, (unsigned int)4294967295, (unsigned int)4294967294, (int)32, (int)1>, split::split_unified_allocator<Hashinator::Info>> *, Hashinator::Hashmap<unsigned int, unsigned int, (unsigned int)4294967295, (unsigned int)4294967294, Hashinator::HashFunctions::Fibonacci<unsigned int>, Hashinator::Hashers::Hasher<unsigned int, unsigned int, Hashinator::HashFunctions::Fibonacci<unsigned int>, (unsigned int)4294967295, (unsigned int)4294967294, (int)32, (int)1>, split::split_unified_allocator<Hashinator::Info>> *)"
0.0,7.4434,148,0.0503,0.0078,0.0050,0.4848,0.0722, 180    1    1,  64    1    1,"update_velocity_blocks_kernel(vmesh::VelocityMesh *, vmesh::VelocityBlockContainer *, split::SplitVector<unsigned int, split::split_unified_allocator<unsigned int>> *, split::SplitVector<Hashinator::hash_pair<unsigned int, unsigned int>, split::split_unified_allocator<Hashinator::hash_pair<unsigned int, unsigned int>>> *, split::SplitVector<Hashinator::hash_pair<unsigned int, unsigned int>, split::split_unified_allocator<Hashinator::hash_pair<unsigned int, unsigned int>>> *, split::SplitVector<Hashinator::hash_pair<unsigned int, unsigned int>, split::split_unified_allocator<Hashinator::hash_pair<unsigned int, unsigned int>>> *, unsigned int, unsigned int, unsigned int, float *)"
0.0,7.4294,192,0.0387,0.0480,0.0042,0.0764,0.0222,  33    1    1, 512    1    1,"void arch::reduction_kernel<(unsigned int)512, (arch::reduce_op)2, (unsigned int)4, (unsigned int)3, DRO::VariableEnergyDensity::reduceData(const spatial_cell::SpatialCell *, char *)::[lambda(unsigned int, unsigned int, unsigned int, unsigned int, double *) (instance 1)], double>(T5, const T6 *, T6 *, const unsigned int *, unsigned int, unsigned int, T6 *)"
0.0,7.3727,109,0.0676,0.0074,0.0050,3.1277,0.3015, 243    1    1,  64    1    1,"update_velocity_blocks_kernel(vmesh::VelocityMesh *, vmesh::VelocityBlockContainer *, split::SplitVector<unsigned int, split::split_unified_allocator<unsigned int>> *, split::SplitVector<Hashinator::hash_pair<unsigned int, unsigned int>, split::split_unified_allocator<Hashinator::hash_pair<unsigned int, unsigned int>>> *, split::SplitVector<Hashinator::hash_pair<unsigned int, unsigned int>, split::split_unified_allocator<Hashinator::hash_pair<unsigned int, unsigned int>>> *, split::SplitVector<Hashinator::hash_pair<unsigned int, unsigned int>, split::split_unified_allocator<Hashinator::hash_pair<unsigned int, unsigned int>>> *, unsigned int, unsigned int, unsigned int, float *)"
0.0,7.3577,188,0.0391,0.0071,0.0050,0.3111,0.0535, 268    1    1,  64    1    1,"update_velocity_blocks_kernel(vmesh::VelocityMesh *, vmesh::VelocityBlockContainer *, split::SplitVector<unsigned int, split::split_unified_allocator<unsigned int>> *, split::SplitVector<Hashinator::hash_pair<unsigned int, unsigned int>, split::split_unified_allocator<Hashinator::hash_pair<unsigned int, unsigned int>>> *, split::SplitVector<Hashinator::hash_pair<unsigned int, unsigned int>, split::split_unified_allocator<Hashinator::hash_pair<unsigned int, unsigned int>>> *, split::SplitVector<Hashinator::hash_pair<unsigned int, unsigned int>, split::split_unified_allocator<Hashinator::hash_pair<unsigned int, unsigned int>>> *, unsigned int, unsigned int, unsigned int, float *)"
0.0,7.3340,183,0.0401,0.0082,0.0050,0.2572,0.0520, 333    1    1,  64    1    1,"update_velocity_blocks_kernel(vmesh::VelocityMesh *, vmesh::VelocityBlockContainer *, split::SplitVector<unsigned int, split::split_unified_allocator<unsigned int>> *, split::SplitVector<Hashinator::hash_pair<unsigned int, unsigned int>, split::split_unified_allocator<Hashinator::hash_pair<unsigned int, unsigned int>>> *, split::SplitVector<Hashinator::hash_pair<unsigned int, unsigned int>, split::split_unified_allocator<Hashinator::hash_pair<unsigned int, unsigned int>>> *, split::SplitVector<Hashinator::hash_pair<unsigned int, unsigned int>, split::split_unified_allocator<Hashinator::hash_pair<unsigned int, unsigned int>>> *, unsigned int, unsigned int, unsigned int, float *)"
0.0,7.3337,280,0.0262,0.0116,0.0089,0.1945,0.0313, 203    1    1,1024    1    1,"update_neighbour_halo_kernel(vmesh::VelocityMesh *, unsigned int, unsigned int **, unsigned int *, Hashinator::Hashmap<unsigned int, unsigned int, (unsigned int)4294967295, (unsigned int)4294967294, Hashinator::HashFunctions::Fibonacci<unsigned int>, Hashinator::Hashers::Hasher<unsigned int, unsigned int, Hashinator::HashFunctions::Fibonacci<unsigned int>, (unsigned int)4294967295, (unsigned int)4294967294, (int)32, (int)1>, split::split_unified_allocator<Hashinator::Info>> *, Hashinator::Hashmap<unsigned int, unsigned int, (unsigned int)4294967295, (unsigned int)4294967294, Hashinator::HashFunctions::Fibonacci<unsigned int>, Hashinator::Hashers::Hasher<unsigned int, unsigned int, Hashinator::HashFunctions::Fibonacci<unsigned int>, (unsigned int)4294967295, (unsigned int)4294967294, (int)32, (int)1>, split::split_unified_allocator<Hashinator::Info>> *)"
0.0,7.3328,166,0.0442,0.0075,0.0048,0.3084,0.0580, 178    1    1,  64    1    1,"update_velocity_blocks_kernel(vmesh::VelocityMesh *, vmesh::VelocityBlockContainer *, split::SplitVector<unsigned int, split::split_unified_allocator<unsigned int>> *, split::SplitVector<Hashinator::hash_pair<unsigned int, unsigned int>, split::split_unified_allocator<Hashinator::hash_pair<unsigned int, unsigned int>>> *, split::SplitVector<Hashinator::hash_pair<unsigned int, unsigned int>, split::split_unified_allocator<Hashinator::hash_pair<unsigned int, unsigned int>>> *, split::SplitVector<Hashinator::hash_pair<unsigned int, unsigned int>, split::split_unified_allocator<Hashinator::hash_pair<unsigned int, unsigned int>>> *, unsigned int, unsigned int, unsigned int, float *)"
0.0,7.2043,294,0.0245,0.0115,0.0087,0.1633,0.0294,  93    1    1,  16    1    1,"reorder_blocks_by_dimension_kernel(vmesh::VelocityBlockContainer *, VecSimple<float> *, unsigned int *, unsigned int *, ColumnOffsets *)"
0.0,7.1628,189,0.0379,0.0071,0.0049,0.3544,0.0620, 186    1    1,  64    1    1,"update_velocity_blocks_kernel(vmesh::VelocityMesh *, vmesh::VelocityBlockContainer *, split::SplitVector<unsigned int, split::split_unified_allocator<unsigned int>> *, split::SplitVector<Hashinator::hash_pair<unsigned int, unsigned int>, split::split_unified_allocator<Hashinator::hash_pair<unsigned int, unsigned int>>> *, split::SplitVector<Hashinator::hash_pair<unsigned int, unsigned int>, split::split_unified_allocator<Hashinator::hash_pair<unsigned int, unsigned int>>> *, split::SplitVector<Hashinator::hash_pair<unsigned int, unsigned int>, split::split_unified_allocator<Hashinator::hash_pair<unsigned int, unsigned int>>> *, unsigned int, unsigned int, unsigned int, float *)"
0.0,7.1582,260,0.0275,0.0109,0.0087,0.3543,0.0378, 156    1    1,1024    1    1,"update_neighbour_halo_kernel(vmesh::VelocityMesh *, unsigned int, unsigned int **, unsigned int *, Hashinator::Hashmap<unsigned int, unsigned int, (unsigned int)4294967295, (unsigned int)4294967294, Hashinator::HashFunctions::Fibonacci<unsigned int>, Hashinator::Hashers::Hasher<unsigned int, unsigned int, Hashinator::HashFunctions::Fibonacci<unsigned int>, (unsigned int)4294967295, (unsigned int)4294967294, (int)32, (int)1>, split::split_unified_allocator<Hashinator::Info>> *, Hashinator::Hashmap<unsigned int, unsigned int, (unsigned int)4294967295, (unsigned int)4294967294, Hashinator::HashFunctions::Fibonacci<unsigned int>, Hashinator::Hashers::Hasher<unsigned int, unsigned int, Hashinator::HashFunctions::Fibonacci<unsigned int>, (unsigned int)4294967295, (unsigned int)4294967294, (int)32, (int)1>, split::split_unified_allocator<Hashinator::Info>> *)"
0.0,7.1578,220,0.0325,0.0144,0.0115,0.1802,0.0304, 128    1    1,  32    1    1,"evaluate_column_extents_kernel(unsigned int, const vmesh::VelocityMesh *, ColumnOffsets *, Column *, split::SplitVector<unsigned int, split::split_unified_allocator<unsigned int>> *, Hashinator::Hashmap<unsigned int, unsigned int, (unsigned int)4294967295, (unsigned int)4294967294, Hashinator::HashFunctions::Fibonacci<unsigned int>, Hashinator::Hashers::Hasher<unsigned int, unsigned int, Hashinator::HashFunctions::Fibonacci<unsigned int>, (unsigned int)4294967295, (unsigned int)4294967294, (int)32, (int)1>, split::split_unified_allocator<Hashinator::Info>> *, Hashinator::Hashmap<unsigned int, unsigned int, (unsigned int)4294967295, (unsigned int)4294967294, Hashinator::HashFunctions::Fibonacci<unsigned int>, Hashinator::Hashers::Hasher<unsigned int, unsigned int, Hashinator::HashFunctions::Fibonacci<unsigned int>, (unsigned int)4294967295, (unsigned int)4294967294, (int)32, (int)1>, split::split_unified_allocator<Hashinator::Info>> *, unsigned int *, unsigned int *, float, float, float, float, int, int, float, float, unsigned int *)"
0.0,7.1506,268,0.0267,0.0078,0.0063,0.1448,0.0310, 120    1    1,  64    1    1,"update_velocity_blocks_kernel(vmesh::VelocityMesh *, vmesh::VelocityBlockContainer *, split::SplitVector<unsigned int, split::split_unified_allocator<unsigned int>> *, split::SplitVector<Hashinator::hash_pair<unsigned int, unsigned int>, split::split_unified_allocator<Hashinator::hash_pair<unsigned int, unsigned int>>> *, split::SplitVector<Hashinator::hash_pair<unsigned int, unsigned int>, split::split_unified_allocator<Hashinator::hash_pair<unsigned int, unsigned int>>> *, split::SplitVector<Hashinator::hash_pair<unsigned int, unsigned int>, split::split_unified_allocator<Hashinator::hash_pair<unsigned int, unsigned int>>> *, unsigned int, unsigned int, unsigned int, float *)"
0.0,7.0795,180,0.0393,0.0080,0.0052,0.2590,0.0508, 356    1    1,  64    1    1,"update_velocity_blocks_kernel(vmesh::VelocityMesh *, vmesh::VelocityBlockContainer *, split::SplitVector<unsigned int, split::split_unified_allocator<unsigned int>> *, split::SplitVector<Hashinator::hash_pair<unsigned int, unsigned int>, split::split_unified_allocator<Hashinator::hash_pair<unsigned int, unsigned int>>> *, split::SplitVector<Hashinator::hash_pair<unsigned int, unsigned int>, split::split_unified_allocator<Hashinator::hash_pair<unsigned int, unsigned int>>> *, split::SplitVector<Hashinator::hash_pair<unsigned int, unsigned int>, split::split_unified_allocator<Hashinator::hash_pair<unsigned int, unsigned int>>> *, unsigned int, unsigned int, unsigned int, float *)"
0.0,6.9536,173,0.0402,0.0075,0.0051,0.3849,0.0580, 265    1    1,  64    1    1,"update_velocity_blocks_kernel(vmesh::VelocityMesh *, vmesh::VelocityBlockContainer *, split::SplitVector<unsigned int, split::split_unified_allocator<unsigned int>> *, split::SplitVector<Hashinator::hash_pair<unsigned int, unsigned int>, split::split_unified_allocator<Hashinator::hash_pair<unsigned int, unsigned int>>> *, split::SplitVector<Hashinator::hash_pair<unsigned int, unsigned int>, split::split_unified_allocator<Hashinator::hash_pair<unsigned int, unsigned int>>> *, split::SplitVector<Hashinator::hash_pair<unsigned int, unsigned int>, split::split_unified_allocator<Hashinator::hash_pair<unsigned int, unsigned int>>> *, unsigned int, unsigned int, unsigned int, float *)"
0.0,6.9048,266,0.0260,0.0079,0.0063,0.1547,0.0297, 131    1    1,  64    1    1,"update_velocity_blocks_kernel(vmesh::VelocityMesh *, vmesh::VelocityBlockContainer *, split::SplitVector<unsigned int, split::split_unified_allocator<unsigned int>> *, split::SplitVector<Hashinator::hash_pair<unsigned int, unsigned int>, split::split_unified_allocator<Hashinator::hash_pair<unsigned int, unsigned int>>> *, split::SplitVector<Hashinator::hash_pair<unsigned int, unsigned int>, split::split_unified_allocator<Hashinator::hash_pair<unsigned int, unsigned int>>> *, split::SplitVector<Hashinator::hash_pair<unsigned int, unsigned int>, split::split_unified_allocator<Hashinator::hash_pair<unsigned int, unsigned int>>> *, unsigned int, unsigned int, unsigned int, float *)"
0.0,6.8313,44,0.1553,0.1438,0.0806,0.2799,0.0447,  50    1    1,  16    1    1,"acceleration_kernel(const vmesh::VelocityMesh *, vmesh::VelocityBlockContainer *, VecSimple<float> *, unsigned int *, unsigned int *, Column *, unsigned int, float, float, float, float, float, float, float, float, unsigned long)"
0.0,6.6495,175,0.0380,0.0071,0.0050,0.2482,0.0525, 291    1    1,  64    1    1,"update_velocity_blocks_kernel(vmesh::VelocityMesh *, vmesh::VelocityBlockContainer *, split::SplitVector<unsigned int, split::split_unified_allocator<unsigned int>> *, split::SplitVector<Hashinator::hash_pair<unsigned int, unsigned int>, split::split_unified_allocator<Hashinator::hash_pair<unsigned int, unsigned int>>> *, split::SplitVector<Hashinator::hash_pair<unsigned int, unsigned int>, split::split_unified_allocator<Hashinator::hash_pair<unsigned int, unsigned int>>> *, split::SplitVector<Hashinator::hash_pair<unsigned int, unsigned int>, split::split_unified_allocator<Hashinator::hash_pair<unsigned int, unsigned int>>> *, unsigned int, unsigned int, unsigned int, float *)"
0.0,6.6231,138,0.0480,0.0080,0.0052,0.3172,0.0637, 348    1    1,  64    1    1,"update_velocity_blocks_kernel(vmesh::VelocityMesh *, vmesh::VelocityBlockContainer *, split::SplitVector<unsigned int, split::split_unified_allocator<unsigned int>> *, split::SplitVector<Hashinator::hash_pair<unsigned int, unsigned int>, split::split_unified_allocator<Hashinator::hash_pair<unsigned int, unsigned int>>> *, split::SplitVector<Hashinator::hash_pair<unsigned int, unsigned int>, split::split_unified_allocator<Hashinator::hash_pair<unsigned int, unsigned int>>> *, split::SplitVector<Hashinator::hash_pair<unsigned int, unsigned int>, split::split_unified_allocator<Hashinator::hash_pair<unsigned int, unsigned int>>> *, unsigned int, unsigned int, unsigned int, float *)"
0.0,6.6141,192,0.0344,0.0486,0.0041,0.0825,0.0227,  33    1    1, 512    1    1,"void arch::reduction_kernel<(unsigned int)512, (arch::reduce_op)2, (unsigned int)4, (unsigned int)3, DRO::VariablePTensorOffDiagonal::reduceData(const spatial_cell::SpatialCell *, char *)::[lambda(unsigned int, unsigned int, unsigned int, unsigned int, double *) (instance 1)], double>(T5, const T6 *, T6 *, const unsigned int *, unsigned int, unsigned int, T6 *)"
0.0,6.5879,144,0.0457,0.0077,0.0052,0.3846,0.0612, 335    1    1,  64    1    1,"update_velocity_blocks_kernel(vmesh::VelocityMesh *, vmesh::VelocityBlockContainer *, split::SplitVector<unsigned int, split::split_unified_allocator<unsigned int>> *, split::SplitVector<Hashinator::hash_pair<unsigned int, unsigned int>, split::split_unified_allocator<Hashinator::hash_pair<unsigned int, unsigned int>>> *, split::SplitVector<Hashinator::hash_pair<unsigned int, unsigned int>, split::split_unified_allocator<Hashinator::hash_pair<unsigned int, unsigned int>>> *, split::SplitVector<Hashinator::hash_pair<unsigned int, unsigned int>, split::split_unified_allocator<Hashinator::hash_pair<unsigned int, unsigned int>>> *, unsigned int, unsigned int, unsigned int, float *)"
0.0,6.5597,240,0.0273,0.0139,0.0111,0.1297,0.0236,  76    1    1,  32    1    1,"evaluate_column_extents_kernel(unsigned int, const vmesh::VelocityMesh *, ColumnOffsets *, Column *, split::SplitVector<unsigned int, split::split_unified_allocator<unsigned int>> *, Hashinator::Hashmap<unsigned int, unsigned int, (unsigned int)4294967295, (unsigned int)4294967294, Hashinator::HashFunctions::Fibonacci<unsigned int>, Hashinator::Hashers::Hasher<unsigned int, unsigned int, Hashinator::HashFunctions::Fibonacci<unsigned int>, (unsigned int)4294967295, (unsigned int)4294967294, (int)32, (int)1>, split::split_unified_allocator<Hashinator::Info>> *, Hashinator::Hashmap<unsigned int, unsigned int, (unsigned int)4294967295, (unsigned int)4294967294, Hashinator::HashFunctions::Fibonacci<unsigned int>, Hashinator::Hashers::Hasher<unsigned int, unsigned int, Hashinator::HashFunctions::Fibonacci<unsigned int>, (unsigned int)4294967295, (unsigned int)4294967294, (int)32, (int)1>, split::split_unified_allocator<Hashinator::Info>> *, unsigned int *, unsigned int *, float, float, float, float, int, int, float, float, unsigned int *)"
0.0,6.5284,220,0.0297,0.0146,0.0116,0.1498,0.0265, 130    1    1,  32    1    1,"evaluate_column_extents_kernel(unsigned int, const vmesh::VelocityMesh *, ColumnOffsets *, Column *, split::SplitVector<unsigned int, split::split_unified_allocator<unsigned int>> *, Hashinator::Hashmap<unsigned int, unsigned int, (unsigned int)4294967295, (unsigned int)4294967294, Hashinator::HashFunctions::Fibonacci<unsigned int>, Hashinator::Hashers::Hasher<unsigned int, unsigned int, Hashinator::HashFunctions::Fibonacci<unsigned int>, (unsigned int)4294967295, (unsigned int)4294967294, (int)32, (int)1>, split::split_unified_allocator<Hashinator::Info>> *, Hashinator::Hashmap<unsigned int, unsigned int, (unsigned int)4294967295, (unsigned int)4294967294, Hashinator::HashFunctions::Fibonacci<unsigned int>, Hashinator::Hashers::Hasher<unsigned int, unsigned int, Hashinator::HashFunctions::Fibonacci<unsigned int>, (unsigned int)4294967295, (unsigned int)4294967294, (int)32, (int)1>, split::split_unified_allocator<Hashinator::Info>> *, unsigned int *, unsigned int *, float, float, float, float, int, int, float, float, unsigned int *)"
0.0,6.5109,232,0.0281,0.0116,0.0089,0.2444,0.0372, 221    1    1,1024    1    1,"update_neighbour_halo_kernel(vmesh::VelocityMesh *, unsigned int, unsigned int **, unsigned int *, Hashinator::Hashmap<unsigned int, unsigned int, (unsigned int)4294967295, (unsigned int)4294967294, Hashinator::HashFunctions::Fibonacci<unsigned int>, Hashinator::Hashers::Hasher<unsigned int, unsigned int, Hashinator::HashFunctions::Fibonacci<unsigned int>, (unsigned int)4294967295, (unsigned int)4294967294, (int)32, (int)1>, split::split_unified_allocator<Hashinator::Info>> *, Hashinator::Hashmap<unsigned int, unsigned int, (unsigned int)4294967295, (unsigned int)4294967294, Hashinator::HashFunctions::Fibonacci<unsigned int>, Hashinator::Hashers::Hasher<unsigned int, unsigned int, Hashinator::HashFunctions::Fibonacci<unsigned int>, (unsigned int)4294967295, (unsigned int)4294967294, (int)32, (int)1>, split::split_unified_allocator<Hashinator::Info>> *)"
0.0,6.5063,131,0.0497,0.0129,0.0052,0.4312,0.0645, 235    1    1,  64    1    1,"update_velocity_blocks_kernel(vmesh::VelocityMesh *, vmesh::VelocityBlockContainer *, split::SplitVector<unsigned int, split::split_unified_allocator<unsigned int>> *, split::SplitVector<Hashinator::hash_pair<unsigned int, unsigned int>, split::split_unified_allocator<Hashinator::hash_pair<unsigned int, unsigned int>>> *, split::SplitVector<Hashinator::hash_pair<unsigned int, unsigned int>, split::split_unified_allocator<Hashinator::hash_pair<unsigned int, unsigned int>>> *, split::SplitVector<Hashinator::hash_pair<unsigned int, unsigned int>, split::split_unified_allocator<Hashinator::hash_pair<unsigned int, unsigned int>>> *, unsigned int, unsigned int, unsigned int, float *)"
0.0,6.4821,153,0.0424,0.0091,0.0051,0.2744,0.0539, 299    1    1,  64    1    1,"update_velocity_blocks_kernel(vmesh::VelocityMesh *, vmesh::VelocityBlockContainer *, split::SplitVector<unsigned int, split::split_unified_allocator<unsigned int>> *, split::SplitVector<Hashinator::hash_pair<unsigned int, unsigned int>, split::split_unified_allocator<Hashinator::hash_pair<unsigned int, unsigned int>>> *, split::SplitVector<Hashinator::hash_pair<unsigned int, unsigned int>, split::split_unified_allocator<Hashinator::hash_pair<unsigned int, unsigned int>>> *, split::SplitVector<Hashinator::hash_pair<unsigned int, unsigned int>, split::split_unified_allocator<Hashinator::hash_pair<unsigned int, unsigned int>>> *, unsigned int, unsigned int, unsigned int, float *)"
0.0,6.3694,231,0.0276,0.0085,0.0063,0.1869,0.0318, 110    1    1,  64    1    1,"update_velocity_blocks_kernel(vmesh::VelocityMesh *, vmesh::VelocityBlockContainer *, split::SplitVector<unsigned int, split::split_unified_allocator<unsigned int>> *, split::SplitVector<Hashinator::hash_pair<unsigned int, unsigned int>, split::split_unified_allocator<Hashinator::hash_pair<unsigned int, unsigned int>>> *, split::SplitVector<Hashinator::hash_pair<unsigned int, unsigned int>, split::split_unified_allocator<Hashinator::hash_pair<unsigned int, unsigned int>>> *, split::SplitVector<Hashinator::hash_pair<unsigned int, unsigned int>, split::split_unified_allocator<Hashinator::hash_pair<unsigned int, unsigned int>>> *, unsigned int, unsigned int, unsigned int, float *)"
0.0,6.3253,350,0.0181,0.0047,0.0036,0.1182,0.0209,  27    1    1,  32    1    1,"order_GIDs_kernel(const vmesh::VelocityMesh *, unsigned int *, unsigned int *, unsigned int, unsigned int *, unsigned int *, unsigned int, ColumnOffsets *)"
0.0,6.2973,184,0.0342,0.0510,0.0042,0.0721,0.0244,  87    1    1, 512    1    1,"void arch::reduction_kernel<(unsigned int)512, (arch::reduce_op)2, (unsigned int)4, (unsigned int)3, DRO::VariablePTensorDiagonal::reduceData(const spatial_cell::SpatialCell *, char *)::[lambda(unsigned int, unsigned int, unsigned int, unsigned int, double *) (instance 1)], double>(T5, const T6 *, T6 *, const unsigned int *, unsigned int, unsigned int, T6 *)"
0.0,6.2904,137,0.0459,0.0076,0.0050,0.4528,0.0672, 209    1    1,  64    1    1,"update_velocity_blocks_kernel(vmesh::VelocityMesh *, vmesh::VelocityBlockContainer *, split::SplitVector<unsigned int, split::split_unified_allocator<unsigned int>> *, split::SplitVector<Hashinator::hash_pair<unsigned int, unsigned int>, split::split_unified_allocator<Hashinator::hash_pair<unsigned int, unsigned int>>> *, split::SplitVector<Hashinator::hash_pair<unsigned int, unsigned int>, split::split_unified_allocator<Hashinator::hash_pair<unsigned int, unsigned int>>> *, split::SplitVector<Hashinator::hash_pair<unsigned int, unsigned int>, split::split_unified_allocator<Hashinator::hash_pair<unsigned int, unsigned int>>> *, unsigned int, unsigned int, unsigned int, float *)"
0.0,6.2609,201,0.0311,0.0069,0.0051,0.3307,0.0510, 284    1    1,  64    1    1,"update_velocity_blocks_kernel(vmesh::VelocityMesh *, vmesh::VelocityBlockContainer *, split::SplitVector<unsigned int, split::split_unified_allocator<unsigned int>> *, split::SplitVector<Hashinator::hash_pair<unsigned int, unsigned int>, split::split_unified_allocator<Hashinator::hash_pair<unsigned int, unsigned int>>> *, split::SplitVector<Hashinator::hash_pair<unsigned int, unsigned int>, split::split_unified_allocator<Hashinator::hash_pair<unsigned int, unsigned int>>> *, split::SplitVector<Hashinator::hash_pair<unsigned int, unsigned int>, split::split_unified_allocator<Hashinator::hash_pair<unsigned int, unsigned int>>> *, unsigned int, unsigned int, unsigned int, float *)"
0.0,6.2255,488,0.0128,0.0032,0.0024,0.1352,0.0212,  17    1    1,  32    1    1,"blocksID_mapped_dim1_kernel(const vmesh::VelocityMesh *, unsigned int *, unsigned int *, unsigned int)"
0.0,6.1497,159,0.0387,0.0069,0.0050,0.2912,0.0559, 191    1    1,  64    1    1,"update_velocity_blocks_kernel(vmesh::VelocityMesh *, vmesh::VelocityBlockContainer *, split::SplitVector<unsigned int, split::split_unified_allocator<unsigned int>> *, split::SplitVector<Hashinator::hash_pair<unsigned int, unsigned int>, split::split_unified_allocator<Hashinator::hash_pair<unsigned int, unsigned int>>> *, split::SplitVector<Hashinator::hash_pair<unsigned int, unsigned int>, split::split_unified_allocator<Hashinator::hash_pair<unsigned int, unsigned int>>> *, split::SplitVector<Hashinator::hash_pair<unsigned int, unsigned int>, split::split_unified_allocator<Hashinator::hash_pair<unsigned int, unsigned int>>> *, unsigned int, unsigned int, unsigned int, float *)"
0.0,6.1343,223,0.0275,0.0100,0.0066,0.2573,0.0388, 123    1    1,1024    1    1,"update_neighbour_halo_kernel(vmesh::VelocityMesh *, unsigned int, unsigned int **, unsigned int *, Hashinator::Hashmap<unsigned int, unsigned int, (unsigned int)4294967295, (unsigned int)4294967294, Hashinator::HashFunctions::Fibonacci<unsigned int>, Hashinator::Hashers::Hasher<unsigned int, unsigned int, Hashinator::HashFunctions::Fibonacci<unsigned int>, (unsigned int)4294967295, (unsigned int)4294967294, (int)32, (int)1>, split::split_unified_allocator<Hashinator::Info>> *, Hashinator::Hashmap<unsigned int, unsigned int, (unsigned int)4294967295, (unsigned int)4294967294, Hashinator::HashFunctions::Fibonacci<unsigned int>, Hashinator::Hashers::Hasher<unsigned int, unsigned int, Hashinator::HashFunctions::Fibonacci<unsigned int>, (unsigned int)4294967295, (unsigned int)4294967294, (int)32, (int)1>, split::split_unified_allocator<Hashinator::Info>> *)"
0.0,6.1257,480,0.0128,0.0032,0.0026,0.1006,0.0200,  28    1    1,  32    1    1,"blocksID_mapped_dim2_kernel(const vmesh::VelocityMesh *, unsigned int *, unsigned int *, unsigned int)"
0.0,6.1196,158,0.0387,0.0158,0.0130,0.2187,0.0432, 119    1    1,  16    1    1,"reorder_blocks_by_dimension_kernel(vmesh::VelocityBlockContainer *, VecSimple<float> *, unsigned int *, unsigned int *, ColumnOffsets *)"
0.0,6.0783,176,0.0345,0.0171,0.0132,0.1404,0.0312, 126    1    1,  16    1    1,"reorder_blocks_by_dimension_kernel(vmesh::VelocityBlockContainer *, VecSimple<float> *, unsigned int *, unsigned int *, ColumnOffsets *)"
0.0,6.0720,144,0.0422,0.0074,0.0049,0.2297,0.0551, 190    1    1,  64    1    1,"update_velocity_blocks_kernel(vmesh::VelocityMesh *, vmesh::VelocityBlockContainer *, split::SplitVector<unsigned int, split::split_unified_allocator<unsigned int>> *, split::SplitVector<Hashinator::hash_pair<unsigned int, unsigned int>, split::split_unified_allocator<Hashinator::hash_pair<unsigned int, unsigned int>>> *, split::SplitVector<Hashinator::hash_pair<unsigned int, unsigned int>, split::split_unified_allocator<Hashinator::hash_pair<unsigned int, unsigned int>>> *, split::SplitVector<Hashinator::hash_pair<unsigned int, unsigned int>, split::split_unified_allocator<Hashinator::hash_pair<unsigned int, unsigned int>>> *, unsigned int, unsigned int, unsigned int, float *)"
0.0,6.0691,72,0.0843,0.0834,0.0768,0.0951,0.0034, 992    1    1,  32    1    1,"void arch::reduction_kernel<(unsigned int)32, (arch::reduce_op)2, (unsigned int)4, (unsigned int)0, DRO::VariablePrecipitationDiffFlux::reduceData(const spatial_cell::SpatialCell *, char *)::[lambda(unsigned int, unsigned int, unsigned int, unsigned int, double *) (instance 1)], double>(T5, const T6 *, T6 *, const unsigned int *, unsigned int, unsigned int, T6 *)"
0.0,6.0615,214,0.0283,0.0082,0.0063,0.1653,0.0325, 138    1    1,  64    1    1,"update_velocity_blocks_kernel(vmesh::VelocityMesh *, vmesh::VelocityBlockContainer *, split::SplitVector<unsigned int, split::split_unified_allocator<unsigned int>> *, split::SplitVector<Hashinator::hash_pair<unsigned int, unsigned int>, split::split_unified_allocator<Hashinator::hash_pair<unsigned int, unsigned int>>> *, split::SplitVector<Hashinator::hash_pair<unsigned int, unsigned int>, split::split_unified_allocator<Hashinator::hash_pair<unsigned int, unsigned int>>> *, split::SplitVector<Hashinator::hash_pair<unsigned int, unsigned int>, split::split_unified_allocator<Hashinator::hash_pair<unsigned int, unsigned int>>> *, unsigned int, unsigned int, unsigned int, float *)"
0.0,6.0248,220,0.0274,0.0083,0.0062,0.2073,0.0326, 140    1    1,  64    1    1,"update_velocity_blocks_kernel(vmesh::VelocityMesh *, vmesh::VelocityBlockContainer *, split::SplitVector<unsigned int, split::split_unified_allocator<unsigned int>> *, split::SplitVector<Hashinator::hash_pair<unsigned int, unsigned int>, split::split_unified_allocator<Hashinator::hash_pair<unsigned int, unsigned int>>> *, split::SplitVector<Hashinator::hash_pair<unsigned int, unsigned int>, split::split_unified_allocator<Hashinator::hash_pair<unsigned int, unsigned int>>> *, split::SplitVector<Hashinator::hash_pair<unsigned int, unsigned int>, split::split_unified_allocator<Hashinator::hash_pair<unsigned int, unsigned int>>> *, unsigned int, unsigned int, unsigned int, float *)"
0.0,6.0097,184,0.0327,0.0167,0.0138,0.2610,0.0370, 195    1    1,1024    1    1,"update_neighbour_halo_kernel(vmesh::VelocityMesh *, unsigned int, unsigned int **, unsigned int *, Hashinator::Hashmap<unsigned int, unsigned int, (unsigned int)4294967295, (unsigned int)4294967294, Hashinator::HashFunctions::Fibonacci<unsigned int>, Hashinator::Hashers::Hasher<unsigned int, unsigned int, Hashinator::HashFunctions::Fibonacci<unsigned int>, (unsigned int)4294967295, (unsigned int)4294967294, (int)32, (int)1>, split::split_unified_allocator<Hashinator::Info>> *, Hashinator::Hashmap<unsigned int, unsigned int, (unsigned int)4294967295, (unsigned int)4294967294, Hashinator::HashFunctions::Fibonacci<unsigned int>, Hashinator::Hashers::Hasher<unsigned int, unsigned int, Hashinator::HashFunctions::Fibonacci<unsigned int>, (unsigned int)4294967295, (unsigned int)4294967294, (int)32, (int)1>, split::split_unified_allocator<Hashinator::Info>> *)"
0.0,5.9938,220,0.0272,0.0141,0.0109,0.1525,0.0233,  91    1    1,  32    1    1,"evaluate_column_extents_kernel(unsigned int, const vmesh::VelocityMesh *, ColumnOffsets *, Column *, split::SplitVector<unsigned int, split::split_unified_allocator<unsigned int>> *, Hashinator::Hashmap<unsigned int, unsigned int, (unsigned int)4294967295, (unsigned int)4294967294, Hashinator::HashFunctions::Fibonacci<unsigned int>, Hashinator::Hashers::Hasher<unsigned int, unsigned int, Hashinator::HashFunctions::Fibonacci<unsigned int>, (unsigned int)4294967295, (unsigned int)4294967294, (int)32, (int)1>, split::split_unified_allocator<Hashinator::Info>> *, Hashinator::Hashmap<unsigned int, unsigned int, (unsigned int)4294967295, (unsigned int)4294967294, Hashinator::HashFunctions::Fibonacci<unsigned int>, Hashinator::Hashers::Hasher<unsigned int, unsigned int, Hashinator::HashFunctions::Fibonacci<unsigned int>, (unsigned int)4294967295, (unsigned int)4294967294, (int)32, (int)1>, split::split_unified_allocator<Hashinator::Info>> *, unsigned int *, unsigned int *, float, float, float, float, int, int, float, float, unsigned int *)"
0.0,5.9827,175,0.0342,0.0158,0.0108,0.1838,0.0361, 115    1    1,  16    1    1,"reorder_blocks_by_dimension_kernel(vmesh::VelocityBlockContainer *, VecSimple<float> *, unsigned int *, unsigned int *, ColumnOffsets *)"
0.0,5.9388,132,0.0450,0.0123,0.0050,0.2990,0.0568, 185    1    1,  64    1    1,"update_velocity_blocks_kernel(vmesh::VelocityMesh *, vmesh::VelocityBlockContainer *, split::SplitVector<unsigned int, split::split_unified_allocator<unsigned int>> *, split::SplitVector<Hashinator::hash_pair<unsigned int, unsigned int>, split::split_unified_allocator<Hashinator::hash_pair<unsigned int, unsigned int>>> *, split::SplitVector<Hashinator::hash_pair<unsigned int, unsigned int>, split::split_unified_allocator<Hashinator::hash_pair<unsigned int, unsigned int>>> *, split::SplitVector<Hashinator::hash_pair<unsigned int, unsigned int>, split::split_unified_allocator<Hashinator::hash_pair<unsigned int, unsigned int>>> *, unsigned int, unsigned int, unsigned int, float *)"
0.0,5.9034,172,0.0343,0.0071,0.0051,0.3104,0.0545, 294    1    1,  64    1    1,"update_velocity_blocks_kernel(vmesh::VelocityMesh *, vmesh::VelocityBlockContainer *, split::SplitVector<unsigned int, split::split_unified_allocator<unsigned int>> *, split::SplitVector<Hashinator::hash_pair<unsigned int, unsigned int>, split::split_unified_allocator<Hashinator::hash_pair<unsigned int, unsigned int>>> *, split::SplitVector<Hashinator::hash_pair<unsigned int, unsigned int>, split::split_unified_allocator<Hashinator::hash_pair<unsigned int, unsigned int>>> *, split::SplitVector<Hashinator::hash_pair<unsigned int, unsigned int>, split::split_unified_allocator<Hashinator::hash_pair<unsigned int, unsigned int>>> *, unsigned int, unsigned int, unsigned int, float *)"
0.0,5.8903,208,0.0283,0.0097,0.0062,0.2543,0.0391, 112    1    1,1024    1    1,"update_neighbour_halo_kernel(vmesh::VelocityMesh *, unsigned int, unsigned int **, unsigned int *, Hashinator::Hashmap<unsigned int, unsigned int, (unsigned int)4294967295, (unsigned int)4294967294, Hashinator::HashFunctions::Fibonacci<unsigned int>, Hashinator::Hashers::Hasher<unsigned int, unsigned int, Hashinator::HashFunctions::Fibonacci<unsigned int>, (unsigned int)4294967295, (unsigned int)4294967294, (int)32, (int)1>, split::split_unified_allocator<Hashinator::Info>> *, Hashinator::Hashmap<unsigned int, unsigned int, (unsigned int)4294967295, (unsigned int)4294967294, Hashinator::HashFunctions::Fibonacci<unsigned int>, Hashinator::Hashers::Hasher<unsigned int, unsigned int, Hashinator::HashFunctions::Fibonacci<unsigned int>, (unsigned int)4294967295, (unsigned int)4294967294, (int)32, (int)1>, split::split_unified_allocator<Hashinator::Info>> *)"
0.0,5.8725,113,0.0520,0.0087,0.0051,0.7320,0.0886, 329    1    1,  64    1    1,"update_velocity_blocks_kernel(vmesh::VelocityMesh *, vmesh::VelocityBlockContainer *, split::SplitVector<unsigned int, split::split_unified_allocator<unsigned int>> *, split::SplitVector<Hashinator::hash_pair<unsigned int, unsigned int>, split::split_unified_allocator<Hashinator::hash_pair<unsigned int, unsigned int>>> *, split::SplitVector<Hashinator::hash_pair<unsigned int, unsigned int>, split::split_unified_allocator<Hashinator::hash_pair<unsigned int, unsigned int>>> *, split::SplitVector<Hashinator::hash_pair<unsigned int, unsigned int>, split::split_unified_allocator<Hashinator::hash_pair<unsigned int, unsigned int>>> *, unsigned int, unsigned int, unsigned int, float *)"
0.0,5.8644,132,0.0444,0.0259,0.0208,0.1690,0.0314, 280    1    1,1024    1    1,"update_neighbour_halo_kernel(vmesh::VelocityMesh *, unsigned int, unsigned int **, unsigned int *, Hashinator::Hashmap<unsigned int, unsigned int, (unsigned int)4294967295, (unsigned int)4294967294, Hashinator::HashFunctions::Fibonacci<unsigned int>, Hashinator::Hashers::Hasher<unsigned int, unsigned int, Hashinator::HashFunctions::Fibonacci<unsigned int>, (unsigned int)4294967295, (unsigned int)4294967294, (int)32, (int)1>, split::split_unified_allocator<Hashinator::Info>> *, Hashinator::Hashmap<unsigned int, unsigned int, (unsigned int)4294967295, (unsigned int)4294967294, Hashinator::HashFunctions::Fibonacci<unsigned int>, Hashinator::Hashers::Hasher<unsigned int, unsigned int, Hashinator::HashFunctions::Fibonacci<unsigned int>, (unsigned int)4294967295, (unsigned int)4294967294, (int)32, (int)1>, split::split_unified_allocator<Hashinator::Info>> *)"
0.0,5.8608,72,0.0814,0.0797,0.0762,0.0905,0.0043, 880    1    1,  32    1    1,"void arch::reduction_kernel<(unsigned int)32, (arch::reduce_op)2, (unsigned int)4, (unsigned int)0, DRO::VariablePrecipitationDiffFlux::reduceData(const spatial_cell::SpatialCell *, char *)::[lambda(unsigned int, unsigned int, unsigned int, unsigned int, double *) (instance 1)], double>(T5, const T6 *, T6 *, const unsigned int *, unsigned int, unsigned int, T6 *)"
0.0,5.8472,120,0.0487,0.0262,0.0205,0.2432,0.0420, 281    1    1,1024    1    1,"update_neighbour_halo_kernel(vmesh::VelocityMesh *, unsigned int, unsigned int **, unsigned int *, Hashinator::Hashmap<unsigned int, unsigned int, (unsigned int)4294967295, (unsigned int)4294967294, Hashinator::HashFunctions::Fibonacci<unsigned int>, Hashinator::Hashers::Hasher<unsigned int, unsigned int, Hashinator::HashFunctions::Fibonacci<unsigned int>, (unsigned int)4294967295, (unsigned int)4294967294, (int)32, (int)1>, split::split_unified_allocator<Hashinator::Info>> *, Hashinator::Hashmap<unsigned int, unsigned int, (unsigned int)4294967295, (unsigned int)4294967294, Hashinator::HashFunctions::Fibonacci<unsigned int>, Hashinator::Hashers::Hasher<unsigned int, unsigned int, Hashinator::HashFunctions::Fibonacci<unsigned int>, (unsigned int)4294967295, (unsigned int)4294967294, (int)32, (int)1>, split::split_unified_allocator<Hashinator::Info>> *)"
0.0,5.8447,240,0.0244,0.0099,0.0074,0.2359,0.0334,  76    1    1,  16    1    1,"reorder_blocks_by_dimension_kernel(vmesh::VelocityBlockContainer *, VecSimple<float> *, unsigned int *, unsigned int *, ColumnOffsets *)"
0.0,5.8287,174,0.0335,0.0143,0.0110,0.1925,0.0393, 143    1    1,1024    1    1,"update_neighbour_halo_kernel(vmesh::VelocityMesh *, unsigned int, unsigned int **, unsigned int *, Hashinator::Hashmap<unsigned int, unsigned int, (unsigned int)4294967295, (unsigned int)4294967294, Hashinator::HashFunctions::Fibonacci<unsigned int>, Hashinator::Hashers::Hasher<unsigned int, unsigned int, Hashinator::HashFunctions::Fibonacci<unsigned int>, (unsigned int)4294967295, (unsigned int)4294967294, (int)32, (int)1>, split::split_unified_allocator<Hashinator::Info>> *, Hashinator::Hashmap<unsigned int, unsigned int, (unsigned int)4294967295, (unsigned int)4294967294, Hashinator::HashFunctions::Fibonacci<unsigned int>, Hashinator::Hashers::Hasher<unsigned int, unsigned int, Hashinator::HashFunctions::Fibonacci<unsigned int>, (unsigned int)4294967295, (unsigned int)4294967294, (int)32, (int)1>, split::split_unified_allocator<Hashinator::Info>> *)"
0.0,5.8246,128,0.0455,0.0122,0.0081,0.2381,0.0523, 116    1    1, 832    1    1,"update_velocity_halo_kernel(vmesh::VelocityMesh *, unsigned int, unsigned int *, Hashinator::Hashmap<unsigned int, unsigned int, (unsigned int)4294967295, (unsigned int)4294967294, Hashinator::HashFunctions::Fibonacci<unsigned int>, Hashinator::Hashers::Hasher<unsigned int, unsigned int, Hashinator::HashFunctions::Fibonacci<unsigned int>, (unsigned int)4294967295, (unsigned int)4294967294, (int)32, (int)1>, split::split_unified_allocator<Hashinator::Info>> *, Hashinator::Hashmap<unsigned int, unsigned int, (unsigned int)4294967295, (unsigned int)4294967294, Hashinator::HashFunctions::Fibonacci<unsigned int>, Hashinator::Hashers::Hasher<unsigned int, unsigned int, Hashinator::HashFunctions::Fibonacci<unsigned int>, (unsigned int)4294967295, (unsigned int)4294967294, (int)32, (int)1>, split::split_unified_allocator<Hashinator::Info>> *)"
0.0,5.8239,128,0.0455,0.0497,0.0042,0.0724,0.0171,  51    1    1, 512    1    1,"void arch::reduction_kernel<(unsigned int)512, (arch::reduce_op)2, (unsigned int)4, (unsigned int)3, DRO::VariableEnergyDensity::reduceData(const spatial_cell::SpatialCell *, char *)::[lambda(unsigned int, unsigned int, unsigned int, unsigned int, double *) (instance 1)], double>(T5, const T6 *, T6 *, const unsigned int *, unsigned int, unsigned int, T6 *)"
0.0,5.8032,210,0.0276,0.0119,0.0089,0.3452,0.0361, 169    1    1,1024    1    1,"update_neighbour_halo_kernel(vmesh::VelocityMesh *, unsigned int, unsigned int **, unsigned int *, Hashinator::Hashmap<unsigned int, unsigned int, (unsigned int)4294967295, (unsigned int)4294967294, Hashinator::HashFunctions::Fibonacci<unsigned int>, Hashinator::Hashers::Hasher<unsigned int, unsigned int, Hashinator::HashFunctions::Fibonacci<unsigned int>, (unsigned int)4294967295, (unsigned int)4294967294, (int)32, (int)1>, split::split_unified_allocator<Hashinator::Info>> *, Hashinator::Hashmap<unsigned int, unsigned int, (unsigned int)4294967295, (unsigned int)4294967294, Hashinator::HashFunctions::Fibonacci<unsigned int>, Hashinator::Hashers::Hasher<unsigned int, unsigned int, Hashinator::HashFunctions::Fibonacci<unsigned int>, (unsigned int)4294967295, (unsigned int)4294967294, (int)32, (int)1>, split::split_unified_allocator<Hashinator::Info>> *)"
0.0,5.7972,146,0.0397,0.0076,0.0050,0.3060,0.0553, 177    1    1,  64    1    1,"update_velocity_blocks_kernel(vmesh::VelocityMesh *, vmesh::VelocityBlockContainer *, split::SplitVector<unsigned int, split::split_unified_allocator<unsigned int>> *, split::SplitVector<Hashinator::hash_pair<unsigned int, unsigned int>, split::split_unified_allocator<Hashinator::hash_pair<unsigned int, unsigned int>>> *, split::SplitVector<Hashinator::hash_pair<unsigned int, unsigned int>, split::split_unified_allocator<Hashinator::hash_pair<unsigned int, unsigned int>>> *, split::SplitVector<Hashinator::hash_pair<unsigned int, unsigned int>, split::split_unified_allocator<Hashinator::hash_pair<unsigned int, unsigned int>>> *, unsigned int, unsigned int, unsigned int, float *)"
0.0,5.7957,220,0.0263,0.0108,0.0087,0.1927,0.0302,  91    1    1,  16    1    1,"reorder_blocks_by_dimension_kernel(vmesh::VelocityBlockContainer *, VecSimple<float> *, unsigned int *, unsigned int *, ColumnOffsets *)"
0.0,5.7619,148,0.0389,0.0078,0.0050,0.3379,0.0507, 176    1    1,  64    1    1,"update_velocity_blocks_kernel(vmesh::VelocityMesh *, vmesh::VelocityBlockContainer *, split::SplitVector<unsigned int, split::split_unified_allocator<unsigned int>> *, split::SplitVector<Hashinator::hash_pair<unsigned int, unsigned int>, split::split_unified_allocator<Hashinator::hash_pair<unsigned int, unsigned int>>> *, split::SplitVector<Hashinator::hash_pair<unsigned int, unsigned int>, split::split_unified_allocator<Hashinator::hash_pair<unsigned int, unsigned int>>> *, split::SplitVector<Hashinator::hash_pair<unsigned int, unsigned int>, split::split_unified_allocator<Hashinator::hash_pair<unsigned int, unsigned int>>> *, unsigned int, unsigned int, unsigned int, float *)"
0.0,5.7068,820,0.0070,0.0069,0.0063,0.0094,0.0004, 384    1    1,  64    1    1,"update_velocity_block_content_lists_kernel(vmesh::VelocityMesh *, vmesh::VelocityBlockContainer *, Hashinator::Hashmap<unsigned int, unsigned int, (unsigned int)4294967295, (unsigned int)4294967294, Hashinator::HashFunctions::Fibonacci<unsigned int>, Hashinator::Hashers::Hasher<unsigned int, unsigned int, Hashinator::HashFunctions::Fibonacci<unsigned int>, (unsigned int)4294967295, (unsigned int)4294967294, (int)32, (int)1>, split::split_unified_allocator<Hashinator::Info>> *, Hashinator::Hashmap<unsigned int, unsigned int, (unsigned int)4294967295, (unsigned int)4294967294, Hashinator::HashFunctions::Fibonacci<unsigned int>, Hashinator::Hashers::Hasher<unsigned int, unsigned int, Hashinator::HashFunctions::Fibonacci<unsigned int>, (unsigned int)4294967295, (unsigned int)4294967294, (int)32, (int)1>, split::split_unified_allocator<Hashinator::Info>> *, double)"
0.0,5.6906,176,0.0323,0.0147,0.0110,0.2358,0.0335,  79    1    1,  32    1    1,"evaluate_column_extents_kernel(unsigned int, const vmesh::VelocityMesh *, ColumnOffsets *, Column *, split::SplitVector<unsigned int, split::split_unified_allocator<unsigned int>> *, Hashinator::Hashmap<unsigned int, unsigned int, (unsigned int)4294967295, (unsigned int)4294967294, Hashinator::HashFunctions::Fibonacci<unsigned int>, Hashinator::Hashers::Hasher<unsigned int, unsigned int, Hashinator::HashFunctions::Fibonacci<unsigned int>, (unsigned int)4294967295, (unsigned int)4294967294, (int)32, (int)1>, split::split_unified_allocator<Hashinator::Info>> *, Hashinator::Hashmap<unsigned int, unsigned int, (unsigned int)4294967295, (unsigned int)4294967294, Hashinator::HashFunctions::Fibonacci<unsigned int>, Hashinator::Hashers::Hasher<unsigned int, unsigned int, Hashinator::HashFunctions::Fibonacci<unsigned int>, (unsigned int)4294967295, (unsigned int)4294967294, (int)32, (int)1>, split::split_unified_allocator<Hashinator::Info>> *, unsigned int *, unsigned int *, float, float, float, float, int, int, float, float, unsigned int *)"
0.0,5.6777,158,0.0359,0.0073,0.0050,0.3218,0.0540, 285    1    1,  64    1    1,"update_velocity_blocks_kernel(vmesh::VelocityMesh *, vmesh::VelocityBlockContainer *, split::SplitVector<unsigned int, split::split_unified_allocator<unsigned int>> *, split::SplitVector<Hashinator::hash_pair<unsigned int, unsigned int>, split::split_unified_allocator<Hashinator::hash_pair<unsigned int, unsigned int>>> *, split::SplitVector<Hashinator::hash_pair<unsigned int, unsigned int>, split::split_unified_allocator<Hashinator::hash_pair<unsigned int, unsigned int>>> *, split::SplitVector<Hashinator::hash_pair<unsigned int, unsigned int>, split::split_unified_allocator<Hashinator::hash_pair<unsigned int, unsigned int>>> *, unsigned int, unsigned int, unsigned int, float *)"
0.0,5.6472,128,0.0441,0.0495,0.0043,0.0650,0.0166,  51    1    1, 512    1    1,"void arch::reduction_kernel<(unsigned int)512, (arch::reduce_op)2, (unsigned int)4, (unsigned int)3, DRO::VariablePTensorOffDiagonal::reduceData(const spatial_cell::SpatialCell *, char *)::[lambda(unsigned int, unsigned int, unsigned int, unsigned int, double *) (instance 1)], double>(T5, const T6 *, T6 *, const unsigned int *, unsigned int, unsigned int, T6 *)"
0.0,5.6448,72,0.0784,0.0770,0.0721,0.0869,0.0035, 752    1    1,  32    1    1,"void arch::reduction_kernel<(unsigned int)32, (arch::reduce_op)2, (unsigned int)4, (unsigned int)0, DRO::VariablePrecipitationDiffFlux::reduceData(const spatial_cell::SpatialCell *, char *)::[lambda(unsigned int, unsigned int, unsigned int, unsigned int, double *) (instance 1)], double>(T5, const T6 *, T6 *, const unsigned int *, unsigned int, unsigned int, T6 *)"
0.0,5.6035,136,0.0412,0.0073,0.0050,0.2852,0.0528, 242    1    1,  64    1    1,"update_velocity_blocks_kernel(vmesh::VelocityMesh *, vmesh::VelocityBlockContainer *, split::SplitVector<unsigned int, split::split_unified_allocator<unsigned int>> *, split::SplitVector<Hashinator::hash_pair<unsigned int, unsigned int>, split::split_unified_allocator<Hashinator::hash_pair<unsigned int, unsigned int>>> *, split::SplitVector<Hashinator::hash_pair<unsigned int, unsigned int>, split::split_unified_allocator<Hashinator::hash_pair<unsigned int, unsigned int>>> *, split::SplitVector<Hashinator::hash_pair<unsigned int, unsigned int>, split::split_unified_allocator<Hashinator::hash_pair<unsigned int, unsigned int>>> *, unsigned int, unsigned int, unsigned int, float *)"
0.0,5.5799,192,0.0291,0.0473,0.0041,0.0721,0.0230,  33    1    1, 512    1    1,"void arch::reduction_kernel<(unsigned int)512, (arch::reduce_op)2, (unsigned int)4, (unsigned int)3, DRO::VariablePTensorDiagonal::reduceData(const spatial_cell::SpatialCell *, char *)::[lambda(unsigned int, unsigned int, unsigned int, unsigned int, double *) (instance 1)], double>(T5, const T6 *, T6 *, const unsigned int *, unsigned int, unsigned int, T6 *)"
0.0,5.5743,209,0.0267,0.0146,0.0110,0.1564,0.0217,  81    1    1,  32    1    1,"evaluate_column_extents_kernel(unsigned int, const vmesh::VelocityMesh *, ColumnOffsets *, Column *, split::SplitVector<unsigned int, split::split_unified_allocator<unsigned int>> *, Hashinator::Hashmap<unsigned int, unsigned int, (unsigned int)4294967295, (unsigned int)4294967294, Hashinator::HashFunctions::Fibonacci<unsigned int>, Hashinator::Hashers::Hasher<unsigned int, unsigned int, Hashinator::HashFunctions::Fibonacci<unsigned int>, (unsigned int)4294967295, (unsigned int)4294967294, (int)32, (int)1>, split::split_unified_allocator<Hashinator::Info>> *, Hashinator::Hashmap<unsigned int, unsigned int, (unsigned int)4294967295, (unsigned int)4294967294, Hashinator::HashFunctions::Fibonacci<unsigned int>, Hashinator::Hashers::Hasher<unsigned int, unsigned int, Hashinator::HashFunctions::Fibonacci<unsigned int>, (unsigned int)4294967295, (unsigned int)4294967294, (int)32, (int)1>, split::split_unified_allocator<Hashinator::Info>> *, unsigned int *, unsigned int *, float, float, float, float, int, int, float, float, unsigned int *)"
0.0,5.5603,144,0.0386,0.0489,0.0042,0.0763,0.0223,  41    1    1, 512    1    1,"void arch::reduction_kernel<(unsigned int)512, (arch::reduce_op)2, (unsigned int)4, (unsigned int)3, DRO::VariableEnergyDensity::reduceData(const spatial_cell::SpatialCell *, char *)::[lambda(unsigned int, unsigned int, unsigned int, unsigned int, double *) (instance 1)], double>(T5, const T6 *, T6 *, const unsigned int *, unsigned int, unsigned int, T6 *)"
0.0,5.5322,424,0.0130,0.0032,0.0026,0.1055,0.0209,  22    1    1,  32    1    1,"blocksID_mapped_dim1_kernel(const vmesh::VelocityMesh *, unsigned int *, unsigned int *, unsigned int)"
0.0,5.5015,129,0.0426,0.0070,0.0049,0.2861,0.0605, 201    1    1,  64    1    1,"update_velocity_blocks_kernel(vmesh::VelocityMesh *, vmesh::VelocityBlockContainer *, split::SplitVector<unsigned int, split::split_unified_allocator<unsigned int>> *, split::SplitVector<Hashinator::hash_pair<unsigned int, unsigned int>, split::split_unified_allocator<Hashinator::hash_pair<unsigned int, unsigned int>>> *, split::SplitVector<Hashinator::hash_pair<unsigned int, unsigned int>, split::split_unified_allocator<Hashinator::hash_pair<unsigned int, unsigned int>>> *, split::SplitVector<Hashinator::hash_pair<unsigned int, unsigned int>, split::split_unified_allocator<Hashinator::hash_pair<unsigned int, unsigned int>>> *, unsigned int, unsigned int, unsigned int, float *)"
0.0,5.3897,132,0.0408,0.0083,0.0051,0.2650,0.0553, 298    1    1,  64    1    1,"update_velocity_blocks_kernel(vmesh::VelocityMesh *, vmesh::VelocityBlockContainer *, split::SplitVector<unsigned int, split::split_unified_allocator<unsigned int>> *, split::SplitVector<Hashinator::hash_pair<unsigned int, unsigned int>, split::split_unified_allocator<Hashinator::hash_pair<unsigned int, unsigned int>>> *, split::SplitVector<Hashinator::hash_pair<unsigned int, unsigned int>, split::split_unified_allocator<Hashinator::hash_pair<unsigned int, unsigned int>>> *, split::SplitVector<Hashinator::hash_pair<unsigned int, unsigned int>, split::split_unified_allocator<Hashinator::hash_pair<unsigned int, unsigned int>>> *, unsigned int, unsigned int, unsigned int, float *)"
0.0,5.3611,176,0.0305,0.0141,0.0114,0.1495,0.0290, 126    1    1,  32    1    1,"evaluate_column_extents_kernel(unsigned int, const vmesh::VelocityMesh *, ColumnOffsets *, Column *, split::SplitVector<unsigned int, split::split_unified_allocator<unsigned int>> *, Hashinator::Hashmap<unsigned int, unsigned int, (unsigned int)4294967295, (unsigned int)4294967294, Hashinator::HashFunctions::Fibonacci<unsigned int>, Hashinator::Hashers::Hasher<unsigned int, unsigned int, Hashinator::HashFunctions::Fibonacci<unsigned int>, (unsigned int)4294967295, (unsigned int)4294967294, (int)32, (int)1>, split::split_unified_allocator<Hashinator::Info>> *, Hashinator::Hashmap<unsigned int, unsigned int, (unsigned int)4294967295, (unsigned int)4294967294, Hashinator::HashFunctions::Fibonacci<unsigned int>, Hashinator::Hashers::Hasher<unsigned int, unsigned int, Hashinator::HashFunctions::Fibonacci<unsigned int>, (unsigned int)4294967295, (unsigned int)4294967294, (int)32, (int)1>, split::split_unified_allocator<Hashinator::Info>> *, unsigned int *, unsigned int *, float, float, float, float, int, int, float, float, unsigned int *)"
0.0,5.3595,127,0.0422,0.0074,0.0050,0.6120,0.0746, 212    1    1,  64    1    1,"update_velocity_blocks_kernel(vmesh::VelocityMesh *, vmesh::VelocityBlockContainer *, split::SplitVector<unsigned int, split::split_unified_allocator<unsigned int>> *, split::SplitVector<Hashinator::hash_pair<unsigned int, unsigned int>, split::split_unified_allocator<Hashinator::hash_pair<unsigned int, unsigned int>>> *, split::SplitVector<Hashinator::hash_pair<unsigned int, unsigned int>, split::split_unified_allocator<Hashinator::hash_pair<unsigned int, unsigned int>>> *, split::SplitVector<Hashinator::hash_pair<unsigned int, unsigned int>, split::split_unified_allocator<Hashinator::hash_pair<unsigned int, unsigned int>>> *, unsigned int, unsigned int, unsigned int, float *)"
0.0,5.3528,170,0.0315,0.0102,0.0081,0.1483,0.0357,  87    1    1, 832    1    1,"update_velocity_halo_kernel(vmesh::VelocityMesh *, unsigned int, unsigned int *, Hashinator::Hashmap<unsigned int, unsigned int, (unsigned int)4294967295, (unsigned int)4294967294, Hashinator::HashFunctions::Fibonacci<unsigned int>, Hashinator::Hashers::Hasher<unsigned int, unsigned int, Hashinator::HashFunctions::Fibonacci<unsigned int>, (unsigned int)4294967295, (unsigned int)4294967294, (int)32, (int)1>, split::split_unified_allocator<Hashinator::Info>> *, Hashinator::Hashmap<unsigned int, unsigned int, (unsigned int)4294967295, (unsigned int)4294967294, Hashinator::HashFunctions::Fibonacci<unsigned int>, Hashinator::Hashers::Hasher<unsigned int, unsigned int, Hashinator::HashFunctions::Fibonacci<unsigned int>, (unsigned int)4294967295, (unsigned int)4294967294, (int)32, (int)1>, split::split_unified_allocator<Hashinator::Info>> *)"
0.0,5.3231,93,0.0572,0.0157,0.0052,0.4216,0.0813, 264    1    1,  64    1    1,"update_velocity_blocks_kernel(vmesh::VelocityMesh *, vmesh::VelocityBlockContainer *, split::SplitVector<unsigned int, split::split_unified_allocator<unsigned int>> *, split::SplitVector<Hashinator::hash_pair<unsigned int, unsigned int>, split::split_unified_allocator<Hashinator::hash_pair<unsigned int, unsigned int>>> *, split::SplitVector<Hashinator::hash_pair<unsigned int, unsigned int>, split::split_unified_allocator<Hashinator::hash_pair<unsigned int, unsigned int>>> *, split::SplitVector<Hashinator::hash_pair<unsigned int, unsigned int>, split::split_unified_allocator<Hashinator::hash_pair<unsigned int, unsigned int>>> *, unsigned int, unsigned int, unsigned int, float *)"
0.0,5.2824,144,0.0367,0.0089,0.0072,0.1735,0.0342, 888    1    1,  64    1    1,"update_velocity_block_content_lists_kernel(vmesh::VelocityMesh *, vmesh::VelocityBlockContainer *, Hashinator::Hashmap<unsigned int, unsigned int, (unsigned int)4294967295, (unsigned int)4294967294, Hashinator::HashFunctions::Fibonacci<unsigned int>, Hashinator::Hashers::Hasher<unsigned int, unsigned int, Hashinator::HashFunctions::Fibonacci<unsigned int>, (unsigned int)4294967295, (unsigned int)4294967294, (int)32, (int)1>, split::split_unified_allocator<Hashinator::Info>> *, Hashinator::Hashmap<unsigned int, unsigned int, (unsigned int)4294967295, (unsigned int)4294967294, Hashinator::HashFunctions::Fibonacci<unsigned int>, Hashinator::Hashers::Hasher<unsigned int, unsigned int, Hashinator::HashFunctions::Fibonacci<unsigned int>, (unsigned int)4294967295, (unsigned int)4294967294, (int)32, (int)1>, split::split_unified_allocator<Hashinator::Info>> *, double)"
0.0,5.2319,209,0.0250,0.0111,0.0088,0.1832,0.0302,  81    1    1,  16    1    1,"reorder_blocks_by_dimension_kernel(vmesh::VelocityBlockContainer *, VecSimple<float> *, unsigned int *, unsigned int *, ColumnOffsets *)"
0.0,5.2257,120,0.0435,0.0075,0.0053,0.2631,0.0605, 342    1    1,  64    1    1,"update_velocity_blocks_kernel(vmesh::VelocityMesh *, vmesh::VelocityBlockContainer *, split::SplitVector<unsigned int, split::split_unified_allocator<unsigned int>> *, split::SplitVector<Hashinator::hash_pair<unsigned int, unsigned int>, split::split_unified_allocator<Hashinator::hash_pair<unsigned int, unsigned int>>> *, split::SplitVector<Hashinator::hash_pair<unsigned int, unsigned int>, split::split_unified_allocator<Hashinator::hash_pair<unsigned int, unsigned int>>> *, split::SplitVector<Hashinator::hash_pair<unsigned int, unsigned int>, split::split_unified_allocator<Hashinator::hash_pair<unsigned int, unsigned int>>> *, unsigned int, unsigned int, unsigned int, float *)"
0.0,5.2175,97,0.0538,0.0221,0.0050,0.3026,0.0708, 214    1    1,  64    1    1,"update_velocity_blocks_kernel(vmesh::VelocityMesh *, vmesh::VelocityBlockContainer *, split::SplitVector<unsigned int, split::split_unified_allocator<unsigned int>> *, split::SplitVector<Hashinator::hash_pair<unsigned int, unsigned int>, split::split_unified_allocator<Hashinator::hash_pair<unsigned int, unsigned int>>> *, split::SplitVector<Hashinator::hash_pair<unsigned int, unsigned int>, split::split_unified_allocator<Hashinator::hash_pair<unsigned int, unsigned int>>> *, split::SplitVector<Hashinator::hash_pair<unsigned int, unsigned int>, split::split_unified_allocator<Hashinator::hash_pair<unsigned int, unsigned int>>> *, unsigned int, unsigned int, unsigned int, float *)"
0.0,5.1857,116,0.0447,0.0254,0.0050,0.3520,0.0552, 197    1    1,  64    1    1,"update_velocity_blocks_kernel(vmesh::VelocityMesh *, vmesh::VelocityBlockContainer *, split::SplitVector<unsigned int, split::split_unified_allocator<unsigned int>> *, split::SplitVector<Hashinator::hash_pair<unsigned int, unsigned int>, split::split_unified_allocator<Hashinator::hash_pair<unsigned int, unsigned int>>> *, split::SplitVector<Hashinator::hash_pair<unsigned int, unsigned int>, split::split_unified_allocator<Hashinator::hash_pair<unsigned int, unsigned int>>> *, split::SplitVector<Hashinator::hash_pair<unsigned int, unsigned int>, split::split_unified_allocator<Hashinator::hash_pair<unsigned int, unsigned int>>> *, unsigned int, unsigned int, unsigned int, float *)"
0.0,5.1692,191,0.0271,0.0088,0.0063,0.1690,0.0323, 127    1    1,  64    1    1,"update_velocity_blocks_kernel(vmesh::VelocityMesh *, vmesh::VelocityBlockContainer *, split::SplitVector<unsigned int, split::split_unified_allocator<unsigned int>> *, split::SplitVector<Hashinator::hash_pair<unsigned int, unsigned int>, split::split_unified_allocator<Hashinator::hash_pair<unsigned int, unsigned int>>> *, split::SplitVector<Hashinator::hash_pair<unsigned int, unsigned int>, split::split_unified_allocator<Hashinator::hash_pair<unsigned int, unsigned int>>> *, split::SplitVector<Hashinator::hash_pair<unsigned int, unsigned int>, split::split_unified_allocator<Hashinator::hash_pair<unsigned int, unsigned int>>> *, unsigned int, unsigned int, unsigned int, float *)"
0.0,5.1555,119,0.0433,0.0076,0.0050,0.2293,0.0539, 196    1    1,  64    1    1,"update_velocity_blocks_kernel(vmesh::VelocityMesh *, vmesh::VelocityBlockContainer *, split::SplitVector<unsigned int, split::split_unified_allocator<unsigned int>> *, split::SplitVector<Hashinator::hash_pair<unsigned int, unsigned int>, split::split_unified_allocator<Hashinator::hash_pair<unsigned int, unsigned int>>> *, split::SplitVector<Hashinator::hash_pair<unsigned int, unsigned int>, split::split_unified_allocator<Hashinator::hash_pair<unsigned int, unsigned int>>> *, split::SplitVector<Hashinator::hash_pair<unsigned int, unsigned int>, split::split_unified_allocator<Hashinator::hash_pair<unsigned int, unsigned int>>> *, unsigned int, unsigned int, unsigned int, float *)"
0.0,5.1497,144,0.0358,0.0486,0.0042,0.0657,0.0219,  41    1    1, 512    1    1,"void arch::reduction_kernel<(unsigned int)512, (arch::reduce_op)2, (unsigned int)4, (unsigned int)3, DRO::VariablePTensorOffDiagonal::reduceData(const spatial_cell::SpatialCell *, char *)::[lambda(unsigned int, unsigned int, unsigned int, unsigned int, double *) (instance 1)], double>(T5, const T6 *, T6 *, const unsigned int *, unsigned int, unsigned int, T6 *)"
0.0,5.1304,120,0.0428,0.0120,0.0050,0.1987,0.0477, 222    1    1,  64    1    1,"update_velocity_blocks_kernel(vmesh::VelocityMesh *, vmesh::VelocityBlockContainer *, split::SplitVector<unsigned int, split::split_unified_allocator<unsigned int>> *, split::SplitVector<Hashinator::hash_pair<unsigned int, unsigned int>, split::split_unified_allocator<Hashinator::hash_pair<unsigned int, unsigned int>>> *, split::SplitVector<Hashinator::hash_pair<unsigned int, unsigned int>, split::split_unified_allocator<Hashinator::hash_pair<unsigned int, unsigned int>>> *, split::SplitVector<Hashinator::hash_pair<unsigned int, unsigned int>, split::split_unified_allocator<Hashinator::hash_pair<unsigned int, unsigned int>>> *, unsigned int, unsigned int, unsigned int, float *)"
0.0,5.1097,320,0.0160,0.0047,0.0044,0.3297,0.0324, 115    1    1, 512    1    1,"void arch::reduction_kernel<(unsigned int)512, (arch::reduce_op)2, (unsigned int)4, (unsigned int)4, void blockVelocityFirstMoments<double, (unsigned int)4>(vmesh::VelocityBlockContainer *, T1 (&)[T2], unsigned int)::[lambda(unsigned int, unsigned int, unsigned int, unsigned int, double *) (instance 1)], double>(T5, const T6 *, T6 *, const unsigned int *, unsigned int, unsigned int, T6 *)"
0.0,5.0856,157,0.0324,0.0070,0.0051,0.3009,0.0503, 255    1    1,  64    1    1,"update_velocity_blocks_kernel(vmesh::VelocityMesh *, vmesh::VelocityBlockContainer *, split::SplitVector<unsigned int, split::split_unified_allocator<unsigned int>> *, split::SplitVector<Hashinator::hash_pair<unsigned int, unsigned int>, split::split_unified_allocator<Hashinator::hash_pair<unsigned int, unsigned int>>> *, split::SplitVector<Hashinator::hash_pair<unsigned int, unsigned int>, split::split_unified_allocator<Hashinator::hash_pair<unsigned int, unsigned int>>> *, split::SplitVector<Hashinator::hash_pair<unsigned int, unsigned int>, split::split_unified_allocator<Hashinator::hash_pair<unsigned int, unsigned int>>> *, unsigned int, unsigned int, unsigned int, float *)"
0.0,5.0502,98,0.0515,0.0265,0.0052,0.4414,0.0736, 155    1    1,  64    1    1,"update_velocity_blocks_kernel(vmesh::VelocityMesh *, vmesh::VelocityBlockContainer *, split::SplitVector<unsigned int, split::split_unified_allocator<unsigned int>> *, split::SplitVector<Hashinator::hash_pair<unsigned int, unsigned int>, split::split_unified_allocator<Hashinator::hash_pair<unsigned int, unsigned int>>> *, split::SplitVector<Hashinator::hash_pair<unsigned int, unsigned int>, split::split_unified_allocator<Hashinator::hash_pair<unsigned int, unsigned int>>> *, split::SplitVector<Hashinator::hash_pair<unsigned int, unsigned int>, split::split_unified_allocator<Hashinator::hash_pair<unsigned int, unsigned int>>> *, unsigned int, unsigned int, unsigned int, float *)"
0.0,5.0247,719,0.0070,0.0069,0.0064,0.0091,0.0004, 398    1    1,  64    1    1,"update_velocity_block_content_lists_kernel(vmesh::VelocityMesh *, vmesh::VelocityBlockContainer *, Hashinator::Hashmap<unsigned int, unsigned int, (unsigned int)4294967295, (unsigned int)4294967294, Hashinator::HashFunctions::Fibonacci<unsigned int>, Hashinator::Hashers::Hasher<unsigned int, unsigned int, Hashinator::HashFunctions::Fibonacci<unsigned int>, (unsigned int)4294967295, (unsigned int)4294967294, (int)32, (int)1>, split::split_unified_allocator<Hashinator::Info>> *, Hashinator::Hashmap<unsigned int, unsigned int, (unsigned int)4294967295, (unsigned int)4294967294, Hashinator::HashFunctions::Fibonacci<unsigned int>, Hashinator::Hashers::Hasher<unsigned int, unsigned int, Hashinator::HashFunctions::Fibonacci<unsigned int>, (unsigned int)4294967295, (unsigned int)4294967294, (int)32, (int)1>, split::split_unified_allocator<Hashinator::Info>> *, double)"
0.0,4.9411,170,0.0291,0.0143,0.0109,0.1618,0.0243,  65    1    1,  32    1    1,"evaluate_column_extents_kernel(unsigned int, const vmesh::VelocityMesh *, ColumnOffsets *, Column *, split::SplitVector<unsigned int, split::split_unified_allocator<unsigned int>> *, Hashinator::Hashmap<unsigned int, unsigned int, (unsigned int)4294967295, (unsigned int)4294967294, Hashinator::HashFunctions::Fibonacci<unsigned int>, Hashinator::Hashers::Hasher<unsigned int, unsigned int, Hashinator::HashFunctions::Fibonacci<unsigned int>, (unsigned int)4294967295, (unsigned int)4294967294, (int)32, (int)1>, split::split_unified_allocator<Hashinator::Info>> *, Hashinator::Hashmap<unsigned int, unsigned int, (unsigned int)4294967295, (unsigned int)4294967294, Hashinator::HashFunctions::Fibonacci<unsigned int>, Hashinator::Hashers::Hasher<unsigned int, unsigned int, Hashinator::HashFunctions::Fibonacci<unsigned int>, (unsigned int)4294967295, (unsigned int)4294967294, (int)32, (int)1>, split::split_unified_allocator<Hashinator::Info>> *, unsigned int *, unsigned int *, float, float, float, float, int, int, float, float, unsigned int *)"
0.0,4.9246,96,0.0513,0.0095,0.0073,0.5248,0.0831, 600    1    1,  64    1    1,"update_velocity_blocks_kernel(vmesh::VelocityMesh *, vmesh::VelocityBlockContainer *, split::SplitVector<unsigned int, split::split_unified_allocator<unsigned int>> *, split::SplitVector<Hashinator::hash_pair<unsigned int, unsigned int>, split::split_unified_allocator<Hashinator::hash_pair<unsigned int, unsigned int>>> *, split::SplitVector<Hashinator::hash_pair<unsigned int, unsigned int>, split::split_unified_allocator<Hashinator::hash_pair<unsigned int, unsigned int>>> *, split::SplitVector<Hashinator::hash_pair<unsigned int, unsigned int>, split::split_unified_allocator<Hashinator::hash_pair<unsigned int, unsigned int>>> *, unsigned int, unsigned int, unsigned int, float *)"
0.0,4.9182,184,0.0267,0.0135,0.0108,0.1571,0.0244,  72    1    1,  32    1    1,"evaluate_column_extents_kernel(unsigned int, const vmesh::VelocityMesh *, ColumnOffsets *, Column *, split::SplitVector<unsigned int, split::split_unified_allocator<unsigned int>> *, Hashinator::Hashmap<unsigned int, unsigned int, (unsigned int)4294967295, (unsigned int)4294967294, Hashinator::HashFunctions::Fibonacci<unsigned int>, Hashinator::Hashers::Hasher<unsigned int, unsigned int, Hashinator::HashFunctions::Fibonacci<unsigned int>, (unsigned int)4294967295, (unsigned int)4294967294, (int)32, (int)1>, split::split_unified_allocator<Hashinator::Info>> *, Hashinator::Hashmap<unsigned int, unsigned int, (unsigned int)4294967295, (unsigned int)4294967294, Hashinator::HashFunctions::Fibonacci<unsigned int>, Hashinator::Hashers::Hasher<unsigned int, unsigned int, Hashinator::HashFunctions::Fibonacci<unsigned int>, (unsigned int)4294967295, (unsigned int)4294967294, (int)32, (int)1>, split::split_unified_allocator<Hashinator::Info>> *, unsigned int *, unsigned int *, float, float, float, float, int, int, float, float, unsigned int *)"
0.0,4.9061,144,0.0341,0.0084,0.0067,0.2772,0.0490, 652    1    1,  64    1    1,"update_velocity_blocks_kernel(vmesh::VelocityMesh *, vmesh::VelocityBlockContainer *, split::SplitVector<unsigned int, split::split_unified_allocator<unsigned int>> *, split::SplitVector<Hashinator::hash_pair<unsigned int, unsigned int>, split::split_unified_allocator<Hashinator::hash_pair<unsigned int, unsigned int>>> *, split::SplitVector<Hashinator::hash_pair<unsigned int, unsigned int>, split::split_unified_allocator<Hashinator::hash_pair<unsigned int, unsigned int>>> *, split::SplitVector<Hashinator::hash_pair<unsigned int, unsigned int>, split::split_unified_allocator<Hashinator::hash_pair<unsigned int, unsigned int>>> *, unsigned int, unsigned int, unsigned int, float *)"
0.0,4.8632,109,0.0446,0.0086,0.0052,0.3925,0.0618, 337    1    1,  64    1    1,"update_velocity_blocks_kernel(vmesh::VelocityMesh *, vmesh::VelocityBlockContainer *, split::SplitVector<unsigned int, split::split_unified_allocator<unsigned int>> *, split::SplitVector<Hashinator::hash_pair<unsigned int, unsigned int>, split::split_unified_allocator<Hashinator::hash_pair<unsigned int, unsigned int>>> *, split::SplitVector<Hashinator::hash_pair<unsigned int, unsigned int>, split::split_unified_allocator<Hashinator::hash_pair<unsigned int, unsigned int>>> *, split::SplitVector<Hashinator::hash_pair<unsigned int, unsigned int>, split::split_unified_allocator<Hashinator::hash_pair<unsigned int, unsigned int>>> *, unsigned int, unsigned int, unsigned int, float *)"
0.0,4.8621,175,0.0278,0.0140,0.0109,0.1252,0.0236, 115    1    1,  32    1    1,"evaluate_column_extents_kernel(unsigned int, const vmesh::VelocityMesh *, ColumnOffsets *, Column *, split::SplitVector<unsigned int, split::split_unified_allocator<unsigned int>> *, Hashinator::Hashmap<unsigned int, unsigned int, (unsigned int)4294967295, (unsigned int)4294967294, Hashinator::HashFunctions::Fibonacci<unsigned int>, Hashinator::Hashers::Hasher<unsigned int, unsigned int, Hashinator::HashFunctions::Fibonacci<unsigned int>, (unsigned int)4294967295, (unsigned int)4294967294, (int)32, (int)1>, split::split_unified_allocator<Hashinator::Info>> *, Hashinator::Hashmap<unsigned int, unsigned int, (unsigned int)4294967295, (unsigned int)4294967294, Hashinator::HashFunctions::Fibonacci<unsigned int>, Hashinator::Hashers::Hasher<unsigned int, unsigned int, Hashinator::HashFunctions::Fibonacci<unsigned int>, (unsigned int)4294967295, (unsigned int)4294967294, (int)32, (int)1>, split::split_unified_allocator<Hashinator::Info>> *, unsigned int *, unsigned int *, float, float, float, float, int, int, float, float, unsigned int *)"
0.0,4.8616,184,0.0264,0.0098,0.0071,0.1781,0.0307,  72    1    1,  16    1    1,"reorder_blocks_by_dimension_kernel(vmesh::VelocityBlockContainer *, VecSimple<float> *, unsigned int *, unsigned int *, ColumnOffsets *)"
0.0,4.8428,104,0.0466,0.0082,0.0052,0.2797,0.0606, 283    1    1,  64    1    1,"update_velocity_blocks_kernel(vmesh::VelocityMesh *, vmesh::VelocityBlockContainer *, split::SplitVector<unsigned int, split::split_unified_allocator<unsigned int>> *, split::SplitVector<Hashinator::hash_pair<unsigned int, unsigned int>, split::split_unified_allocator<Hashinator::hash_pair<unsigned int, unsigned int>>> *, split::SplitVector<Hashinator::hash_pair<unsigned int, unsigned int>, split::split_unified_allocator<Hashinator::hash_pair<unsigned int, unsigned int>>> *, split::SplitVector<Hashinator::hash_pair<unsigned int, unsigned int>, split::split_unified_allocator<Hashinator::hash_pair<unsigned int, unsigned int>>> *, unsigned int, unsigned int, unsigned int, float *)"
0.0,4.8281,130,0.0371,0.0076,0.0050,0.2427,0.0493, 266    1    1,  64    1    1,"update_velocity_blocks_kernel(vmesh::VelocityMesh *, vmesh::VelocityBlockContainer *, split::SplitVector<unsigned int, split::split_unified_allocator<unsigned int>> *, split::SplitVector<Hashinator::hash_pair<unsigned int, unsigned int>, split::split_unified_allocator<Hashinator::hash_pair<unsigned int, unsigned int>>> *, split::SplitVector<Hashinator::hash_pair<unsigned int, unsigned int>, split::split_unified_allocator<Hashinator::hash_pair<unsigned int, unsigned int>>> *, split::SplitVector<Hashinator::hash_pair<unsigned int, unsigned int>, split::split_unified_allocator<Hashinator::hash_pair<unsigned int, unsigned int>>> *, unsigned int, unsigned int, unsigned int, float *)"
0.0,4.7812,350,0.0137,0.0032,0.0026,0.1023,0.0211,  27    1    1,  32    1    1,"blocksID_mapped_dim2_kernel(const vmesh::VelocityMesh *, unsigned int *, unsigned int *, unsigned int)"
0.0,4.7722,176,0.0271,0.0076,0.0063,0.1711,0.0336, 139    1    1,  64    1    1,"update_velocity_blocks_kernel(vmesh::VelocityMesh *, vmesh::VelocityBlockContainer *, split::SplitVector<unsigned int, split::split_unified_allocator<unsigned int>> *, split::SplitVector<Hashinator::hash_pair<unsigned int, unsigned int>, split::split_unified_allocator<Hashinator::hash_pair<unsigned int, unsigned int>>> *, split::SplitVector<Hashinator::hash_pair<unsigned int, unsigned int>, split::split_unified_allocator<Hashinator::hash_pair<unsigned int, unsigned int>>> *, split::SplitVector<Hashinator::hash_pair<unsigned int, unsigned int>, split::split_unified_allocator<Hashinator::hash_pair<unsigned int, unsigned int>>> *, unsigned int, unsigned int, unsigned int, float *)"
0.0,4.7563,159,0.0299,0.0113,0.0083,0.2193,0.0389, 134    1    1,1024    1    1,"update_neighbour_halo_kernel(vmesh::VelocityMesh *, unsigned int, unsigned int **, unsigned int *, Hashinator::Hashmap<unsigned int, unsigned int, (unsigned int)4294967295, (unsigned int)4294967294, Hashinator::HashFunctions::Fibonacci<unsigned int>, Hashinator::Hashers::Hasher<unsigned int, unsigned int, Hashinator::HashFunctions::Fibonacci<unsigned int>, (unsigned int)4294967295, (unsigned int)4294967294, (int)32, (int)1>, split::split_unified_allocator<Hashinator::Info>> *, Hashinator::Hashmap<unsigned int, unsigned int, (unsigned int)4294967295, (unsigned int)4294967294, Hashinator::HashFunctions::Fibonacci<unsigned int>, Hashinator::Hashers::Hasher<unsigned int, unsigned int, Hashinator::HashFunctions::Fibonacci<unsigned int>, (unsigned int)4294967295, (unsigned int)4294967294, (int)32, (int)1>, split::split_unified_allocator<Hashinator::Info>> *)"
0.0,4.7372,170,0.0279,0.0084,0.0061,0.1697,0.0357,  65    1    1,  16    1    1,"reorder_blocks_by_dimension_kernel(vmesh::VelocityBlockContainer *, VecSimple<float> *, unsigned int *, unsigned int *, ColumnOffsets *)"
0.0,4.6813,96,0.0488,0.0505,0.0043,0.0840,0.0146,  61    1    1, 512    1    1,"void arch::reduction_kernel<(unsigned int)512, (arch::reduce_op)2, (unsigned int)4, (unsigned int)3, DRO::VariableEnergyDensity::reduceData(const spatial_cell::SpatialCell *, char *)::[lambda(unsigned int, unsigned int, unsigned int, unsigned int, double *) (instance 1)], double>(T5, const T6 *, T6 *, const unsigned int *, unsigned int, unsigned int, T6 *)"
0.0,4.6778,109,0.0429,0.0091,0.0051,0.2009,0.0504, 332    1    1,  64    1    1,"update_velocity_blocks_kernel(vmesh::VelocityMesh *, vmesh::VelocityBlockContainer *, split::SplitVector<unsigned int, split::split_unified_allocator<unsigned int>> *, split::SplitVector<Hashinator::hash_pair<unsigned int, unsigned int>, split::split_unified_allocator<Hashinator::hash_pair<unsigned int, unsigned int>>> *, split::SplitVector<Hashinator::hash_pair<unsigned int, unsigned int>, split::split_unified_allocator<Hashinator::hash_pair<unsigned int, unsigned int>>> *, split::SplitVector<Hashinator::hash_pair<unsigned int, unsigned int>, split::split_unified_allocator<Hashinator::hash_pair<unsigned int, unsigned int>>> *, unsigned int, unsigned int, unsigned int, float *)"
0.0,4.6628,178,0.0262,0.0117,0.0091,0.2005,0.0328, 220    1    1,1024    1    1,"update_neighbour_halo_kernel(vmesh::VelocityMesh *, unsigned int, unsigned int **, unsigned int *, Hashinator::Hashmap<unsigned int, unsigned int, (unsigned int)4294967295, (unsigned int)4294967294, Hashinator::HashFunctions::Fibonacci<unsigned int>, Hashinator::Hashers::Hasher<unsigned int, unsigned int, Hashinator::HashFunctions::Fibonacci<unsigned int>, (unsigned int)4294967295, (unsigned int)4294967294, (int)32, (int)1>, split::split_unified_allocator<Hashinator::Info>> *, Hashinator::Hashmap<unsigned int, unsigned int, (unsigned int)4294967295, (unsigned int)4294967294, Hashinator::HashFunctions::Fibonacci<unsigned int>, Hashinator::Hashers::Hasher<unsigned int, unsigned int, Hashinator::HashFunctions::Fibonacci<unsigned int>, (unsigned int)4294967295, (unsigned int)4294967294, (int)32, (int)1>, split::split_unified_allocator<Hashinator::Info>> *)"
0.0,4.6149,655,0.0070,0.0069,0.0064,0.0106,0.0005, 399    1    1,  64    1    1,"update_velocity_block_content_lists_kernel(vmesh::VelocityMesh *, vmesh::VelocityBlockContainer *, Hashinator::Hashmap<unsigned int, unsigned int, (unsigned int)4294967295, (unsigned int)4294967294, Hashinator::HashFunctions::Fibonacci<unsigned int>, Hashinator::Hashers::Hasher<unsigned int, unsigned int, Hashinator::HashFunctions::Fibonacci<unsigned int>, (unsigned int)4294967295, (unsigned int)4294967294, (int)32, (int)1>, split::split_unified_allocator<Hashinator::Info>> *, Hashinator::Hashmap<unsigned int, unsigned int, (unsigned int)4294967295, (unsigned int)4294967294, Hashinator::HashFunctions::Fibonacci<unsigned int>, Hashinator::Hashers::Hasher<unsigned int, unsigned int, Hashinator::HashFunctions::Fibonacci<unsigned int>, (unsigned int)4294967295, (unsigned int)4294967294, (int)32, (int)1>, split::split_unified_allocator<Hashinator::Info>> *, double)"
0.0,4.6144,88,0.0524,0.0259,0.0213,0.4148,0.0577, 297    1    1,1024    1    1,"update_neighbour_halo_kernel(vmesh::VelocityMesh *, unsigned int, unsigned int **, unsigned int *, Hashinator::Hashmap<unsigned int, unsigned int, (unsigned int)4294967295, (unsigned int)4294967294, Hashinator::HashFunctions::Fibonacci<unsigned int>, Hashinator::Hashers::Hasher<unsigned int, unsigned int, Hashinator::HashFunctions::Fibonacci<unsigned int>, (unsigned int)4294967295, (unsigned int)4294967294, (int)32, (int)1>, split::split_unified_allocator<Hashinator::Info>> *, Hashinator::Hashmap<unsigned int, unsigned int, (unsigned int)4294967295, (unsigned int)4294967294, Hashinator::HashFunctions::Fibonacci<unsigned int>, Hashinator::Hashers::Hasher<unsigned int, unsigned int, Hashinator::HashFunctions::Fibonacci<unsigned int>, (unsigned int)4294967295, (unsigned int)4294967294, (int)32, (int)1>, split::split_unified_allocator<Hashinator::Info>> *)"
0.0,4.5872,144,0.0319,0.0481,0.0041,0.0621,0.0228,  41    1    1, 512    1    1,"void arch::reduction_kernel<(unsigned int)512, (arch::reduce_op)2, (unsigned int)4, (unsigned int)3, DRO::VariablePTensorDiagonal::reduceData(const spatial_cell::SpatialCell *, char *)::[lambda(unsigned int, unsigned int, unsigned int, unsigned int, double *) (instance 1)], double>(T5, const T6 *, T6 *, const unsigned int *, unsigned int, unsigned int, T6 *)"
0.0,4.5517,102,0.0446,0.0166,0.0126,0.4493,0.0563, 243    1    1, 832    1    1,"update_velocity_halo_kernel(vmesh::VelocityMesh *, unsigned int, unsigned int *, Hashinator::Hashmap<unsigned int, unsigned int, (unsigned int)4294967295, (unsigned int)4294967294, Hashinator::HashFunctions::Fibonacci<unsigned int>, Hashinator::Hashers::Hasher<unsigned int, unsigned int, Hashinator::HashFunctions::Fibonacci<unsigned int>, (unsigned int)4294967295, (unsigned int)4294967294, (int)32, (int)1>, split::split_unified_allocator<Hashinator::Info>> *, Hashinator::Hashmap<unsigned int, unsigned int, (unsigned int)4294967295, (unsigned int)4294967294, Hashinator::HashFunctions::Fibonacci<unsigned int>, Hashinator::Hashers::Hasher<unsigned int, unsigned int, Hashinator::HashFunctions::Fibonacci<unsigned int>, (unsigned int)4294967295, (unsigned int)4294967294, (int)32, (int)1>, split::split_unified_allocator<Hashinator::Info>> *)"
0.0,4.5423,94,0.0483,0.0286,0.0051,0.3595,0.0605, 223    1    1,  64    1    1,"update_velocity_blocks_kernel(vmesh::VelocityMesh *, vmesh::VelocityBlockContainer *, split::SplitVector<unsigned int, split::split_unified_allocator<unsigned int>> *, split::SplitVector<Hashinator::hash_pair<unsigned int, unsigned int>, split::split_unified_allocator<Hashinator::hash_pair<unsigned int, unsigned int>>> *, split::SplitVector<Hashinator::hash_pair<unsigned int, unsigned int>, split::split_unified_allocator<Hashinator::hash_pair<unsigned int, unsigned int>>> *, split::SplitVector<Hashinator::hash_pair<unsigned int, unsigned int>, split::split_unified_allocator<Hashinator::hash_pair<unsigned int, unsigned int>>> *, unsigned int, unsigned int, unsigned int, float *)"
0.0,4.5191,170,0.0266,0.0139,0.0110,0.1778,0.0259,  55    1    1,  32    1    1,"evaluate_column_extents_kernel(unsigned int, const vmesh::VelocityMesh *, ColumnOffsets *, Column *, split::SplitVector<unsigned int, split::split_unified_allocator<unsigned int>> *, Hashinator::Hashmap<unsigned int, unsigned int, (unsigned int)4294967295, (unsigned int)4294967294, Hashinator::HashFunctions::Fibonacci<unsigned int>, Hashinator::Hashers::Hasher<unsigned int, unsigned int, Hashinator::HashFunctions::Fibonacci<unsigned int>, (unsigned int)4294967295, (unsigned int)4294967294, (int)32, (int)1>, split::split_unified_allocator<Hashinator::Info>> *, Hashinator::Hashmap<unsigned int, unsigned int, (unsigned int)4294967295, (unsigned int)4294967294, Hashinator::HashFunctions::Fibonacci<unsigned int>, Hashinator::Hashers::Hasher<unsigned int, unsigned int, Hashinator::HashFunctions::Fibonacci<unsigned int>, (unsigned int)4294967295, (unsigned int)4294967294, (int)32, (int)1>, split::split_unified_allocator<Hashinator::Info>> *, unsigned int *, unsigned int *, float, float, float, float, int, int, float, float, unsigned int *)"
0.0,4.5050,108,0.0417,0.0072,0.0052,0.4350,0.0726, 295    1    1,  64    1    1,"update_velocity_blocks_kernel(vmesh::VelocityMesh *, vmesh::VelocityBlockContainer *, split::SplitVector<unsigned int, split::split_unified_allocator<unsigned int>> *, split::SplitVector<Hashinator::hash_pair<unsigned int, unsigned int>, split::split_unified_allocator<Hashinator::hash_pair<unsigned int, unsigned int>>> *, split::SplitVector<Hashinator::hash_pair<unsigned int, unsigned int>, split::split_unified_allocator<Hashinator::hash_pair<unsigned int, unsigned int>>> *, split::SplitVector<Hashinator::hash_pair<unsigned int, unsigned int>, split::split_unified_allocator<Hashinator::hash_pair<unsigned int, unsigned int>>> *, unsigned int, unsigned int, unsigned int, float *)"
0.0,4.5018,144,0.0313,0.0094,0.0080,0.1164,0.0267,1436    1    1,  64    1    1,"update_velocity_block_content_lists_kernel(vmesh::VelocityMesh *, vmesh::VelocityBlockContainer *, Hashinator::Hashmap<unsigned int, unsigned int, (unsigned int)4294967295, (unsigned int)4294967294, Hashinator::HashFunctions::Fibonacci<unsigned int>, Hashinator::Hashers::Hasher<unsigned int, unsigned int, Hashinator::HashFunctions::Fibonacci<unsigned int>, (unsigned int)4294967295, (unsigned int)4294967294, (int)32, (int)1>, split::split_unified_allocator<Hashinator::Info>> *, Hashinator::Hashmap<unsigned int, unsigned int, (unsigned int)4294967295, (unsigned int)4294967294, Hashinator::HashFunctions::Fibonacci<unsigned int>, Hashinator::Hashers::Hasher<unsigned int, unsigned int, Hashinator::HashFunctions::Fibonacci<unsigned int>, (unsigned int)4294967295, (unsigned int)4294967294, (int)32, (int)1>, split::split_unified_allocator<Hashinator::Info>> *, double)"
0.0,4.4519,112,0.0397,0.0072,0.0050,0.2524,0.0517, 194    1    1,  64    1    1,"update_velocity_blocks_kernel(vmesh::VelocityMesh *, vmesh::VelocityBlockContainer *, split::SplitVector<unsigned int, split::split_unified_allocator<unsigned int>> *, split::SplitVector<Hashinator::hash_pair<unsigned int, unsigned int>, split::split_unified_allocator<Hashinator::hash_pair<unsigned int, unsigned int>>> *, split::SplitVector<Hashinator::hash_pair<unsigned int, unsigned int>, split::split_unified_allocator<Hashinator::hash_pair<unsigned int, unsigned int>>> *, split::SplitVector<Hashinator::hash_pair<unsigned int, unsigned int>, split::split_unified_allocator<Hashinator::hash_pair<unsigned int, unsigned int>>> *, unsigned int, unsigned int, unsigned int, float *)"
0.0,4.4500,96,0.0464,0.0501,0.0043,0.0593,0.0141,  61    1    1, 512    1    1,"void arch::reduction_kernel<(unsigned int)512, (arch::reduce_op)2, (unsigned int)4, (unsigned int)3, DRO::VariablePTensorOffDiagonal::reduceData(const spatial_cell::SpatialCell *, char *)::[lambda(unsigned int, unsigned int, unsigned int, unsigned int, double *) (instance 1)], double>(T5, const T6 *, T6 *, const unsigned int *, unsigned int, unsigned int, T6 *)"
0.0,4.4498,101,0.0441,0.0081,0.0051,0.3060,0.0633, 279    1    1,  64    1    1,"update_velocity_blocks_kernel(vmesh::VelocityMesh *, vmesh::VelocityBlockContainer *, split::SplitVector<unsigned int, split::split_unified_allocator<unsigned int>> *, split::SplitVector<Hashinator::hash_pair<unsigned int, unsigned int>, split::split_unified_allocator<Hashinator::hash_pair<unsigned int, unsigned int>>> *, split::SplitVector<Hashinator::hash_pair<unsigned int, unsigned int>, split::split_unified_allocator<Hashinator::hash_pair<unsigned int, unsigned int>>> *, split::SplitVector<Hashinator::hash_pair<unsigned int, unsigned int>, split::split_unified_allocator<Hashinator::hash_pair<unsigned int, unsigned int>>> *, unsigned int, unsigned int, unsigned int, float *)"
0.0,4.4412,157,0.0283,0.0085,0.0063,0.1684,0.0312, 106    1    1,  64    1    1,"update_velocity_blocks_kernel(vmesh::VelocityMesh *, vmesh::VelocityBlockContainer *, split::SplitVector<unsigned int, split::split_unified_allocator<unsigned int>> *, split::SplitVector<Hashinator::hash_pair<unsigned int, unsigned int>, split::split_unified_allocator<Hashinator::hash_pair<unsigned int, unsigned int>>> *, split::SplitVector<Hashinator::hash_pair<unsigned int, unsigned int>, split::split_unified_allocator<Hashinator::hash_pair<unsigned int, unsigned int>>> *, split::SplitVector<Hashinator::hash_pair<unsigned int, unsigned int>, split::split_unified_allocator<Hashinator::hash_pair<unsigned int, unsigned int>>> *, unsigned int, unsigned int, unsigned int, float *)"
0.0,4.4174,118,0.0374,0.0143,0.0112,0.2315,0.0452, 142    1    1,1024    1    1,"update_neighbour_halo_kernel(vmesh::VelocityMesh *, unsigned int, unsigned int **, unsigned int *, Hashinator::Hashmap<unsigned int, unsigned int, (unsigned int)4294967295, (unsigned int)4294967294, Hashinator::HashFunctions::Fibonacci<unsigned int>, Hashinator::Hashers::Hasher<unsigned int, unsigned int, Hashinator::HashFunctions::Fibonacci<unsigned int>, (unsigned int)4294967295, (unsigned int)4294967294, (int)32, (int)1>, split::split_unified_allocator<Hashinator::Info>> *, Hashinator::Hashmap<unsigned int, unsigned int, (unsigned int)4294967295, (unsigned int)4294967294, Hashinator::HashFunctions::Fibonacci<unsigned int>, Hashinator::Hashers::Hasher<unsigned int, unsigned int, Hashinator::HashFunctions::Fibonacci<unsigned int>, (unsigned int)4294967295, (unsigned int)4294967294, (int)32, (int)1>, split::split_unified_allocator<Hashinator::Info>> *)"
0.0,4.3800,108,0.0406,0.0079,0.0050,0.2692,0.0489, 195    1    1,  64    1    1,"update_velocity_blocks_kernel(vmesh::VelocityMesh *, vmesh::VelocityBlockContainer *, split::SplitVector<unsigned int, split::split_unified_allocator<unsigned int>> *, split::SplitVector<Hashinator::hash_pair<unsigned int, unsigned int>, split::split_unified_allocator<Hashinator::hash_pair<unsigned int, unsigned int>>> *, split::SplitVector<Hashinator::hash_pair<unsigned int, unsigned int>, split::split_unified_allocator<Hashinator::hash_pair<unsigned int, unsigned int>>> *, split::SplitVector<Hashinator::hash_pair<unsigned int, unsigned int>, split::split_unified_allocator<Hashinator::hash_pair<unsigned int, unsigned int>>> *, unsigned int, unsigned int, unsigned int, float *)"
0.0,4.3660,102,0.0428,0.0078,0.0050,0.2998,0.0637, 286    1    1,  64    1    1,"update_velocity_blocks_kernel(vmesh::VelocityMesh *, vmesh::VelocityBlockContainer *, split::SplitVector<unsigned int, split::split_unified_allocator<unsigned int>> *, split::SplitVector<Hashinator::hash_pair<unsigned int, unsigned int>, split::split_unified_allocator<Hashinator::hash_pair<unsigned int, unsigned int>>> *, split::SplitVector<Hashinator::hash_pair<unsigned int, unsigned int>, split::split_unified_allocator<Hashinator::hash_pair<unsigned int, unsigned int>>> *, split::SplitVector<Hashinator::hash_pair<unsigned int, unsigned int>, split::split_unified_allocator<Hashinator::hash_pair<unsigned int, unsigned int>>> *, unsigned int, unsigned int, unsigned int, float *)"
0.0,4.3614,48,0.0909,0.0895,0.0846,0.1070,0.0040,1248    1    1,  32    1    1,"void arch::reduction_kernel<(unsigned int)32, (arch::reduce_op)2, (unsigned int)4, (unsigned int)0, DRO::VariablePrecipitationDiffFlux::reduceData(const spatial_cell::SpatialCell *, char *)::[lambda(unsigned int, unsigned int, unsigned int, unsigned int, double *) (instance 1)], double>(T5, const T6 *, T6 *, const unsigned int *, unsigned int, unsigned int, T6 *)"
0.0,4.3564,124,0.0351,0.0084,0.0050,0.2790,0.0474, 287    1    1,  64    1    1,"update_velocity_blocks_kernel(vmesh::VelocityMesh *, vmesh::VelocityBlockContainer *, split::SplitVector<unsigned int, split::split_unified_allocator<unsigned int>> *, split::SplitVector<Hashinator::hash_pair<unsigned int, unsigned int>, split::split_unified_allocator<Hashinator::hash_pair<unsigned int, unsigned int>>> *, split::SplitVector<Hashinator::hash_pair<unsigned int, unsigned int>, split::split_unified_allocator<Hashinator::hash_pair<unsigned int, unsigned int>>> *, split::SplitVector<Hashinator::hash_pair<unsigned int, unsigned int>, split::split_unified_allocator<Hashinator::hash_pair<unsigned int, unsigned int>>> *, unsigned int, unsigned int, unsigned int, float *)"
0.0,4.2889,48,0.0894,0.0886,0.0843,0.0973,0.0033,1160    1    1,  32    1    1,"void arch::reduction_kernel<(unsigned int)32, (arch::reduce_op)2, (unsigned int)4, (unsigned int)0, DRO::VariablePrecipitationDiffFlux::reduceData(const spatial_cell::SpatialCell *, char *)::[lambda(unsigned int, unsigned int, unsigned int, unsigned int, double *) (instance 1)], double>(T5, const T6 *, T6 *, const unsigned int *, unsigned int, unsigned int, T6 *)"
0.0,4.2885,158,0.0271,0.0141,0.0113,0.1877,0.0242, 119    1    1,  32    1    1,"evaluate_column_extents_kernel(unsigned int, const vmesh::VelocityMesh *, ColumnOffsets *, Column *, split::SplitVector<unsigned int, split::split_unified_allocator<unsigned int>> *, Hashinator::Hashmap<unsigned int, unsigned int, (unsigned int)4294967295, (unsigned int)4294967294, Hashinator::HashFunctions::Fibonacci<unsigned int>, Hashinator::Hashers::Hasher<unsigned int, unsigned int, Hashinator::HashFunctions::Fibonacci<unsigned int>, (unsigned int)4294967295, (unsigned int)4294967294, (int)32, (int)1>, split::split_unified_allocator<Hashinator::Info>> *, Hashinator::Hashmap<unsigned int, unsigned int, (unsigned int)4294967295, (unsigned int)4294967294, Hashinator::HashFunctions::Fibonacci<unsigned int>, Hashinator::Hashers::Hasher<unsigned int, unsigned int, Hashinator::HashFunctions::Fibonacci<unsigned int>, (unsigned int)4294967295, (unsigned int)4294967294, (int)32, (int)1>, split::split_unified_allocator<Hashinator::Info>> *, unsigned int *, unsigned int *, float, float, float, float, int, int, float, float, unsigned int *)"
0.0,4.2775,69,0.0620,0.0390,0.0051,0.3290,0.0765, 231    1    1,  64    1    1,"update_velocity_blocks_kernel(vmesh::VelocityMesh *, vmesh::VelocityBlockContainer *, split::SplitVector<unsigned int, split::split_unified_allocator<unsigned int>> *, split::SplitVector<Hashinator::hash_pair<unsigned int, unsigned int>, split::split_unified_allocator<Hashinator::hash_pair<unsigned int, unsigned int>>> *, split::SplitVector<Hashinator::hash_pair<unsigned int, unsigned int>, split::split_unified_allocator<Hashinator::hash_pair<unsigned int, unsigned int>>> *, split::SplitVector<Hashinator::hash_pair<unsigned int, unsigned int>, split::split_unified_allocator<Hashinator::hash_pair<unsigned int, unsigned int>>> *, unsigned int, unsigned int, unsigned int, float *)"
0.0,4.2754,117,0.0365,0.0070,0.0050,0.3256,0.0580, 199    1    1,  64    1    1,"update_velocity_blocks_kernel(vmesh::VelocityMesh *, vmesh::VelocityBlockContainer *, split::SplitVector<unsigned int, split::split_unified_allocator<unsigned int>> *, split::SplitVector<Hashinator::hash_pair<unsigned int, unsigned int>, split::split_unified_allocator<Hashinator::hash_pair<unsigned int, unsigned int>>> *, split::SplitVector<Hashinator::hash_pair<unsigned int, unsigned int>, split::split_unified_allocator<Hashinator::hash_pair<unsigned int, unsigned int>>> *, split::SplitVector<Hashinator::hash_pair<unsigned int, unsigned int>, split::split_unified_allocator<Hashinator::hash_pair<unsigned int, unsigned int>>> *, unsigned int, unsigned int, unsigned int, float *)"
0.0,4.2395,106,0.0400,0.0083,0.0051,0.2562,0.0546, 338    1    1,  64    1    1,"update_velocity_blocks_kernel(vmesh::VelocityMesh *, vmesh::VelocityBlockContainer *, split::SplitVector<unsigned int, split::split_unified_allocator<unsigned int>> *, split::SplitVector<Hashinator::hash_pair<unsigned int, unsigned int>, split::split_unified_allocator<Hashinator::hash_pair<unsigned int, unsigned int>>> *, split::SplitVector<Hashinator::hash_pair<unsigned int, unsigned int>, split::split_unified_allocator<Hashinator::hash_pair<unsigned int, unsigned int>>> *, split::SplitVector<Hashinator::hash_pair<unsigned int, unsigned int>, split::split_unified_allocator<Hashinator::hash_pair<unsigned int, unsigned int>>> *, unsigned int, unsigned int, unsigned int, float *)"
0.0,4.1314,48,0.0861,0.0847,0.0708,0.0995,0.0047,1048    1    1,  32    1    1,"void arch::reduction_kernel<(unsigned int)32, (arch::reduce_op)2, (unsigned int)4, (unsigned int)0, DRO::VariablePrecipitationDiffFlux::reduceData(const spatial_cell::SpatialCell *, char *)::[lambda(unsigned int, unsigned int, unsigned int, unsigned int, double *) (instance 1)], double>(T5, const T6 *, T6 *, const unsigned int *, unsigned int, unsigned int, T6 *)"
0.0,4.1132,124,0.0332,0.0072,0.0049,0.2637,0.0480, 210    1    1,  64    1    1,"update_velocity_blocks_kernel(vmesh::VelocityMesh *, vmesh::VelocityBlockContainer *, split::SplitVector<unsigned int, split::split_unified_allocator<unsigned int>> *, split::SplitVector<Hashinator::hash_pair<unsigned int, unsigned int>, split::split_unified_allocator<Hashinator::hash_pair<unsigned int, unsigned int>>> *, split::SplitVector<Hashinator::hash_pair<unsigned int, unsigned int>, split::split_unified_allocator<Hashinator::hash_pair<unsigned int, unsigned int>>> *, split::SplitVector<Hashinator::hash_pair<unsigned int, unsigned int>, split::split_unified_allocator<Hashinator::hash_pair<unsigned int, unsigned int>>> *, unsigned int, unsigned int, unsigned int, float *)"
0.0,4.0921,105,0.0390,0.0074,0.0049,0.2284,0.0511, 183    1    1,  64    1    1,"update_velocity_blocks_kernel(vmesh::VelocityMesh *, vmesh::VelocityBlockContainer *, split::SplitVector<unsigned int, split::split_unified_allocator<unsigned int>> *, split::SplitVector<Hashinator::hash_pair<unsigned int, unsigned int>, split::split_unified_allocator<Hashinator::hash_pair<unsigned int, unsigned int>>> *, split::SplitVector<Hashinator::hash_pair<unsigned int, unsigned int>, split::split_unified_allocator<Hashinator::hash_pair<unsigned int, unsigned int>>> *, split::SplitVector<Hashinator::hash_pair<unsigned int, unsigned int>, split::split_unified_allocator<Hashinator::hash_pair<unsigned int, unsigned int>>> *, unsigned int, unsigned int, unsigned int, float *)"
0.0,4.0486,176,0.0230,0.0102,0.0072,0.1497,0.0292,  79    1    1,  16    1    1,"reorder_blocks_by_dimension_kernel(vmesh::VelocityBlockContainer *, VecSimple<float> *, unsigned int *, unsigned int *, ColumnOffsets *)"
0.0,3.9900,320,0.0125,0.0043,0.0040,0.2317,0.0250, 115    1    1, 512    1    1,"void arch::reduction_kernel<(unsigned int)512, (arch::reduce_op)2, (unsigned int)4, (unsigned int)3, void blockVelocitySecondMoments<double, (unsigned int)3>(vmesh::VelocityBlockContainer *, T1, T1, T1, T1 (&)[T2], unsigned int)::[lambda(unsigned int, unsigned int, unsigned int, unsigned int, double *) (instance 1)], double>(T5, const T6 *, T6 *, const unsigned int *, unsigned int, unsigned int, T6 *)"
0.0,3.9709,128,0.0310,0.0484,0.0041,0.0606,0.0234,  51    1    1, 512    1    1,"void arch::reduction_kernel<(unsigned int)512, (arch::reduce_op)2, (unsigned int)4, (unsigned int)3, DRO::VariablePTensorDiagonal::reduceData(const spatial_cell::SpatialCell *, char *)::[lambda(unsigned int, unsigned int, unsigned int, unsigned int, double *) (instance 1)], double>(T5, const T6 *, T6 *, const unsigned int *, unsigned int, unsigned int, T6 *)"
0.0,3.9507,158,0.0250,0.0079,0.0064,0.1325,0.0271,  83    1    1,  64    1    1,"update_velocity_blocks_kernel(vmesh::VelocityMesh *, vmesh::VelocityBlockContainer *, split::SplitVector<unsigned int, split::split_unified_allocator<unsigned int>> *, split::SplitVector<Hashinator::hash_pair<unsigned int, unsigned int>, split::split_unified_allocator<Hashinator::hash_pair<unsigned int, unsigned int>>> *, split::SplitVector<Hashinator::hash_pair<unsigned int, unsigned int>, split::split_unified_allocator<Hashinator::hash_pair<unsigned int, unsigned int>>> *, split::SplitVector<Hashinator::hash_pair<unsigned int, unsigned int>, split::split_unified_allocator<Hashinator::hash_pair<unsigned int, unsigned int>>> *, unsigned int, unsigned int, unsigned int, float *)"
0.0,3.9498,48,0.0823,0.0812,0.0790,0.0907,0.0030, 960    1    1,  32    1    1,"void arch::reduction_kernel<(unsigned int)32, (arch::reduce_op)2, (unsigned int)4, (unsigned int)0, DRO::VariablePrecipitationDiffFlux::reduceData(const spatial_cell::SpatialCell *, char *)::[lambda(unsigned int, unsigned int, unsigned int, unsigned int, double *) (instance 1)], double>(T5, const T6 *, T6 *, const unsigned int *, unsigned int, unsigned int, T6 *)"
0.0,3.9405,125,0.0315,0.0097,0.0066,0.3489,0.0511,  72    1    1,1024    1    1,"update_neighbour_halo_kernel(vmesh::VelocityMesh *, unsigned int, unsigned int **, unsigned int *, Hashinator::Hashmap<unsigned int, unsigned int, (unsigned int)4294967295, (unsigned int)4294967294, Hashinator::HashFunctions::Fibonacci<unsigned int>, Hashinator::Hashers::Hasher<unsigned int, unsigned int, Hashinator::HashFunctions::Fibonacci<unsigned int>, (unsigned int)4294967295, (unsigned int)4294967294, (int)32, (int)1>, split::split_unified_allocator<Hashinator::Info>> *, Hashinator::Hashmap<unsigned int, unsigned int, (unsigned int)4294967295, (unsigned int)4294967294, Hashinator::HashFunctions::Fibonacci<unsigned int>, Hashinator::Hashers::Hasher<unsigned int, unsigned int, Hashinator::HashFunctions::Fibonacci<unsigned int>, (unsigned int)4294967295, (unsigned int)4294967294, (int)32, (int)1>, split::split_unified_allocator<Hashinator::Info>> *)"
0.0,3.9387,111,0.0355,0.0071,0.0051,0.3270,0.0564, 292    1    1,  64    1    1,"update_velocity_blocks_kernel(vmesh::VelocityMesh *, vmesh::VelocityBlockContainer *, split::SplitVector<unsigned int, split::split_unified_allocator<unsigned int>> *, split::SplitVector<Hashinator::hash_pair<unsigned int, unsigned int>, split::split_unified_allocator<Hashinator::hash_pair<unsigned int, unsigned int>>> *, split::SplitVector<Hashinator::hash_pair<unsigned int, unsigned int>, split::split_unified_allocator<Hashinator::hash_pair<unsigned int, unsigned int>>> *, split::SplitVector<Hashinator::hash_pair<unsigned int, unsigned int>, split::split_unified_allocator<Hashinator::hash_pair<unsigned int, unsigned int>>> *, unsigned int, unsigned int, unsigned int, float *)"
0.0,3.9283,148,0.0265,0.0117,0.0089,0.1748,0.0303, 191    1    1,1024    1    1,"update_neighbour_halo_kernel(vmesh::VelocityMesh *, unsigned int, unsigned int **, unsigned int *, Hashinator::Hashmap<unsigned int, unsigned int, (unsigned int)4294967295, (unsigned int)4294967294, Hashinator::HashFunctions::Fibonacci<unsigned int>, Hashinator::Hashers::Hasher<unsigned int, unsigned int, Hashinator::HashFunctions::Fibonacci<unsigned int>, (unsigned int)4294967295, (unsigned int)4294967294, (int)32, (int)1>, split::split_unified_allocator<Hashinator::Info>> *, Hashinator::Hashmap<unsigned int, unsigned int, (unsigned int)4294967295, (unsigned int)4294967294, Hashinator::HashFunctions::Fibonacci<unsigned int>, Hashinator::Hashers::Hasher<unsigned int, unsigned int, Hashinator::HashFunctions::Fibonacci<unsigned int>, (unsigned int)4294967295, (unsigned int)4294967294, (int)32, (int)1>, split::split_unified_allocator<Hashinator::Info>> *)"
0.0,3.8683,128,0.0302,0.0075,0.0052,0.2200,0.0441, 354    1    1,  64    1    1,"update_velocity_blocks_kernel(vmesh::VelocityMesh *, vmesh::VelocityBlockContainer *, split::SplitVector<unsigned int, split::split_unified_allocator<unsigned int>> *, split::SplitVector<Hashinator::hash_pair<unsigned int, unsigned int>, split::split_unified_allocator<Hashinator::hash_pair<unsigned int, unsigned int>>> *, split::SplitVector<Hashinator::hash_pair<unsigned int, unsigned int>, split::split_unified_allocator<Hashinator::hash_pair<unsigned int, unsigned int>>> *, split::SplitVector<Hashinator::hash_pair<unsigned int, unsigned int>, split::split_unified_allocator<Hashinator::hash_pair<unsigned int, unsigned int>>> *, unsigned int, unsigned int, unsigned int, float *)"
0.0,3.8274,87,0.0440,0.0169,0.0128,0.2087,0.0452, 242    1    1, 832    1    1,"update_velocity_halo_kernel(vmesh::VelocityMesh *, unsigned int, unsigned int *, Hashinator::Hashmap<unsigned int, unsigned int, (unsigned int)4294967295, (unsigned int)4294967294, Hashinator::HashFunctions::Fibonacci<unsigned int>, Hashinator::Hashers::Hasher<unsigned int, unsigned int, Hashinator::HashFunctions::Fibonacci<unsigned int>, (unsigned int)4294967295, (unsigned int)4294967294, (int)32, (int)1>, split::split_unified_allocator<Hashinator::Info>> *, Hashinator::Hashmap<unsigned int, unsigned int, (unsigned int)4294967295, (unsigned int)4294967294, Hashinator::HashFunctions::Fibonacci<unsigned int>, Hashinator::Hashers::Hasher<unsigned int, unsigned int, Hashinator::HashFunctions::Fibonacci<unsigned int>, (unsigned int)4294967295, (unsigned int)4294967294, (int)32, (int)1>, split::split_unified_allocator<Hashinator::Info>> *)"
0.0,3.8095,60,0.0635,0.0148,0.0050,0.5357,0.0955, 211    1    1,  64    1    1,"update_velocity_blocks_kernel(vmesh::VelocityMesh *, vmesh::VelocityBlockContainer *, split::SplitVector<unsigned int, split::split_unified_allocator<unsigned int>> *, split::SplitVector<Hashinator::hash_pair<unsigned int, unsigned int>, split::split_unified_allocator<Hashinator::hash_pair<unsigned int, unsigned int>>> *, split::SplitVector<Hashinator::hash_pair<unsigned int, unsigned int>, split::split_unified_allocator<Hashinator::hash_pair<unsigned int, unsigned int>>> *, split::SplitVector<Hashinator::hash_pair<unsigned int, unsigned int>, split::split_unified_allocator<Hashinator::hash_pair<unsigned int, unsigned int>>> *, unsigned int, unsigned int, unsigned int, float *)"
0.0,3.7675,166,0.0227,0.0118,0.0091,0.1661,0.0277, 180    1    1,1024    1    1,"update_neighbour_halo_kernel(vmesh::VelocityMesh *, unsigned int, unsigned int **, unsigned int *, Hashinator::Hashmap<unsigned int, unsigned int, (unsigned int)4294967295, (unsigned int)4294967294, Hashinator::HashFunctions::Fibonacci<unsigned int>, Hashinator::Hashers::Hasher<unsigned int, unsigned int, Hashinator::HashFunctions::Fibonacci<unsigned int>, (unsigned int)4294967295, (unsigned int)4294967294, (int)32, (int)1>, split::split_unified_allocator<Hashinator::Info>> *, Hashinator::Hashmap<unsigned int, unsigned int, (unsigned int)4294967295, (unsigned int)4294967294, Hashinator::HashFunctions::Fibonacci<unsigned int>, Hashinator::Hashers::Hasher<unsigned int, unsigned int, Hashinator::HashFunctions::Fibonacci<unsigned int>, (unsigned int)4294967295, (unsigned int)4294967294, (int)32, (int)1>, split::split_unified_allocator<Hashinator::Info>> *)"
0.0,3.7508,82,0.0457,0.0174,0.0050,0.2613,0.0573, 182    1    1,  64    1    1,"update_velocity_blocks_kernel(vmesh::VelocityMesh *, vmesh::VelocityBlockContainer *, split::SplitVector<unsigned int, split::split_unified_allocator<unsigned int>> *, split::SplitVector<Hashinator::hash_pair<unsigned int, unsigned int>, split::split_unified_allocator<Hashinator::hash_pair<unsigned int, unsigned int>>> *, split::SplitVector<Hashinator::hash_pair<unsigned int, unsigned int>, split::split_unified_allocator<Hashinator::hash_pair<unsigned int, unsigned int>>> *, split::SplitVector<Hashinator::hash_pair<unsigned int, unsigned int>, split::split_unified_allocator<Hashinator::hash_pair<unsigned int, unsigned int>>> *, unsigned int, unsigned int, unsigned int, float *)"
0.0,3.7314,100,0.0373,0.0081,0.0023,0.4623,0.0594,   1    1    1,  64    1    1,"void Hashinator::Hashers::reset_to_empty<unsigned int, unsigned int, (unsigned int)4294967295, Hashinator::HashFunctions::Fibonacci<unsigned int>, (int)32, (int)1>(Hashinator::hash_pair<T1, T2> *, Hashinator::hash_pair<T1, T2> *, Hashinator::Info *, unsigned long)"
0.0,3.7143,48,0.0774,0.0764,0.0680,0.0861,0.0045, 696    1    1,  32    1    1,"void arch::reduction_kernel<(unsigned int)32, (arch::reduce_op)2, (unsigned int)4, (unsigned int)0, DRO::VariablePrecipitationDiffFlux::reduceData(const spatial_cell::SpatialCell *, char *)::[lambda(unsigned int, unsigned int, unsigned int, unsigned int, double *) (instance 1)], double>(T5, const T6 *, T6 *, const unsigned int *, unsigned int, unsigned int, T6 *)"
0.0,3.6981,96,0.0385,0.0504,0.0042,0.0627,0.0217,  61    1    1, 512    1    1,"void arch::reduction_kernel<(unsigned int)512, (arch::reduce_op)2, (unsigned int)4, (unsigned int)3, DRO::VariablePTensorDiagonal::reduceData(const spatial_cell::SpatialCell *, char *)::[lambda(unsigned int, unsigned int, unsigned int, unsigned int, double *) (instance 1)], double>(T5, const T6 *, T6 *, const unsigned int *, unsigned int, unsigned int, T6 *)"
0.0,3.6753,88,0.0418,0.0189,0.0132,0.1620,0.0377, 127    1    1,  16    1    1,"reorder_blocks_by_dimension_kernel(vmesh::VelocityBlockContainer *, VecSimple<float> *, unsigned int *, unsigned int *, ColumnOffsets *)"
0.0,3.6548,82,0.0446,0.0348,0.0053,0.2174,0.0467, 349    1    1,  64    1    1,"update_velocity_blocks_kernel(vmesh::VelocityMesh *, vmesh::VelocityBlockContainer *, split::SplitVector<unsigned int, split::split_unified_allocator<unsigned int>> *, split::SplitVector<Hashinator::hash_pair<unsigned int, unsigned int>, split::split_unified_allocator<Hashinator::hash_pair<unsigned int, unsigned int>>> *, split::SplitVector<Hashinator::hash_pair<unsigned int, unsigned int>, split::split_unified_allocator<Hashinator::hash_pair<unsigned int, unsigned int>>> *, split::SplitVector<Hashinator::hash_pair<unsigned int, unsigned int>, split::split_unified_allocator<Hashinator::hash_pair<unsigned int, unsigned int>>> *, unsigned int, unsigned int, unsigned int, float *)"
0.0,3.6284,132,0.0275,0.0136,0.0112,0.1454,0.0256,  63    1    1,  32    1    1,"evaluate_column_extents_kernel(unsigned int, const vmesh::VelocityMesh *, ColumnOffsets *, Column *, split::SplitVector<unsigned int, split::split_unified_allocator<unsigned int>> *, Hashinator::Hashmap<unsigned int, unsigned int, (unsigned int)4294967295, (unsigned int)4294967294, Hashinator::HashFunctions::Fibonacci<unsigned int>, Hashinator::Hashers::Hasher<unsigned int, unsigned int, Hashinator::HashFunctions::Fibonacci<unsigned int>, (unsigned int)4294967295, (unsigned int)4294967294, (int)32, (int)1>, split::split_unified_allocator<Hashinator::Info>> *, Hashinator::Hashmap<unsigned int, unsigned int, (unsigned int)4294967295, (unsigned int)4294967294, Hashinator::HashFunctions::Fibonacci<unsigned int>, Hashinator::Hashers::Hasher<unsigned int, unsigned int, Hashinator::HashFunctions::Fibonacci<unsigned int>, (unsigned int)4294967295, (unsigned int)4294967294, (int)32, (int)1>, split::split_unified_allocator<Hashinator::Info>> *, unsigned int *, unsigned int *, float, float, float, float, int, int, float, float, unsigned int *)"
0.0,3.6203,48,0.0754,0.0733,0.0715,0.0925,0.0048, 600    1    1,  32    1    1,"void arch::reduction_kernel<(unsigned int)32, (arch::reduce_op)2, (unsigned int)4, (unsigned int)0, DRO::VariablePrecipitationDiffFlux::reduceData(const spatial_cell::SpatialCell *, char *)::[lambda(unsigned int, unsigned int, unsigned int, unsigned int, double *) (instance 1)], double>(T5, const T6 *, T6 *, const unsigned int *, unsigned int, unsigned int, T6 *)"
0.0,3.5950,48,0.0749,0.0736,0.0712,0.0891,0.0035, 576    1    1,  32    1    1,"void arch::reduction_kernel<(unsigned int)32, (arch::reduce_op)2, (unsigned int)4, (unsigned int)0, DRO::VariablePrecipitationDiffFlux::reduceData(const spatial_cell::SpatialCell *, char *)::[lambda(unsigned int, unsigned int, unsigned int, unsigned int, double *) (instance 1)], double>(T5, const T6 *, T6 *, const unsigned int *, unsigned int, unsigned int, T6 *)"
0.0,3.5794,170,0.0211,0.0075,0.0061,0.1788,0.0309,  55    1    1,  16    1    1,"reorder_blocks_by_dimension_kernel(vmesh::VelocityBlockContainer *, VecSimple<float> *, unsigned int *, unsigned int *, ColumnOffsets *)"
0.0,3.5668,132,0.0270,0.0079,0.0064,0.1610,0.0320, 146    1    1,  64    1    1,"update_velocity_blocks_kernel(vmesh::VelocityMesh *, vmesh::VelocityBlockContainer *, split::SplitVector<unsigned int, split::split_unified_allocator<unsigned int>> *, split::SplitVector<Hashinator::hash_pair<unsigned int, unsigned int>, split::split_unified_allocator<Hashinator::hash_pair<unsigned int, unsigned int>>> *, split::SplitVector<Hashinator::hash_pair<unsigned int, unsigned int>, split::split_unified_allocator<Hashinator::hash_pair<unsigned int, unsigned int>>> *, split::SplitVector<Hashinator::hash_pair<unsigned int, unsigned int>, split::split_unified_allocator<Hashinator::hash_pair<unsigned int, unsigned int>>> *, unsigned int, unsigned int, unsigned int, float *)"
0.0,3.5351,83,0.0426,0.0076,0.0051,0.1804,0.0499, 288    1    1,  64    1    1,"update_velocity_blocks_kernel(vmesh::VelocityMesh *, vmesh::VelocityBlockContainer *, split::SplitVector<unsigned int, split::split_unified_allocator<unsigned int>> *, split::SplitVector<Hashinator::hash_pair<unsigned int, unsigned int>, split::split_unified_allocator<Hashinator::hash_pair<unsigned int, unsigned int>>> *, split::SplitVector<Hashinator::hash_pair<unsigned int, unsigned int>, split::split_unified_allocator<Hashinator::hash_pair<unsigned int, unsigned int>>> *, split::SplitVector<Hashinator::hash_pair<unsigned int, unsigned int>, split::split_unified_allocator<Hashinator::hash_pair<unsigned int, unsigned int>>> *, unsigned int, unsigned int, unsigned int, float *)"
0.0,3.5280,92,0.0383,0.0111,0.0050,0.2575,0.0475, 251    1    1,  64    1    1,"update_velocity_blocks_kernel(vmesh::VelocityMesh *, vmesh::VelocityBlockContainer *, split::SplitVector<unsigned int, split::split_unified_allocator<unsigned int>> *, split::SplitVector<Hashinator::hash_pair<unsigned int, unsigned int>, split::split_unified_allocator<Hashinator::hash_pair<unsigned int, unsigned int>>> *, split::SplitVector<Hashinator::hash_pair<unsigned int, unsigned int>, split::split_unified_allocator<Hashinator::hash_pair<unsigned int, unsigned int>>> *, split::SplitVector<Hashinator::hash_pair<unsigned int, unsigned int>, split::split_unified_allocator<Hashinator::hash_pair<unsigned int, unsigned int>>> *, unsigned int, unsigned int, unsigned int, float *)"
0.0,3.5084,96,0.0365,0.0087,0.0067,0.2439,0.0525, 572    1    1,  64    1    1,"update_velocity_blocks_kernel(vmesh::VelocityMesh *, vmesh::VelocityBlockContainer *, split::SplitVector<unsigned int, split::split_unified_allocator<unsigned int>> *, split::SplitVector<Hashinator::hash_pair<unsigned int, unsigned int>, split::split_unified_allocator<Hashinator::hash_pair<unsigned int, unsigned int>>> *, split::SplitVector<Hashinator::hash_pair<unsigned int, unsigned int>, split::split_unified_allocator<Hashinator::hash_pair<unsigned int, unsigned int>>> *, split::SplitVector<Hashinator::hash_pair<unsigned int, unsigned int>, split::split_unified_allocator<Hashinator::hash_pair<unsigned int, unsigned int>>> *, unsigned int, unsigned int, unsigned int, float *)"
0.0,3.5012,48,0.0729,0.0719,0.0662,0.0863,0.0042, 496    1    1,  32    1    1,"void arch::reduction_kernel<(unsigned int)32, (arch::reduce_op)2, (unsigned int)4, (unsigned int)0, DRO::VariablePrecipitationDiffFlux::reduceData(const spatial_cell::SpatialCell *, char *)::[lambda(unsigned int, unsigned int, unsigned int, unsigned int, double *) (instance 1)], double>(T5, const T6 *, T6 *, const unsigned int *, unsigned int, unsigned int, T6 *)"
0.0,3.4874,72,0.0484,0.0520,0.0044,0.0636,0.0118,  62    1    1, 512    1    1,"void arch::reduction_kernel<(unsigned int)512, (arch::reduce_op)2, (unsigned int)4, (unsigned int)3, DRO::VariablePTensorOffDiagonal::reduceData(const spatial_cell::SpatialCell *, char *)::[lambda(unsigned int, unsigned int, unsigned int, unsigned int, double *) (instance 1)], double>(T5, const T6 *, T6 *, const unsigned int *, unsigned int, unsigned int, T6 *)"
0.0,3.4780,106,0.0328,0.0104,0.0070,0.2462,0.0422,  90    1    1,1024    1    1,"update_neighbour_halo_kernel(vmesh::VelocityMesh *, unsigned int, unsigned int **, unsigned int *, Hashinator::Hashmap<unsigned int, unsigned int, (unsigned int)4294967295, (unsigned int)4294967294, Hashinator::HashFunctions::Fibonacci<unsigned int>, Hashinator::Hashers::Hasher<unsigned int, unsigned int, Hashinator::HashFunctions::Fibonacci<unsigned int>, (unsigned int)4294967295, (unsigned int)4294967294, (int)32, (int)1>, split::split_unified_allocator<Hashinator::Info>> *, Hashinator::Hashmap<unsigned int, unsigned int, (unsigned int)4294967295, (unsigned int)4294967294, Hashinator::HashFunctions::Fibonacci<unsigned int>, Hashinator::Hashers::Hasher<unsigned int, unsigned int, Hashinator::HashFunctions::Fibonacci<unsigned int>, (unsigned int)4294967295, (unsigned int)4294967294, (int)32, (int)1>, split::split_unified_allocator<Hashinator::Info>> *)"
0.0,3.4678,74,0.0469,0.0084,0.0050,0.3367,0.0646, 218    1    1,  64    1    1,"update_velocity_blocks_kernel(vmesh::VelocityMesh *, vmesh::VelocityBlockContainer *, split::SplitVector<unsigned int, split::split_unified_allocator<unsigned int>> *, split::SplitVector<Hashinator::hash_pair<unsigned int, unsigned int>, split::split_unified_allocator<Hashinator::hash_pair<unsigned int, unsigned int>>> *, split::SplitVector<Hashinator::hash_pair<unsigned int, unsigned int>, split::split_unified_allocator<Hashinator::hash_pair<unsigned int, unsigned int>>> *, split::SplitVector<Hashinator::hash_pair<unsigned int, unsigned int>, split::split_unified_allocator<Hashinator::hash_pair<unsigned int, unsigned int>>> *, unsigned int, unsigned int, unsigned int, float *)"
0.0,3.4527,72,0.0480,0.0511,0.0044,0.0817,0.0158,  62    1    1, 512    1    1,"void arch::reduction_kernel<(unsigned int)512, (arch::reduce_op)2, (unsigned int)4, (unsigned int)3, DRO::VariableEnergyDensity::reduceData(const spatial_cell::SpatialCell *, char *)::[lambda(unsigned int, unsigned int, unsigned int, unsigned int, double *) (instance 1)], double>(T5, const T6 *, T6 *, const unsigned int *, unsigned int, unsigned int, T6 *)"
0.0,3.3539,78,0.0430,0.0160,0.0128,0.2020,0.0433, 244    1    1, 832    1    1,"update_velocity_halo_kernel(vmesh::VelocityMesh *, unsigned int, unsigned int *, Hashinator::Hashmap<unsigned int, unsigned int, (unsigned int)4294967295, (unsigned int)4294967294, Hashinator::HashFunctions::Fibonacci<unsigned int>, Hashinator::Hashers::Hasher<unsigned int, unsigned int, Hashinator::HashFunctions::Fibonacci<unsigned int>, (unsigned int)4294967295, (unsigned int)4294967294, (int)32, (int)1>, split::split_unified_allocator<Hashinator::Info>> *, Hashinator::Hashmap<unsigned int, unsigned int, (unsigned int)4294967295, (unsigned int)4294967294, Hashinator::HashFunctions::Fibonacci<unsigned int>, Hashinator::Hashers::Hasher<unsigned int, unsigned int, Hashinator::HashFunctions::Fibonacci<unsigned int>, (unsigned int)4294967295, (unsigned int)4294967294, (int)32, (int)1>, split::split_unified_allocator<Hashinator::Info>> *)"
0.0,3.3531,132,0.0254,0.0110,0.0088,0.1727,0.0285,  73    1    1,  16    1    1,"reorder_blocks_by_dimension_kernel(vmesh::VelocityBlockContainer *, VecSimple<float> *, unsigned int *, unsigned int *, ColumnOffsets *)"
0.0,3.3504,478,0.0070,0.0069,0.0064,0.0089,0.0004, 400    1    1,  64    1    1,"update_velocity_block_content_lists_kernel(vmesh::VelocityMesh *, vmesh::VelocityBlockContainer *, Hashinator::Hashmap<unsigned int, unsigned int, (unsigned int)4294967295, (unsigned int)4294967294, Hashinator::HashFunctions::Fibonacci<unsigned int>, Hashinator::Hashers::Hasher<unsigned int, unsigned int, Hashinator::HashFunctions::Fibonacci<unsigned int>, (unsigned int)4294967295, (unsigned int)4294967294, (int)32, (int)1>, split::split_unified_allocator<Hashinator::Info>> *, Hashinator::Hashmap<unsigned int, unsigned int, (unsigned int)4294967295, (unsigned int)4294967294, Hashinator::HashFunctions::Fibonacci<unsigned int>, Hashinator::Hashers::Hasher<unsigned int, unsigned int, Hashinator::HashFunctions::Fibonacci<unsigned int>, (unsigned int)4294967295, (unsigned int)4294967294, (int)32, (int)1>, split::split_unified_allocator<Hashinator::Info>> *, double)"
0.0,3.3495,88,0.0381,0.0072,0.0050,0.3927,0.0592, 261    1    1,  64    1    1,"update_velocity_blocks_kernel(vmesh::VelocityMesh *, vmesh::VelocityBlockContainer *, split::SplitVector<unsigned int, split::split_unified_allocator<unsigned int>> *, split::SplitVector<Hashinator::hash_pair<unsigned int, unsigned int>, split::split_unified_allocator<Hashinator::hash_pair<unsigned int, unsigned int>>> *, split::SplitVector<Hashinator::hash_pair<unsigned int, unsigned int>, split::split_unified_allocator<Hashinator::hash_pair<unsigned int, unsigned int>>> *, split::SplitVector<Hashinator::hash_pair<unsigned int, unsigned int>, split::split_unified_allocator<Hashinator::hash_pair<unsigned int, unsigned int>>> *, unsigned int, unsigned int, unsigned int, float *)"
0.0,3.3331,96,0.0347,0.0047,0.0023,0.5224,0.0606,   1    1    1,  96    1    1,"void Hashinator::Hashers::reset_to_empty<unsigned int, unsigned int, (unsigned int)4294967295, Hashinator::HashFunctions::Fibonacci<unsigned int>, (int)32, (int)1>(Hashinator::hash_pair<T1, T2> *, Hashinator::hash_pair<T1, T2> *, Hashinator::Info *, unsigned long)"
0.0,3.3218,132,0.0252,0.0135,0.0107,0.1309,0.0212,  73    1    1,  32    1    1,"evaluate_column_extents_kernel(unsigned int, const vmesh::VelocityMesh *, ColumnOffsets *, Column *, split::SplitVector<unsigned int, split::split_unified_allocator<unsigned int>> *, Hashinator::Hashmap<unsigned int, unsigned int, (unsigned int)4294967295, (unsigned int)4294967294, Hashinator::HashFunctions::Fibonacci<unsigned int>, Hashinator::Hashers::Hasher<unsigned int, unsigned int, Hashinator::HashFunctions::Fibonacci<unsigned int>, (unsigned int)4294967295, (unsigned int)4294967294, (int)32, (int)1>, split::split_unified_allocator<Hashinator::Info>> *, Hashinator::Hashmap<unsigned int, unsigned int, (unsigned int)4294967295, (unsigned int)4294967294, Hashinator::HashFunctions::Fibonacci<unsigned int>, Hashinator::Hashers::Hasher<unsigned int, unsigned int, Hashinator::HashFunctions::Fibonacci<unsigned int>, (unsigned int)4294967295, (unsigned int)4294967294, (int)32, (int)1>, split::split_unified_allocator<Hashinator::Info>> *, unsigned int *, unsigned int *, float, float, float, float, int, int, float, float, unsigned int *)"
0.0,3.3182,88,0.0377,0.0071,0.0050,0.2284,0.0485, 296    1    1,  64    1    1,"update_velocity_blocks_kernel(vmesh::VelocityMesh *, vmesh::VelocityBlockContainer *, split::SplitVector<unsigned int, split::split_unified_allocator<unsigned int>> *, split::SplitVector<Hashinator::hash_pair<unsigned int, unsigned int>, split::split_unified_allocator<Hashinator::hash_pair<unsigned int, unsigned int>>> *, split::SplitVector<Hashinator::hash_pair<unsigned int, unsigned int>, split::split_unified_allocator<Hashinator::hash_pair<unsigned int, unsigned int>>> *, split::SplitVector<Hashinator::hash_pair<unsigned int, unsigned int>, split::split_unified_allocator<Hashinator::hash_pair<unsigned int, unsigned int>>> *, unsigned int, unsigned int, unsigned int, float *)"
0.0,3.3103,90,0.0368,0.0074,0.0051,0.2935,0.0485, 270    1    1,  64    1    1,"update_velocity_blocks_kernel(vmesh::VelocityMesh *, vmesh::VelocityBlockContainer *, split::SplitVector<unsigned int, split::split_unified_allocator<unsigned int>> *, split::SplitVector<Hashinator::hash_pair<unsigned int, unsigned int>, split::split_unified_allocator<Hashinator::hash_pair<unsigned int, unsigned int>>> *, split::SplitVector<Hashinator::hash_pair<unsigned int, unsigned int>, split::split_unified_allocator<Hashinator::hash_pair<unsigned int, unsigned int>>> *, split::SplitVector<Hashinator::hash_pair<unsigned int, unsigned int>, split::split_unified_allocator<Hashinator::hash_pair<unsigned int, unsigned int>>> *, unsigned int, unsigned int, unsigned int, float *)"
0.0,3.2676,72,0.0454,0.0492,0.0042,0.0597,0.0150,  47    1    1, 512    1    1,"void arch::reduction_kernel<(unsigned int)512, (arch::reduce_op)2, (unsigned int)4, (unsigned int)3, DRO::VariablePTensorOffDiagonal::reduceData(const spatial_cell::SpatialCell *, char *)::[lambda(unsigned int, unsigned int, unsigned int, unsigned int, double *) (instance 1)], double>(T5, const T6 *, T6 *, const unsigned int *, unsigned int, unsigned int, T6 *)"
0.0,3.2264,64,0.0504,0.0158,0.0052,0.3187,0.0657, 331    1    1,  64    1    1,"update_velocity_blocks_kernel(vmesh::VelocityMesh *, vmesh::VelocityBlockContainer *, split::SplitVector<unsigned int, split::split_unified_allocator<unsigned int>> *, split::SplitVector<Hashinator::hash_pair<unsigned int, unsigned int>, split::split_unified_allocator<Hashinator::hash_pair<unsigned int, unsigned int>>> *, split::SplitVector<Hashinator::hash_pair<unsigned int, unsigned int>, split::split_unified_allocator<Hashinator::hash_pair<unsigned int, unsigned int>>> *, split::SplitVector<Hashinator::hash_pair<unsigned int, unsigned int>, split::split_unified_allocator<Hashinator::hash_pair<unsigned int, unsigned int>>> *, unsigned int, unsigned int, unsigned int, float *)"
0.0,3.2094,78,0.0411,0.0078,0.0052,0.3015,0.0575, 343    1    1,  64    1    1,"update_velocity_blocks_kernel(vmesh::VelocityMesh *, vmesh::VelocityBlockContainer *, split::SplitVector<unsigned int, split::split_unified_allocator<unsigned int>> *, split::SplitVector<Hashinator::hash_pair<unsigned int, unsigned int>, split::split_unified_allocator<Hashinator::hash_pair<unsigned int, unsigned int>>> *, split::SplitVector<Hashinator::hash_pair<unsigned int, unsigned int>, split::split_unified_allocator<Hashinator::hash_pair<unsigned int, unsigned int>>> *, split::SplitVector<Hashinator::hash_pair<unsigned int, unsigned int>, split::split_unified_allocator<Hashinator::hash_pair<unsigned int, unsigned int>>> *, unsigned int, unsigned int, unsigned int, float *)"
0.0,3.2065,105,0.0305,0.0233,0.0025,0.2640,0.0359,   1    1    1,  32    1    1,"void Hashinator::Hashers::reset_to_empty<unsigned int, unsigned int, (unsigned int)4294967295, Hashinator::HashFunctions::Fibonacci<unsigned int>, (int)32, (int)1>(Hashinator::hash_pair<T1, T2> *, Hashinator::hash_pair<T1, T2> *, Hashinator::Info *, unsigned long)"
0.0,3.1972,192,0.0167,0.0050,0.0048,0.2571,0.0305, 180    1    1, 512    1    1,"void arch::reduction_kernel<(unsigned int)512, (arch::reduce_op)2, (unsigned int)4, (unsigned int)3, void blockVelocitySecondMoments<double, (unsigned int)3>(vmesh::VelocityBlockContainer *, T1, T1, T1, T1 (&)[T2], unsigned int)::[lambda(unsigned int, unsigned int, unsigned int, unsigned int, double *) (instance 1)], double>(T5, const T6 *, T6 *, const unsigned int *, unsigned int, unsigned int, T6 *)"
0.0,3.1928,72,0.0443,0.0486,0.0042,0.0760,0.0167,  47    1    1, 512    1    1,"void arch::reduction_kernel<(unsigned int)512, (arch::reduce_op)2, (unsigned int)4, (unsigned int)3, DRO::VariableEnergyDensity::reduceData(const spatial_cell::SpatialCell *, char *)::[lambda(unsigned int, unsigned int, unsigned int, unsigned int, double *) (instance 1)], double>(T5, const T6 *, T6 *, const unsigned int *, unsigned int, unsigned int, T6 *)"
0.0,3.1710,84,0.0378,0.0152,0.0128,0.2774,0.0439, 241    1    1, 832    1    1,"update_velocity_halo_kernel(vmesh::VelocityMesh *, unsigned int, unsigned int *, Hashinator::Hashmap<unsigned int, unsigned int, (unsigned int)4294967295, (unsigned int)4294967294, Hashinator::HashFunctions::Fibonacci<unsigned int>, Hashinator::Hashers::Hasher<unsigned int, unsigned int, Hashinator::HashFunctions::Fibonacci<unsigned int>, (unsigned int)4294967295, (unsigned int)4294967294, (int)32, (int)1>, split::split_unified_allocator<Hashinator::Info>> *, Hashinator::Hashmap<unsigned int, unsigned int, (unsigned int)4294967295, (unsigned int)4294967294, Hashinator::HashFunctions::Fibonacci<unsigned int>, Hashinator::Hashers::Hasher<unsigned int, unsigned int, Hashinator::HashFunctions::Fibonacci<unsigned int>, (unsigned int)4294967295, (unsigned int)4294967294, (int)32, (int)1>, split::split_unified_allocator<Hashinator::Info>> *)"
0.0,3.1416,86,0.0365,0.0072,0.0052,0.3628,0.0584, 269    1    1,  64    1    1,"update_velocity_blocks_kernel(vmesh::VelocityMesh *, vmesh::VelocityBlockContainer *, split::SplitVector<unsigned int, split::split_unified_allocator<unsigned int>> *, split::SplitVector<Hashinator::hash_pair<unsigned int, unsigned int>, split::split_unified_allocator<Hashinator::hash_pair<unsigned int, unsigned int>>> *, split::SplitVector<Hashinator::hash_pair<unsigned int, unsigned int>, split::split_unified_allocator<Hashinator::hash_pair<unsigned int, unsigned int>>> *, split::SplitVector<Hashinator::hash_pair<unsigned int, unsigned int>, split::split_unified_allocator<Hashinator::hash_pair<unsigned int, unsigned int>>> *, unsigned int, unsigned int, unsigned int, float *)"
0.0,3.1314,91,0.0344,0.0070,0.0051,0.2519,0.0487, 277    1    1,  64    1    1,"update_velocity_blocks_kernel(vmesh::VelocityMesh *, vmesh::VelocityBlockContainer *, split::SplitVector<unsigned int, split::split_unified_allocator<unsigned int>> *, split::SplitVector<Hashinator::hash_pair<unsigned int, unsigned int>, split::split_unified_allocator<Hashinator::hash_pair<unsigned int, unsigned int>>> *, split::SplitVector<Hashinator::hash_pair<unsigned int, unsigned int>, split::split_unified_allocator<Hashinator::hash_pair<unsigned int, unsigned int>>> *, split::SplitVector<Hashinator::hash_pair<unsigned int, unsigned int>, split::split_unified_allocator<Hashinator::hash_pair<unsigned int, unsigned int>>> *, unsigned int, unsigned int, unsigned int, float *)"
0.0,3.1158,76,0.0410,0.0106,0.0082,0.3100,0.0557,  84    1    1, 832    1    1,"update_velocity_halo_kernel(vmesh::VelocityMesh *, unsigned int, unsigned int *, Hashinator::Hashmap<unsigned int, unsigned int, (unsigned int)4294967295, (unsigned int)4294967294, Hashinator::HashFunctions::Fibonacci<unsigned int>, Hashinator::Hashers::Hasher<unsigned int, unsigned int, Hashinator::HashFunctions::Fibonacci<unsigned int>, (unsigned int)4294967295, (unsigned int)4294967294, (int)32, (int)1>, split::split_unified_allocator<Hashinator::Info>> *, Hashinator::Hashmap<unsigned int, unsigned int, (unsigned int)4294967295, (unsigned int)4294967294, Hashinator::HashFunctions::Fibonacci<unsigned int>, Hashinator::Hashers::Hasher<unsigned int, unsigned int, Hashinator::HashFunctions::Fibonacci<unsigned int>, (unsigned int)4294967295, (unsigned int)4294967294, (int)32, (int)1>, split::split_unified_allocator<Hashinator::Info>> *)"
0.0,3.0642,88,0.0348,0.0074,0.0050,0.2797,0.0519, 289    1    1,  64    1    1,"update_velocity_blocks_kernel(vmesh::VelocityMesh *, vmesh::VelocityBlockContainer *, split::SplitVector<unsigned int, split::split_unified_allocator<unsigned int>> *, split::SplitVector<Hashinator::hash_pair<unsigned int, unsigned int>, split::split_unified_allocator<Hashinator::hash_pair<unsigned int, unsigned int>>> *, split::SplitVector<Hashinator::hash_pair<unsigned int, unsigned int>, split::split_unified_allocator<Hashinator::hash_pair<unsigned int, unsigned int>>> *, split::SplitVector<Hashinator::hash_pair<unsigned int, unsigned int>, split::split_unified_allocator<Hashinator::hash_pair<unsigned int, unsigned int>>> *, unsigned int, unsigned int, unsigned int, float *)"
0.0,3.0607,88,0.0348,0.0157,0.0128,0.1533,0.0339, 123    1    1,  16    1    1,"reorder_blocks_by_dimension_kernel(vmesh::VelocityBlockContainer *, VecSimple<float> *, unsigned int *, unsigned int *, ColumnOffsets *)"
0.0,3.0502,105,0.0290,0.0094,0.0079,0.1137,0.0274,1472    1    1,  64    1    1,"update_velocity_block_content_lists_kernel(vmesh::VelocityMesh *, vmesh::VelocityBlockContainer *, Hashinator::Hashmap<unsigned int, unsigned int, (unsigned int)4294967295, (unsigned int)4294967294, Hashinator::HashFunctions::Fibonacci<unsigned int>, Hashinator::Hashers::Hasher<unsigned int, unsigned int, Hashinator::HashFunctions::Fibonacci<unsigned int>, (unsigned int)4294967295, (unsigned int)4294967294, (int)32, (int)1>, split::split_unified_allocator<Hashinator::Info>> *, Hashinator::Hashmap<unsigned int, unsigned int, (unsigned int)4294967295, (unsigned int)4294967294, Hashinator::HashFunctions::Fibonacci<unsigned int>, Hashinator::Hashers::Hasher<unsigned int, unsigned int, Hashinator::HashFunctions::Fibonacci<unsigned int>, (unsigned int)4294967295, (unsigned int)4294967294, (int)32, (int)1>, split::split_unified_allocator<Hashinator::Info>> *, double)"
0.0,3.0482,132,0.0231,0.0093,0.0064,0.1315,0.0297,  63    1    1,  16    1    1,"reorder_blocks_by_dimension_kernel(vmesh::VelocityBlockContainer *, VecSimple<float> *, unsigned int *, unsigned int *, ColumnOffsets *)"
0.0,3.0172,72,0.0419,0.0498,0.0043,0.0659,0.0207,  55    1    1, 512    1    1,"void arch::reduction_kernel<(unsigned int)512, (arch::reduce_op)2, (unsigned int)4, (unsigned int)3, DRO::VariableEnergyDensity::reduceData(const spatial_cell::SpatialCell *, char *)::[lambda(unsigned int, unsigned int, unsigned int, unsigned int, double *) (instance 1)], double>(T5, const T6 *, T6 *, const unsigned int *, unsigned int, unsigned int, T6 *)"
0.0,3.0006,128,0.0234,0.0079,0.0062,0.1308,0.0271,  56    1    1,  64    1    1,"update_velocity_blocks_kernel(vmesh::VelocityMesh *, vmesh::VelocityBlockContainer *, split::SplitVector<unsigned int, split::split_unified_allocator<unsigned int>> *, split::SplitVector<Hashinator::hash_pair<unsigned int, unsigned int>, split::split_unified_allocator<Hashinator::hash_pair<unsigned int, unsigned int>>> *, split::SplitVector<Hashinator::hash_pair<unsigned int, unsigned int>, split::split_unified_allocator<Hashinator::hash_pair<unsigned int, unsigned int>>> *, split::SplitVector<Hashinator::hash_pair<unsigned int, unsigned int>, split::split_unified_allocator<Hashinator::hash_pair<unsigned int, unsigned int>>> *, unsigned int, unsigned int, unsigned int, float *)"
0.0,2.9868,96,0.0311,0.0082,0.0053,0.1991,0.0392, 327    1    1,  64    1    1,"update_velocity_blocks_kernel(vmesh::VelocityMesh *, vmesh::VelocityBlockContainer *, split::SplitVector<unsigned int, split::split_unified_allocator<unsigned int>> *, split::SplitVector<Hashinator::hash_pair<unsigned int, unsigned int>, split::split_unified_allocator<Hashinator::hash_pair<unsigned int, unsigned int>>> *, split::SplitVector<Hashinator::hash_pair<unsigned int, unsigned int>, split::split_unified_allocator<Hashinator::hash_pair<unsigned int, unsigned int>>> *, split::SplitVector<Hashinator::hash_pair<unsigned int, unsigned int>, split::split_unified_allocator<Hashinator::hash_pair<unsigned int, unsigned int>>> *, unsigned int, unsigned int, unsigned int, float *)"
0.0,2.9779,102,0.0292,0.0115,0.0092,0.1802,0.0346, 170    1    1,1024    1    1,"update_neighbour_halo_kernel(vmesh::VelocityMesh *, unsigned int, unsigned int **, unsigned int *, Hashinator::Hashmap<unsigned int, unsigned int, (unsigned int)4294967295, (unsigned int)4294967294, Hashinator::HashFunctions::Fibonacci<unsigned int>, Hashinator::Hashers::Hasher<unsigned int, unsigned int, Hashinator::HashFunctions::Fibonacci<unsigned int>, (unsigned int)4294967295, (unsigned int)4294967294, (int)32, (int)1>, split::split_unified_allocator<Hashinator::Info>> *, Hashinator::Hashmap<unsigned int, unsigned int, (unsigned int)4294967295, (unsigned int)4294967294, Hashinator::HashFunctions::Fibonacci<unsigned int>, Hashinator::Hashers::Hasher<unsigned int, unsigned int, Hashinator::HashFunctions::Fibonacci<unsigned int>, (unsigned int)4294967295, (unsigned int)4294967294, (int)32, (int)1>, split::split_unified_allocator<Hashinator::Info>> *)"
0.0,2.8695,104,0.0276,0.0133,0.0087,0.2266,0.0379, 131    1    1,1024    1    1,"update_neighbour_halo_kernel(vmesh::VelocityMesh *, unsigned int, unsigned int **, unsigned int *, Hashinator::Hashmap<unsigned int, unsigned int, (unsigned int)4294967295, (unsigned int)4294967294, Hashinator::HashFunctions::Fibonacci<unsigned int>, Hashinator::Hashers::Hasher<unsigned int, unsigned int, Hashinator::HashFunctions::Fibonacci<unsigned int>, (unsigned int)4294967295, (unsigned int)4294967294, (int)32, (int)1>, split::split_unified_allocator<Hashinator::Info>> *, Hashinator::Hashmap<unsigned int, unsigned int, (unsigned int)4294967295, (unsigned int)4294967294, Hashinator::HashFunctions::Fibonacci<unsigned int>, Hashinator::Hashers::Hasher<unsigned int, unsigned int, Hashinator::HashFunctions::Fibonacci<unsigned int>, (unsigned int)4294967295, (unsigned int)4294967294, (int)32, (int)1>, split::split_unified_allocator<Hashinator::Info>> *)"
0.0,2.8512,72,0.0396,0.0502,0.0041,0.0581,0.0208,  62    1    1, 512    1    1,"void arch::reduction_kernel<(unsigned int)512, (arch::reduce_op)2, (unsigned int)4, (unsigned int)3, DRO::VariablePTensorDiagonal::reduceData(const spatial_cell::SpatialCell *, char *)::[lambda(unsigned int, unsigned int, unsigned int, unsigned int, double *) (instance 1)], double>(T5, const T6 *, T6 *, const unsigned int *, unsigned int, unsigned int, T6 *)"
0.0,2.8360,72,0.0394,0.0496,0.0041,0.0584,0.0205,  47    1    1, 512    1    1,"void arch::reduction_kernel<(unsigned int)512, (arch::reduce_op)2, (unsigned int)4, (unsigned int)3, DRO::VariablePTensorDiagonal::reduceData(const spatial_cell::SpatialCell *, char *)::[lambda(unsigned int, unsigned int, unsigned int, unsigned int, double *) (instance 1)], double>(T5, const T6 *, T6 *, const unsigned int *, unsigned int, unsigned int, T6 *)"
0.0,2.8009,88,0.0318,0.0115,0.0091,0.1985,0.0356,  71    1    1,  16    1    1,"reorder_blocks_by_dimension_kernel(vmesh::VelocityBlockContainer *, VecSimple<float> *, unsigned int *, unsigned int *, ColumnOffsets *)"
0.0,2.7905,92,0.0303,0.0096,0.0065,0.3735,0.0490, 103    1    1,1024    1    1,"update_neighbour_halo_kernel(vmesh::VelocityMesh *, unsigned int, unsigned int **, unsigned int *, Hashinator::Hashmap<unsigned int, unsigned int, (unsigned int)4294967295, (unsigned int)4294967294, Hashinator::HashFunctions::Fibonacci<unsigned int>, Hashinator::Hashers::Hasher<unsigned int, unsigned int, Hashinator::HashFunctions::Fibonacci<unsigned int>, (unsigned int)4294967295, (unsigned int)4294967294, (int)32, (int)1>, split::split_unified_allocator<Hashinator::Info>> *, Hashinator::Hashmap<unsigned int, unsigned int, (unsigned int)4294967295, (unsigned int)4294967294, Hashinator::HashFunctions::Fibonacci<unsigned int>, Hashinator::Hashers::Hasher<unsigned int, unsigned int, Hashinator::HashFunctions::Fibonacci<unsigned int>, (unsigned int)4294967295, (unsigned int)4294967294, (int)32, (int)1>, split::split_unified_allocator<Hashinator::Info>> *)"
0.0,2.7794,88,0.0316,0.0071,0.0051,0.1851,0.0414, 350    1    1,  64    1    1,"update_velocity_blocks_kernel(vmesh::VelocityMesh *, vmesh::VelocityBlockContainer *, split::SplitVector<unsigned int, split::split_unified_allocator<unsigned int>> *, split::SplitVector<Hashinator::hash_pair<unsigned int, unsigned int>, split::split_unified_allocator<Hashinator::hash_pair<unsigned int, unsigned int>>> *, split::SplitVector<Hashinator::hash_pair<unsigned int, unsigned int>, split::split_unified_allocator<Hashinator::hash_pair<unsigned int, unsigned int>>> *, split::SplitVector<Hashinator::hash_pair<unsigned int, unsigned int>, split::split_unified_allocator<Hashinator::hash_pair<unsigned int, unsigned int>>> *, unsigned int, unsigned int, unsigned int, float *)"
0.0,2.7789,74,0.0376,0.0071,0.0050,0.3056,0.0630, 216    1    1,  64    1    1,"update_velocity_blocks_kernel(vmesh::VelocityMesh *, vmesh::VelocityBlockContainer *, split::SplitVector<unsigned int, split::split_unified_allocator<unsigned int>> *, split::SplitVector<Hashinator::hash_pair<unsigned int, unsigned int>, split::split_unified_allocator<Hashinator::hash_pair<unsigned int, unsigned int>>> *, split::SplitVector<Hashinator::hash_pair<unsigned int, unsigned int>, split::split_unified_allocator<Hashinator::hash_pair<unsigned int, unsigned int>>> *, split::SplitVector<Hashinator::hash_pair<unsigned int, unsigned int>, split::split_unified_allocator<Hashinator::hash_pair<unsigned int, unsigned int>>> *, unsigned int, unsigned int, unsigned int, float *)"
0.0,2.7155,96,0.0283,0.0148,0.0120,0.1209,0.0220,  44    1    1,  32    1    1,"evaluate_column_extents_kernel(unsigned int, const vmesh::VelocityMesh *, ColumnOffsets *, Column *, split::SplitVector<unsigned int, split::split_unified_allocator<unsigned int>> *, Hashinator::Hashmap<unsigned int, unsigned int, (unsigned int)4294967295, (unsigned int)4294967294, Hashinator::HashFunctions::Fibonacci<unsigned int>, Hashinator::Hashers::Hasher<unsigned int, unsigned int, Hashinator::HashFunctions::Fibonacci<unsigned int>, (unsigned int)4294967295, (unsigned int)4294967294, (int)32, (int)1>, split::split_unified_allocator<Hashinator::Info>> *, Hashinator::Hashmap<unsigned int, unsigned int, (unsigned int)4294967295, (unsigned int)4294967294, Hashinator::HashFunctions::Fibonacci<unsigned int>, Hashinator::Hashers::Hasher<unsigned int, unsigned int, Hashinator::HashFunctions::Fibonacci<unsigned int>, (unsigned int)4294967295, (unsigned int)4294967294, (int)32, (int)1>, split::split_unified_allocator<Hashinator::Info>> *, unsigned int *, unsigned int *, float, float, float, float, int, int, float, float, unsigned int *)"
0.0,2.7025,80,0.0338,0.0149,0.0109,0.2368,0.0391,  95    1    1,  16    1    1,"reorder_blocks_by_dimension_kernel(vmesh::VelocityBlockContainer *, VecSimple<float> *, unsigned int *, unsigned int *, ColumnOffsets *)"
0.0,2.7009,382,0.0071,0.0070,0.0064,0.0091,0.0004, 441    1    1,  64    1    1,"update_velocity_block_content_lists_kernel(vmesh::VelocityMesh *, vmesh::VelocityBlockContainer *, Hashinator::Hashmap<unsigned int, unsigned int, (unsigned int)4294967295, (unsigned int)4294967294, Hashinator::HashFunctions::Fibonacci<unsigned int>, Hashinator::Hashers::Hasher<unsigned int, unsigned int, Hashinator::HashFunctions::Fibonacci<unsigned int>, (unsigned int)4294967295, (unsigned int)4294967294, (int)32, (int)1>, split::split_unified_allocator<Hashinator::Info>> *, Hashinator::Hashmap<unsigned int, unsigned int, (unsigned int)4294967295, (unsigned int)4294967294, Hashinator::HashFunctions::Fibonacci<unsigned int>, Hashinator::Hashers::Hasher<unsigned int, unsigned int, Hashinator::HashFunctions::Fibonacci<unsigned int>, (unsigned int)4294967295, (unsigned int)4294967294, (int)32, (int)1>, split::split_unified_allocator<Hashinator::Info>> *, double)"
0.0,2.6988,72,0.0375,0.0442,0.0077,0.1127,0.0273,1432    1    1,  64    1    1,"update_velocity_block_content_lists_kernel(vmesh::VelocityMesh *, vmesh::VelocityBlockContainer *, Hashinator::Hashmap<unsigned int, unsigned int, (unsigned int)4294967295, (unsigned int)4294967294, Hashinator::HashFunctions::Fibonacci<unsigned int>, Hashinator::Hashers::Hasher<unsigned int, unsigned int, Hashinator::HashFunctions::Fibonacci<unsigned int>, (unsigned int)4294967295, (unsigned int)4294967294, (int)32, (int)1>, split::split_unified_allocator<Hashinator::Info>> *, Hashinator::Hashmap<unsigned int, unsigned int, (unsigned int)4294967295, (unsigned int)4294967294, Hashinator::HashFunctions::Fibonacci<unsigned int>, Hashinator::Hashers::Hasher<unsigned int, unsigned int, Hashinator::HashFunctions::Fibonacci<unsigned int>, (unsigned int)4294967295, (unsigned int)4294967294, (int)32, (int)1>, split::split_unified_allocator<Hashinator::Info>> *, double)"
0.0,2.6905,72,0.0374,0.0497,0.0042,0.0655,0.0224,  55    1    1, 512    1    1,"void arch::reduction_kernel<(unsigned int)512, (arch::reduce_op)2, (unsigned int)4, (unsigned int)3, DRO::VariablePTensorOffDiagonal::reduceData(const spatial_cell::SpatialCell *, char *)::[lambda(unsigned int, unsigned int, unsigned int, unsigned int, double *) (instance 1)], double>(T5, const T6 *, T6 *, const unsigned int *, unsigned int, unsigned int, T6 *)"
0.0,2.6545,62,0.0428,0.0073,0.0050,0.2170,0.0527, 248    1    1,  64    1    1,"update_velocity_blocks_kernel(vmesh::VelocityMesh *, vmesh::VelocityBlockContainer *, split::SplitVector<unsigned int, split::split_unified_allocator<unsigned int>> *, split::SplitVector<Hashinator::hash_pair<unsigned int, unsigned int>, split::split_unified_allocator<Hashinator::hash_pair<unsigned int, unsigned int>>> *, split::SplitVector<Hashinator::hash_pair<unsigned int, unsigned int>, split::split_unified_allocator<Hashinator::hash_pair<unsigned int, unsigned int>>> *, split::SplitVector<Hashinator::hash_pair<unsigned int, unsigned int>, split::split_unified_allocator<Hashinator::hash_pair<unsigned int, unsigned int>>> *, unsigned int, unsigned int, unsigned int, float *)"
0.0,2.6100,102,0.0256,0.0088,0.0065,0.2732,0.0406,  74    1    1,1024    1    1,"update_neighbour_halo_kernel(vmesh::VelocityMesh *, unsigned int, unsigned int **, unsigned int *, Hashinator::Hashmap<unsigned int, unsigned int, (unsigned int)4294967295, (unsigned int)4294967294, Hashinator::HashFunctions::Fibonacci<unsigned int>, Hashinator::Hashers::Hasher<unsigned int, unsigned int, Hashinator::HashFunctions::Fibonacci<unsigned int>, (unsigned int)4294967295, (unsigned int)4294967294, (int)32, (int)1>, split::split_unified_allocator<Hashinator::Info>> *, Hashinator::Hashmap<unsigned int, unsigned int, (unsigned int)4294967295, (unsigned int)4294967294, Hashinator::HashFunctions::Fibonacci<unsigned int>, Hashinator::Hashers::Hasher<unsigned int, unsigned int, Hashinator::HashFunctions::Fibonacci<unsigned int>, (unsigned int)4294967295, (unsigned int)4294967294, (int)32, (int)1>, split::split_unified_allocator<Hashinator::Info>> *)"
0.0,2.6077,46,0.0567,0.0068,0.0050,0.3471,0.0889, 271    1    1,  64    1    1,"update_velocity_blocks_kernel(vmesh::VelocityMesh *, vmesh::VelocityBlockContainer *, split::SplitVector<unsigned int, split::split_unified_allocator<unsigned int>> *, split::SplitVector<Hashinator::hash_pair<unsigned int, unsigned int>, split::split_unified_allocator<Hashinator::hash_pair<unsigned int, unsigned int>>> *, split::SplitVector<Hashinator::hash_pair<unsigned int, unsigned int>, split::split_unified_allocator<Hashinator::hash_pair<unsigned int, unsigned int>>> *, split::SplitVector<Hashinator::hash_pair<unsigned int, unsigned int>, split::split_unified_allocator<Hashinator::hash_pair<unsigned int, unsigned int>>> *, unsigned int, unsigned int, unsigned int, float *)"
0.0,2.5741,192,0.0134,0.0053,0.0051,0.1156,0.0198, 180    1    1, 512    1    1,"void arch::reduction_kernel<(unsigned int)512, (arch::reduce_op)2, (unsigned int)4, (unsigned int)4, void blockVelocityFirstMoments<double, (unsigned int)4>(vmesh::VelocityBlockContainer *, T1 (&)[T2], unsigned int)::[lambda(unsigned int, unsigned int, unsigned int, unsigned int, double *) (instance 1)], double>(T5, const T6 *, T6 *, const unsigned int *, unsigned int, unsigned int, T6 *)"
0.0,2.5440,88,0.0289,0.0155,0.0115,0.1256,0.0243, 123    1    1,  32    1    1,"evaluate_column_extents_kernel(unsigned int, const vmesh::VelocityMesh *, ColumnOffsets *, Column *, split::SplitVector<unsigned int, split::split_unified_allocator<unsigned int>> *, Hashinator::Hashmap<unsigned int, unsigned int, (unsigned int)4294967295, (unsigned int)4294967294, Hashinator::HashFunctions::Fibonacci<unsigned int>, Hashinator::Hashers::Hasher<unsigned int, unsigned int, Hashinator::HashFunctions::Fibonacci<unsigned int>, (unsigned int)4294967295, (unsigned int)4294967294, (int)32, (int)1>, split::split_unified_allocator<Hashinator::Info>> *, Hashinator::Hashmap<unsigned int, unsigned int, (unsigned int)4294967295, (unsigned int)4294967294, Hashinator::HashFunctions::Fibonacci<unsigned int>, Hashinator::Hashers::Hasher<unsigned int, unsigned int, Hashinator::HashFunctions::Fibonacci<unsigned int>, (unsigned int)4294967295, (unsigned int)4294967294, (int)32, (int)1>, split::split_unified_allocator<Hashinator::Info>> *, unsigned int *, unsigned int *, float, float, float, float, int, int, float, float, unsigned int *)"
0.0,2.5233,192,0.0131,0.0047,0.0044,0.5218,0.0503,  33    1    1, 512    1    1,"void arch::reduction_kernel<(unsigned int)512, (arch::reduce_op)2, (unsigned int)4, (unsigned int)4, void blockVelocityFirstMoments<double, (unsigned int)4>(vmesh::VelocityBlockContainer *, T1 (&)[T2], unsigned int)::[lambda(unsigned int, unsigned int, unsigned int, unsigned int, double *) (instance 1)], double>(T5, const T6 *, T6 *, const unsigned int *, unsigned int, unsigned int, T6 *)"
0.0,2.5191,96,0.0262,0.0113,0.0102,0.1494,0.0291,  44    1    1,  16    1    1,"reorder_blocks_by_dimension_kernel(vmesh::VelocityBlockContainer *, VecSimple<float> *, unsigned int *, unsigned int *, ColumnOffsets *)"
0.0,2.4981,70,0.0357,0.0153,0.0127,0.1877,0.0385, 245    1    1, 832    1    1,"update_velocity_halo_kernel(vmesh::VelocityMesh *, unsigned int, unsigned int *, Hashinator::Hashmap<unsigned int, unsigned int, (unsigned int)4294967295, (unsigned int)4294967294, Hashinator::HashFunctions::Fibonacci<unsigned int>, Hashinator::Hashers::Hasher<unsigned int, unsigned int, Hashinator::HashFunctions::Fibonacci<unsigned int>, (unsigned int)4294967295, (unsigned int)4294967294, (int)32, (int)1>, split::split_unified_allocator<Hashinator::Info>> *, Hashinator::Hashmap<unsigned int, unsigned int, (unsigned int)4294967295, (unsigned int)4294967294, Hashinator::HashFunctions::Fibonacci<unsigned int>, Hashinator::Hashers::Hasher<unsigned int, unsigned int, Hashinator::HashFunctions::Fibonacci<unsigned int>, (unsigned int)4294967295, (unsigned int)4294967294, (int)32, (int)1>, split::split_unified_allocator<Hashinator::Info>> *)"
0.0,2.4661,72,0.0343,0.0494,0.0042,0.0608,0.0228,  55    1    1, 512    1    1,"void arch::reduction_kernel<(unsigned int)512, (arch::reduce_op)2, (unsigned int)4, (unsigned int)3, DRO::VariablePTensorDiagonal::reduceData(const spatial_cell::SpatialCell *, char *)::[lambda(unsigned int, unsigned int, unsigned int, unsigned int, double *) (instance 1)], double>(T5, const T6 *, T6 *, const unsigned int *, unsigned int, unsigned int, T6 *)"
0.0,2.4535,48,0.0511,0.0481,0.0081,0.1884,0.0365,1440    1    1,  64    1    1,"update_velocity_block_content_lists_kernel(vmesh::VelocityMesh *, vmesh::VelocityBlockContainer *, Hashinator::Hashmap<unsigned int, unsigned int, (unsigned int)4294967295, (unsigned int)4294967294, Hashinator::HashFunctions::Fibonacci<unsigned int>, Hashinator::Hashers::Hasher<unsigned int, unsigned int, Hashinator::HashFunctions::Fibonacci<unsigned int>, (unsigned int)4294967295, (unsigned int)4294967294, (int)32, (int)1>, split::split_unified_allocator<Hashinator::Info>> *, Hashinator::Hashmap<unsigned int, unsigned int, (unsigned int)4294967295, (unsigned int)4294967294, Hashinator::HashFunctions::Fibonacci<unsigned int>, Hashinator::Hashers::Hasher<unsigned int, unsigned int, Hashinator::HashFunctions::Fibonacci<unsigned int>, (unsigned int)4294967295, (unsigned int)4294967294, (int)32, (int)1>, split::split_unified_allocator<Hashinator::Info>> *, double)"
0.0,2.4427,88,0.0278,0.0136,0.0110,0.0999,0.0234,  71    1    1,  32    1    1,"evaluate_column_extents_kernel(unsigned int, const vmesh::VelocityMesh *, ColumnOffsets *, Column *, split::SplitVector<unsigned int, split::split_unified_allocator<unsigned int>> *, Hashinator::Hashmap<unsigned int, unsigned int, (unsigned int)4294967295, (unsigned int)4294967294, Hashinator::HashFunctions::Fibonacci<unsigned int>, Hashinator::Hashers::Hasher<unsigned int, unsigned int, Hashinator::HashFunctions::Fibonacci<unsigned int>, (unsigned int)4294967295, (unsigned int)4294967294, (int)32, (int)1>, split::split_unified_allocator<Hashinator::Info>> *, Hashinator::Hashmap<unsigned int, unsigned int, (unsigned int)4294967295, (unsigned int)4294967294, Hashinator::HashFunctions::Fibonacci<unsigned int>, Hashinator::Hashers::Hasher<unsigned int, unsigned int, Hashinator::HashFunctions::Fibonacci<unsigned int>, (unsigned int)4294967295, (unsigned int)4294967294, (int)32, (int)1>, split::split_unified_allocator<Hashinator::Info>> *, unsigned int *, unsigned int *, float, float, float, float, int, int, float, float, unsigned int *)"
0.0,2.4377,52,0.0469,0.0067,0.0050,0.4920,0.0894, 198    1    1,  64    1    1,"update_velocity_blocks_kernel(vmesh::VelocityMesh *, vmesh::VelocityBlockContainer *, split::SplitVector<unsigned int, split::split_unified_allocator<unsigned int>> *, split::SplitVector<Hashinator::hash_pair<unsigned int, unsigned int>, split::split_unified_allocator<Hashinator::hash_pair<unsigned int, unsigned int>>> *, split::SplitVector<Hashinator::hash_pair<unsigned int, unsigned int>, split::split_unified_allocator<Hashinator::hash_pair<unsigned int, unsigned int>>> *, split::SplitVector<Hashinator::hash_pair<unsigned int, unsigned int>, split::split_unified_allocator<Hashinator::hash_pair<unsigned int, unsigned int>>> *, unsigned int, unsigned int, unsigned int, float *)"
0.0,2.4165,56,0.0432,0.0133,0.0112,0.2810,0.0509, 172    1    1, 832    1    1,"update_velocity_halo_kernel(vmesh::VelocityMesh *, unsigned int, unsigned int *, Hashinator::Hashmap<unsigned int, unsigned int, (unsigned int)4294967295, (unsigned int)4294967294, Hashinator::HashFunctions::Fibonacci<unsigned int>, Hashinator::Hashers::Hasher<unsigned int, unsigned int, Hashinator::HashFunctions::Fibonacci<unsigned int>, (unsigned int)4294967295, (unsigned int)4294967294, (int)32, (int)1>, split::split_unified_allocator<Hashinator::Info>> *, Hashinator::Hashmap<unsigned int, unsigned int, (unsigned int)4294967295, (unsigned int)4294967294, Hashinator::HashFunctions::Fibonacci<unsigned int>, Hashinator::Hashers::Hasher<unsigned int, unsigned int, Hashinator::HashFunctions::Fibonacci<unsigned int>, (unsigned int)4294967295, (unsigned int)4294967294, (int)32, (int)1>, split::split_unified_allocator<Hashinator::Info>> *)"
0.0,2.3916,105,0.0228,0.0082,0.0069,0.2022,0.0294, 776    1    1,  64    1    1,"update_velocity_blocks_kernel(vmesh::VelocityMesh *, vmesh::VelocityBlockContainer *, split::SplitVector<unsigned int, split::split_unified_allocator<unsigned int>> *, split::SplitVector<Hashinator::hash_pair<unsigned int, unsigned int>, split::split_unified_allocator<Hashinator::hash_pair<unsigned int, unsigned int>>> *, split::SplitVector<Hashinator::hash_pair<unsigned int, unsigned int>, split::split_unified_allocator<Hashinator::hash_pair<unsigned int, unsigned int>>> *, split::SplitVector<Hashinator::hash_pair<unsigned int, unsigned int>, split::split_unified_allocator<Hashinator::hash_pair<unsigned int, unsigned int>>> *, unsigned int, unsigned int, unsigned int, float *)"
0.0,2.3620,80,0.0295,0.0146,0.0113,0.1220,0.0228,  95    1    1,  32    1    1,"evaluate_column_extents_kernel(unsigned int, const vmesh::VelocityMesh *, ColumnOffsets *, Column *, split::SplitVector<unsigned int, split::split_unified_allocator<unsigned int>> *, Hashinator::Hashmap<unsigned int, unsigned int, (unsigned int)4294967295, (unsigned int)4294967294, Hashinator::HashFunctions::Fibonacci<unsigned int>, Hashinator::Hashers::Hasher<unsigned int, unsigned int, Hashinator::HashFunctions::Fibonacci<unsigned int>, (unsigned int)4294967295, (unsigned int)4294967294, (int)32, (int)1>, split::split_unified_allocator<Hashinator::Info>> *, Hashinator::Hashmap<unsigned int, unsigned int, (unsigned int)4294967295, (unsigned int)4294967294, Hashinator::HashFunctions::Fibonacci<unsigned int>, Hashinator::Hashers::Hasher<unsigned int, unsigned int, Hashinator::HashFunctions::Fibonacci<unsigned int>, (unsigned int)4294967295, (unsigned int)4294967294, (int)32, (int)1>, split::split_unified_allocator<Hashinator::Info>> *, unsigned int *, unsigned int *, float, float, float, float, int, int, float, float, unsigned int *)"
0.0,2.3540,88,0.0267,0.0139,0.0115,0.1422,0.0249, 127    1    1,  32    1    1,"evaluate_column_extents_kernel(unsigned int, const vmesh::VelocityMesh *, ColumnOffsets *, Column *, split::SplitVector<unsigned int, split::split_unified_allocator<unsigned int>> *, Hashinator::Hashmap<unsigned int, unsigned int, (unsigned int)4294967295, (unsigned int)4294967294, Hashinator::HashFunctions::Fibonacci<unsigned int>, Hashinator::Hashers::Hasher<unsigned int, unsigned int, Hashinator::HashFunctions::Fibonacci<unsigned int>, (unsigned int)4294967295, (unsigned int)4294967294, (int)32, (int)1>, split::split_unified_allocator<Hashinator::Info>> *, Hashinator::Hashmap<unsigned int, unsigned int, (unsigned int)4294967295, (unsigned int)4294967294, Hashinator::HashFunctions::Fibonacci<unsigned int>, Hashinator::Hashers::Hasher<unsigned int, unsigned int, Hashinator::HashFunctions::Fibonacci<unsigned int>, (unsigned int)4294967295, (unsigned int)4294967294, (int)32, (int)1>, split::split_unified_allocator<Hashinator::Info>> *, unsigned int *, unsigned int *, float, float, float, float, int, int, float, float, unsigned int *)"
0.0,2.3316,48,0.0486,0.0507,0.0042,0.0809,0.0132,  31    1    1, 512    1    1,"void arch::reduction_kernel<(unsigned int)512, (arch::reduce_op)2, (unsigned int)4, (unsigned int)3, DRO::VariableEnergyDensity::reduceData(const spatial_cell::SpatialCell *, char *)::[lambda(unsigned int, unsigned int, unsigned int, unsigned int, double *) (instance 1)], double>(T5, const T6 *, T6 *, const unsigned int *, unsigned int, unsigned int, T6 *)"
0.0,2.3243,40,0.0581,0.0173,0.0052,0.4111,0.0802, 150    1    1,  64    1    1,"update_velocity_blocks_kernel(vmesh::VelocityMesh *, vmesh::VelocityBlockContainer *, split::SplitVector<unsigned int, split::split_unified_allocator<unsigned int>> *, split::SplitVector<Hashinator::hash_pair<unsigned int, unsigned int>, split::split_unified_allocator<Hashinator::hash_pair<unsigned int, unsigned int>>> *, split::SplitVector<Hashinator::hash_pair<unsigned int, unsigned int>, split::split_unified_allocator<Hashinator::hash_pair<unsigned int, unsigned int>>> *, split::SplitVector<Hashinator::hash_pair<unsigned int, unsigned int>, split::split_unified_allocator<Hashinator::hash_pair<unsigned int, unsigned int>>> *, unsigned int, unsigned int, unsigned int, float *)"
0.0,2.3165,104,0.0223,0.0056,0.0044,0.1874,0.0350,  14    1    1,1024    1    1,"update_neighbour_halo_kernel(vmesh::VelocityMesh *, unsigned int, unsigned int **, unsigned int *, Hashinator::Hashmap<unsigned int, unsigned int, (unsigned int)4294967295, (unsigned int)4294967294, Hashinator::HashFunctions::Fibonacci<unsigned int>, Hashinator::Hashers::Hasher<unsigned int, unsigned int, Hashinator::HashFunctions::Fibonacci<unsigned int>, (unsigned int)4294967295, (unsigned int)4294967294, (int)32, (int)1>, split::split_unified_allocator<Hashinator::Info>> *, Hashinator::Hashmap<unsigned int, unsigned int, (unsigned int)4294967295, (unsigned int)4294967294, Hashinator::HashFunctions::Fibonacci<unsigned int>, Hashinator::Hashers::Hasher<unsigned int, unsigned int, Hashinator::HashFunctions::Fibonacci<unsigned int>, (unsigned int)4294967295, (unsigned int)4294967294, (int)32, (int)1>, split::split_unified_allocator<Hashinator::Info>> *)"
0.0,2.3154,100,0.0232,0.0040,0.0032,0.1647,0.0336,   1    1    1,  64    1    1,"void Hashinator::Hashers::insert_kernel<unsigned int, unsigned int, (unsigned int)4294967295, Hashinator::HashFunctions::Fibonacci<unsigned int>, (int)32, (int)1>(Hashinator::hash_pair<T1, T2> *, Hashinator::hash_pair<T1, T2> *, Hashinator::Info *, unsigned long)"
0.0,2.3045,48,0.0480,0.0523,0.0042,0.0659,0.0157,  60    1    1, 512    1    1,"void arch::reduction_kernel<(unsigned int)512, (arch::reduce_op)2, (unsigned int)4, (unsigned int)3, DRO::VariablePTensorOffDiagonal::reduceData(const spatial_cell::SpatialCell *, char *)::[lambda(unsigned int, unsigned int, unsigned int, unsigned int, double *) (instance 1)], double>(T5, const T6 *, T6 *, const unsigned int *, unsigned int, unsigned int, T6 *)"
0.0,2.2889,48,0.0477,0.0513,0.0044,0.0655,0.0141,  60    1    1, 512    1    1,"void arch::reduction_kernel<(unsigned int)512, (arch::reduce_op)2, (unsigned int)4, (unsigned int)3, DRO::VariableEnergyDensity::reduceData(const spatial_cell::SpatialCell *, char *)::[lambda(unsigned int, unsigned int, unsigned int, unsigned int, double *) (instance 1)], double>(T5, const T6 *, T6 *, const unsigned int *, unsigned int, unsigned int, T6 *)"
0.0,2.2701,48,0.0473,0.0506,0.0043,0.0753,0.0162,  78    1    1, 512    1    1,"void arch::reduction_kernel<(unsigned int)512, (arch::reduce_op)2, (unsigned int)4, (unsigned int)3, DRO::VariableEnergyDensity::reduceData(const spatial_cell::SpatialCell *, char *)::[lambda(unsigned int, unsigned int, unsigned int, unsigned int, double *) (instance 1)], double>(T5, const T6 *, T6 *, const unsigned int *, unsigned int, unsigned int, T6 *)"
0.0,2.2530,88,0.0256,0.0088,0.0063,0.1390,0.0276, 134    1    1,  64    1    1,"update_velocity_blocks_kernel(vmesh::VelocityMesh *, vmesh::VelocityBlockContainer *, split::SplitVector<unsigned int, split::split_unified_allocator<unsigned int>> *, split::SplitVector<Hashinator::hash_pair<unsigned int, unsigned int>, split::split_unified_allocator<Hashinator::hash_pair<unsigned int, unsigned int>>> *, split::SplitVector<Hashinator::hash_pair<unsigned int, unsigned int>, split::split_unified_allocator<Hashinator::hash_pair<unsigned int, unsigned int>>> *, split::SplitVector<Hashinator::hash_pair<unsigned int, unsigned int>, split::split_unified_allocator<Hashinator::hash_pair<unsigned int, unsigned int>>> *, unsigned int, unsigned int, unsigned int, float *)"
0.0,2.2444,24,0.0935,0.0930,0.0861,0.1012,0.0040,1384    1    1,  32    1    1,"void arch::reduction_kernel<(unsigned int)32, (arch::reduce_op)2, (unsigned int)4, (unsigned int)0, DRO::VariablePrecipitationDiffFlux::reduceData(const spatial_cell::SpatialCell *, char *)::[lambda(unsigned int, unsigned int, unsigned int, unsigned int, double *) (instance 1)], double>(T5, const T6 *, T6 *, const unsigned int *, unsigned int, unsigned int, T6 *)"
0.0,2.2257,24,0.0927,0.0911,0.0885,0.1068,0.0043,1360    1    1,  32    1    1,"void arch::reduction_kernel<(unsigned int)32, (arch::reduce_op)2, (unsigned int)4, (unsigned int)0, DRO::VariablePrecipitationDiffFlux::reduceData(const spatial_cell::SpatialCell *, char *)::[lambda(unsigned int, unsigned int, unsigned int, unsigned int, double *) (instance 1)], double>(T5, const T6 *, T6 *, const unsigned int *, unsigned int, unsigned int, T6 *)"
0.0,2.2117,24,0.0922,0.0895,0.0875,0.1089,0.0052,1256    1    1,  32    1    1,"void arch::reduction_kernel<(unsigned int)32, (arch::reduce_op)2, (unsigned int)4, (unsigned int)0, DRO::VariablePrecipitationDiffFlux::reduceData(const spatial_cell::SpatialCell *, char *)::[lambda(unsigned int, unsigned int, unsigned int, unsigned int, double *) (instance 1)], double>(T5, const T6 *, T6 *, const unsigned int *, unsigned int, unsigned int, T6 *)"
0.0,2.2047,44,0.0501,0.0080,0.0051,0.2110,0.0600, 237    1    1,  64    1    1,"update_velocity_blocks_kernel(vmesh::VelocityMesh *, vmesh::VelocityBlockContainer *, split::SplitVector<unsigned int, split::split_unified_allocator<unsigned int>> *, split::SplitVector<Hashinator::hash_pair<unsigned int, unsigned int>, split::split_unified_allocator<Hashinator::hash_pair<unsigned int, unsigned int>>> *, split::SplitVector<Hashinator::hash_pair<unsigned int, unsigned int>, split::split_unified_allocator<Hashinator::hash_pair<unsigned int, unsigned int>>> *, split::SplitVector<Hashinator::hash_pair<unsigned int, unsigned int>, split::split_unified_allocator<Hashinator::hash_pair<unsigned int, unsigned int>>> *, unsigned int, unsigned int, unsigned int, float *)"
0.0,2.1990,48,0.0458,0.0505,0.0042,0.0655,0.0165,  44    1    1, 512    1    1,"void arch::reduction_kernel<(unsigned int)512, (arch::reduce_op)2, (unsigned int)4, (unsigned int)3, DRO::VariablePTensorOffDiagonal::reduceData(const spatial_cell::SpatialCell *, char *)::[lambda(unsigned int, unsigned int, unsigned int, unsigned int, double *) (instance 1)], double>(T5, const T6 *, T6 *, const unsigned int *, unsigned int, unsigned int, T6 *)"
0.0,2.1988,48,0.0458,0.0485,0.0042,0.0763,0.0177,  44    1    1, 512    1    1,"void arch::reduction_kernel<(unsigned int)512, (arch::reduce_op)2, (unsigned int)4, (unsigned int)3, DRO::VariableEnergyDensity::reduceData(const spatial_cell::SpatialCell *, char *)::[lambda(unsigned int, unsigned int, unsigned int, unsigned int, double *) (instance 1)], double>(T5, const T6 *, T6 *, const unsigned int *, unsigned int, unsigned int, T6 *)"
0.0,2.1982,24,0.0916,0.0910,0.0860,0.0992,0.0039,1224    1    1,  32    1    1,"void arch::reduction_kernel<(unsigned int)32, (arch::reduce_op)2, (unsigned int)4, (unsigned int)0, DRO::VariablePrecipitationDiffFlux::reduceData(const spatial_cell::SpatialCell *, char *)::[lambda(unsigned int, unsigned int, unsigned int, unsigned int, double *) (instance 1)], double>(T5, const T6 *, T6 *, const unsigned int *, unsigned int, unsigned int, T6 *)"
0.0,2.1956,96,0.0229,0.0041,0.0032,0.1526,0.0328,   1    1    1,  96    1    1,"void Hashinator::Hashers::insert_kernel<unsigned int, unsigned int, (unsigned int)4294967295, Hashinator::HashFunctions::Fibonacci<unsigned int>, (int)32, (int)1>(Hashinator::hash_pair<T1, T2> *, Hashinator::hash_pair<T1, T2> *, Hashinator::Info *, unsigned long)"
0.0,2.1862,48,0.0455,0.0509,0.0044,0.0643,0.0164,  66    1    1, 512    1    1,"void arch::reduction_kernel<(unsigned int)512, (arch::reduce_op)2, (unsigned int)4, (unsigned int)3, DRO::VariablePTensorOffDiagonal::reduceData(const spatial_cell::SpatialCell *, char *)::[lambda(unsigned int, unsigned int, unsigned int, unsigned int, double *) (instance 1)], double>(T5, const T6 *, T6 *, const unsigned int *, unsigned int, unsigned int, T6 *)"
0.0,2.1859,88,0.0248,0.0137,0.0108,0.0934,0.0207,  49    1    1,  32    1    1,"evaluate_column_extents_kernel(unsigned int, const vmesh::VelocityMesh *, ColumnOffsets *, Column *, split::SplitVector<unsigned int, split::split_unified_allocator<unsigned int>> *, Hashinator::Hashmap<unsigned int, unsigned int, (unsigned int)4294967295, (unsigned int)4294967294, Hashinator::HashFunctions::Fibonacci<unsigned int>, Hashinator::Hashers::Hasher<unsigned int, unsigned int, Hashinator::HashFunctions::Fibonacci<unsigned int>, (unsigned int)4294967295, (unsigned int)4294967294, (int)32, (int)1>, split::split_unified_allocator<Hashinator::Info>> *, Hashinator::Hashmap<unsigned int, unsigned int, (unsigned int)4294967295, (unsigned int)4294967294, Hashinator::HashFunctions::Fibonacci<unsigned int>, Hashinator::Hashers::Hasher<unsigned int, unsigned int, Hashinator::HashFunctions::Fibonacci<unsigned int>, (unsigned int)4294967295, (unsigned int)4294967294, (int)32, (int)1>, split::split_unified_allocator<Hashinator::Info>> *, unsigned int *, unsigned int *, float, float, float, float, int, int, float, float, unsigned int *)"
0.0,2.1846,48,0.0455,0.0502,0.0042,0.1110,0.0214,  38    1    1, 512    1    1,"void arch::reduction_kernel<(unsigned int)512, (arch::reduce_op)2, (unsigned int)4, (unsigned int)3, DRO::VariableEnergyDensity::reduceData(const spatial_cell::SpatialCell *, char *)::[lambda(unsigned int, unsigned int, unsigned int, unsigned int, double *) (instance 1)], double>(T5, const T6 *, T6 *, const unsigned int *, unsigned int, unsigned int, T6 *)"
0.0,2.1799,48,0.0454,0.0510,0.0042,0.0620,0.0175,  78    1    1, 512    1    1,"void arch::reduction_kernel<(unsigned int)512, (arch::reduce_op)2, (unsigned int)4, (unsigned int)3, DRO::VariablePTensorOffDiagonal::reduceData(const spatial_cell::SpatialCell *, char *)::[lambda(unsigned int, unsigned int, unsigned int, unsigned int, double *) (instance 1)], double>(T5, const T6 *, T6 *, const unsigned int *, unsigned int, unsigned int, T6 *)"
0.0,2.1580,305,0.0071,0.0070,0.0064,0.0090,0.0004, 444    1    1,  64    1    1,"update_velocity_block_content_lists_kernel(vmesh::VelocityMesh *, vmesh::VelocityBlockContainer *, Hashinator::Hashmap<unsigned int, unsigned int, (unsigned int)4294967295, (unsigned int)4294967294, Hashinator::HashFunctions::Fibonacci<unsigned int>, Hashinator::Hashers::Hasher<unsigned int, unsigned int, Hashinator::HashFunctions::Fibonacci<unsigned int>, (unsigned int)4294967295, (unsigned int)4294967294, (int)32, (int)1>, split::split_unified_allocator<Hashinator::Info>> *, Hashinator::Hashmap<unsigned int, unsigned int, (unsigned int)4294967295, (unsigned int)4294967294, Hashinator::HashFunctions::Fibonacci<unsigned int>, Hashinator::Hashers::Hasher<unsigned int, unsigned int, Hashinator::HashFunctions::Fibonacci<unsigned int>, (unsigned int)4294967295, (unsigned int)4294967294, (int)32, (int)1>, split::split_unified_allocator<Hashinator::Info>> *, double)"
0.0,2.1567,144,0.0150,0.0043,0.0040,0.1985,0.0262, 111    1    1, 512    1    1,"void arch::reduction_kernel<(unsigned int)512, (arch::reduce_op)2, (unsigned int)4, (unsigned int)3, void blockVelocitySecondMoments<double, (unsigned int)3>(vmesh::VelocityBlockContainer *, T1, T1, T1, T1 (&)[T2], unsigned int)::[lambda(unsigned int, unsigned int, unsigned int, unsigned int, double *) (instance 1)], double>(T5, const T6 *, T6 *, const unsigned int *, unsigned int, unsigned int, T6 *)"
0.0,2.1462,128,0.0168,0.0048,0.0044,0.5474,0.0569,  51    1    1, 512    1    1,"void arch::reduction_kernel<(unsigned int)512, (arch::reduce_op)2, (unsigned int)4, (unsigned int)4, void blockVelocityFirstMoments<double, (unsigned int)4>(vmesh::VelocityBlockContainer *, T1 (&)[T2], unsigned int)::[lambda(unsigned int, unsigned int, unsigned int, unsigned int, double *) (instance 1)], double>(T5, const T6 *, T6 *, const unsigned int *, unsigned int, unsigned int, T6 *)"
0.0,2.1452,48,0.0447,0.0504,0.0043,0.0820,0.0181,  73    1    1, 512    1    1,"void arch::reduction_kernel<(unsigned int)512, (arch::reduce_op)2, (unsigned int)4, (unsigned int)3, DRO::VariablePTensorOffDiagonal::reduceData(const spatial_cell::SpatialCell *, char *)::[lambda(unsigned int, unsigned int, unsigned int, unsigned int, double *) (instance 1)], double>(T5, const T6 *, T6 *, const unsigned int *, unsigned int, unsigned int, T6 *)"
0.0,2.1407,105,0.0204,0.0042,0.0034,0.1274,0.0274,   1    1    1,  32    1    1,"void Hashinator::Hashers::insert_kernel<unsigned int, unsigned int, (unsigned int)4294967295, Hashinator::HashFunctions::Fibonacci<unsigned int>, (int)32, (int)1>(Hashinator::hash_pair<T1, T2> *, Hashinator::hash_pair<T1, T2> *, Hashinator::Info *, unsigned long)"
0.0,2.1260,48,0.0443,0.0485,0.0043,0.0723,0.0177,  36    1    1, 512    1    1,"void arch::reduction_kernel<(unsigned int)512, (arch::reduce_op)2, (unsigned int)4, (unsigned int)3, DRO::VariableEnergyDensity::reduceData(const spatial_cell::SpatialCell *, char *)::[lambda(unsigned int, unsigned int, unsigned int, unsigned int, double *) (instance 1)], double>(T5, const T6 *, T6 *, const unsigned int *, unsigned int, unsigned int, T6 *)"
0.0,2.1255,88,0.0242,0.0131,0.0109,0.0900,0.0202,  51    1    1,  32    1    1,"evaluate_column_extents_kernel(unsigned int, const vmesh::VelocityMesh *, ColumnOffsets *, Column *, split::SplitVector<unsigned int, split::split_unified_allocator<unsigned int>> *, Hashinator::Hashmap<unsigned int, unsigned int, (unsigned int)4294967295, (unsigned int)4294967294, Hashinator::HashFunctions::Fibonacci<unsigned int>, Hashinator::Hashers::Hasher<unsigned int, unsigned int, Hashinator::HashFunctions::Fibonacci<unsigned int>, (unsigned int)4294967295, (unsigned int)4294967294, (int)32, (int)1>, split::split_unified_allocator<Hashinator::Info>> *, Hashinator::Hashmap<unsigned int, unsigned int, (unsigned int)4294967295, (unsigned int)4294967294, Hashinator::HashFunctions::Fibonacci<unsigned int>, Hashinator::Hashers::Hasher<unsigned int, unsigned int, Hashinator::HashFunctions::Fibonacci<unsigned int>, (unsigned int)4294967295, (unsigned int)4294967294, (int)32, (int)1>, split::split_unified_allocator<Hashinator::Info>> *, unsigned int *, unsigned int *, float, float, float, float, int, int, float, float, unsigned int *)"
0.0,2.1161,97,0.0218,0.0077,0.0066,0.0926,0.0230,  45    1    1,  64    1    1,"update_velocity_blocks_kernel(vmesh::VelocityMesh *, vmesh::VelocityBlockContainer *, split::SplitVector<unsigned int, split::split_unified_allocator<unsigned int>> *, split::SplitVector<Hashinator::hash_pair<unsigned int, unsigned int>, split::split_unified_allocator<Hashinator::hash_pair<unsigned int, unsigned int>>> *, split::SplitVector<Hashinator::hash_pair<unsigned int, unsigned int>, split::split_unified_allocator<Hashinator::hash_pair<unsigned int, unsigned int>>> *, split::SplitVector<Hashinator::hash_pair<unsigned int, unsigned int>, split::split_unified_allocator<Hashinator::hash_pair<unsigned int, unsigned int>>> *, unsigned int, unsigned int, unsigned int, float *)"
0.0,2.1151,304,0.0070,0.0069,0.0064,0.0083,0.0003, 409    1    1,  64    1    1,"update_velocity_block_content_lists_kernel(vmesh::VelocityMesh *, vmesh::VelocityBlockContainer *, Hashinator::Hashmap<unsigned int, unsigned int, (unsigned int)4294967295, (unsigned int)4294967294, Hashinator::HashFunctions::Fibonacci<unsigned int>, Hashinator::Hashers::Hasher<unsigned int, unsigned int, Hashinator::HashFunctions::Fibonacci<unsigned int>, (unsigned int)4294967295, (unsigned int)4294967294, (int)32, (int)1>, split::split_unified_allocator<Hashinator::Info>> *, Hashinator::Hashmap<unsigned int, unsigned int, (unsigned int)4294967295, (unsigned int)4294967294, Hashinator::HashFunctions::Fibonacci<unsigned int>, Hashinator::Hashers::Hasher<unsigned int, unsigned int, Hashinator::HashFunctions::Fibonacci<unsigned int>, (unsigned int)4294967295, (unsigned int)4294967294, (int)32, (int)1>, split::split_unified_allocator<Hashinator::Info>> *, double)"
0.0,2.1133,48,0.0440,0.0489,0.0042,0.0907,0.0167,  36    1    1, 512    1    1,"void arch::reduction_kernel<(unsigned int)512, (arch::reduce_op)2, (unsigned int)4, (unsigned int)3, DRO::VariablePTensorOffDiagonal::reduceData(const spatial_cell::SpatialCell *, char *)::[lambda(unsigned int, unsigned int, unsigned int, unsigned int, double *) (instance 1)], double>(T5, const T6 *, T6 *, const unsigned int *, unsigned int, unsigned int, T6 *)"
0.0,2.0990,62,0.0339,0.0074,0.0050,0.2170,0.0472, 282    1    1,  64    1    1,"update_velocity_blocks_kernel(vmesh::VelocityMesh *, vmesh::VelocityBlockContainer *, split::SplitVector<unsigned int, split::split_unified_allocator<unsigned int>> *, split::SplitVector<Hashinator::hash_pair<unsigned int, unsigned int>, split::split_unified_allocator<Hashinator::hash_pair<unsigned int, unsigned int>>> *, split::SplitVector<Hashinator::hash_pair<unsigned int, unsigned int>, split::split_unified_allocator<Hashinator::hash_pair<unsigned int, unsigned int>>> *, split::SplitVector<Hashinator::hash_pair<unsigned int, unsigned int>, split::split_unified_allocator<Hashinator::hash_pair<unsigned int, unsigned int>>> *, unsigned int, unsigned int, unsigned int, float *)"
0.0,2.0906,44,0.0475,0.0064,0.0050,0.5516,0.0962, 213    1    1,  64    1    1,"update_velocity_blocks_kernel(vmesh::VelocityMesh *, vmesh::VelocityBlockContainer *, split::SplitVector<unsigned int, split::split_unified_allocator<unsigned int>> *, split::SplitVector<Hashinator::hash_pair<unsigned int, unsigned int>, split::split_unified_allocator<Hashinator::hash_pair<unsigned int, unsigned int>>> *, split::SplitVector<Hashinator::hash_pair<unsigned int, unsigned int>, split::split_unified_allocator<Hashinator::hash_pair<unsigned int, unsigned int>>> *, split::SplitVector<Hashinator::hash_pair<unsigned int, unsigned int>, split::split_unified_allocator<Hashinator::hash_pair<unsigned int, unsigned int>>> *, unsigned int, unsigned int, unsigned int, float *)"
0.0,2.0891,48,0.0435,0.0486,0.0043,0.0805,0.0161,  31    1    1, 512    1    1,"void arch::reduction_kernel<(unsigned int)512, (arch::reduce_op)2, (unsigned int)4, (unsigned int)3, DRO::VariablePTensorOffDiagonal::reduceData(const spatial_cell::SpatialCell *, char *)::[lambda(unsigned int, unsigned int, unsigned int, unsigned int, double *) (instance 1)], double>(T5, const T6 *, T6 *, const unsigned int *, unsigned int, unsigned int, T6 *)"
0.0,2.0883,56,0.0373,0.0094,0.0081,0.2136,0.0437,1448    1    1,  64    1    1,"update_velocity_block_content_lists_kernel(vmesh::VelocityMesh *, vmesh::VelocityBlockContainer *, Hashinator::Hashmap<unsigned int, unsigned int, (unsigned int)4294967295, (unsigned int)4294967294, Hashinator::HashFunctions::Fibonacci<unsigned int>, Hashinator::Hashers::Hasher<unsigned int, unsigned int, Hashinator::HashFunctions::Fibonacci<unsigned int>, (unsigned int)4294967295, (unsigned int)4294967294, (int)32, (int)1>, split::split_unified_allocator<Hashinator::Info>> *, Hashinator::Hashmap<unsigned int, unsigned int, (unsigned int)4294967295, (unsigned int)4294967294, Hashinator::HashFunctions::Fibonacci<unsigned int>, Hashinator::Hashers::Hasher<unsigned int, unsigned int, Hashinator::HashFunctions::Fibonacci<unsigned int>, (unsigned int)4294967295, (unsigned int)4294967294, (int)32, (int)1>, split::split_unified_allocator<Hashinator::Info>> *, double)"
0.0,2.0871,36,0.0580,0.0244,0.0218,0.3216,0.0637, 282    1    1,1024    1    1,"update_neighbour_halo_kernel(vmesh::VelocityMesh *, unsigned int, unsigned int **, unsigned int *, Hashinator::Hashmap<unsigned int, unsigned int, (unsigned int)4294967295, (unsigned int)4294967294, Hashinator::HashFunctions::Fibonacci<unsigned int>, Hashinator::Hashers::Hasher<unsigned int, unsigned int, Hashinator::HashFunctions::Fibonacci<unsigned int>, (unsigned int)4294967295, (unsigned int)4294967294, (int)32, (int)1>, split::split_unified_allocator<Hashinator::Info>> *, Hashinator::Hashmap<unsigned int, unsigned int, (unsigned int)4294967295, (unsigned int)4294967294, Hashinator::HashFunctions::Fibonacci<unsigned int>, Hashinator::Hashers::Hasher<unsigned int, unsigned int, Hashinator::HashFunctions::Fibonacci<unsigned int>, (unsigned int)4294967295, (unsigned int)4294967294, (int)32, (int)1>, split::split_unified_allocator<Hashinator::Info>> *)"
0.0,2.0862,88,0.0237,0.0079,0.0062,0.1114,0.0245, 142    1    1,  64    1    1,"update_velocity_blocks_kernel(vmesh::VelocityMesh *, vmesh::VelocityBlockContainer *, split::SplitVector<unsigned int, split::split_unified_allocator<unsigned int>> *, split::SplitVector<Hashinator::hash_pair<unsigned int, unsigned int>, split::split_unified_allocator<Hashinator::hash_pair<unsigned int, unsigned int>>> *, split::SplitVector<Hashinator::hash_pair<unsigned int, unsigned int>, split::split_unified_allocator<Hashinator::hash_pair<unsigned int, unsigned int>>> *, split::SplitVector<Hashinator::hash_pair<unsigned int, unsigned int>, split::split_unified_allocator<Hashinator::hash_pair<unsigned int, unsigned int>>> *, unsigned int, unsigned int, unsigned int, float *)"
0.0,2.0823,52,0.0400,0.0071,0.0050,0.2706,0.0562, 240    1    1,  64    1    1,"update_velocity_blocks_kernel(vmesh::VelocityMesh *, vmesh::VelocityBlockContainer *, split::SplitVector<unsigned int, split::split_unified_allocator<unsigned int>> *, split::SplitVector<Hashinator::hash_pair<unsigned int, unsigned int>, split::split_unified_allocator<Hashinator::hash_pair<unsigned int, unsigned int>>> *, split::SplitVector<Hashinator::hash_pair<unsigned int, unsigned int>, split::split_unified_allocator<Hashinator::hash_pair<unsigned int, unsigned int>>> *, split::SplitVector<Hashinator::hash_pair<unsigned int, unsigned int>, split::split_unified_allocator<Hashinator::hash_pair<unsigned int, unsigned int>>> *, unsigned int, unsigned int, unsigned int, float *)"
0.0,2.0785,48,0.0433,0.0510,0.0042,0.0905,0.0226,  66    1    1, 512    1    1,"void arch::reduction_kernel<(unsigned int)512, (arch::reduce_op)2, (unsigned int)4, (unsigned int)3, DRO::VariableEnergyDensity::reduceData(const spatial_cell::SpatialCell *, char *)::[lambda(unsigned int, unsigned int, unsigned int, unsigned int, double *) (instance 1)], double>(T5, const T6 *, T6 *, const unsigned int *, unsigned int, unsigned int, T6 *)"
0.0,2.0670,24,0.0861,0.0854,0.0815,0.0956,0.0036,1032    1    1,  32    1    1,"void arch::reduction_kernel<(unsigned int)32, (arch::reduce_op)2, (unsigned int)4, (unsigned int)0, DRO::VariablePrecipitationDiffFlux::reduceData(const spatial_cell::SpatialCell *, char *)::[lambda(unsigned int, unsigned int, unsigned int, unsigned int, double *) (instance 1)], double>(T5, const T6 *, T6 *, const unsigned int *, unsigned int, unsigned int, T6 *)"
0.0,2.0520,45,0.0456,0.0115,0.0050,0.2076,0.0518, 228    1    1,  64    1    1,"update_velocity_blocks_kernel(vmesh::VelocityMesh *, vmesh::VelocityBlockContainer *, split::SplitVector<unsigned int, split::split_unified_allocator<unsigned int>> *, split::SplitVector<Hashinator::hash_pair<unsigned int, unsigned int>, split::split_unified_allocator<Hashinator::hash_pair<unsigned int, unsigned int>>> *, split::SplitVector<Hashinator::hash_pair<unsigned int, unsigned int>, split::split_unified_allocator<Hashinator::hash_pair<unsigned int, unsigned int>>> *, split::SplitVector<Hashinator::hash_pair<unsigned int, unsigned int>, split::split_unified_allocator<Hashinator::hash_pair<unsigned int, unsigned int>>> *, unsigned int, unsigned int, unsigned int, float *)"
0.0,2.0213,50,0.0404,0.0078,0.0052,0.2504,0.0562, 328    1    1,  64    1    1,"update_velocity_blocks_kernel(vmesh::VelocityMesh *, vmesh::VelocityBlockContainer *, split::SplitVector<unsigned int, split::split_unified_allocator<unsigned int>> *, split::SplitVector<Hashinator::hash_pair<unsigned int, unsigned int>, split::split_unified_allocator<Hashinator::hash_pair<unsigned int, unsigned int>>> *, split::SplitVector<Hashinator::hash_pair<unsigned int, unsigned int>, split::split_unified_allocator<Hashinator::hash_pair<unsigned int, unsigned int>>> *, split::SplitVector<Hashinator::hash_pair<unsigned int, unsigned int>, split::split_unified_allocator<Hashinator::hash_pair<unsigned int, unsigned int>>> *, unsigned int, unsigned int, unsigned int, float *)"
0.0,2.0179,48,0.0420,0.0486,0.0042,0.0676,0.0175,  38    1    1, 512    1    1,"void arch::reduction_kernel<(unsigned int)512, (arch::reduce_op)2, (unsigned int)4, (unsigned int)3, DRO::VariablePTensorOffDiagonal::reduceData(const spatial_cell::SpatialCell *, char *)::[lambda(unsigned int, unsigned int, unsigned int, unsigned int, double *) (instance 1)], double>(T5, const T6 *, T6 *, const unsigned int *, unsigned int, unsigned int, T6 *)"
0.0,2.0170,24,0.0840,0.0835,0.0808,0.0905,0.0024,1016    1    1,  32    1    1,"void arch::reduction_kernel<(unsigned int)32, (arch::reduce_op)2, (unsigned int)4, (unsigned int)0, DRO::VariablePrecipitationDiffFlux::reduceData(const spatial_cell::SpatialCell *, char *)::[lambda(unsigned int, unsigned int, unsigned int, unsigned int, double *) (instance 1)], double>(T5, const T6 *, T6 *, const unsigned int *, unsigned int, unsigned int, T6 *)"
0.0,2.0151,24,0.0840,0.0826,0.0764,0.0954,0.0051, 936    1    1,  32    1    1,"void arch::reduction_kernel<(unsigned int)32, (arch::reduce_op)2, (unsigned int)4, (unsigned int)0, DRO::VariablePrecipitationDiffFlux::reduceData(const spatial_cell::SpatialCell *, char *)::[lambda(unsigned int, unsigned int, unsigned int, unsigned int, double *) (instance 1)], double>(T5, const T6 *, T6 *, const unsigned int *, unsigned int, unsigned int, T6 *)"
0.0,2.0020,44,0.0455,0.0358,0.0064,0.1472,0.0404, 144    1    1,  64    1    1,"update_velocity_blocks_kernel(vmesh::VelocityMesh *, vmesh::VelocityBlockContainer *, split::SplitVector<unsigned int, split::split_unified_allocator<unsigned int>> *, split::SplitVector<Hashinator::hash_pair<unsigned int, unsigned int>, split::split_unified_allocator<Hashinator::hash_pair<unsigned int, unsigned int>>> *, split::SplitVector<Hashinator::hash_pair<unsigned int, unsigned int>, split::split_unified_allocator<Hashinator::hash_pair<unsigned int, unsigned int>>> *, split::SplitVector<Hashinator::hash_pair<unsigned int, unsigned int>, split::split_unified_allocator<Hashinator::hash_pair<unsigned int, unsigned int>>> *, unsigned int, unsigned int, unsigned int, float *)"
0.0,1.9943,53,0.0376,0.0069,0.0049,0.2327,0.0564, 208    1    1,  64    1    1,"update_velocity_blocks_kernel(vmesh::VelocityMesh *, vmesh::VelocityBlockContainer *, split::SplitVector<unsigned int, split::split_unified_allocator<unsigned int>> *, split::SplitVector<Hashinator::hash_pair<unsigned int, unsigned int>, split::split_unified_allocator<Hashinator::hash_pair<unsigned int, unsigned int>>> *, split::SplitVector<Hashinator::hash_pair<unsigned int, unsigned int>, split::split_unified_allocator<Hashinator::hash_pair<unsigned int, unsigned int>>> *, split::SplitVector<Hashinator::hash_pair<unsigned int, unsigned int>, split::split_unified_allocator<Hashinator::hash_pair<unsigned int, unsigned int>>> *, unsigned int, unsigned int, unsigned int, float *)"
0.0,1.9941,56,0.0356,0.0120,0.0083,0.1617,0.0392, 140    1    1, 832    1    1,"update_velocity_halo_kernel(vmesh::VelocityMesh *, unsigned int, unsigned int *, Hashinator::Hashmap<unsigned int, unsigned int, (unsigned int)4294967295, (unsigned int)4294967294, Hashinator::HashFunctions::Fibonacci<unsigned int>, Hashinator::Hashers::Hasher<unsigned int, unsigned int, Hashinator::HashFunctions::Fibonacci<unsigned int>, (unsigned int)4294967295, (unsigned int)4294967294, (int)32, (int)1>, split::split_unified_allocator<Hashinator::Info>> *, Hashinator::Hashmap<unsigned int, unsigned int, (unsigned int)4294967295, (unsigned int)4294967294, Hashinator::HashFunctions::Fibonacci<unsigned int>, Hashinator::Hashers::Hasher<unsigned int, unsigned int, Hashinator::HashFunctions::Fibonacci<unsigned int>, (unsigned int)4294967295, (unsigned int)4294967294, (int)32, (int)1>, split::split_unified_allocator<Hashinator::Info>> *)"
0.0,1.9876,44,0.0452,0.0173,0.0129,0.1779,0.0465, 132    1    1,  16    1    1,"reorder_blocks_by_dimension_kernel(vmesh::VelocityBlockContainer *, VecSimple<float> *, unsigned int *, unsigned int *, ColumnOffsets *)"
0.0,1.9693,264,0.0075,0.0074,0.0068,0.0087,0.0003, 903    1    1,  64    1    1,"update_velocity_block_content_lists_kernel(vmesh::VelocityMesh *, vmesh::VelocityBlockContainer *, Hashinator::Hashmap<unsigned int, unsigned int, (unsigned int)4294967295, (unsigned int)4294967294, Hashinator::HashFunctions::Fibonacci<unsigned int>, Hashinator::Hashers::Hasher<unsigned int, unsigned int, Hashinator::HashFunctions::Fibonacci<unsigned int>, (unsigned int)4294967295, (unsigned int)4294967294, (int)32, (int)1>, split::split_unified_allocator<Hashinator::Info>> *, Hashinator::Hashmap<unsigned int, unsigned int, (unsigned int)4294967295, (unsigned int)4294967294, Hashinator::HashFunctions::Fibonacci<unsigned int>, Hashinator::Hashers::Hasher<unsigned int, unsigned int, Hashinator::HashFunctions::Fibonacci<unsigned int>, (unsigned int)4294967295, (unsigned int)4294967294, (int)32, (int)1>, split::split_unified_allocator<Hashinator::Info>> *, double)"
0.0,1.9664,44,0.0447,0.0069,0.0055,0.2130,0.0583, 302    1    1,  64    1    1,"update_velocity_blocks_kernel(vmesh::VelocityMesh *, vmesh::VelocityBlockContainer *, split::SplitVector<unsigned int, split::split_unified_allocator<unsigned int>> *, split::SplitVector<Hashinator::hash_pair<unsigned int, unsigned int>, split::split_unified_allocator<Hashinator::hash_pair<unsigned int, unsigned int>>> *, split::SplitVector<Hashinator::hash_pair<unsigned int, unsigned int>, split::split_unified_allocator<Hashinator::hash_pair<unsigned int, unsigned int>>> *, split::SplitVector<Hashinator::hash_pair<unsigned int, unsigned int>, split::split_unified_allocator<Hashinator::hash_pair<unsigned int, unsigned int>>> *, unsigned int, unsigned int, unsigned int, float *)"
0.0,1.9264,45,0.0428,0.0073,0.0050,0.2713,0.0580, 226    1    1,  64    1    1,"update_velocity_blocks_kernel(vmesh::VelocityMesh *, vmesh::VelocityBlockContainer *, split::SplitVector<unsigned int, split::split_unified_allocator<unsigned int>> *, split::SplitVector<Hashinator::hash_pair<unsigned int, unsigned int>, split::split_unified_allocator<Hashinator::hash_pair<unsigned int, unsigned int>>> *, split::SplitVector<Hashinator::hash_pair<unsigned int, unsigned int>, split::split_unified_allocator<Hashinator::hash_pair<unsigned int, unsigned int>>> *, split::SplitVector<Hashinator::hash_pair<unsigned int, unsigned int>, split::split_unified_allocator<Hashinator::hash_pair<unsigned int, unsigned int>>> *, unsigned int, unsigned int, unsigned int, float *)"
0.0,1.9182,60,0.0320,0.0075,0.0052,0.2115,0.0425, 330    1    1,  64    1    1,"update_velocity_blocks_kernel(vmesh::VelocityMesh *, vmesh::VelocityBlockContainer *, split::SplitVector<unsigned int, split::split_unified_allocator<unsigned int>> *, split::SplitVector<Hashinator::hash_pair<unsigned int, unsigned int>, split::split_unified_allocator<Hashinator::hash_pair<unsigned int, unsigned int>>> *, split::SplitVector<Hashinator::hash_pair<unsigned int, unsigned int>, split::split_unified_allocator<Hashinator::hash_pair<unsigned int, unsigned int>>> *, split::SplitVector<Hashinator::hash_pair<unsigned int, unsigned int>, split::split_unified_allocator<Hashinator::hash_pair<unsigned int, unsigned int>>> *, unsigned int, unsigned int, unsigned int, float *)"
0.0,1.9130,48,0.0399,0.0491,0.0042,0.0732,0.0224,  73    1    1, 512    1    1,"void arch::reduction_kernel<(unsigned int)512, (arch::reduce_op)2, (unsigned int)4, (unsigned int)3, DRO::VariableEnergyDensity::reduceData(const spatial_cell::SpatialCell *, char *)::[lambda(unsigned int, unsigned int, unsigned int, unsigned int, double *) (instance 1)], double>(T5, const T6 *, T6 *, const unsigned int *, unsigned int, unsigned int, T6 *)"
0.0,1.8922,24,0.0788,0.0772,0.0737,0.0916,0.0039, 808    1    1,  32    1    1,"void arch::reduction_kernel<(unsigned int)32, (arch::reduce_op)2, (unsigned int)4, (unsigned int)0, DRO::VariablePrecipitationDiffFlux::reduceData(const spatial_cell::SpatialCell *, char *)::[lambda(unsigned int, unsigned int, unsigned int, unsigned int, double *) (instance 1)], double>(T5, const T6 *, T6 *, const unsigned int *, unsigned int, unsigned int, T6 *)"
0.0,1.8888,48,0.0393,0.0499,0.0042,0.0682,0.0209,  60    1    1, 512    1    1,"void arch::reduction_kernel<(unsigned int)512, (arch::reduce_op)2, (unsigned int)4, (unsigned int)3, DRO::VariablePTensorDiagonal::reduceData(const spatial_cell::SpatialCell *, char *)::[lambda(unsigned int, unsigned int, unsigned int, unsigned int, double *) (instance 1)], double>(T5, const T6 *, T6 *, const unsigned int *, unsigned int, unsigned int, T6 *)"
0.0,1.8874,44,0.0429,0.0096,0.0052,0.3595,0.0662, 217    1    1,  64    1    1,"update_velocity_blocks_kernel(vmesh::VelocityMesh *, vmesh::VelocityBlockContainer *, split::SplitVector<unsigned int, split::split_unified_allocator<unsigned int>> *, split::SplitVector<Hashinator::hash_pair<unsigned int, unsigned int>, split::split_unified_allocator<Hashinator::hash_pair<unsigned int, unsigned int>>> *, split::SplitVector<Hashinator::hash_pair<unsigned int, unsigned int>, split::split_unified_allocator<Hashinator::hash_pair<unsigned int, unsigned int>>> *, split::SplitVector<Hashinator::hash_pair<unsigned int, unsigned int>, split::split_unified_allocator<Hashinator::hash_pair<unsigned int, unsigned int>>> *, unsigned int, unsigned int, unsigned int, float *)"
0.0,1.8812,185,0.0102,0.0050,0.0045,0.1540,0.0207,  87    1    1, 512    1    1,"void arch::reduction_kernel<(unsigned int)512, (arch::reduce_op)2, (unsigned int)4, (unsigned int)4, void blockVelocityFirstMoments<double, (unsigned int)4>(vmesh::VelocityBlockContainer *, T1 (&)[T2], unsigned int)::[lambda(unsigned int, unsigned int, unsigned int, unsigned int, double *) (instance 1)], double>(T5, const T6 *, T6 *, const unsigned int *, unsigned int, unsigned int, T6 *)"
0.0,1.8783,116,0.0162,0.0042,0.0036,0.0906,0.0201,  24    1    1,  32    1    1,"order_GIDs_kernel(const vmesh::VelocityMesh *, unsigned int *, unsigned int *, unsigned int, unsigned int *, unsigned int *, unsigned int, ColumnOffsets *)"
0.0,1.8775,253,0.0074,0.0073,0.0068,0.0092,0.0004, 764    1    1,  64    1    1,"update_velocity_block_content_lists_kernel(vmesh::VelocityMesh *, vmesh::VelocityBlockContainer *, Hashinator::Hashmap<unsigned int, unsigned int, (unsigned int)4294967295, (unsigned int)4294967294, Hashinator::HashFunctions::Fibonacci<unsigned int>, Hashinator::Hashers::Hasher<unsigned int, unsigned int, Hashinator::HashFunctions::Fibonacci<unsigned int>, (unsigned int)4294967295, (unsigned int)4294967294, (int)32, (int)1>, split::split_unified_allocator<Hashinator::Info>> *, Hashinator::Hashmap<unsigned int, unsigned int, (unsigned int)4294967295, (unsigned int)4294967294, Hashinator::HashFunctions::Fibonacci<unsigned int>, Hashinator::Hashers::Hasher<unsigned int, unsigned int, Hashinator::HashFunctions::Fibonacci<unsigned int>, (unsigned int)4294967295, (unsigned int)4294967294, (int)32, (int)1>, split::split_unified_allocator<Hashinator::Info>> *, double)"
0.0,1.8716,88,0.0213,0.0078,0.0066,0.1147,0.0257,  51    1    1,  16    1    1,"reorder_blocks_by_dimension_kernel(vmesh::VelocityBlockContainer *, VecSimple<float> *, unsigned int *, unsigned int *, ColumnOffsets *)"
0.0,1.8642,88,0.0212,0.0075,0.0062,0.1459,0.0278,  49    1    1,  16    1    1,"reorder_blocks_by_dimension_kernel(vmesh::VelocityBlockContainer *, VecSimple<float> *, unsigned int *, unsigned int *, ColumnOffsets *)"
0.0,1.8305,262,0.0070,0.0069,0.0064,0.0096,0.0004, 401    1    1,  64    1    1,"update_velocity_block_content_lists_kernel(vmesh::VelocityMesh *, vmesh::VelocityBlockContainer *, Hashinator::Hashmap<unsigned int, unsigned int, (unsigned int)4294967295, (unsigned int)4294967294, Hashinator::HashFunctions::Fibonacci<unsigned int>, Hashinator::Hashers::Hasher<unsigned int, unsigned int, Hashinator::HashFunctions::Fibonacci<unsigned int>, (unsigned int)4294967295, (unsigned int)4294967294, (int)32, (int)1>, split::split_unified_allocator<Hashinator::Info>> *, Hashinator::Hashmap<unsigned int, unsigned int, (unsigned int)4294967295, (unsigned int)4294967294, Hashinator::HashFunctions::Fibonacci<unsigned int>, Hashinator::Hashers::Hasher<unsigned int, unsigned int, Hashinator::HashFunctions::Fibonacci<unsigned int>, (unsigned int)4294967295, (unsigned int)4294967294, (int)32, (int)1>, split::split_unified_allocator<Hashinator::Info>> *, double)"
0.0,1.8283,36,0.0508,0.0131,0.0109,0.2679,0.0643, 160    1    1, 832    1    1,"update_velocity_halo_kernel(vmesh::VelocityMesh *, unsigned int, unsigned int *, Hashinator::Hashmap<unsigned int, unsigned int, (unsigned int)4294967295, (unsigned int)4294967294, Hashinator::HashFunctions::Fibonacci<unsigned int>, Hashinator::Hashers::Hasher<unsigned int, unsigned int, Hashinator::HashFunctions::Fibonacci<unsigned int>, (unsigned int)4294967295, (unsigned int)4294967294, (int)32, (int)1>, split::split_unified_allocator<Hashinator::Info>> *, Hashinator::Hashmap<unsigned int, unsigned int, (unsigned int)4294967295, (unsigned int)4294967294, Hashinator::HashFunctions::Fibonacci<unsigned int>, Hashinator::Hashers::Hasher<unsigned int, unsigned int, Hashinator::HashFunctions::Fibonacci<unsigned int>, (unsigned int)4294967295, (unsigned int)4294967294, (int)32, (int)1>, split::split_unified_allocator<Hashinator::Info>> *)"
0.0,1.8253,248,0.0074,0.0073,0.0067,0.0090,0.0003, 772    1    1,  64    1    1,"update_velocity_block_content_lists_kernel(vmesh::VelocityMesh *, vmesh::VelocityBlockContainer *, Hashinator::Hashmap<unsigned int, unsigned int, (unsigned int)4294967295, (unsigned int)4294967294, Hashinator::HashFunctions::Fibonacci<unsigned int>, Hashinator::Hashers::Hasher<unsigned int, unsigned int, Hashinator::HashFunctions::Fibonacci<unsigned int>, (unsigned int)4294967295, (unsigned int)4294967294, (int)32, (int)1>, split::split_unified_allocator<Hashinator::Info>> *, Hashinator::Hashmap<unsigned int, unsigned int, (unsigned int)4294967295, (unsigned int)4294967294, Hashinator::HashFunctions::Fibonacci<unsigned int>, Hashinator::Hashers::Hasher<unsigned int, unsigned int, Hashinator::HashFunctions::Fibonacci<unsigned int>, (unsigned int)4294967295, (unsigned int)4294967294, (int)32, (int)1>, split::split_unified_allocator<Hashinator::Info>> *, double)"
0.0,1.8060,192,0.0094,0.0041,0.0039,0.2517,0.0245,  33    1    1, 512    1    1,"void arch::reduction_kernel<(unsigned int)512, (arch::reduce_op)2, (unsigned int)4, (unsigned int)3, void blockVelocitySecondMoments<double, (unsigned int)3>(vmesh::VelocityBlockContainer *, T1, T1, T1, T1 (&)[T2], unsigned int)::[lambda(unsigned int, unsigned int, unsigned int, unsigned int, double *) (instance 1)], double>(T5, const T6 *, T6 *, const unsigned int *, unsigned int, unsigned int, T6 *)"
0.0,1.7937,26,0.0690,0.0597,0.0066,0.3186,0.0801, 322    1    1,  64    1    1,"update_velocity_blocks_kernel(vmesh::VelocityMesh *, vmesh::VelocityBlockContainer *, split::SplitVector<unsigned int, split::split_unified_allocator<unsigned int>> *, split::SplitVector<Hashinator::hash_pair<unsigned int, unsigned int>, split::split_unified_allocator<Hashinator::hash_pair<unsigned int, unsigned int>>> *, split::SplitVector<Hashinator::hash_pair<unsigned int, unsigned int>, split::split_unified_allocator<Hashinator::hash_pair<unsigned int, unsigned int>>> *, split::SplitVector<Hashinator::hash_pair<unsigned int, unsigned int>, split::split_unified_allocator<Hashinator::hash_pair<unsigned int, unsigned int>>> *, unsigned int, unsigned int, unsigned int, float *)"
0.0,1.7877,48,0.0372,0.0493,0.0042,0.0701,0.0228,  44    1    1, 512    1    1,"void arch::reduction_kernel<(unsigned int)512, (arch::reduce_op)2, (unsigned int)4, (unsigned int)3, DRO::VariablePTensorDiagonal::reduceData(const spatial_cell::SpatialCell *, char *)::[lambda(unsigned int, unsigned int, unsigned int, unsigned int, double *) (instance 1)], double>(T5, const T6 *, T6 *, const unsigned int *, unsigned int, unsigned int, T6 *)"
0.0,1.7841,40,0.0446,0.0093,0.0053,0.2353,0.0567, 241    1    1,  64    1    1,"update_velocity_blocks_kernel(vmesh::VelocityMesh *, vmesh::VelocityBlockContainer *, split::SplitVector<unsigned int, split::split_unified_allocator<unsigned int>> *, split::SplitVector<Hashinator::hash_pair<unsigned int, unsigned int>, split::split_unified_allocator<Hashinator::hash_pair<unsigned int, unsigned int>>> *, split::SplitVector<Hashinator::hash_pair<unsigned int, unsigned int>, split::split_unified_allocator<Hashinator::hash_pair<unsigned int, unsigned int>>> *, split::SplitVector<Hashinator::hash_pair<unsigned int, unsigned int>, split::split_unified_allocator<Hashinator::hash_pair<unsigned int, unsigned int>>> *, unsigned int, unsigned int, unsigned int, float *)"
0.0,1.7751,144,0.0123,0.0047,0.0043,0.1095,0.0202, 111    1    1, 512    1    1,"void arch::reduction_kernel<(unsigned int)512, (arch::reduce_op)2, (unsigned int)4, (unsigned int)4, void blockVelocityFirstMoments<double, (unsigned int)4>(vmesh::VelocityBlockContainer *, T1 (&)[T2], unsigned int)::[lambda(unsigned int, unsigned int, unsigned int, unsigned int, double *) (instance 1)], double>(T5, const T6 *, T6 *, const unsigned int *, unsigned int, unsigned int, T6 *)"
0.0,1.7576,72,0.0244,0.0080,0.0064,0.1762,0.0332, 424    1    1,  64    1    1,"update_velocity_blocks_kernel(vmesh::VelocityMesh *, vmesh::VelocityBlockContainer *, split::SplitVector<unsigned int, split::split_unified_allocator<unsigned int>> *, split::SplitVector<Hashinator::hash_pair<unsigned int, unsigned int>, split::split_unified_allocator<Hashinator::hash_pair<unsigned int, unsigned int>>> *, split::SplitVector<Hashinator::hash_pair<unsigned int, unsigned int>, split::split_unified_allocator<Hashinator::hash_pair<unsigned int, unsigned int>>> *, split::SplitVector<Hashinator::hash_pair<unsigned int, unsigned int>, split::split_unified_allocator<Hashinator::hash_pair<unsigned int, unsigned int>>> *, unsigned int, unsigned int, unsigned int, float *)"
0.0,1.7510,48,0.0365,0.0507,0.0042,0.0642,0.0242,  78    1    1, 512    1    1,"void arch::reduction_kernel<(unsigned int)512, (arch::reduce_op)2, (unsigned int)4, (unsigned int)3, DRO::VariablePTensorDiagonal::reduceData(const spatial_cell::SpatialCell *, char *)::[lambda(unsigned int, unsigned int, unsigned int, unsigned int, double *) (instance 1)], double>(T5, const T6 *, T6 *, const unsigned int *, unsigned int, unsigned int, T6 *)"
0.0,1.7461,229,0.0076,0.0075,0.0070,0.0093,0.0004,1042    1    1,  64    1    1,"update_velocity_block_content_lists_kernel(vmesh::VelocityMesh *, vmesh::VelocityBlockContainer *, Hashinator::Hashmap<unsigned int, unsigned int, (unsigned int)4294967295, (unsigned int)4294967294, Hashinator::HashFunctions::Fibonacci<unsigned int>, Hashinator::Hashers::Hasher<unsigned int, unsigned int, Hashinator::HashFunctions::Fibonacci<unsigned int>, (unsigned int)4294967295, (unsigned int)4294967294, (int)32, (int)1>, split::split_unified_allocator<Hashinator::Info>> *, Hashinator::Hashmap<unsigned int, unsigned int, (unsigned int)4294967295, (unsigned int)4294967294, Hashinator::HashFunctions::Fibonacci<unsigned int>, Hashinator::Hashers::Hasher<unsigned int, unsigned int, Hashinator::HashFunctions::Fibonacci<unsigned int>, (unsigned int)4294967295, (unsigned int)4294967294, (int)32, (int)1>, split::split_unified_allocator<Hashinator::Info>> *, double)"
0.0,1.7122,48,0.0357,0.0086,0.0068,0.1614,0.0417, 944    1    1,  64    1    1,"update_velocity_blocks_kernel(vmesh::VelocityMesh *, vmesh::VelocityBlockContainer *, split::SplitVector<unsigned int, split::split_unified_allocator<unsigned int>> *, split::SplitVector<Hashinator::hash_pair<unsigned int, unsigned int>, split::split_unified_allocator<Hashinator::hash_pair<unsigned int, unsigned int>>> *, split::SplitVector<Hashinator::hash_pair<unsigned int, unsigned int>, split::split_unified_allocator<Hashinator::hash_pair<unsigned int, unsigned int>>> *, split::SplitVector<Hashinator::hash_pair<unsigned int, unsigned int>, split::split_unified_allocator<Hashinator::hash_pair<unsigned int, unsigned int>>> *, unsigned int, unsigned int, unsigned int, float *)"
0.0,1.7118,41,0.0418,0.0076,0.0052,0.2092,0.0546, 345    1    1,  64    1    1,"update_velocity_blocks_kernel(vmesh::VelocityMesh *, vmesh::VelocityBlockContainer *, split::SplitVector<unsigned int, split::split_unified_allocator<unsigned int>> *, split::SplitVector<Hashinator::hash_pair<unsigned int, unsigned int>, split::split_unified_allocator<Hashinator::hash_pair<unsigned int, unsigned int>>> *, split::SplitVector<Hashinator::hash_pair<unsigned int, unsigned int>, split::split_unified_allocator<Hashinator::hash_pair<unsigned int, unsigned int>>> *, split::SplitVector<Hashinator::hash_pair<unsigned int, unsigned int>, split::split_unified_allocator<Hashinator::hash_pair<unsigned int, unsigned int>>> *, unsigned int, unsigned int, unsigned int, float *)"
0.0,1.7095,48,0.0356,0.0479,0.0042,0.0558,0.0205,  31    1    1, 512    1    1,"void arch::reduction_kernel<(unsigned int)512, (arch::reduce_op)2, (unsigned int)4, (unsigned int)3, DRO::VariablePTensorDiagonal::reduceData(const spatial_cell::SpatialCell *, char *)::[lambda(unsigned int, unsigned int, unsigned int, unsigned int, double *) (instance 1)], double>(T5, const T6 *, T6 *, const unsigned int *, unsigned int, unsigned int, T6 *)"
0.0,1.7039,49,0.0348,0.0070,0.0052,0.4276,0.0775, 300    1    1,  64    1    1,"update_velocity_blocks_kernel(vmesh::VelocityMesh *, vmesh::VelocityBlockContainer *, split::SplitVector<unsigned int, split::split_unified_allocator<unsigned int>> *, split::SplitVector<Hashinator::hash_pair<unsigned int, unsigned int>, split::split_unified_allocator<Hashinator::hash_pair<unsigned int, unsigned int>>> *, split::SplitVector<Hashinator::hash_pair<unsigned int, unsigned int>, split::split_unified_allocator<Hashinator::hash_pair<unsigned int, unsigned int>>> *, split::SplitVector<Hashinator::hash_pair<unsigned int, unsigned int>, split::split_unified_allocator<Hashinator::hash_pair<unsigned int, unsigned int>>> *, unsigned int, unsigned int, unsigned int, float *)"
0.0,1.6830,56,0.0301,0.0082,0.0022,0.1341,0.0346,   1    1    1, 128    1    1,"void Hashinator::Hashers::reset_to_empty<unsigned int, unsigned int, (unsigned int)4294967295, Hashinator::HashFunctions::Fibonacci<unsigned int>, (int)32, (int)1>(Hashinator::hash_pair<T1, T2> *, Hashinator::hash_pair<T1, T2> *, Hashinator::Info *, unsigned long)"
0.0,1.6823,48,0.0350,0.0089,0.0073,0.1270,0.0364, 524    1    1,  64    1    1,"update_velocity_blocks_kernel(vmesh::VelocityMesh *, vmesh::VelocityBlockContainer *, split::SplitVector<unsigned int, split::split_unified_allocator<unsigned int>> *, split::SplitVector<Hashinator::hash_pair<unsigned int, unsigned int>, split::split_unified_allocator<Hashinator::hash_pair<unsigned int, unsigned int>>> *, split::SplitVector<Hashinator::hash_pair<unsigned int, unsigned int>, split::split_unified_allocator<Hashinator::hash_pair<unsigned int, unsigned int>>> *, split::SplitVector<Hashinator::hash_pair<unsigned int, unsigned int>, split::split_unified_allocator<Hashinator::hash_pair<unsigned int, unsigned int>>> *, unsigned int, unsigned int, unsigned int, float *)"
0.0,1.6676,46,0.0363,0.0068,0.0049,0.3365,0.0619, 232    1    1,  64    1    1,"update_velocity_blocks_kernel(vmesh::VelocityMesh *, vmesh::VelocityBlockContainer *, split::SplitVector<unsigned int, split::split_unified_allocator<unsigned int>> *, split::SplitVector<Hashinator::hash_pair<unsigned int, unsigned int>, split::split_unified_allocator<Hashinator::hash_pair<unsigned int, unsigned int>>> *, split::SplitVector<Hashinator::hash_pair<unsigned int, unsigned int>, split::split_unified_allocator<Hashinator::hash_pair<unsigned int, unsigned int>>> *, split::SplitVector<Hashinator::hash_pair<unsigned int, unsigned int>, split::split_unified_allocator<Hashinator::hash_pair<unsigned int, unsigned int>>> *, unsigned int, unsigned int, unsigned int, float *)"
0.0,1.6288,104,0.0157,0.0053,0.0051,0.0838,0.0214, 184    1    1, 512    1    1,"void arch::reduction_kernel<(unsigned int)512, (arch::reduce_op)2, (unsigned int)4, (unsigned int)4, void blockVelocityFirstMoments<double, (unsigned int)4>(vmesh::VelocityBlockContainer *, T1 (&)[T2], unsigned int)::[lambda(unsigned int, unsigned int, unsigned int, unsigned int, double *) (instance 1)], double>(T5, const T6 *, T6 *, const unsigned int *, unsigned int, unsigned int, T6 *)"
0.0,1.6173,35,0.0462,0.0310,0.0053,0.2294,0.0527, 303    1    1,  64    1    1,"update_velocity_blocks_kernel(vmesh::VelocityMesh *, vmesh::VelocityBlockContainer *, split::SplitVector<unsigned int, split::split_unified_allocator<unsigned int>> *, split::SplitVector<Hashinator::hash_pair<unsigned int, unsigned int>, split::split_unified_allocator<Hashinator::hash_pair<unsigned int, unsigned int>>> *, split::SplitVector<Hashinator::hash_pair<unsigned int, unsigned int>, split::split_unified_allocator<Hashinator::hash_pair<unsigned int, unsigned int>>> *, split::SplitVector<Hashinator::hash_pair<unsigned int, unsigned int>, split::split_unified_allocator<Hashinator::hash_pair<unsigned int, unsigned int>>> *, unsigned int, unsigned int, unsigned int, float *)"
0.0,1.6047,104,0.0154,0.0050,0.0048,0.2901,0.0369, 184    1    1, 512    1    1,"void arch::reduction_kernel<(unsigned int)512, (arch::reduce_op)2, (unsigned int)4, (unsigned int)3, void blockVelocitySecondMoments<double, (unsigned int)3>(vmesh::VelocityBlockContainer *, T1, T1, T1, T1 (&)[T2], unsigned int)::[lambda(unsigned int, unsigned int, unsigned int, unsigned int, double *) (instance 1)], double>(T5, const T6 *, T6 *, const unsigned int *, unsigned int, unsigned int, T6 *)"
0.0,1.5953,48,0.0332,0.0477,0.0041,0.0804,0.0245,  36    1    1, 512    1    1,"void arch::reduction_kernel<(unsigned int)512, (arch::reduce_op)2, (unsigned int)4, (unsigned int)3, DRO::VariablePTensorDiagonal::reduceData(const spatial_cell::SpatialCell *, char *)::[lambda(unsigned int, unsigned int, unsigned int, unsigned int, double *) (instance 1)], double>(T5, const T6 *, T6 *, const unsigned int *, unsigned int, unsigned int, T6 *)"
0.0,1.5898,220,0.0072,0.0072,0.0066,0.0100,0.0004, 620    1    1,  64    1    1,"update_velocity_block_content_lists_kernel(vmesh::VelocityMesh *, vmesh::VelocityBlockContainer *, Hashinator::Hashmap<unsigned int, unsigned int, (unsigned int)4294967295, (unsigned int)4294967294, Hashinator::HashFunctions::Fibonacci<unsigned int>, Hashinator::Hashers::Hasher<unsigned int, unsigned int, Hashinator::HashFunctions::Fibonacci<unsigned int>, (unsigned int)4294967295, (unsigned int)4294967294, (int)32, (int)1>, split::split_unified_allocator<Hashinator::Info>> *, Hashinator::Hashmap<unsigned int, unsigned int, (unsigned int)4294967295, (unsigned int)4294967294, Hashinator::HashFunctions::Fibonacci<unsigned int>, Hashinator::Hashers::Hasher<unsigned int, unsigned int, Hashinator::HashFunctions::Fibonacci<unsigned int>, (unsigned int)4294967295, (unsigned int)4294967294, (int)32, (int)1>, split::split_unified_allocator<Hashinator::Info>> *, double)"
0.0,1.5888,220,0.0072,0.0071,0.0066,0.0103,0.0004, 622    1    1,  64    1    1,"update_velocity_block_content_lists_kernel(vmesh::VelocityMesh *, vmesh::VelocityBlockContainer *, Hashinator::Hashmap<unsigned int, unsigned int, (unsigned int)4294967295, (unsigned int)4294967294, Hashinator::HashFunctions::Fibonacci<unsigned int>, Hashinator::Hashers::Hasher<unsigned int, unsigned int, Hashinator::HashFunctions::Fibonacci<unsigned int>, (unsigned int)4294967295, (unsigned int)4294967294, (int)32, (int)1>, split::split_unified_allocator<Hashinator::Info>> *, Hashinator::Hashmap<unsigned int, unsigned int, (unsigned int)4294967295, (unsigned int)4294967294, Hashinator::HashFunctions::Fibonacci<unsigned int>, Hashinator::Hashers::Hasher<unsigned int, unsigned int, Hashinator::HashFunctions::Fibonacci<unsigned int>, (unsigned int)4294967295, (unsigned int)4294967294, (int)32, (int)1>, split::split_unified_allocator<Hashinator::Info>> *, double)"
0.0,1.5860,42,0.0378,0.0082,0.0055,0.1880,0.0472, 301    1    1,  64    1    1,"update_velocity_blocks_kernel(vmesh::VelocityMesh *, vmesh::VelocityBlockContainer *, split::SplitVector<unsigned int, split::split_unified_allocator<unsigned int>> *, split::SplitVector<Hashinator::hash_pair<unsigned int, unsigned int>, split::split_unified_allocator<Hashinator::hash_pair<unsigned int, unsigned int>>> *, split::SplitVector<Hashinator::hash_pair<unsigned int, unsigned int>, split::split_unified_allocator<Hashinator::hash_pair<unsigned int, unsigned int>>> *, split::SplitVector<Hashinator::hash_pair<unsigned int, unsigned int>, split::split_unified_allocator<Hashinator::hash_pair<unsigned int, unsigned int>>> *, unsigned int, unsigned int, unsigned int, float *)"
0.0,1.5811,44,0.0359,0.0074,0.0050,0.1556,0.0441, 219    1    1,  64    1    1,"update_velocity_blocks_kernel(vmesh::VelocityMesh *, vmesh::VelocityBlockContainer *, split::SplitVector<unsigned int, split::split_unified_allocator<unsigned int>> *, split::SplitVector<Hashinator::hash_pair<unsigned int, unsigned int>, split::split_unified_allocator<Hashinator::hash_pair<unsigned int, unsigned int>>> *, split::SplitVector<Hashinator::hash_pair<unsigned int, unsigned int>, split::split_unified_allocator<Hashinator::hash_pair<unsigned int, unsigned int>>> *, split::SplitVector<Hashinator::hash_pair<unsigned int, unsigned int>, split::split_unified_allocator<Hashinator::hash_pair<unsigned int, unsigned int>>> *, unsigned int, unsigned int, unsigned int, float *)"
0.0,1.5691,48,0.0327,0.0092,0.0075,0.1566,0.0428, 576    1    1,  64    1    1,"update_velocity_blocks_kernel(vmesh::VelocityMesh *, vmesh::VelocityBlockContainer *, split::SplitVector<unsigned int, split::split_unified_allocator<unsigned int>> *, split::SplitVector<Hashinator::hash_pair<unsigned int, unsigned int>, split::split_unified_allocator<Hashinator::hash_pair<unsigned int, unsigned int>>> *, split::SplitVector<Hashinator::hash_pair<unsigned int, unsigned int>, split::split_unified_allocator<Hashinator::hash_pair<unsigned int, unsigned int>>> *, split::SplitVector<Hashinator::hash_pair<unsigned int, unsigned int>, split::split_unified_allocator<Hashinator::hash_pair<unsigned int, unsigned int>>> *, unsigned int, unsigned int, unsigned int, float *)"
0.0,1.5386,44,0.0350,0.0064,0.0051,0.3892,0.0684, 220    1    1,  64    1    1,"update_velocity_blocks_kernel(vmesh::VelocityMesh *, vmesh::VelocityBlockContainer *, split::SplitVector<unsigned int, split::split_unified_allocator<unsigned int>> *, split::SplitVector<Hashinator::hash_pair<unsigned int, unsigned int>, split::split_unified_allocator<Hashinator::hash_pair<unsigned int, unsigned int>>> *, split::SplitVector<Hashinator::hash_pair<unsigned int, unsigned int>, split::split_unified_allocator<Hashinator::hash_pair<unsigned int, unsigned int>>> *, split::SplitVector<Hashinator::hash_pair<unsigned int, unsigned int>, split::split_unified_allocator<Hashinator::hash_pair<unsigned int, unsigned int>>> *, unsigned int, unsigned int, unsigned int, float *)"
0.0,1.5353,40,0.0384,0.0070,0.0053,0.1864,0.0483, 263    1    1,  64    1    1,"update_velocity_blocks_kernel(vmesh::VelocityMesh *, vmesh::VelocityBlockContainer *, split::SplitVector<unsigned int, split::split_unified_allocator<unsigned int>> *, split::SplitVector<Hashinator::hash_pair<unsigned int, unsigned int>, split::split_unified_allocator<Hashinator::hash_pair<unsigned int, unsigned int>>> *, split::SplitVector<Hashinator::hash_pair<unsigned int, unsigned int>, split::split_unified_allocator<Hashinator::hash_pair<unsigned int, unsigned int>>> *, split::SplitVector<Hashinator::hash_pair<unsigned int, unsigned int>, split::split_unified_allocator<Hashinator::hash_pair<unsigned int, unsigned int>>> *, unsigned int, unsigned int, unsigned int, float *)"
0.0,1.5234,44,0.0346,0.0163,0.0125,0.1650,0.0375, 125    1    1,  16    1    1,"reorder_blocks_by_dimension_kernel(vmesh::VelocityBlockContainer *, VecSimple<float> *, unsigned int *, unsigned int *, ColumnOffsets *)"
0.0,1.5196,56,0.0271,0.0078,0.0065,0.2148,0.0393, 536    1    1,  64    1    1,"update_velocity_blocks_kernel(vmesh::VelocityMesh *, vmesh::VelocityBlockContainer *, split::SplitVector<unsigned int, split::split_unified_allocator<unsigned int>> *, split::SplitVector<Hashinator::hash_pair<unsigned int, unsigned int>, split::split_unified_allocator<Hashinator::hash_pair<unsigned int, unsigned int>>> *, split::SplitVector<Hashinator::hash_pair<unsigned int, unsigned int>, split::split_unified_allocator<Hashinator::hash_pair<unsigned int, unsigned int>>> *, split::SplitVector<Hashinator::hash_pair<unsigned int, unsigned int>, split::split_unified_allocator<Hashinator::hash_pair<unsigned int, unsigned int>>> *, unsigned int, unsigned int, unsigned int, float *)"
0.0,1.4981,144,0.0104,0.0048,0.0044,0.3675,0.0325,  41    1    1, 512    1    1,"void arch::reduction_kernel<(unsigned int)512, (arch::reduce_op)2, (unsigned int)4, (unsigned int)4, void blockVelocityFirstMoments<double, (unsigned int)4>(vmesh::VelocityBlockContainer *, T1 (&)[T2], unsigned int)::[lambda(unsigned int, unsigned int, unsigned int, unsigned int, double *) (instance 1)], double>(T5, const T6 *, T6 *, const unsigned int *, unsigned int, unsigned int, T6 *)"
0.0,1.4723,32,0.0460,0.0126,0.0089,0.2641,0.0558, 100    1    1, 832    1    1,"update_velocity_halo_kernel(vmesh::VelocityMesh *, unsigned int, unsigned int *, Hashinator::Hashmap<unsigned int, unsigned int, (unsigned int)4294967295, (unsigned int)4294967294, Hashinator::HashFunctions::Fibonacci<unsigned int>, Hashinator::Hashers::Hasher<unsigned int, unsigned int, Hashinator::HashFunctions::Fibonacci<unsigned int>, (unsigned int)4294967295, (unsigned int)4294967294, (int)32, (int)1>, split::split_unified_allocator<Hashinator::Info>> *, Hashinator::Hashmap<unsigned int, unsigned int, (unsigned int)4294967295, (unsigned int)4294967294, Hashinator::HashFunctions::Fibonacci<unsigned int>, Hashinator::Hashers::Hasher<unsigned int, unsigned int, Hashinator::HashFunctions::Fibonacci<unsigned int>, (unsigned int)4294967295, (unsigned int)4294967294, (int)32, (int)1>, split::split_unified_allocator<Hashinator::Info>> *)"
0.0,1.4600,48,0.0304,0.0468,0.0042,0.0592,0.0243,  73    1    1, 512    1    1,"void arch::reduction_kernel<(unsigned int)512, (arch::reduce_op)2, (unsigned int)4, (unsigned int)3, DRO::VariablePTensorDiagonal::reduceData(const spatial_cell::SpatialCell *, char *)::[lambda(unsigned int, unsigned int, unsigned int, unsigned int, double *) (instance 1)], double>(T5, const T6 *, T6 *, const unsigned int *, unsigned int, unsigned int, T6 *)"
0.0,1.4412,65,0.0222,0.0078,0.0064,0.1195,0.0264,  43    1    1,  64    1    1,"update_velocity_blocks_kernel(vmesh::VelocityMesh *, vmesh::VelocityBlockContainer *, split::SplitVector<unsigned int, split::split_unified_allocator<unsigned int>> *, split::SplitVector<Hashinator::hash_pair<unsigned int, unsigned int>, split::split_unified_allocator<Hashinator::hash_pair<unsigned int, unsigned int>>> *, split::SplitVector<Hashinator::hash_pair<unsigned int, unsigned int>, split::split_unified_allocator<Hashinator::hash_pair<unsigned int, unsigned int>>> *, split::SplitVector<Hashinator::hash_pair<unsigned int, unsigned int>, split::split_unified_allocator<Hashinator::hash_pair<unsigned int, unsigned int>>> *, unsigned int, unsigned int, unsigned int, float *)"
0.0,1.4322,44,0.0326,0.0176,0.0131,0.1396,0.0333, 129    1    1,  16    1    1,"reorder_blocks_by_dimension_kernel(vmesh::VelocityBlockContainer *, VecSimple<float> *, unsigned int *, unsigned int *, ColumnOffsets *)"
0.0,1.4306,50,0.0286,0.0118,0.0081,0.1861,0.0378,  90    1    1, 832    1    1,"update_velocity_halo_kernel(vmesh::VelocityMesh *, unsigned int, unsigned int *, Hashinator::Hashmap<unsigned int, unsigned int, (unsigned int)4294967295, (unsigned int)4294967294, Hashinator::HashFunctions::Fibonacci<unsigned int>, Hashinator::Hashers::Hasher<unsigned int, unsigned int, Hashinator::HashFunctions::Fibonacci<unsigned int>, (unsigned int)4294967295, (unsigned int)4294967294, (int)32, (int)1>, split::split_unified_allocator<Hashinator::Info>> *, Hashinator::Hashmap<unsigned int, unsigned int, (unsigned int)4294967295, (unsigned int)4294967294, Hashinator::HashFunctions::Fibonacci<unsigned int>, Hashinator::Hashers::Hasher<unsigned int, unsigned int, Hashinator::HashFunctions::Fibonacci<unsigned int>, (unsigned int)4294967295, (unsigned int)4294967294, (int)32, (int)1>, split::split_unified_allocator<Hashinator::Info>> *)"
0.0,1.4291,44,0.0325,0.0152,0.0116,0.1436,0.0296, 132    1    1,  32    1    1,"evaluate_column_extents_kernel(unsigned int, const vmesh::VelocityMesh *, ColumnOffsets *, Column *, split::SplitVector<unsigned int, split::split_unified_allocator<unsigned int>> *, Hashinator::Hashmap<unsigned int, unsigned int, (unsigned int)4294967295, (unsigned int)4294967294, Hashinator::HashFunctions::Fibonacci<unsigned int>, Hashinator::Hashers::Hasher<unsigned int, unsigned int, Hashinator::HashFunctions::Fibonacci<unsigned int>, (unsigned int)4294967295, (unsigned int)4294967294, (int)32, (int)1>, split::split_unified_allocator<Hashinator::Info>> *, Hashinator::Hashmap<unsigned int, unsigned int, (unsigned int)4294967295, (unsigned int)4294967294, Hashinator::HashFunctions::Fibonacci<unsigned int>, Hashinator::Hashers::Hasher<unsigned int, unsigned int, Hashinator::HashFunctions::Fibonacci<unsigned int>, (unsigned int)4294967295, (unsigned int)4294967294, (int)32, (int)1>, split::split_unified_allocator<Hashinator::Info>> *, unsigned int *, unsigned int *, float, float, float, float, int, int, float, float, unsigned int *)"
0.0,1.4219,44,0.0323,0.0141,0.0065,0.1150,0.0325, 143    1    1,  64    1    1,"update_velocity_blocks_kernel(vmesh::VelocityMesh *, vmesh::VelocityBlockContainer *, split::SplitVector<unsigned int, split::split_unified_allocator<unsigned int>> *, split::SplitVector<Hashinator::hash_pair<unsigned int, unsigned int>, split::split_unified_allocator<Hashinator::hash_pair<unsigned int, unsigned int>>> *, split::SplitVector<Hashinator::hash_pair<unsigned int, unsigned int>, split::split_unified_allocator<Hashinator::hash_pair<unsigned int, unsigned int>>> *, split::SplitVector<Hashinator::hash_pair<unsigned int, unsigned int>, split::split_unified_allocator<Hashinator::hash_pair<unsigned int, unsigned int>>> *, unsigned int, unsigned int, unsigned int, float *)"
0.0,1.4104,48,0.0294,0.0078,0.0068,0.1690,0.0385, 664    1    1,  64    1    1,"update_velocity_blocks_kernel(vmesh::VelocityMesh *, vmesh::VelocityBlockContainer *, split::SplitVector<unsigned int, split::split_unified_allocator<unsigned int>> *, split::SplitVector<Hashinator::hash_pair<unsigned int, unsigned int>, split::split_unified_allocator<Hashinator::hash_pair<unsigned int, unsigned int>>> *, split::SplitVector<Hashinator::hash_pair<unsigned int, unsigned int>, split::split_unified_allocator<Hashinator::hash_pair<unsigned int, unsigned int>>> *, split::SplitVector<Hashinator::hash_pair<unsigned int, unsigned int>, split::split_unified_allocator<Hashinator::hash_pair<unsigned int, unsigned int>>> *, unsigned int, unsigned int, unsigned int, float *)"
0.0,1.4057,96,0.0146,0.0048,0.0045,0.2041,0.0285,  61    1    1, 512    1    1,"void arch::reduction_kernel<(unsigned int)512, (arch::reduce_op)2, (unsigned int)4, (unsigned int)4, void blockVelocityFirstMoments<double, (unsigned int)4>(vmesh::VelocityBlockContainer *, T1 (&)[T2], unsigned int)::[lambda(unsigned int, unsigned int, unsigned int, unsigned int, double *) (instance 1)], double>(T5, const T6 *, T6 *, const unsigned int *, unsigned int, unsigned int, T6 *)"
0.0,1.4014,48,0.0292,0.0077,0.0066,0.2325,0.0473, 588    1    1,  64    1    1,"update_velocity_blocks_kernel(vmesh::VelocityMesh *, vmesh::VelocityBlockContainer *, split::SplitVector<unsigned int, split::split_unified_allocator<unsigned int>> *, split::SplitVector<Hashinator::hash_pair<unsigned int, unsigned int>, split::split_unified_allocator<Hashinator::hash_pair<unsigned int, unsigned int>>> *, split::SplitVector<Hashinator::hash_pair<unsigned int, unsigned int>, split::split_unified_allocator<Hashinator::hash_pair<unsigned int, unsigned int>>> *, split::SplitVector<Hashinator::hash_pair<unsigned int, unsigned int>, split::split_unified_allocator<Hashinator::hash_pair<unsigned int, unsigned int>>> *, unsigned int, unsigned int, unsigned int, float *)"
0.0,1.3877,48,0.0289,0.0087,0.0073,0.1222,0.0330, 452    1    1,  64    1    1,"update_velocity_blocks_kernel(vmesh::VelocityMesh *, vmesh::VelocityBlockContainer *, split::SplitVector<unsigned int, split::split_unified_allocator<unsigned int>> *, split::SplitVector<Hashinator::hash_pair<unsigned int, unsigned int>, split::split_unified_allocator<Hashinator::hash_pair<unsigned int, unsigned int>>> *, split::SplitVector<Hashinator::hash_pair<unsigned int, unsigned int>, split::split_unified_allocator<Hashinator::hash_pair<unsigned int, unsigned int>>> *, split::SplitVector<Hashinator::hash_pair<unsigned int, unsigned int>, split::split_unified_allocator<Hashinator::hash_pair<unsigned int, unsigned int>>> *, unsigned int, unsigned int, unsigned int, float *)"
0.0,1.3814,48,0.0288,0.0407,0.0042,0.0604,0.0229,  38    1    1, 512    1    1,"void arch::reduction_kernel<(unsigned int)512, (arch::reduce_op)2, (unsigned int)4, (unsigned int)3, DRO::VariablePTensorDiagonal::reduceData(const spatial_cell::SpatialCell *, char *)::[lambda(unsigned int, unsigned int, unsigned int, unsigned int, double *) (instance 1)], double>(T5, const T6 *, T6 *, const unsigned int *, unsigned int, unsigned int, T6 *)"
0.0,1.3809,44,0.0314,0.0063,0.0051,0.2477,0.0581, 250    1    1,  64    1    1,"update_velocity_blocks_kernel(vmesh::VelocityMesh *, vmesh::VelocityBlockContainer *, split::SplitVector<unsigned int, split::split_unified_allocator<unsigned int>> *, split::SplitVector<Hashinator::hash_pair<unsigned int, unsigned int>, split::split_unified_allocator<Hashinator::hash_pair<unsigned int, unsigned int>>> *, split::SplitVector<Hashinator::hash_pair<unsigned int, unsigned int>, split::split_unified_allocator<Hashinator::hash_pair<unsigned int, unsigned int>>> *, split::SplitVector<Hashinator::hash_pair<unsigned int, unsigned int>, split::split_unified_allocator<Hashinator::hash_pair<unsigned int, unsigned int>>> *, unsigned int, unsigned int, unsigned int, float *)"
0.0,1.3789,44,0.0313,0.0138,0.0113,0.1841,0.0373, 117    1    1,  32    1    1,"evaluate_column_extents_kernel(unsigned int, const vmesh::VelocityMesh *, ColumnOffsets *, Column *, split::SplitVector<unsigned int, split::split_unified_allocator<unsigned int>> *, Hashinator::Hashmap<unsigned int, unsigned int, (unsigned int)4294967295, (unsigned int)4294967294, Hashinator::HashFunctions::Fibonacci<unsigned int>, Hashinator::Hashers::Hasher<unsigned int, unsigned int, Hashinator::HashFunctions::Fibonacci<unsigned int>, (unsigned int)4294967295, (unsigned int)4294967294, (int)32, (int)1>, split::split_unified_allocator<Hashinator::Info>> *, Hashinator::Hashmap<unsigned int, unsigned int, (unsigned int)4294967295, (unsigned int)4294967294, Hashinator::HashFunctions::Fibonacci<unsigned int>, Hashinator::Hashers::Hasher<unsigned int, unsigned int, Hashinator::HashFunctions::Fibonacci<unsigned int>, (unsigned int)4294967295, (unsigned int)4294967294, (int)32, (int)1>, split::split_unified_allocator<Hashinator::Info>> *, unsigned int *, unsigned int *, float, float, float, float, int, int, float, float, unsigned int *)"
0.0,1.3770,48,0.0287,0.0080,0.0067,0.1218,0.0327, 660    1    1,  64    1    1,"update_velocity_blocks_kernel(vmesh::VelocityMesh *, vmesh::VelocityBlockContainer *, split::SplitVector<unsigned int, split::split_unified_allocator<unsigned int>> *, split::SplitVector<Hashinator::hash_pair<unsigned int, unsigned int>, split::split_unified_allocator<Hashinator::hash_pair<unsigned int, unsigned int>>> *, split::SplitVector<Hashinator::hash_pair<unsigned int, unsigned int>, split::split_unified_allocator<Hashinator::hash_pair<unsigned int, unsigned int>>> *, split::SplitVector<Hashinator::hash_pair<unsigned int, unsigned int>, split::split_unified_allocator<Hashinator::hash_pair<unsigned int, unsigned int>>> *, unsigned int, unsigned int, unsigned int, float *)"
0.0,1.3693,36,0.0380,0.0166,0.0148,0.1598,0.0375, 198    1    1,1024    1    1,"update_neighbour_halo_kernel(vmesh::VelocityMesh *, unsigned int, unsigned int **, unsigned int *, Hashinator::Hashmap<unsigned int, unsigned int, (unsigned int)4294967295, (unsigned int)4294967294, Hashinator::HashFunctions::Fibonacci<unsigned int>, Hashinator::Hashers::Hasher<unsigned int, unsigned int, Hashinator::HashFunctions::Fibonacci<unsigned int>, (unsigned int)4294967295, (unsigned int)4294967294, (int)32, (int)1>, split::split_unified_allocator<Hashinator::Info>> *, Hashinator::Hashmap<unsigned int, unsigned int, (unsigned int)4294967295, (unsigned int)4294967294, Hashinator::HashFunctions::Fibonacci<unsigned int>, Hashinator::Hashers::Hasher<unsigned int, unsigned int, Hashinator::HashFunctions::Fibonacci<unsigned int>, (unsigned int)4294967295, (unsigned int)4294967294, (int)32, (int)1>, split::split_unified_allocator<Hashinator::Info>> *)"
0.0,1.3624,44,0.0310,0.0146,0.0113,0.1228,0.0322, 117    1    1,  16    1    1,"reorder_blocks_by_dimension_kernel(vmesh::VelocityBlockContainer *, VecSimple<float> *, unsigned int *, unsigned int *, ColumnOffsets *)"
0.0,1.3615,48,0.0284,0.0077,0.0065,0.1507,0.0357, 432    1    1,  64    1    1,"update_velocity_blocks_kernel(vmesh::VelocityMesh *, vmesh::VelocityBlockContainer *, split::SplitVector<unsigned int, split::split_unified_allocator<unsigned int>> *, split::SplitVector<Hashinator::hash_pair<unsigned int, unsigned int>, split::split_unified_allocator<Hashinator::hash_pair<unsigned int, unsigned int>>> *, split::SplitVector<Hashinator::hash_pair<unsigned int, unsigned int>, split::split_unified_allocator<Hashinator::hash_pair<unsigned int, unsigned int>>> *, split::SplitVector<Hashinator::hash_pair<unsigned int, unsigned int>, split::split_unified_allocator<Hashinator::hash_pair<unsigned int, unsigned int>>> *, unsigned int, unsigned int, unsigned int, float *)"
0.0,1.3522,44,0.0307,0.0140,0.0118,0.1298,0.0313, 125    1    1,  32    1    1,"evaluate_column_extents_kernel(unsigned int, const vmesh::VelocityMesh *, ColumnOffsets *, Column *, split::SplitVector<unsigned int, split::split_unified_allocator<unsigned int>> *, Hashinator::Hashmap<unsigned int, unsigned int, (unsigned int)4294967295, (unsigned int)4294967294, Hashinator::HashFunctions::Fibonacci<unsigned int>, Hashinator::Hashers::Hasher<unsigned int, unsigned int, Hashinator::HashFunctions::Fibonacci<unsigned int>, (unsigned int)4294967295, (unsigned int)4294967294, (int)32, (int)1>, split::split_unified_allocator<Hashinator::Info>> *, Hashinator::Hashmap<unsigned int, unsigned int, (unsigned int)4294967295, (unsigned int)4294967294, Hashinator::HashFunctions::Fibonacci<unsigned int>, Hashinator::Hashers::Hasher<unsigned int, unsigned int, Hashinator::HashFunctions::Fibonacci<unsigned int>, (unsigned int)4294967295, (unsigned int)4294967294, (int)32, (int)1>, split::split_unified_allocator<Hashinator::Info>> *, unsigned int *, unsigned int *, float, float, float, float, int, int, float, float, unsigned int *)"
0.0,1.3376,35,0.0382,0.0076,0.0053,0.2443,0.0557, 324    1    1,  64    1    1,"update_velocity_blocks_kernel(vmesh::VelocityMesh *, vmesh::VelocityBlockContainer *, split::SplitVector<unsigned int, split::split_unified_allocator<unsigned int>> *, split::SplitVector<Hashinator::hash_pair<unsigned int, unsigned int>, split::split_unified_allocator<Hashinator::hash_pair<unsigned int, unsigned int>>> *, split::SplitVector<Hashinator::hash_pair<unsigned int, unsigned int>, split::split_unified_allocator<Hashinator::hash_pair<unsigned int, unsigned int>>> *, split::SplitVector<Hashinator::hash_pair<unsigned int, unsigned int>, split::split_unified_allocator<Hashinator::hash_pair<unsigned int, unsigned int>>> *, unsigned int, unsigned int, unsigned int, float *)"
0.0,1.3357,50,0.0267,0.0077,0.0065,0.1384,0.0319, 137    1    1,  64    1    1,"update_velocity_blocks_kernel(vmesh::VelocityMesh *, vmesh::VelocityBlockContainer *, split::SplitVector<unsigned int, split::split_unified_allocator<unsigned int>> *, split::SplitVector<Hashinator::hash_pair<unsigned int, unsigned int>, split::split_unified_allocator<Hashinator::hash_pair<unsigned int, unsigned int>>> *, split::SplitVector<Hashinator::hash_pair<unsigned int, unsigned int>, split::split_unified_allocator<Hashinator::hash_pair<unsigned int, unsigned int>>> *, split::SplitVector<Hashinator::hash_pair<unsigned int, unsigned int>, split::split_unified_allocator<Hashinator::hash_pair<unsigned int, unsigned int>>> *, unsigned int, unsigned int, unsigned int, float *)"
0.0,1.3311,24,0.0555,0.0519,0.0483,0.0884,0.0094,  79    1    1, 512    1    1,"void arch::reduction_kernel<(unsigned int)512, (arch::reduce_op)2, (unsigned int)4, (unsigned int)3, DRO::VariableEnergyDensity::reduceData(const spatial_cell::SpatialCell *, char *)::[lambda(unsigned int, unsigned int, unsigned int, unsigned int, double *) (instance 1)], double>(T5, const T6 *, T6 *, const unsigned int *, unsigned int, unsigned int, T6 *)"
0.0,1.3240,189,0.0070,0.0069,0.0065,0.0087,0.0004, 446    1    1,  64    1    1,"update_velocity_block_content_lists_kernel(vmesh::VelocityMesh *, vmesh::VelocityBlockContainer *, Hashinator::Hashmap<unsigned int, unsigned int, (unsigned int)4294967295, (unsigned int)4294967294, Hashinator::HashFunctions::Fibonacci<unsigned int>, Hashinator::Hashers::Hasher<unsigned int, unsigned int, Hashinator::HashFunctions::Fibonacci<unsigned int>, (unsigned int)4294967295, (unsigned int)4294967294, (int)32, (int)1>, split::split_unified_allocator<Hashinator::Info>> *, Hashinator::Hashmap<unsigned int, unsigned int, (unsigned int)4294967295, (unsigned int)4294967294, Hashinator::HashFunctions::Fibonacci<unsigned int>, Hashinator::Hashers::Hasher<unsigned int, unsigned int, Hashinator::HashFunctions::Fibonacci<unsigned int>, (unsigned int)4294967295, (unsigned int)4294967294, (int)32, (int)1>, split::split_unified_allocator<Hashinator::Info>> *, double)"
0.0,1.3239,190,0.0070,0.0069,0.0064,0.0089,0.0004, 402    1    1,  64    1    1,"update_velocity_block_content_lists_kernel(vmesh::VelocityMesh *, vmesh::VelocityBlockContainer *, Hashinator::Hashmap<unsigned int, unsigned int, (unsigned int)4294967295, (unsigned int)4294967294, Hashinator::HashFunctions::Fibonacci<unsigned int>, Hashinator::Hashers::Hasher<unsigned int, unsigned int, Hashinator::HashFunctions::Fibonacci<unsigned int>, (unsigned int)4294967295, (unsigned int)4294967294, (int)32, (int)1>, split::split_unified_allocator<Hashinator::Info>> *, Hashinator::Hashmap<unsigned int, unsigned int, (unsigned int)4294967295, (unsigned int)4294967294, Hashinator::HashFunctions::Fibonacci<unsigned int>, Hashinator::Hashers::Hasher<unsigned int, unsigned int, Hashinator::HashFunctions::Fibonacci<unsigned int>, (unsigned int)4294967295, (unsigned int)4294967294, (int)32, (int)1>, split::split_unified_allocator<Hashinator::Info>> *, double)"
0.0,1.3163,179,0.0074,0.0073,0.0067,0.0102,0.0005, 673    1    1,  64    1    1,"update_velocity_block_content_lists_kernel(vmesh::VelocityMesh *, vmesh::VelocityBlockContainer *, Hashinator::Hashmap<unsigned int, unsigned int, (unsigned int)4294967295, (unsigned int)4294967294, Hashinator::HashFunctions::Fibonacci<unsigned int>, Hashinator::Hashers::Hasher<unsigned int, unsigned int, Hashinator::HashFunctions::Fibonacci<unsigned int>, (unsigned int)4294967295, (unsigned int)4294967294, (int)32, (int)1>, split::split_unified_allocator<Hashinator::Info>> *, Hashinator::Hashmap<unsigned int, unsigned int, (unsigned int)4294967295, (unsigned int)4294967294, Hashinator::HashFunctions::Fibonacci<unsigned int>, Hashinator::Hashers::Hasher<unsigned int, unsigned int, Hashinator::HashFunctions::Fibonacci<unsigned int>, (unsigned int)4294967295, (unsigned int)4294967294, (int)32, (int)1>, split::split_unified_allocator<Hashinator::Info>> *, double)"
0.0,1.2893,176,0.0073,0.0073,0.0068,0.0094,0.0003, 680    1    1,  64    1    1,"update_velocity_block_content_lists_kernel(vmesh::VelocityMesh *, vmesh::VelocityBlockContainer *, Hashinator::Hashmap<unsigned int, unsigned int, (unsigned int)4294967295, (unsigned int)4294967294, Hashinator::HashFunctions::Fibonacci<unsigned int>, Hashinator::Hashers::Hasher<unsigned int, unsigned int, Hashinator::HashFunctions::Fibonacci<unsigned int>, (unsigned int)4294967295, (unsigned int)4294967294, (int)32, (int)1>, split::split_unified_allocator<Hashinator::Info>> *, Hashinator::Hashmap<unsigned int, unsigned int, (unsigned int)4294967295, (unsigned int)4294967294, Hashinator::HashFunctions::Fibonacci<unsigned int>, Hashinator::Hashers::Hasher<unsigned int, unsigned int, Hashinator::HashFunctions::Fibonacci<unsigned int>, (unsigned int)4294967295, (unsigned int)4294967294, (int)32, (int)1>, split::split_unified_allocator<Hashinator::Info>> *, double)"
0.0,1.2666,48,0.0264,0.0046,0.0042,0.0576,0.0233,  66    1    1, 512    1    1,"void arch::reduction_kernel<(unsigned int)512, (arch::reduce_op)2, (unsigned int)4, (unsigned int)3, DRO::VariablePTensorDiagonal::reduceData(const spatial_cell::SpatialCell *, char *)::[lambda(unsigned int, unsigned int, unsigned int, unsigned int, double *) (instance 1)], double>(T5, const T6 *, T6 *, const unsigned int *, unsigned int, unsigned int, T6 *)"
0.0,1.2561,24,0.0523,0.0516,0.0404,0.0641,0.0056,  65    1    1, 512    1    1,"void arch::reduction_kernel<(unsigned int)512, (arch::reduce_op)2, (unsigned int)4, (unsigned int)3, DRO::VariablePTensorOffDiagonal::reduceData(const spatial_cell::SpatialCell *, char *)::[lambda(unsigned int, unsigned int, unsigned int, unsigned int, double *) (instance 1)], double>(T5, const T6 *, T6 *, const unsigned int *, unsigned int, unsigned int, T6 *)"
0.0,1.2452,185,0.0067,0.0041,0.0039,0.0997,0.0115,  87    1    1, 512    1    1,"void arch::reduction_kernel<(unsigned int)512, (arch::reduce_op)2, (unsigned int)4, (unsigned int)3, void blockVelocitySecondMoments<double, (unsigned int)3>(vmesh::VelocityBlockContainer *, T1, T1, T1, T1 (&)[T2], unsigned int)::[lambda(unsigned int, unsigned int, unsigned int, unsigned int, double *) (instance 1)], double>(T5, const T6 *, T6 *, const unsigned int *, unsigned int, unsigned int, T6 *)"
0.0,1.2362,168,0.0074,0.0073,0.0068,0.0099,0.0004, 784    1    1,  64    1    1,"update_velocity_block_content_lists_kernel(vmesh::VelocityMesh *, vmesh::VelocityBlockContainer *, Hashinator::Hashmap<unsigned int, unsigned int, (unsigned int)4294967295, (unsigned int)4294967294, Hashinator::HashFunctions::Fibonacci<unsigned int>, Hashinator::Hashers::Hasher<unsigned int, unsigned int, Hashinator::HashFunctions::Fibonacci<unsigned int>, (unsigned int)4294967295, (unsigned int)4294967294, (int)32, (int)1>, split::split_unified_allocator<Hashinator::Info>> *, Hashinator::Hashmap<unsigned int, unsigned int, (unsigned int)4294967295, (unsigned int)4294967294, Hashinator::HashFunctions::Fibonacci<unsigned int>, Hashinator::Hashers::Hasher<unsigned int, unsigned int, Hashinator::HashFunctions::Fibonacci<unsigned int>, (unsigned int)4294967295, (unsigned int)4294967294, (int)32, (int)1>, split::split_unified_allocator<Hashinator::Info>> *, double)"
0.0,1.2298,24,0.0512,0.0521,0.0044,0.0827,0.0122,  59    1    1, 512    1    1,"void arch::reduction_kernel<(unsigned int)512, (arch::reduce_op)2, (unsigned int)4, (unsigned int)3, DRO::VariableEnergyDensity::reduceData(const spatial_cell::SpatialCell *, char *)::[lambda(unsigned int, unsigned int, unsigned int, unsigned int, double *) (instance 1)], double>(T5, const T6 *, T6 *, const unsigned int *, unsigned int, unsigned int, T6 *)"
0.0,1.2292,175,0.0070,0.0070,0.0065,0.0086,0.0003, 438    1    1,  64    1    1,"update_velocity_block_content_lists_kernel(vmesh::VelocityMesh *, vmesh::VelocityBlockContainer *, Hashinator::Hashmap<unsigned int, unsigned int, (unsigned int)4294967295, (unsigned int)4294967294, Hashinator::HashFunctions::Fibonacci<unsigned int>, Hashinator::Hashers::Hasher<unsigned int, unsigned int, Hashinator::HashFunctions::Fibonacci<unsigned int>, (unsigned int)4294967295, (unsigned int)4294967294, (int)32, (int)1>, split::split_unified_allocator<Hashinator::Info>> *, Hashinator::Hashmap<unsigned int, unsigned int, (unsigned int)4294967295, (unsigned int)4294967294, Hashinator::HashFunctions::Fibonacci<unsigned int>, Hashinator::Hashers::Hasher<unsigned int, unsigned int, Hashinator::HashFunctions::Fibonacci<unsigned int>, (unsigned int)4294967295, (unsigned int)4294967294, (int)32, (int)1>, split::split_unified_allocator<Hashinator::Info>> *, double)"
0.0,1.2218,170,0.0072,0.0071,0.0066,0.0090,0.0003, 583    1    1,  64    1    1,"update_velocity_block_content_lists_kernel(vmesh::VelocityMesh *, vmesh::VelocityBlockContainer *, Hashinator::Hashmap<unsigned int, unsigned int, (unsigned int)4294967295, (unsigned int)4294967294, Hashinator::HashFunctions::Fibonacci<unsigned int>, Hashinator::Hashers::Hasher<unsigned int, unsigned int, Hashinator::HashFunctions::Fibonacci<unsigned int>, (unsigned int)4294967295, (unsigned int)4294967294, (int)32, (int)1>, split::split_unified_allocator<Hashinator::Info>> *, Hashinator::Hashmap<unsigned int, unsigned int, (unsigned int)4294967295, (unsigned int)4294967294, Hashinator::HashFunctions::Fibonacci<unsigned int>, Hashinator::Hashers::Hasher<unsigned int, unsigned int, Hashinator::HashFunctions::Fibonacci<unsigned int>, (unsigned int)4294967295, (unsigned int)4294967294, (int)32, (int)1>, split::split_unified_allocator<Hashinator::Info>> *, double)"
0.0,1.2173,48,0.0254,0.0079,0.0068,0.1995,0.0430, 868    1    1,  64    1    1,"update_velocity_blocks_kernel(vmesh::VelocityMesh *, vmesh::VelocityBlockContainer *, split::SplitVector<unsigned int, split::split_unified_allocator<unsigned int>> *, split::SplitVector<Hashinator::hash_pair<unsigned int, unsigned int>, split::split_unified_allocator<Hashinator::hash_pair<unsigned int, unsigned int>>> *, split::SplitVector<Hashinator::hash_pair<unsigned int, unsigned int>, split::split_unified_allocator<Hashinator::hash_pair<unsigned int, unsigned int>>> *, split::SplitVector<Hashinator::hash_pair<unsigned int, unsigned int>, split::split_unified_allocator<Hashinator::hash_pair<unsigned int, unsigned int>>> *, unsigned int, unsigned int, unsigned int, float *)"
0.0,1.2171,24,0.0507,0.0536,0.0044,0.0585,0.0106,  64    1    1, 512    1    1,"void arch::reduction_kernel<(unsigned int)512, (arch::reduce_op)2, (unsigned int)4, (unsigned int)3, DRO::VariablePTensorOffDiagonal::reduceData(const spatial_cell::SpatialCell *, char *)::[lambda(unsigned int, unsigned int, unsigned int, unsigned int, double *) (instance 1)], double>(T5, const T6 *, T6 *, const unsigned int *, unsigned int, unsigned int, T6 *)"
0.0,1.2159,24,0.0507,0.0509,0.0044,0.0644,0.0107,  77    1    1, 512    1    1,"void arch::reduction_kernel<(unsigned int)512, (arch::reduce_op)2, (unsigned int)4, (unsigned int)3, DRO::VariablePTensorOffDiagonal::reduceData(const spatial_cell::SpatialCell *, char *)::[lambda(unsigned int, unsigned int, unsigned int, unsigned int, double *) (instance 1)], double>(T5, const T6 *, T6 *, const unsigned int *, unsigned int, unsigned int, T6 *)"
0.0,1.2116,48,0.0252,0.0086,0.0073,0.1666,0.0360, 912    1    1,  64    1    1,"update_velocity_blocks_kernel(vmesh::VelocityMesh *, vmesh::VelocityBlockContainer *, split::SplitVector<unsigned int, split::split_unified_allocator<unsigned int>> *, split::SplitVector<Hashinator::hash_pair<unsigned int, unsigned int>, split::split_unified_allocator<Hashinator::hash_pair<unsigned int, unsigned int>>> *, split::SplitVector<Hashinator::hash_pair<unsigned int, unsigned int>, split::split_unified_allocator<Hashinator::hash_pair<unsigned int, unsigned int>>> *, split::SplitVector<Hashinator::hash_pair<unsigned int, unsigned int>, split::split_unified_allocator<Hashinator::hash_pair<unsigned int, unsigned int>>> *, unsigned int, unsigned int, unsigned int, float *)"
0.0,1.1818,24,0.0492,0.0514,0.0044,0.0725,0.0152,  77    1    1, 512    1    1,"void arch::reduction_kernel<(unsigned int)512, (arch::reduce_op)2, (unsigned int)4, (unsigned int)3, DRO::VariableEnergyDensity::reduceData(const spatial_cell::SpatialCell *, char *)::[lambda(unsigned int, unsigned int, unsigned int, unsigned int, double *) (instance 1)], double>(T5, const T6 *, T6 *, const unsigned int *, unsigned int, unsigned int, T6 *)"
0.0,1.1784,160,0.0074,0.0073,0.0068,0.0089,0.0004, 768    1    1,  64    1    1,"update_velocity_block_content_lists_kernel(vmesh::VelocityMesh *, vmesh::VelocityBlockContainer *, Hashinator::Hashmap<unsigned int, unsigned int, (unsigned int)4294967295, (unsigned int)4294967294, Hashinator::HashFunctions::Fibonacci<unsigned int>, Hashinator::Hashers::Hasher<unsigned int, unsigned int, Hashinator::HashFunctions::Fibonacci<unsigned int>, (unsigned int)4294967295, (unsigned int)4294967294, (int)32, (int)1>, split::split_unified_allocator<Hashinator::Info>> *, Hashinator::Hashmap<unsigned int, unsigned int, (unsigned int)4294967295, (unsigned int)4294967294, Hashinator::HashFunctions::Fibonacci<unsigned int>, Hashinator::Hashers::Hasher<unsigned int, unsigned int, Hashinator::HashFunctions::Fibonacci<unsigned int>, (unsigned int)4294967295, (unsigned int)4294967294, (int)32, (int)1>, split::split_unified_allocator<Hashinator::Info>> *, double)"
0.0,1.1701,161,0.0073,0.0072,0.0067,0.0092,0.0004, 631    1    1,  64    1    1,"update_velocity_block_content_lists_kernel(vmesh::VelocityMesh *, vmesh::VelocityBlockContainer *, Hashinator::Hashmap<unsigned int, unsigned int, (unsigned int)4294967295, (unsigned int)4294967294, Hashinator::HashFunctions::Fibonacci<unsigned int>, Hashinator::Hashers::Hasher<unsigned int, unsigned int, Hashinator::HashFunctions::Fibonacci<unsigned int>, (unsigned int)4294967295, (unsigned int)4294967294, (int)32, (int)1>, split::split_unified_allocator<Hashinator::Info>> *, Hashinator::Hashmap<unsigned int, unsigned int, (unsigned int)4294967295, (unsigned int)4294967294, Hashinator::HashFunctions::Fibonacci<unsigned int>, Hashinator::Hashers::Hasher<unsigned int, unsigned int, Hashinator::HashFunctions::Fibonacci<unsigned int>, (unsigned int)4294967295, (unsigned int)4294967294, (int)32, (int)1>, split::split_unified_allocator<Hashinator::Info>> *, double)"
0.0,1.1597,44,0.0264,0.0128,0.0110,0.1130,0.0231,  50    1    1,  32    1    1,"evaluate_column_extents_kernel(unsigned int, const vmesh::VelocityMesh *, ColumnOffsets *, Column *, split::SplitVector<unsigned int, split::split_unified_allocator<unsigned int>> *, Hashinator::Hashmap<unsigned int, unsigned int, (unsigned int)4294967295, (unsigned int)4294967294, Hashinator::HashFunctions::Fibonacci<unsigned int>, Hashinator::Hashers::Hasher<unsigned int, unsigned int, Hashinator::HashFunctions::Fibonacci<unsigned int>, (unsigned int)4294967295, (unsigned int)4294967294, (int)32, (int)1>, split::split_unified_allocator<Hashinator::Info>> *, Hashinator::Hashmap<unsigned int, unsigned int, (unsigned int)4294967295, (unsigned int)4294967294, Hashinator::HashFunctions::Fibonacci<unsigned int>, Hashinator::Hashers::Hasher<unsigned int, unsigned int, Hashinator::HashFunctions::Fibonacci<unsigned int>, (unsigned int)4294967295, (unsigned int)4294967294, (int)32, (int)1>, split::split_unified_allocator<Hashinator::Info>> *, unsigned int *, unsigned int *, float, float, float, float, int, int, float, float, unsigned int *)"
0.0,1.1532,40,0.0288,0.0119,0.0091,0.1269,0.0337, 214    1    1,1024    1    1,"update_neighbour_halo_kernel(vmesh::VelocityMesh *, unsigned int, unsigned int **, unsigned int *, Hashinator::Hashmap<unsigned int, unsigned int, (unsigned int)4294967295, (unsigned int)4294967294, Hashinator::HashFunctions::Fibonacci<unsigned int>, Hashinator::Hashers::Hasher<unsigned int, unsigned int, Hashinator::HashFunctions::Fibonacci<unsigned int>, (unsigned int)4294967295, (unsigned int)4294967294, (int)32, (int)1>, split::split_unified_allocator<Hashinator::Info>> *, Hashinator::Hashmap<unsigned int, unsigned int, (unsigned int)4294967295, (unsigned int)4294967294, Hashinator::HashFunctions::Fibonacci<unsigned int>, Hashinator::Hashers::Hasher<unsigned int, unsigned int, Hashinator::HashFunctions::Fibonacci<unsigned int>, (unsigned int)4294967295, (unsigned int)4294967294, (int)32, (int)1>, split::split_unified_allocator<Hashinator::Info>> *)"
0.0,1.1493,44,0.0261,0.0069,0.0050,0.1659,0.0385, 252    1    1,  64    1    1,"update_velocity_blocks_kernel(vmesh::VelocityMesh *, vmesh::VelocityBlockContainer *, split::SplitVector<unsigned int, split::split_unified_allocator<unsigned int>> *, split::SplitVector<Hashinator::hash_pair<unsigned int, unsigned int>, split::split_unified_allocator<Hashinator::hash_pair<unsigned int, unsigned int>>> *, split::SplitVector<Hashinator::hash_pair<unsigned int, unsigned int>, split::split_unified_allocator<Hashinator::hash_pair<unsigned int, unsigned int>>> *, split::SplitVector<Hashinator::hash_pair<unsigned int, unsigned int>, split::split_unified_allocator<Hashinator::hash_pair<unsigned int, unsigned int>>> *, unsigned int, unsigned int, unsigned int, float *)"
0.0,1.1488,44,0.0261,0.0138,0.0113,0.0947,0.0206, 129    1    1,  32    1    1,"evaluate_column_extents_kernel(unsigned int, const vmesh::VelocityMesh *, ColumnOffsets *, Column *, split::SplitVector<unsigned int, split::split_unified_allocator<unsigned int>> *, Hashinator::Hashmap<unsigned int, unsigned int, (unsigned int)4294967295, (unsigned int)4294967294, Hashinator::HashFunctions::Fibonacci<unsigned int>, Hashinator::Hashers::Hasher<unsigned int, unsigned int, Hashinator::HashFunctions::Fibonacci<unsigned int>, (unsigned int)4294967295, (unsigned int)4294967294, (int)32, (int)1>, split::split_unified_allocator<Hashinator::Info>> *, Hashinator::Hashmap<unsigned int, unsigned int, (unsigned int)4294967295, (unsigned int)4294967294, Hashinator::HashFunctions::Fibonacci<unsigned int>, Hashinator::Hashers::Hasher<unsigned int, unsigned int, Hashinator::HashFunctions::Fibonacci<unsigned int>, (unsigned int)4294967295, (unsigned int)4294967294, (int)32, (int)1>, split::split_unified_allocator<Hashinator::Info>> *, unsigned int *, unsigned int *, float, float, float, float, int, int, float, float, unsigned int *)"
0.0,1.1480,24,0.0478,0.0506,0.0044,0.0605,0.0140,  64    1    1, 512    1    1,"void arch::reduction_kernel<(unsigned int)512, (arch::reduce_op)2, (unsigned int)4, (unsigned int)3, DRO::VariableEnergyDensity::reduceData(const spatial_cell::SpatialCell *, char *)::[lambda(unsigned int, unsigned int, unsigned int, unsigned int, double *) (instance 1)], double>(T5, const T6 *, T6 *, const unsigned int *, unsigned int, unsigned int, T6 *)"
0.0,1.1425,56,0.0204,0.0040,0.0034,0.1123,0.0272,   1    1    1, 128    1    1,"void Hashinator::Hashers::insert_kernel<unsigned int, unsigned int, (unsigned int)4294967295, Hashinator::HashFunctions::Fibonacci<unsigned int>, (int)32, (int)1>(Hashinator::hash_pair<T1, T2> *, Hashinator::hash_pair<T1, T2> *, Hashinator::Info *, unsigned long)"
0.0,1.1385,24,0.0474,0.0514,0.0044,0.0564,0.0137,  79    1    1, 512    1    1,"void arch::reduction_kernel<(unsigned int)512, (arch::reduce_op)2, (unsigned int)4, (unsigned int)3, DRO::VariablePTensorOffDiagonal::reduceData(const spatial_cell::SpatialCell *, char *)::[lambda(unsigned int, unsigned int, unsigned int, unsigned int, double *) (instance 1)], double>(T5, const T6 *, T6 *, const unsigned int *, unsigned int, unsigned int, T6 *)"
0.0,1.1338,40,0.0283,0.0044,0.0029,0.1221,0.0352,  21    1    1,  32    1    1,"blocksID_mapped_dim0_kernel(const vmesh::VelocityMesh *, unsigned int *, unsigned int *, unsigned int)"
0.0,1.1298,48,0.0235,0.0048,0.0045,0.5677,0.0845,  31    1    1, 512    1    1,"void arch::reduction_kernel<(unsigned int)512, (arch::reduce_op)2, (unsigned int)4, (unsigned int)4, void blockVelocityFirstMoments<double, (unsigned int)4>(vmesh::VelocityBlockContainer *, T1 (&)[T2], unsigned int)::[lambda(unsigned int, unsigned int, unsigned int, unsigned int, double *) (instance 1)], double>(T5, const T6 *, T6 *, const unsigned int *, unsigned int, unsigned int, T6 *)"
0.0,1.1150,157,0.0071,0.0070,0.0066,0.0086,0.0004, 449    1    1,  64    1    1,"update_velocity_block_content_lists_kernel(vmesh::VelocityMesh *, vmesh::VelocityBlockContainer *, Hashinator::Hashmap<unsigned int, unsigned int, (unsigned int)4294967295, (unsigned int)4294967294, Hashinator::HashFunctions::Fibonacci<unsigned int>, Hashinator::Hashers::Hasher<unsigned int, unsigned int, Hashinator::HashFunctions::Fibonacci<unsigned int>, (unsigned int)4294967295, (unsigned int)4294967294, (int)32, (int)1>, split::split_unified_allocator<Hashinator::Info>> *, Hashinator::Hashmap<unsigned int, unsigned int, (unsigned int)4294967295, (unsigned int)4294967294, Hashinator::HashFunctions::Fibonacci<unsigned int>, Hashinator::Hashers::Hasher<unsigned int, unsigned int, Hashinator::HashFunctions::Fibonacci<unsigned int>, (unsigned int)4294967295, (unsigned int)4294967294, (int)32, (int)1>, split::split_unified_allocator<Hashinator::Info>> *, double)"
0.0,1.1131,72,0.0155,0.0053,0.0051,0.0889,0.0221, 179    1    1, 512    1    1,"void arch::reduction_kernel<(unsigned int)512, (arch::reduce_op)2, (unsigned int)4, (unsigned int)4, void blockVelocityFirstMoments<double, (unsigned int)4>(vmesh::VelocityBlockContainer *, T1 (&)[T2], unsigned int)::[lambda(unsigned int, unsigned int, unsigned int, unsigned int, double *) (instance 1)], double>(T5, const T6 *, T6 *, const unsigned int *, unsigned int, unsigned int, T6 *)"
0.0,1.1127,24,0.0464,0.0514,0.0045,0.0833,0.0208,  85    1    1, 512    1    1,"void arch::reduction_kernel<(unsigned int)512, (arch::reduce_op)2, (unsigned int)4, (unsigned int)3, DRO::VariableEnergyDensity::reduceData(const spatial_cell::SpatialCell *, char *)::[lambda(unsigned int, unsigned int, unsigned int, unsigned int, double *) (instance 1)], double>(T5, const T6 *, T6 *, const unsigned int *, unsigned int, unsigned int, T6 *)"
0.0,1.0991,24,0.0458,0.0499,0.0043,0.0581,0.0137,  59    1    1, 512    1    1,"void arch::reduction_kernel<(unsigned int)512, (arch::reduce_op)2, (unsigned int)4, (unsigned int)3, DRO::VariablePTensorOffDiagonal::reduceData(const spatial_cell::SpatialCell *, char *)::[lambda(unsigned int, unsigned int, unsigned int, unsigned int, double *) (instance 1)], double>(T5, const T6 *, T6 *, const unsigned int *, unsigned int, unsigned int, T6 *)"
0.0,1.0972,144,0.0076,0.0041,0.0039,0.0989,0.0142,  41    1    1, 512    1    1,"void arch::reduction_kernel<(unsigned int)512, (arch::reduce_op)2, (unsigned int)4, (unsigned int)3, void blockVelocitySecondMoments<double, (unsigned int)3>(vmesh::VelocityBlockContainer *, T1, T1, T1, T1 (&)[T2], unsigned int)::[lambda(unsigned int, unsigned int, unsigned int, unsigned int, double *) (instance 1)], double>(T5, const T6 *, T6 *, const unsigned int *, unsigned int, unsigned int, T6 *)"
0.0,1.0922,24,0.0455,0.0536,0.0042,0.0755,0.0225,  65    1    1, 512    1    1,"void arch::reduction_kernel<(unsigned int)512, (arch::reduce_op)2, (unsigned int)4, (unsigned int)3, DRO::VariableEnergyDensity::reduceData(const spatial_cell::SpatialCell *, char *)::[lambda(unsigned int, unsigned int, unsigned int, unsigned int, double *) (instance 1)], double>(T5, const T6 *, T6 *, const unsigned int *, unsigned int, unsigned int, T6 *)"
0.0,1.0909,147,0.0074,0.0073,0.0068,0.0091,0.0004, 769    1    1,  64    1    1,"update_velocity_block_content_lists_kernel(vmesh::VelocityMesh *, vmesh::VelocityBlockContainer *, Hashinator::Hashmap<unsigned int, unsigned int, (unsigned int)4294967295, (unsigned int)4294967294, Hashinator::HashFunctions::Fibonacci<unsigned int>, Hashinator::Hashers::Hasher<unsigned int, unsigned int, Hashinator::HashFunctions::Fibonacci<unsigned int>, (unsigned int)4294967295, (unsigned int)4294967294, (int)32, (int)1>, split::split_unified_allocator<Hashinator::Info>> *, Hashinator::Hashmap<unsigned int, unsigned int, (unsigned int)4294967295, (unsigned int)4294967294, Hashinator::HashFunctions::Fibonacci<unsigned int>, Hashinator::Hashers::Hasher<unsigned int, unsigned int, Hashinator::HashFunctions::Fibonacci<unsigned int>, (unsigned int)4294967295, (unsigned int)4294967294, (int)32, (int)1>, split::split_unified_allocator<Hashinator::Info>> *, double)"
0.0,1.0827,53,0.0204,0.0070,0.0052,0.1013,0.0276, 188    1    1,  64    1    1,"update_velocity_blocks_kernel(vmesh::VelocityMesh *, vmesh::VelocityBlockContainer *, split::SplitVector<unsigned int, split::split_unified_allocator<unsigned int>> *, split::SplitVector<Hashinator::hash_pair<unsigned int, unsigned int>, split::split_unified_allocator<Hashinator::hash_pair<unsigned int, unsigned int>>> *, split::SplitVector<Hashinator::hash_pair<unsigned int, unsigned int>, split::split_unified_allocator<Hashinator::hash_pair<unsigned int, unsigned int>>> *, split::SplitVector<Hashinator::hash_pair<unsigned int, unsigned int>, split::split_unified_allocator<Hashinator::hash_pair<unsigned int, unsigned int>>> *, unsigned int, unsigned int, unsigned int, float *)"
0.0,1.0824,48,0.0226,0.0083,0.0071,0.1566,0.0347, 508    1    1,  64    1    1,"update_velocity_blocks_kernel(vmesh::VelocityMesh *, vmesh::VelocityBlockContainer *, split::SplitVector<unsigned int, split::split_unified_allocator<unsigned int>> *, split::SplitVector<Hashinator::hash_pair<unsigned int, unsigned int>, split::split_unified_allocator<Hashinator::hash_pair<unsigned int, unsigned int>>> *, split::SplitVector<Hashinator::hash_pair<unsigned int, unsigned int>, split::split_unified_allocator<Hashinator::hash_pair<unsigned int, unsigned int>>> *, split::SplitVector<Hashinator::hash_pair<unsigned int, unsigned int>, split::split_unified_allocator<Hashinator::hash_pair<unsigned int, unsigned int>>> *, unsigned int, unsigned int, unsigned int, float *)"
0.0,1.0771,60,0.0180,0.0033,0.0026,0.0912,0.0254,  24    1    1,  32    1    1,"blocksID_mapped_dim1_kernel(const vmesh::VelocityMesh *, unsigned int *, unsigned int *, unsigned int)"
0.0,1.0707,44,0.0243,0.0084,0.0062,0.1234,0.0267, 141    1    1,  64    1    1,"update_velocity_blocks_kernel(vmesh::VelocityMesh *, vmesh::VelocityBlockContainer *, split::SplitVector<unsigned int, split::split_unified_allocator<unsigned int>> *, split::SplitVector<Hashinator::hash_pair<unsigned int, unsigned int>, split::split_unified_allocator<Hashinator::hash_pair<unsigned int, unsigned int>>> *, split::SplitVector<Hashinator::hash_pair<unsigned int, unsigned int>, split::split_unified_allocator<Hashinator::hash_pair<unsigned int, unsigned int>>> *, split::SplitVector<Hashinator::hash_pair<unsigned int, unsigned int>, split::split_unified_allocator<Hashinator::hash_pair<unsigned int, unsigned int>>> *, unsigned int, unsigned int, unsigned int, float *)"
0.0,1.0610,24,0.0442,0.0511,0.0044,0.0621,0.0186,  85    1    1, 512    1    1,"void arch::reduction_kernel<(unsigned int)512, (arch::reduce_op)2, (unsigned int)4, (unsigned int)3, DRO::VariablePTensorOffDiagonal::reduceData(const spatial_cell::SpatialCell *, char *)::[lambda(unsigned int, unsigned int, unsigned int, unsigned int, double *) (instance 1)], double>(T5, const T6 *, T6 *, const unsigned int *, unsigned int, unsigned int, T6 *)"
0.0,1.0519,72,0.0146,0.0050,0.0048,0.1001,0.0234, 179    1    1, 512    1    1,"void arch::reduction_kernel<(unsigned int)512, (arch::reduce_op)2, (unsigned int)4, (unsigned int)3, void blockVelocitySecondMoments<double, (unsigned int)3>(vmesh::VelocityBlockContainer *, T1, T1, T1, T1 (&)[T2], unsigned int)::[lambda(unsigned int, unsigned int, unsigned int, unsigned int, double *) (instance 1)], double>(T5, const T6 *, T6 *, const unsigned int *, unsigned int, unsigned int, T6 *)"
0.0,1.0511,34,0.0309,0.0072,0.0052,0.1887,0.0451, 339    1    1,  64    1    1,"update_velocity_blocks_kernel(vmesh::VelocityMesh *, vmesh::VelocityBlockContainer *, split::SplitVector<unsigned int, split::split_unified_allocator<unsigned int>> *, split::SplitVector<Hashinator::hash_pair<unsigned int, unsigned int>, split::split_unified_allocator<Hashinator::hash_pair<unsigned int, unsigned int>>> *, split::SplitVector<Hashinator::hash_pair<unsigned int, unsigned int>, split::split_unified_allocator<Hashinator::hash_pair<unsigned int, unsigned int>>> *, split::SplitVector<Hashinator::hash_pair<unsigned int, unsigned int>, split::split_unified_allocator<Hashinator::hash_pair<unsigned int, unsigned int>>> *, unsigned int, unsigned int, unsigned int, float *)"
0.0,1.0456,142,0.0074,0.0073,0.0068,0.0088,0.0003, 760    1    1,  64    1    1,"update_velocity_block_content_lists_kernel(vmesh::VelocityMesh *, vmesh::VelocityBlockContainer *, Hashinator::Hashmap<unsigned int, unsigned int, (unsigned int)4294967295, (unsigned int)4294967294, Hashinator::HashFunctions::Fibonacci<unsigned int>, Hashinator::Hashers::Hasher<unsigned int, unsigned int, Hashinator::HashFunctions::Fibonacci<unsigned int>, (unsigned int)4294967295, (unsigned int)4294967294, (int)32, (int)1>, split::split_unified_allocator<Hashinator::Info>> *, Hashinator::Hashmap<unsigned int, unsigned int, (unsigned int)4294967295, (unsigned int)4294967294, Hashinator::HashFunctions::Fibonacci<unsigned int>, Hashinator::Hashers::Hasher<unsigned int, unsigned int, Hashinator::HashFunctions::Fibonacci<unsigned int>, (unsigned int)4294967295, (unsigned int)4294967294, (int)32, (int)1>, split::split_unified_allocator<Hashinator::Info>> *, double)"
0.0,1.0327,140,0.0074,0.0073,0.0068,0.0087,0.0003, 763    1    1,  64    1    1,"update_velocity_block_content_lists_kernel(vmesh::VelocityMesh *, vmesh::VelocityBlockContainer *, Hashinator::Hashmap<unsigned int, unsigned int, (unsigned int)4294967295, (unsigned int)4294967294, Hashinator::HashFunctions::Fibonacci<unsigned int>, Hashinator::Hashers::Hasher<unsigned int, unsigned int, Hashinator::HashFunctions::Fibonacci<unsigned int>, (unsigned int)4294967295, (unsigned int)4294967294, (int)32, (int)1>, split::split_unified_allocator<Hashinator::Info>> *, Hashinator::Hashmap<unsigned int, unsigned int, (unsigned int)4294967295, (unsigned int)4294967294, Hashinator::HashFunctions::Fibonacci<unsigned int>, Hashinator::Hashers::Hasher<unsigned int, unsigned int, Hashinator::HashFunctions::Fibonacci<unsigned int>, (unsigned int)4294967295, (unsigned int)4294967294, (int)32, (int)1>, split::split_unified_allocator<Hashinator::Info>> *, double)"
0.0,1.0324,38,0.0272,0.0066,0.0051,0.1262,0.0356, 179    1    1,  64    1    1,"update_velocity_blocks_kernel(vmesh::VelocityMesh *, vmesh::VelocityBlockContainer *, split::SplitVector<unsigned int, split::split_unified_allocator<unsigned int>> *, split::SplitVector<Hashinator::hash_pair<unsigned int, unsigned int>, split::split_unified_allocator<Hashinator::hash_pair<unsigned int, unsigned int>>> *, split::SplitVector<Hashinator::hash_pair<unsigned int, unsigned int>, split::split_unified_allocator<Hashinator::hash_pair<unsigned int, unsigned int>>> *, split::SplitVector<Hashinator::hash_pair<unsigned int, unsigned int>, split::split_unified_allocator<Hashinator::hash_pair<unsigned int, unsigned int>>> *, unsigned int, unsigned int, unsigned int, float *)"
0.0,1.0320,24,0.0430,0.0516,0.0044,0.0606,0.0203,  85    1    1, 512    1    1,"void arch::reduction_kernel<(unsigned int)512, (arch::reduce_op)2, (unsigned int)4, (unsigned int)3, DRO::VariablePTensorDiagonal::reduceData(const spatial_cell::SpatialCell *, char *)::[lambda(unsigned int, unsigned int, unsigned int, unsigned int, double *) (instance 1)], double>(T5, const T6 *, T6 *, const unsigned int *, unsigned int, unsigned int, T6 *)"
0.0,1.0210,139,0.0073,0.0072,0.0069,0.0089,0.0004, 762    1    1,  64    1    1,"update_velocity_block_content_lists_kernel(vmesh::VelocityMesh *, vmesh::VelocityBlockContainer *, Hashinator::Hashmap<unsigned int, unsigned int, (unsigned int)4294967295, (unsigned int)4294967294, Hashinator::HashFunctions::Fibonacci<unsigned int>, Hashinator::Hashers::Hasher<unsigned int, unsigned int, Hashinator::HashFunctions::Fibonacci<unsigned int>, (unsigned int)4294967295, (unsigned int)4294967294, (int)32, (int)1>, split::split_unified_allocator<Hashinator::Info>> *, Hashinator::Hashmap<unsigned int, unsigned int, (unsigned int)4294967295, (unsigned int)4294967294, Hashinator::HashFunctions::Fibonacci<unsigned int>, Hashinator::Hashers::Hasher<unsigned int, unsigned int, Hashinator::HashFunctions::Fibonacci<unsigned int>, (unsigned int)4294967295, (unsigned int)4294967294, (int)32, (int)1>, split::split_unified_allocator<Hashinator::Info>> *, double)"
0.0,1.0197,144,0.0071,0.0070,0.0065,0.0086,0.0004, 503    1    1,  64    1    1,"update_velocity_block_content_lists_kernel(vmesh::VelocityMesh *, vmesh::VelocityBlockContainer *, Hashinator::Hashmap<unsigned int, unsigned int, (unsigned int)4294967295, (unsigned int)4294967294, Hashinator::HashFunctions::Fibonacci<unsigned int>, Hashinator::Hashers::Hasher<unsigned int, unsigned int, Hashinator::HashFunctions::Fibonacci<unsigned int>, (unsigned int)4294967295, (unsigned int)4294967294, (int)32, (int)1>, split::split_unified_allocator<Hashinator::Info>> *, Hashinator::Hashmap<unsigned int, unsigned int, (unsigned int)4294967295, (unsigned int)4294967294, Hashinator::HashFunctions::Fibonacci<unsigned int>, Hashinator::Hashers::Hasher<unsigned int, unsigned int, Hashinator::HashFunctions::Fibonacci<unsigned int>, (unsigned int)4294967295, (unsigned int)4294967294, (int)32, (int)1>, split::split_unified_allocator<Hashinator::Info>> *, double)"
0.0,1.0181,72,0.0141,0.0048,0.0044,0.4224,0.0505,  47    1    1, 512    1    1,"void arch::reduction_kernel<(unsigned int)512, (arch::reduce_op)2, (unsigned int)4, (unsigned int)4, void blockVelocityFirstMoments<double, (unsigned int)4>(vmesh::VelocityBlockContainer *, T1 (&)[T2], unsigned int)::[lambda(unsigned int, unsigned int, unsigned int, unsigned int, double *) (instance 1)], double>(T5, const T6 *, T6 *, const unsigned int *, unsigned int, unsigned int, T6 *)"
0.0,1.0149,137,0.0074,0.0074,0.0068,0.0088,0.0004, 823    1    1,  64    1    1,"update_velocity_block_content_lists_kernel(vmesh::VelocityMesh *, vmesh::VelocityBlockContainer *, Hashinator::Hashmap<unsigned int, unsigned int, (unsigned int)4294967295, (unsigned int)4294967294, Hashinator::HashFunctions::Fibonacci<unsigned int>, Hashinator::Hashers::Hasher<unsigned int, unsigned int, Hashinator::HashFunctions::Fibonacci<unsigned int>, (unsigned int)4294967295, (unsigned int)4294967294, (int)32, (int)1>, split::split_unified_allocator<Hashinator::Info>> *, Hashinator::Hashmap<unsigned int, unsigned int, (unsigned int)4294967295, (unsigned int)4294967294, Hashinator::HashFunctions::Fibonacci<unsigned int>, Hashinator::Hashers::Hasher<unsigned int, unsigned int, Hashinator::HashFunctions::Fibonacci<unsigned int>, (unsigned int)4294967295, (unsigned int)4294967294, (int)32, (int)1>, split::split_unified_allocator<Hashinator::Info>> *, double)"
0.0,1.0099,56,0.0180,0.0053,0.0052,0.2180,0.0361, 181    1    1, 512    1    1,"void arch::reduction_kernel<(unsigned int)512, (arch::reduce_op)2, (unsigned int)4, (unsigned int)4, void blockVelocityFirstMoments<double, (unsigned int)4>(vmesh::VelocityBlockContainer *, T1 (&)[T2], unsigned int)::[lambda(unsigned int, unsigned int, unsigned int, unsigned int, double *) (instance 1)], double>(T5, const T6 *, T6 *, const unsigned int *, unsigned int, unsigned int, T6 *)"
0.0,1.0054,132,0.0076,0.0076,0.0069,0.0097,0.0004,1044    1    1,  64    1    1,"update_velocity_block_content_lists_kernel(vmesh::VelocityMesh *, vmesh::VelocityBlockContainer *, Hashinator::Hashmap<unsigned int, unsigned int, (unsigned int)4294967295, (unsigned int)4294967294, Hashinator::HashFunctions::Fibonacci<unsigned int>, Hashinator::Hashers::Hasher<unsigned int, unsigned int, Hashinator::HashFunctions::Fibonacci<unsigned int>, (unsigned int)4294967295, (unsigned int)4294967294, (int)32, (int)1>, split::split_unified_allocator<Hashinator::Info>> *, Hashinator::Hashmap<unsigned int, unsigned int, (unsigned int)4294967295, (unsigned int)4294967294, Hashinator::HashFunctions::Fibonacci<unsigned int>, Hashinator::Hashers::Hasher<unsigned int, unsigned int, Hashinator::HashFunctions::Fibonacci<unsigned int>, (unsigned int)4294967295, (unsigned int)4294967294, (int)32, (int)1>, split::split_unified_allocator<Hashinator::Info>> *, double)"
0.0,1.0003,24,0.0417,0.0078,0.0052,0.2519,0.0600, 245    1    1,  64    1    1,"update_velocity_blocks_kernel(vmesh::VelocityMesh *, vmesh::VelocityBlockContainer *, split::SplitVector<unsigned int, split::split_unified_allocator<unsigned int>> *, split::SplitVector<Hashinator::hash_pair<unsigned int, unsigned int>, split::split_unified_allocator<Hashinator::hash_pair<unsigned int, unsigned int>>> *, split::SplitVector<Hashinator::hash_pair<unsigned int, unsigned int>, split::split_unified_allocator<Hashinator::hash_pair<unsigned int, unsigned int>>> *, split::SplitVector<Hashinator::hash_pair<unsigned int, unsigned int>, split::split_unified_allocator<Hashinator::hash_pair<unsigned int, unsigned int>>> *, unsigned int, unsigned int, unsigned int, float *)"
0.0,0.9962,132,0.0075,0.0075,0.0070,0.0089,0.0003,1014    1    1,  64    1    1,"update_velocity_block_content_lists_kernel(vmesh::VelocityMesh *, vmesh::VelocityBlockContainer *, Hashinator::Hashmap<unsigned int, unsigned int, (unsigned int)4294967295, (unsigned int)4294967294, Hashinator::HashFunctions::Fibonacci<unsigned int>, Hashinator::Hashers::Hasher<unsigned int, unsigned int, Hashinator::HashFunctions::Fibonacci<unsigned int>, (unsigned int)4294967295, (unsigned int)4294967294, (int)32, (int)1>, split::split_unified_allocator<Hashinator::Info>> *, Hashinator::Hashmap<unsigned int, unsigned int, (unsigned int)4294967295, (unsigned int)4294967294, Hashinator::HashFunctions::Fibonacci<unsigned int>, Hashinator::Hashers::Hasher<unsigned int, unsigned int, Hashinator::HashFunctions::Fibonacci<unsigned int>, (unsigned int)4294967295, (unsigned int)4294967294, (int)32, (int)1>, split::split_unified_allocator<Hashinator::Info>> *, double)"
0.0,0.9813,128,0.0077,0.0076,0.0071,0.0094,0.0004,1050    1    1,  64    1    1,"update_velocity_block_content_lists_kernel(vmesh::VelocityMesh *, vmesh::VelocityBlockContainer *, Hashinator::Hashmap<unsigned int, unsigned int, (unsigned int)4294967295, (unsigned int)4294967294, Hashinator::HashFunctions::Fibonacci<unsigned int>, Hashinator::Hashers::Hasher<unsigned int, unsigned int, Hashinator::HashFunctions::Fibonacci<unsigned int>, (unsigned int)4294967295, (unsigned int)4294967294, (int)32, (int)1>, split::split_unified_allocator<Hashinator::Info>> *, Hashinator::Hashmap<unsigned int, unsigned int, (unsigned int)4294967295, (unsigned int)4294967294, Hashinator::HashFunctions::Fibonacci<unsigned int>, Hashinator::Hashers::Hasher<unsigned int, unsigned int, Hashinator::HashFunctions::Fibonacci<unsigned int>, (unsigned int)4294967295, (unsigned int)4294967294, (int)32, (int)1>, split::split_unified_allocator<Hashinator::Info>> *, double)"
0.0,0.9793,128,0.0077,0.0076,0.0070,0.0087,0.0003,1032    1    1,  64    1    1,"update_velocity_block_content_lists_kernel(vmesh::VelocityMesh *, vmesh::VelocityBlockContainer *, Hashinator::Hashmap<unsigned int, unsigned int, (unsigned int)4294967295, (unsigned int)4294967294, Hashinator::HashFunctions::Fibonacci<unsigned int>, Hashinator::Hashers::Hasher<unsigned int, unsigned int, Hashinator::HashFunctions::Fibonacci<unsigned int>, (unsigned int)4294967295, (unsigned int)4294967294, (int)32, (int)1>, split::split_unified_allocator<Hashinator::Info>> *, Hashinator::Hashmap<unsigned int, unsigned int, (unsigned int)4294967295, (unsigned int)4294967294, Hashinator::HashFunctions::Fibonacci<unsigned int>, Hashinator::Hashers::Hasher<unsigned int, unsigned int, Hashinator::HashFunctions::Fibonacci<unsigned int>, (unsigned int)4294967295, (unsigned int)4294967294, (int)32, (int)1>, split::split_unified_allocator<Hashinator::Info>> *, double)"
0.0,0.9751,132,0.0074,0.0073,0.0067,0.0094,0.0004, 783    1    1,  64    1    1,"update_velocity_block_content_lists_kernel(vmesh::VelocityMesh *, vmesh::VelocityBlockContainer *, Hashinator::Hashmap<unsigned int, unsigned int, (unsigned int)4294967295, (unsigned int)4294967294, Hashinator::HashFunctions::Fibonacci<unsigned int>, Hashinator::Hashers::Hasher<unsigned int, unsigned int, Hashinator::HashFunctions::Fibonacci<unsigned int>, (unsigned int)4294967295, (unsigned int)4294967294, (int)32, (int)1>, split::split_unified_allocator<Hashinator::Info>> *, Hashinator::Hashmap<unsigned int, unsigned int, (unsigned int)4294967295, (unsigned int)4294967294, Hashinator::HashFunctions::Fibonacci<unsigned int>, Hashinator::Hashers::Hasher<unsigned int, unsigned int, Hashinator::HashFunctions::Fibonacci<unsigned int>, (unsigned int)4294967295, (unsigned int)4294967294, (int)32, (int)1>, split::split_unified_allocator<Hashinator::Info>> *, double)"
0.0,0.9742,128,0.0076,0.0041,0.0039,0.1006,0.0141,  51    1    1, 512    1    1,"void arch::reduction_kernel<(unsigned int)512, (arch::reduce_op)2, (unsigned int)4, (unsigned int)3, void blockVelocitySecondMoments<double, (unsigned int)3>(vmesh::VelocityBlockContainer *, T1, T1, T1, T1 (&)[T2], unsigned int)::[lambda(unsigned int, unsigned int, unsigned int, unsigned int, double *) (instance 1)], double>(T5, const T6 *, T6 *, const unsigned int *, unsigned int, unsigned int, T6 *)"
0.0,0.9649,130,0.0074,0.0073,0.0068,0.0095,0.0005, 774    1    1,  64    1    1,"update_velocity_block_content_lists_kernel(vmesh::VelocityMesh *, vmesh::VelocityBlockContainer *, Hashinator::Hashmap<unsigned int, unsigned int, (unsigned int)4294967295, (unsigned int)4294967294, Hashinator::HashFunctions::Fibonacci<unsigned int>, Hashinator::Hashers::Hasher<unsigned int, unsigned int, Hashinator::HashFunctions::Fibonacci<unsigned int>, (unsigned int)4294967295, (unsigned int)4294967294, (int)32, (int)1>, split::split_unified_allocator<Hashinator::Info>> *, Hashinator::Hashmap<unsigned int, unsigned int, (unsigned int)4294967295, (unsigned int)4294967294, Hashinator::HashFunctions::Fibonacci<unsigned int>, Hashinator::Hashers::Hasher<unsigned int, unsigned int, Hashinator::HashFunctions::Fibonacci<unsigned int>, (unsigned int)4294967295, (unsigned int)4294967294, (int)32, (int)1>, split::split_unified_allocator<Hashinator::Info>> *, double)"
0.0,0.9588,14,0.0685,0.0375,0.0084,0.2941,0.0835,  89    1    1, 832    1    1,"update_velocity_halo_kernel(vmesh::VelocityMesh *, unsigned int, unsigned int *, Hashinator::Hashmap<unsigned int, unsigned int, (unsigned int)4294967295, (unsigned int)4294967294, Hashinator::HashFunctions::Fibonacci<unsigned int>, Hashinator::Hashers::Hasher<unsigned int, unsigned int, Hashinator::HashFunctions::Fibonacci<unsigned int>, (unsigned int)4294967295, (unsigned int)4294967294, (int)32, (int)1>, split::split_unified_allocator<Hashinator::Info>> *, Hashinator::Hashmap<unsigned int, unsigned int, (unsigned int)4294967295, (unsigned int)4294967294, Hashinator::HashFunctions::Fibonacci<unsigned int>, Hashinator::Hashers::Hasher<unsigned int, unsigned int, Hashinator::HashFunctions::Fibonacci<unsigned int>, (unsigned int)4294967295, (unsigned int)4294967294, (int)32, (int)1>, split::split_unified_allocator<Hashinator::Info>> *)"
0.0,0.9561,132,0.0072,0.0072,0.0066,0.0089,0.0003, 670    1    1,  64    1    1,"update_velocity_block_content_lists_kernel(vmesh::VelocityMesh *, vmesh::VelocityBlockContainer *, Hashinator::Hashmap<unsigned int, unsigned int, (unsigned int)4294967295, (unsigned int)4294967294, Hashinator::HashFunctions::Fibonacci<unsigned int>, Hashinator::Hashers::Hasher<unsigned int, unsigned int, Hashinator::HashFunctions::Fibonacci<unsigned int>, (unsigned int)4294967295, (unsigned int)4294967294, (int)32, (int)1>, split::split_unified_allocator<Hashinator::Info>> *, Hashinator::Hashmap<unsigned int, unsigned int, (unsigned int)4294967295, (unsigned int)4294967294, Hashinator::HashFunctions::Fibonacci<unsigned int>, Hashinator::Hashers::Hasher<unsigned int, unsigned int, Hashinator::HashFunctions::Fibonacci<unsigned int>, (unsigned int)4294967295, (unsigned int)4294967294, (int)32, (int)1>, split::split_unified_allocator<Hashinator::Info>> *, double)"
0.0,0.9549,96,0.0099,0.0041,0.0039,0.1244,0.0209,  61    1    1, 512    1    1,"void arch::reduction_kernel<(unsigned int)512, (arch::reduce_op)2, (unsigned int)4, (unsigned int)3, void blockVelocitySecondMoments<double, (unsigned int)3>(vmesh::VelocityBlockContainer *, T1, T1, T1, T1 (&)[T2], unsigned int)::[lambda(unsigned int, unsigned int, unsigned int, unsigned int, double *) (instance 1)], double>(T5, const T6 *, T6 *, const unsigned int *, unsigned int, unsigned int, T6 *)"
0.0,0.9533,132,0.0072,0.0071,0.0067,0.0092,0.0004, 618    1    1,  64    1    1,"update_velocity_block_content_lists_kernel(vmesh::VelocityMesh *, vmesh::VelocityBlockContainer *, Hashinator::Hashmap<unsigned int, unsigned int, (unsigned int)4294967295, (unsigned int)4294967294, Hashinator::HashFunctions::Fibonacci<unsigned int>, Hashinator::Hashers::Hasher<unsigned int, unsigned int, Hashinator::HashFunctions::Fibonacci<unsigned int>, (unsigned int)4294967295, (unsigned int)4294967294, (int)32, (int)1>, split::split_unified_allocator<Hashinator::Info>> *, Hashinator::Hashmap<unsigned int, unsigned int, (unsigned int)4294967295, (unsigned int)4294967294, Hashinator::HashFunctions::Fibonacci<unsigned int>, Hashinator::Hashers::Hasher<unsigned int, unsigned int, Hashinator::HashFunctions::Fibonacci<unsigned int>, (unsigned int)4294967295, (unsigned int)4294967294, (int)32, (int)1>, split::split_unified_allocator<Hashinator::Info>> *, double)"
0.0,0.9526,24,0.0397,0.0500,0.0044,0.0580,0.0209,  64    1    1, 512    1    1,"void arch::reduction_kernel<(unsigned int)512, (arch::reduce_op)2, (unsigned int)4, (unsigned int)3, DRO::VariablePTensorDiagonal::reduceData(const spatial_cell::SpatialCell *, char *)::[lambda(unsigned int, unsigned int, unsigned int, unsigned int, double *) (instance 1)], double>(T5, const T6 *, T6 *, const unsigned int *, unsigned int, unsigned int, T6 *)"
0.0,0.9444,132,0.0072,0.0071,0.0066,0.0087,0.0004, 531    1    1,  64    1    1,"update_velocity_block_content_lists_kernel(vmesh::VelocityMesh *, vmesh::VelocityBlockContainer *, Hashinator::Hashmap<unsigned int, unsigned int, (unsigned int)4294967295, (unsigned int)4294967294, Hashinator::HashFunctions::Fibonacci<unsigned int>, Hashinator::Hashers::Hasher<unsigned int, unsigned int, Hashinator::HashFunctions::Fibonacci<unsigned int>, (unsigned int)4294967295, (unsigned int)4294967294, (int)32, (int)1>, split::split_unified_allocator<Hashinator::Info>> *, Hashinator::Hashmap<unsigned int, unsigned int, (unsigned int)4294967295, (unsigned int)4294967294, Hashinator::HashFunctions::Fibonacci<unsigned int>, Hashinator::Hashers::Hasher<unsigned int, unsigned int, Hashinator::HashFunctions::Fibonacci<unsigned int>, (unsigned int)4294967295, (unsigned int)4294967294, (int)32, (int)1>, split::split_unified_allocator<Hashinator::Info>> *, double)"
0.0,0.9364,132,0.0071,0.0071,0.0066,0.0085,0.0003, 505    1    1,  64    1    1,"update_velocity_block_content_lists_kernel(vmesh::VelocityMesh *, vmesh::VelocityBlockContainer *, Hashinator::Hashmap<unsigned int, unsigned int, (unsigned int)4294967295, (unsigned int)4294967294, Hashinator::HashFunctions::Fibonacci<unsigned int>, Hashinator::Hashers::Hasher<unsigned int, unsigned int, Hashinator::HashFunctions::Fibonacci<unsigned int>, (unsigned int)4294967295, (unsigned int)4294967294, (int)32, (int)1>, split::split_unified_allocator<Hashinator::Info>> *, Hashinator::Hashmap<unsigned int, unsigned int, (unsigned int)4294967295, (unsigned int)4294967294, Hashinator::HashFunctions::Fibonacci<unsigned int>, Hashinator::Hashers::Hasher<unsigned int, unsigned int, Hashinator::HashFunctions::Fibonacci<unsigned int>, (unsigned int)4294967295, (unsigned int)4294967294, (int)32, (int)1>, split::split_unified_allocator<Hashinator::Info>> *, double)"
0.0,0.9337,24,0.0389,0.0494,0.0042,0.0605,0.0209,  59    1    1, 512    1    1,"void arch::reduction_kernel<(unsigned int)512, (arch::reduce_op)2, (unsigned int)4, (unsigned int)3, DRO::VariablePTensorDiagonal::reduceData(const spatial_cell::SpatialCell *, char *)::[lambda(unsigned int, unsigned int, unsigned int, unsigned int, double *) (instance 1)], double>(T5, const T6 *, T6 *, const unsigned int *, unsigned int, unsigned int, T6 *)"
0.0,0.9302,16,0.0581,0.0321,0.0084,0.2126,0.0675, 114    1    1, 832    1    1,"update_velocity_halo_kernel(vmesh::VelocityMesh *, unsigned int, unsigned int *, Hashinator::Hashmap<unsigned int, unsigned int, (unsigned int)4294967295, (unsigned int)4294967294, Hashinator::HashFunctions::Fibonacci<unsigned int>, Hashinator::Hashers::Hasher<unsigned int, unsigned int, Hashinator::HashFunctions::Fibonacci<unsigned int>, (unsigned int)4294967295, (unsigned int)4294967294, (int)32, (int)1>, split::split_unified_allocator<Hashinator::Info>> *, Hashinator::Hashmap<unsigned int, unsigned int, (unsigned int)4294967295, (unsigned int)4294967294, Hashinator::HashFunctions::Fibonacci<unsigned int>, Hashinator::Hashers::Hasher<unsigned int, unsigned int, Hashinator::HashFunctions::Fibonacci<unsigned int>, (unsigned int)4294967295, (unsigned int)4294967294, (int)32, (int)1>, split::split_unified_allocator<Hashinator::Info>> *)"
0.0,0.9294,132,0.0070,0.0070,0.0065,0.0081,0.0003, 494    1    1,  64    1    1,"update_velocity_block_content_lists_kernel(vmesh::VelocityMesh *, vmesh::VelocityBlockContainer *, Hashinator::Hashmap<unsigned int, unsigned int, (unsigned int)4294967295, (unsigned int)4294967294, Hashinator::HashFunctions::Fibonacci<unsigned int>, Hashinator::Hashers::Hasher<unsigned int, unsigned int, Hashinator::HashFunctions::Fibonacci<unsigned int>, (unsigned int)4294967295, (unsigned int)4294967294, (int)32, (int)1>, split::split_unified_allocator<Hashinator::Info>> *, Hashinator::Hashmap<unsigned int, unsigned int, (unsigned int)4294967295, (unsigned int)4294967294, Hashinator::HashFunctions::Fibonacci<unsigned int>, Hashinator::Hashers::Hasher<unsigned int, unsigned int, Hashinator::HashFunctions::Fibonacci<unsigned int>, (unsigned int)4294967295, (unsigned int)4294967294, (int)32, (int)1>, split::split_unified_allocator<Hashinator::Info>> *, double)"
0.0,0.9267,132,0.0070,0.0070,0.0064,0.0095,0.0004, 445    1    1,  64    1    1,"update_velocity_block_content_lists_kernel(vmesh::VelocityMesh *, vmesh::VelocityBlockContainer *, Hashinator::Hashmap<unsigned int, unsigned int, (unsigned int)4294967295, (unsigned int)4294967294, Hashinator::HashFunctions::Fibonacci<unsigned int>, Hashinator::Hashers::Hasher<unsigned int, unsigned int, Hashinator::HashFunctions::Fibonacci<unsigned int>, (unsigned int)4294967295, (unsigned int)4294967294, (int)32, (int)1>, split::split_unified_allocator<Hashinator::Info>> *, Hashinator::Hashmap<unsigned int, unsigned int, (unsigned int)4294967295, (unsigned int)4294967294, Hashinator::HashFunctions::Fibonacci<unsigned int>, Hashinator::Hashers::Hasher<unsigned int, unsigned int, Hashinator::HashFunctions::Fibonacci<unsigned int>, (unsigned int)4294967295, (unsigned int)4294967294, (int)32, (int)1>, split::split_unified_allocator<Hashinator::Info>> *, double)"
0.0,0.9213,48,0.0192,0.0049,0.0045,0.3471,0.0521,  60    1    1, 512    1    1,"void arch::reduction_kernel<(unsigned int)512, (arch::reduce_op)2, (unsigned int)4, (unsigned int)4, void blockVelocityFirstMoments<double, (unsigned int)4>(vmesh::VelocityBlockContainer *, T1 (&)[T2], unsigned int)::[lambda(unsigned int, unsigned int, unsigned int, unsigned int, double *) (instance 1)], double>(T5, const T6 *, T6 *, const unsigned int *, unsigned int, unsigned int, T6 *)"
0.0,0.9203,131,0.0070,0.0070,0.0064,0.0081,0.0003, 403    1    1,  64    1    1,"update_velocity_block_content_lists_kernel(vmesh::VelocityMesh *, vmesh::VelocityBlockContainer *, Hashinator::Hashmap<unsigned int, unsigned int, (unsigned int)4294967295, (unsigned int)4294967294, Hashinator::HashFunctions::Fibonacci<unsigned int>, Hashinator::Hashers::Hasher<unsigned int, unsigned int, Hashinator::HashFunctions::Fibonacci<unsigned int>, (unsigned int)4294967295, (unsigned int)4294967294, (int)32, (int)1>, split::split_unified_allocator<Hashinator::Info>> *, Hashinator::Hashmap<unsigned int, unsigned int, (unsigned int)4294967295, (unsigned int)4294967294, Hashinator::HashFunctions::Fibonacci<unsigned int>, Hashinator::Hashers::Hasher<unsigned int, unsigned int, Hashinator::HashFunctions::Fibonacci<unsigned int>, (unsigned int)4294967295, (unsigned int)4294967294, (int)32, (int)1>, split::split_unified_allocator<Hashinator::Info>> *, double)"
0.0,0.9188,125,0.0073,0.0073,0.0068,0.0096,0.0004, 758    1    1,  64    1    1,"update_velocity_block_content_lists_kernel(vmesh::VelocityMesh *, vmesh::VelocityBlockContainer *, Hashinator::Hashmap<unsigned int, unsigned int, (unsigned int)4294967295, (unsigned int)4294967294, Hashinator::HashFunctions::Fibonacci<unsigned int>, Hashinator::Hashers::Hasher<unsigned int, unsigned int, Hashinator::HashFunctions::Fibonacci<unsigned int>, (unsigned int)4294967295, (unsigned int)4294967294, (int)32, (int)1>, split::split_unified_allocator<Hashinator::Info>> *, Hashinator::Hashmap<unsigned int, unsigned int, (unsigned int)4294967295, (unsigned int)4294967294, Hashinator::HashFunctions::Fibonacci<unsigned int>, Hashinator::Hashers::Hasher<unsigned int, unsigned int, Hashinator::HashFunctions::Fibonacci<unsigned int>, (unsigned int)4294967295, (unsigned int)4294967294, (int)32, (int)1>, split::split_unified_allocator<Hashinator::Info>> *, double)"
0.0,0.9132,24,0.0381,0.0503,0.0043,0.0636,0.0225,  77    1    1, 512    1    1,"void arch::reduction_kernel<(unsigned int)512, (arch::reduce_op)2, (unsigned int)4, (unsigned int)3, DRO::VariablePTensorDiagonal::reduceData(const spatial_cell::SpatialCell *, char *)::[lambda(unsigned int, unsigned int, unsigned int, unsigned int, double *) (instance 1)], double>(T5, const T6 *, T6 *, const unsigned int *, unsigned int, unsigned int, T6 *)"
0.0,0.9103,23,0.0396,0.0159,0.0051,0.1636,0.0489, 154    1    1,  64    1    1,"update_velocity_blocks_kernel(vmesh::VelocityMesh *, vmesh::VelocityBlockContainer *, split::SplitVector<unsigned int, split::split_unified_allocator<unsigned int>> *, split::SplitVector<Hashinator::hash_pair<unsigned int, unsigned int>, split::split_unified_allocator<Hashinator::hash_pair<unsigned int, unsigned int>>> *, split::SplitVector<Hashinator::hash_pair<unsigned int, unsigned int>, split::split_unified_allocator<Hashinator::hash_pair<unsigned int, unsigned int>>> *, split::SplitVector<Hashinator::hash_pair<unsigned int, unsigned int>, split::split_unified_allocator<Hashinator::hash_pair<unsigned int, unsigned int>>> *, unsigned int, unsigned int, unsigned int, float *)"
0.0,0.9082,48,0.0189,0.0048,0.0044,0.4908,0.0715,  36    1    1, 512    1    1,"void arch::reduction_kernel<(unsigned int)512, (arch::reduce_op)2, (unsigned int)4, (unsigned int)4, void blockVelocityFirstMoments<double, (unsigned int)4>(vmesh::VelocityBlockContainer *, T1 (&)[T2], unsigned int)::[lambda(unsigned int, unsigned int, unsigned int, unsigned int, double *) (instance 1)], double>(T5, const T6 *, T6 *, const unsigned int *, unsigned int, unsigned int, T6 *)"
0.0,0.9078,24,0.0378,0.0048,0.0046,0.3857,0.0883,  64    1    1, 512    1    1,"void arch::reduction_kernel<(unsigned int)512, (arch::reduce_op)2, (unsigned int)4, (unsigned int)4, void blockVelocityFirstMoments<double, (unsigned int)4>(vmesh::VelocityBlockContainer *, T1 (&)[T2], unsigned int)::[lambda(unsigned int, unsigned int, unsigned int, unsigned int, double *) (instance 1)], double>(T5, const T6 *, T6 *, const unsigned int *, unsigned int, unsigned int, T6 *)"
0.0,0.8947,125,0.0072,0.0071,0.0066,0.0090,0.0004, 540    1    1,  64    1    1,"update_velocity_block_content_lists_kernel(vmesh::VelocityMesh *, vmesh::VelocityBlockContainer *, Hashinator::Hashmap<unsigned int, unsigned int, (unsigned int)4294967295, (unsigned int)4294967294, Hashinator::HashFunctions::Fibonacci<unsigned int>, Hashinator::Hashers::Hasher<unsigned int, unsigned int, Hashinator::HashFunctions::Fibonacci<unsigned int>, (unsigned int)4294967295, (unsigned int)4294967294, (int)32, (int)1>, split::split_unified_allocator<Hashinator::Info>> *, Hashinator::Hashmap<unsigned int, unsigned int, (unsigned int)4294967295, (unsigned int)4294967294, Hashinator::HashFunctions::Fibonacci<unsigned int>, Hashinator::Hashers::Hasher<unsigned int, unsigned int, Hashinator::HashFunctions::Fibonacci<unsigned int>, (unsigned int)4294967295, (unsigned int)4294967294, (int)32, (int)1>, split::split_unified_allocator<Hashinator::Info>> *, double)"
0.0,0.8795,48,0.0183,0.0080,0.0070,0.0787,0.0188, 812    1    1,  64    1    1,"update_velocity_blocks_kernel(vmesh::VelocityMesh *, vmesh::VelocityBlockContainer *, split::SplitVector<unsigned int, split::split_unified_allocator<unsigned int>> *, split::SplitVector<Hashinator::hash_pair<unsigned int, unsigned int>, split::split_unified_allocator<Hashinator::hash_pair<unsigned int, unsigned int>>> *, split::SplitVector<Hashinator::hash_pair<unsigned int, unsigned int>, split::split_unified_allocator<Hashinator::hash_pair<unsigned int, unsigned int>>> *, split::SplitVector<Hashinator::hash_pair<unsigned int, unsigned int>, split::split_unified_allocator<Hashinator::hash_pair<unsigned int, unsigned int>>> *, unsigned int, unsigned int, unsigned int, float *)"
0.0,0.8647,23,0.0376,0.0069,0.0054,0.1499,0.0450, 326    1    1,  64    1    1,"update_velocity_blocks_kernel(vmesh::VelocityMesh *, vmesh::VelocityBlockContainer *, split::SplitVector<unsigned int, split::split_unified_allocator<unsigned int>> *, split::SplitVector<Hashinator::hash_pair<unsigned int, unsigned int>, split::split_unified_allocator<Hashinator::hash_pair<unsigned int, unsigned int>>> *, split::SplitVector<Hashinator::hash_pair<unsigned int, unsigned int>, split::split_unified_allocator<Hashinator::hash_pair<unsigned int, unsigned int>>> *, split::SplitVector<Hashinator::hash_pair<unsigned int, unsigned int>, split::split_unified_allocator<Hashinator::hash_pair<unsigned int, unsigned int>>> *, unsigned int, unsigned int, unsigned int, float *)"
0.0,0.8617,34,0.0253,0.0073,0.0050,0.1742,0.0342, 267    1    1,  64    1    1,"update_velocity_blocks_kernel(vmesh::VelocityMesh *, vmesh::VelocityBlockContainer *, split::SplitVector<unsigned int, split::split_unified_allocator<unsigned int>> *, split::SplitVector<Hashinator::hash_pair<unsigned int, unsigned int>, split::split_unified_allocator<Hashinator::hash_pair<unsigned int, unsigned int>>> *, split::SplitVector<Hashinator::hash_pair<unsigned int, unsigned int>, split::split_unified_allocator<Hashinator::hash_pair<unsigned int, unsigned int>>> *, split::SplitVector<Hashinator::hash_pair<unsigned int, unsigned int>, split::split_unified_allocator<Hashinator::hash_pair<unsigned int, unsigned int>>> *, unsigned int, unsigned int, unsigned int, float *)"
0.0,0.8612,120,0.0072,0.0071,0.0066,0.0087,0.0003, 550    1    1,  64    1    1,"update_velocity_block_content_lists_kernel(vmesh::VelocityMesh *, vmesh::VelocityBlockContainer *, Hashinator::Hashmap<unsigned int, unsigned int, (unsigned int)4294967295, (unsigned int)4294967294, Hashinator::HashFunctions::Fibonacci<unsigned int>, Hashinator::Hashers::Hasher<unsigned int, unsigned int, Hashinator::HashFunctions::Fibonacci<unsigned int>, (unsigned int)4294967295, (unsigned int)4294967294, (int)32, (int)1>, split::split_unified_allocator<Hashinator::Info>> *, Hashinator::Hashmap<unsigned int, unsigned int, (unsigned int)4294967295, (unsigned int)4294967294, Hashinator::HashFunctions::Fibonacci<unsigned int>, Hashinator::Hashers::Hasher<unsigned int, unsigned int, Hashinator::HashFunctions::Fibonacci<unsigned int>, (unsigned int)4294967295, (unsigned int)4294967294, (int)32, (int)1>, split::split_unified_allocator<Hashinator::Info>> *, double)"
0.0,0.8580,72,0.0119,0.0040,0.0039,0.3400,0.0413,  62    1    1, 512    1    1,"void arch::reduction_kernel<(unsigned int)512, (arch::reduce_op)2, (unsigned int)4, (unsigned int)3, void blockVelocitySecondMoments<double, (unsigned int)3>(vmesh::VelocityBlockContainer *, T1, T1, T1, T1 (&)[T2], unsigned int)::[lambda(unsigned int, unsigned int, unsigned int, unsigned int, double *) (instance 1)], double>(T5, const T6 *, T6 *, const unsigned int *, unsigned int, unsigned int, T6 *)"
0.0,0.8547,113,0.0076,0.0076,0.0071,0.0083,0.0003,1041    1    1,  64    1    1,"update_velocity_block_content_lists_kernel(vmesh::VelocityMesh *, vmesh::VelocityBlockContainer *, Hashinator::Hashmap<unsigned int, unsigned int, (unsigned int)4294967295, (unsigned int)4294967294, Hashinator::HashFunctions::Fibonacci<unsigned int>, Hashinator::Hashers::Hasher<unsigned int, unsigned int, Hashinator::HashFunctions::Fibonacci<unsigned int>, (unsigned int)4294967295, (unsigned int)4294967294, (int)32, (int)1>, split::split_unified_allocator<Hashinator::Info>> *, Hashinator::Hashmap<unsigned int, unsigned int, (unsigned int)4294967295, (unsigned int)4294967294, Hashinator::HashFunctions::Fibonacci<unsigned int>, Hashinator::Hashers::Hasher<unsigned int, unsigned int, Hashinator::HashFunctions::Fibonacci<unsigned int>, (unsigned int)4294967295, (unsigned int)4294967294, (int)32, (int)1>, split::split_unified_allocator<Hashinator::Info>> *, double)"
0.0,0.8534,122,0.0070,0.0070,0.0065,0.0084,0.0004, 437    1    1,  64    1    1,"update_velocity_block_content_lists_kernel(vmesh::VelocityMesh *, vmesh::VelocityBlockContainer *, Hashinator::Hashmap<unsigned int, unsigned int, (unsigned int)4294967295, (unsigned int)4294967294, Hashinator::HashFunctions::Fibonacci<unsigned int>, Hashinator::Hashers::Hasher<unsigned int, unsigned int, Hashinator::HashFunctions::Fibonacci<unsigned int>, (unsigned int)4294967295, (unsigned int)4294967294, (int)32, (int)1>, split::split_unified_allocator<Hashinator::Info>> *, Hashinator::Hashmap<unsigned int, unsigned int, (unsigned int)4294967295, (unsigned int)4294967294, Hashinator::HashFunctions::Fibonacci<unsigned int>, Hashinator::Hashers::Hasher<unsigned int, unsigned int, Hashinator::HashFunctions::Fibonacci<unsigned int>, (unsigned int)4294967295, (unsigned int)4294967294, (int)32, (int)1>, split::split_unified_allocator<Hashinator::Info>> *, double)"
0.0,0.8511,24,0.0355,0.0173,0.0149,0.1804,0.0378, 197    1    1,1024    1    1,"update_neighbour_halo_kernel(vmesh::VelocityMesh *, unsigned int, unsigned int **, unsigned int *, Hashinator::Hashmap<unsigned int, unsigned int, (unsigned int)4294967295, (unsigned int)4294967294, Hashinator::HashFunctions::Fibonacci<unsigned int>, Hashinator::Hashers::Hasher<unsigned int, unsigned int, Hashinator::HashFunctions::Fibonacci<unsigned int>, (unsigned int)4294967295, (unsigned int)4294967294, (int)32, (int)1>, split::split_unified_allocator<Hashinator::Info>> *, Hashinator::Hashmap<unsigned int, unsigned int, (unsigned int)4294967295, (unsigned int)4294967294, Hashinator::HashFunctions::Fibonacci<unsigned int>, Hashinator::Hashers::Hasher<unsigned int, unsigned int, Hashinator::HashFunctions::Fibonacci<unsigned int>, (unsigned int)4294967295, (unsigned int)4294967294, (int)32, (int)1>, split::split_unified_allocator<Hashinator::Info>> *)"
0.0,0.8505,40,0.0213,0.0103,0.0088,0.2086,0.0350, 135    1    1,1024    1    1,"update_neighbour_halo_kernel(vmesh::VelocityMesh *, unsigned int, unsigned int **, unsigned int *, Hashinator::Hashmap<unsigned int, unsigned int, (unsigned int)4294967295, (unsigned int)4294967294, Hashinator::HashFunctions::Fibonacci<unsigned int>, Hashinator::Hashers::Hasher<unsigned int, unsigned int, Hashinator::HashFunctions::Fibonacci<unsigned int>, (unsigned int)4294967295, (unsigned int)4294967294, (int)32, (int)1>, split::split_unified_allocator<Hashinator::Info>> *, Hashinator::Hashmap<unsigned int, unsigned int, (unsigned int)4294967295, (unsigned int)4294967294, Hashinator::HashFunctions::Fibonacci<unsigned int>, Hashinator::Hashers::Hasher<unsigned int, unsigned int, Hashinator::HashFunctions::Fibonacci<unsigned int>, (unsigned int)4294967295, (unsigned int)4294967294, (int)32, (int)1>, split::split_unified_allocator<Hashinator::Info>> *)"
0.0,0.8491,119,0.0071,0.0070,0.0065,0.0082,0.0004, 456    1    1,  64    1    1,"update_velocity_block_content_lists_kernel(vmesh::VelocityMesh *, vmesh::VelocityBlockContainer *, Hashinator::Hashmap<unsigned int, unsigned int, (unsigned int)4294967295, (unsigned int)4294967294, Hashinator::HashFunctions::Fibonacci<unsigned int>, Hashinator::Hashers::Hasher<unsigned int, unsigned int, Hashinator::HashFunctions::Fibonacci<unsigned int>, (unsigned int)4294967295, (unsigned int)4294967294, (int)32, (int)1>, split::split_unified_allocator<Hashinator::Info>> *, Hashinator::Hashmap<unsigned int, unsigned int, (unsigned int)4294967295, (unsigned int)4294967294, Hashinator::HashFunctions::Fibonacci<unsigned int>, Hashinator::Hashers::Hasher<unsigned int, unsigned int, Hashinator::HashFunctions::Fibonacci<unsigned int>, (unsigned int)4294967295, (unsigned int)4294967294, (int)32, (int)1>, split::split_unified_allocator<Hashinator::Info>> *, double)"
0.0,0.8440,115,0.0073,0.0072,0.0068,0.0092,0.0004, 672    1    1,  64    1    1,"update_velocity_block_content_lists_kernel(vmesh::VelocityMesh *, vmesh::VelocityBlockContainer *, Hashinator::Hashmap<unsigned int, unsigned int, (unsigned int)4294967295, (unsigned int)4294967294, Hashinator::HashFunctions::Fibonacci<unsigned int>, Hashinator::Hashers::Hasher<unsigned int, unsigned int, Hashinator::HashFunctions::Fibonacci<unsigned int>, (unsigned int)4294967295, (unsigned int)4294967294, (int)32, (int)1>, split::split_unified_allocator<Hashinator::Info>> *, Hashinator::Hashmap<unsigned int, unsigned int, (unsigned int)4294967295, (unsigned int)4294967294, Hashinator::HashFunctions::Fibonacci<unsigned int>, Hashinator::Hashers::Hasher<unsigned int, unsigned int, Hashinator::HashFunctions::Fibonacci<unsigned int>, (unsigned int)4294967295, (unsigned int)4294967294, (int)32, (int)1>, split::split_unified_allocator<Hashinator::Info>> *, double)"
0.0,0.8420,119,0.0071,0.0070,0.0065,0.0089,0.0004, 447    1    1,  64    1    1,"update_velocity_block_content_lists_kernel(vmesh::VelocityMesh *, vmesh::VelocityBlockContainer *, Hashinator::Hashmap<unsigned int, unsigned int, (unsigned int)4294967295, (unsigned int)4294967294, Hashinator::HashFunctions::Fibonacci<unsigned int>, Hashinator::Hashers::Hasher<unsigned int, unsigned int, Hashinator::HashFunctions::Fibonacci<unsigned int>, (unsigned int)4294967295, (unsigned int)4294967294, (int)32, (int)1>, split::split_unified_allocator<Hashinator::Info>> *, Hashinator::Hashmap<unsigned int, unsigned int, (unsigned int)4294967295, (unsigned int)4294967294, Hashinator::HashFunctions::Fibonacci<unsigned int>, Hashinator::Hashers::Hasher<unsigned int, unsigned int, Hashinator::HashFunctions::Fibonacci<unsigned int>, (unsigned int)4294967295, (unsigned int)4294967294, (int)32, (int)1>, split::split_unified_allocator<Hashinator::Info>> *, double)"
0.0,0.8265,44,0.0188,0.0079,0.0064,0.0700,0.0210,  50    1    1,  16    1    1,"reorder_blocks_by_dimension_kernel(vmesh::VelocityBlockContainer *, VecSimple<float> *, unsigned int *, unsigned int *, ColumnOffsets *)"
0.0,0.8227,22,0.0374,0.0087,0.0052,0.1233,0.0389, 340    1    1,  64    1    1,"update_velocity_blocks_kernel(vmesh::VelocityMesh *, vmesh::VelocityBlockContainer *, split::SplitVector<unsigned int, split::split_unified_allocator<unsigned int>> *, split::SplitVector<Hashinator::hash_pair<unsigned int, unsigned int>, split::split_unified_allocator<Hashinator::hash_pair<unsigned int, unsigned int>>> *, split::SplitVector<Hashinator::hash_pair<unsigned int, unsigned int>, split::split_unified_allocator<Hashinator::hash_pair<unsigned int, unsigned int>>> *, split::SplitVector<Hashinator::hash_pair<unsigned int, unsigned int>, split::split_unified_allocator<Hashinator::hash_pair<unsigned int, unsigned int>>> *, unsigned int, unsigned int, unsigned int, float *)"
0.0,0.8212,72,0.0114,0.0048,0.0045,0.2156,0.0314,  62    1    1, 512    1    1,"void arch::reduction_kernel<(unsigned int)512, (arch::reduce_op)2, (unsigned int)4, (unsigned int)4, void blockVelocityFirstMoments<double, (unsigned int)4>(vmesh::VelocityBlockContainer *, T1 (&)[T2], unsigned int)::[lambda(unsigned int, unsigned int, unsigned int, unsigned int, double *) (instance 1)], double>(T5, const T6 *, T6 *, const unsigned int *, unsigned int, unsigned int, T6 *)"
0.0,0.8112,72,0.0113,0.0048,0.0045,0.1922,0.0273,  55    1    1, 512    1    1,"void arch::reduction_kernel<(unsigned int)512, (arch::reduce_op)2, (unsigned int)4, (unsigned int)4, void blockVelocityFirstMoments<double, (unsigned int)4>(vmesh::VelocityBlockContainer *, T1 (&)[T2], unsigned int)::[lambda(unsigned int, unsigned int, unsigned int, unsigned int, double *) (instance 1)], double>(T5, const T6 *, T6 *, const unsigned int *, unsigned int, unsigned int, T6 *)"
0.0,0.8046,106,0.0076,0.0075,0.0071,0.0087,0.0003,1040    1    1,  64    1    1,"update_velocity_block_content_lists_kernel(vmesh::VelocityMesh *, vmesh::VelocityBlockContainer *, Hashinator::Hashmap<unsigned int, unsigned int, (unsigned int)4294967295, (unsigned int)4294967294, Hashinator::HashFunctions::Fibonacci<unsigned int>, Hashinator::Hashers::Hasher<unsigned int, unsigned int, Hashinator::HashFunctions::Fibonacci<unsigned int>, (unsigned int)4294967295, (unsigned int)4294967294, (int)32, (int)1>, split::split_unified_allocator<Hashinator::Info>> *, Hashinator::Hashmap<unsigned int, unsigned int, (unsigned int)4294967295, (unsigned int)4294967294, Hashinator::HashFunctions::Fibonacci<unsigned int>, Hashinator::Hashers::Hasher<unsigned int, unsigned int, Hashinator::HashFunctions::Fibonacci<unsigned int>, (unsigned int)4294967295, (unsigned int)4294967294, (int)32, (int)1>, split::split_unified_allocator<Hashinator::Info>> *, double)"
0.0,0.8033,109,0.0074,0.0073,0.0069,0.0085,0.0003, 761    1    1,  64    1    1,"update_velocity_block_content_lists_kernel(vmesh::VelocityMesh *, vmesh::VelocityBlockContainer *, Hashinator::Hashmap<unsigned int, unsigned int, (unsigned int)4294967295, (unsigned int)4294967294, Hashinator::HashFunctions::Fibonacci<unsigned int>, Hashinator::Hashers::Hasher<unsigned int, unsigned int, Hashinator::HashFunctions::Fibonacci<unsigned int>, (unsigned int)4294967295, (unsigned int)4294967294, (int)32, (int)1>, split::split_unified_allocator<Hashinator::Info>> *, Hashinator::Hashmap<unsigned int, unsigned int, (unsigned int)4294967295, (unsigned int)4294967294, Hashinator::HashFunctions::Fibonacci<unsigned int>, Hashinator::Hashers::Hasher<unsigned int, unsigned int, Hashinator::HashFunctions::Fibonacci<unsigned int>, (unsigned int)4294967295, (unsigned int)4294967294, (int)32, (int)1>, split::split_unified_allocator<Hashinator::Info>> *, double)"
0.0,0.8008,111,0.0072,0.0072,0.0067,0.0083,0.0003, 632    1    1,  64    1    1,"update_velocity_block_content_lists_kernel(vmesh::VelocityMesh *, vmesh::VelocityBlockContainer *, Hashinator::Hashmap<unsigned int, unsigned int, (unsigned int)4294967295, (unsigned int)4294967294, Hashinator::HashFunctions::Fibonacci<unsigned int>, Hashinator::Hashers::Hasher<unsigned int, unsigned int, Hashinator::HashFunctions::Fibonacci<unsigned int>, (unsigned int)4294967295, (unsigned int)4294967294, (int)32, (int)1>, split::split_unified_allocator<Hashinator::Info>> *, Hashinator::Hashmap<unsigned int, unsigned int, (unsigned int)4294967295, (unsigned int)4294967294, Hashinator::HashFunctions::Fibonacci<unsigned int>, Hashinator::Hashers::Hasher<unsigned int, unsigned int, Hashinator::HashFunctions::Fibonacci<unsigned int>, (unsigned int)4294967295, (unsigned int)4294967294, (int)32, (int)1>, split::split_unified_allocator<Hashinator::Info>> *, double)"
0.0,0.8003,113,0.0071,0.0070,0.0065,0.0089,0.0004, 452    1    1,  64    1    1,"update_velocity_block_content_lists_kernel(vmesh::VelocityMesh *, vmesh::VelocityBlockContainer *, Hashinator::Hashmap<unsigned int, unsigned int, (unsigned int)4294967295, (unsigned int)4294967294, Hashinator::HashFunctions::Fibonacci<unsigned int>, Hashinator::Hashers::Hasher<unsigned int, unsigned int, Hashinator::HashFunctions::Fibonacci<unsigned int>, (unsigned int)4294967295, (unsigned int)4294967294, (int)32, (int)1>, split::split_unified_allocator<Hashinator::Info>> *, Hashinator::Hashmap<unsigned int, unsigned int, (unsigned int)4294967295, (unsigned int)4294967294, Hashinator::HashFunctions::Fibonacci<unsigned int>, Hashinator::Hashers::Hasher<unsigned int, unsigned int, Hashinator::HashFunctions::Fibonacci<unsigned int>, (unsigned int)4294967295, (unsigned int)4294967294, (int)32, (int)1>, split::split_unified_allocator<Hashinator::Info>> *, double)"
0.0,0.8001,112,0.0071,0.0070,0.0066,0.0099,0.0005, 534    1    1,  64    1    1,"update_velocity_block_content_lists_kernel(vmesh::VelocityMesh *, vmesh::VelocityBlockContainer *, Hashinator::Hashmap<unsigned int, unsigned int, (unsigned int)4294967295, (unsigned int)4294967294, Hashinator::HashFunctions::Fibonacci<unsigned int>, Hashinator::Hashers::Hasher<unsigned int, unsigned int, Hashinator::HashFunctions::Fibonacci<unsigned int>, (unsigned int)4294967295, (unsigned int)4294967294, (int)32, (int)1>, split::split_unified_allocator<Hashinator::Info>> *, Hashinator::Hashmap<unsigned int, unsigned int, (unsigned int)4294967295, (unsigned int)4294967294, Hashinator::HashFunctions::Fibonacci<unsigned int>, Hashinator::Hashers::Hasher<unsigned int, unsigned int, Hashinator::HashFunctions::Fibonacci<unsigned int>, (unsigned int)4294967295, (unsigned int)4294967294, (int)32, (int)1>, split::split_unified_allocator<Hashinator::Info>> *, double)"
0.0,0.7914,24,0.0330,0.0458,0.0042,0.0603,0.0229,  65    1    1, 512    1    1,"void arch::reduction_kernel<(unsigned int)512, (arch::reduce_op)2, (unsigned int)4, (unsigned int)3, DRO::VariablePTensorDiagonal::reduceData(const spatial_cell::SpatialCell *, char *)::[lambda(unsigned int, unsigned int, unsigned int, unsigned int, double *) (instance 1)], double>(T5, const T6 *, T6 *, const unsigned int *, unsigned int, unsigned int, T6 *)"
0.0,0.7873,104,0.0076,0.0075,0.0070,0.0087,0.0003, 991    1    1,  64    1    1,"update_velocity_block_content_lists_kernel(vmesh::VelocityMesh *, vmesh::VelocityBlockContainer *, Hashinator::Hashmap<unsigned int, unsigned int, (unsigned int)4294967295, (unsigned int)4294967294, Hashinator::HashFunctions::Fibonacci<unsigned int>, Hashinator::Hashers::Hasher<unsigned int, unsigned int, Hashinator::HashFunctions::Fibonacci<unsigned int>, (unsigned int)4294967295, (unsigned int)4294967294, (int)32, (int)1>, split::split_unified_allocator<Hashinator::Info>> *, Hashinator::Hashmap<unsigned int, unsigned int, (unsigned int)4294967295, (unsigned int)4294967294, Hashinator::HashFunctions::Fibonacci<unsigned int>, Hashinator::Hashers::Hasher<unsigned int, unsigned int, Hashinator::HashFunctions::Fibonacci<unsigned int>, (unsigned int)4294967295, (unsigned int)4294967294, (int)32, (int)1>, split::split_unified_allocator<Hashinator::Info>> *, double)"
0.0,0.7856,106,0.0074,0.0073,0.0068,0.0102,0.0005, 765    1    1,  64    1    1,"update_velocity_block_content_lists_kernel(vmesh::VelocityMesh *, vmesh::VelocityBlockContainer *, Hashinator::Hashmap<unsigned int, unsigned int, (unsigned int)4294967295, (unsigned int)4294967294, Hashinator::HashFunctions::Fibonacci<unsigned int>, Hashinator::Hashers::Hasher<unsigned int, unsigned int, Hashinator::HashFunctions::Fibonacci<unsigned int>, (unsigned int)4294967295, (unsigned int)4294967294, (int)32, (int)1>, split::split_unified_allocator<Hashinator::Info>> *, Hashinator::Hashmap<unsigned int, unsigned int, (unsigned int)4294967295, (unsigned int)4294967294, Hashinator::HashFunctions::Fibonacci<unsigned int>, Hashinator::Hashers::Hasher<unsigned int, unsigned int, Hashinator::HashFunctions::Fibonacci<unsigned int>, (unsigned int)4294967295, (unsigned int)4294967294, (int)32, (int)1>, split::split_unified_allocator<Hashinator::Info>> *, double)"
0.0,0.7809,24,0.0325,0.0085,0.0071,0.0999,0.0326, 928    1    1,  64    1    1,"update_velocity_blocks_kernel(vmesh::VelocityMesh *, vmesh::VelocityBlockContainer *, split::SplitVector<unsigned int, split::split_unified_allocator<unsigned int>> *, split::SplitVector<Hashinator::hash_pair<unsigned int, unsigned int>, split::split_unified_allocator<Hashinator::hash_pair<unsigned int, unsigned int>>> *, split::SplitVector<Hashinator::hash_pair<unsigned int, unsigned int>, split::split_unified_allocator<Hashinator::hash_pair<unsigned int, unsigned int>>> *, split::SplitVector<Hashinator::hash_pair<unsigned int, unsigned int>, split::split_unified_allocator<Hashinator::hash_pair<unsigned int, unsigned int>>> *, unsigned int, unsigned int, unsigned int, float *)"
0.0,0.7796,24,0.0325,0.0075,0.0066,0.1511,0.0400, 544    1    1,  64    1    1,"update_velocity_blocks_kernel(vmesh::VelocityMesh *, vmesh::VelocityBlockContainer *, split::SplitVector<unsigned int, split::split_unified_allocator<unsigned int>> *, split::SplitVector<Hashinator::hash_pair<unsigned int, unsigned int>, split::split_unified_allocator<Hashinator::hash_pair<unsigned int, unsigned int>>> *, split::SplitVector<Hashinator::hash_pair<unsigned int, unsigned int>, split::split_unified_allocator<Hashinator::hash_pair<unsigned int, unsigned int>>> *, split::SplitVector<Hashinator::hash_pair<unsigned int, unsigned int>, split::split_unified_allocator<Hashinator::hash_pair<unsigned int, unsigned int>>> *, unsigned int, unsigned int, unsigned int, float *)"
0.0,0.7671,24,0.0320,0.0473,0.0043,0.0579,0.0239,  79    1    1, 512    1    1,"void arch::reduction_kernel<(unsigned int)512, (arch::reduce_op)2, (unsigned int)4, (unsigned int)3, DRO::VariablePTensorDiagonal::reduceData(const spatial_cell::SpatialCell *, char *)::[lambda(unsigned int, unsigned int, unsigned int, unsigned int, double *) (instance 1)], double>(T5, const T6 *, T6 *, const unsigned int *, unsigned int, unsigned int, T6 *)"
0.0,0.7656,24,0.0319,0.0078,0.0067,0.1456,0.0423, 624    1    1,  64    1    1,"update_velocity_blocks_kernel(vmesh::VelocityMesh *, vmesh::VelocityBlockContainer *, split::SplitVector<unsigned int, split::split_unified_allocator<unsigned int>> *, split::SplitVector<Hashinator::hash_pair<unsigned int, unsigned int>, split::split_unified_allocator<Hashinator::hash_pair<unsigned int, unsigned int>>> *, split::SplitVector<Hashinator::hash_pair<unsigned int, unsigned int>, split::split_unified_allocator<Hashinator::hash_pair<unsigned int, unsigned int>>> *, split::SplitVector<Hashinator::hash_pair<unsigned int, unsigned int>, split::split_unified_allocator<Hashinator::hash_pair<unsigned int, unsigned int>>> *, unsigned int, unsigned int, unsigned int, float *)"
0.0,0.7620,108,0.0071,0.0070,0.0066,0.0085,0.0003, 450    1    1,  64    1    1,"update_velocity_block_content_lists_kernel(vmesh::VelocityMesh *, vmesh::VelocityBlockContainer *, Hashinator::Hashmap<unsigned int, unsigned int, (unsigned int)4294967295, (unsigned int)4294967294, Hashinator::HashFunctions::Fibonacci<unsigned int>, Hashinator::Hashers::Hasher<unsigned int, unsigned int, Hashinator::HashFunctions::Fibonacci<unsigned int>, (unsigned int)4294967295, (unsigned int)4294967294, (int)32, (int)1>, split::split_unified_allocator<Hashinator::Info>> *, Hashinator::Hashmap<unsigned int, unsigned int, (unsigned int)4294967295, (unsigned int)4294967294, Hashinator::HashFunctions::Fibonacci<unsigned int>, Hashinator::Hashers::Hasher<unsigned int, unsigned int, Hashinator::HashFunctions::Fibonacci<unsigned int>, (unsigned int)4294967295, (unsigned int)4294967294, (int)32, (int)1>, split::split_unified_allocator<Hashinator::Info>> *, double)"
0.0,0.7480,56,0.0134,0.0050,0.0048,0.1066,0.0191, 181    1    1, 512    1    1,"void arch::reduction_kernel<(unsigned int)512, (arch::reduce_op)2, (unsigned int)4, (unsigned int)3, void blockVelocitySecondMoments<double, (unsigned int)3>(vmesh::VelocityBlockContainer *, T1, T1, T1, T1 (&)[T2], unsigned int)::[lambda(unsigned int, unsigned int, unsigned int, unsigned int, double *) (instance 1)], double>(T5, const T6 *, T6 *, const unsigned int *, unsigned int, unsigned int, T6 *)"
0.0,0.7453,24,0.0311,0.0088,0.0072,0.1496,0.0390, 820    1    1,  64    1    1,"update_velocity_blocks_kernel(vmesh::VelocityMesh *, vmesh::VelocityBlockContainer *, split::SplitVector<unsigned int, split::split_unified_allocator<unsigned int>> *, split::SplitVector<Hashinator::hash_pair<unsigned int, unsigned int>, split::split_unified_allocator<Hashinator::hash_pair<unsigned int, unsigned int>>> *, split::SplitVector<Hashinator::hash_pair<unsigned int, unsigned int>, split::split_unified_allocator<Hashinator::hash_pair<unsigned int, unsigned int>>> *, split::SplitVector<Hashinator::hash_pair<unsigned int, unsigned int>, split::split_unified_allocator<Hashinator::hash_pair<unsigned int, unsigned int>>> *, unsigned int, unsigned int, unsigned int, float *)"
0.0,0.7241,8,0.0905,0.0883,0.0862,0.0979,0.0044,1176    1    1,  32    1    1,"void arch::reduction_kernel<(unsigned int)32, (arch::reduce_op)2, (unsigned int)4, (unsigned int)0, DRO::VariablePrecipitationDiffFlux::reduceData(const spatial_cell::SpatialCell *, char *)::[lambda(unsigned int, unsigned int, unsigned int, unsigned int, double *) (instance 1)], double>(T5, const T6 *, T6 *, const unsigned int *, unsigned int, unsigned int, T6 *)"
0.0,0.7236,104,0.0070,0.0069,0.0065,0.0089,0.0004, 408    1    1,  64    1    1,"update_velocity_block_content_lists_kernel(vmesh::VelocityMesh *, vmesh::VelocityBlockContainer *, Hashinator::Hashmap<unsigned int, unsigned int, (unsigned int)4294967295, (unsigned int)4294967294, Hashinator::HashFunctions::Fibonacci<unsigned int>, Hashinator::Hashers::Hasher<unsigned int, unsigned int, Hashinator::HashFunctions::Fibonacci<unsigned int>, (unsigned int)4294967295, (unsigned int)4294967294, (int)32, (int)1>, split::split_unified_allocator<Hashinator::Info>> *, Hashinator::Hashmap<unsigned int, unsigned int, (unsigned int)4294967295, (unsigned int)4294967294, Hashinator::HashFunctions::Fibonacci<unsigned int>, Hashinator::Hashers::Hasher<unsigned int, unsigned int, Hashinator::HashFunctions::Fibonacci<unsigned int>, (unsigned int)4294967295, (unsigned int)4294967294, (int)32, (int)1>, split::split_unified_allocator<Hashinator::Info>> *, double)"
0.0,0.7234,103,0.0070,0.0070,0.0065,0.0087,0.0003, 439    1    1,  64    1    1,"update_velocity_block_content_lists_kernel(vmesh::VelocityMesh *, vmesh::VelocityBlockContainer *, Hashinator::Hashmap<unsigned int, unsigned int, (unsigned int)4294967295, (unsigned int)4294967294, Hashinator::HashFunctions::Fibonacci<unsigned int>, Hashinator::Hashers::Hasher<unsigned int, unsigned int, Hashinator::HashFunctions::Fibonacci<unsigned int>, (unsigned int)4294967295, (unsigned int)4294967294, (int)32, (int)1>, split::split_unified_allocator<Hashinator::Info>> *, Hashinator::Hashmap<unsigned int, unsigned int, (unsigned int)4294967295, (unsigned int)4294967294, Hashinator::HashFunctions::Fibonacci<unsigned int>, Hashinator::Hashers::Hasher<unsigned int, unsigned int, Hashinator::HashFunctions::Fibonacci<unsigned int>, (unsigned int)4294967295, (unsigned int)4294967294, (int)32, (int)1>, split::split_unified_allocator<Hashinator::Info>> *, double)"
0.0,0.7196,14,0.0514,0.0434,0.0053,0.1150,0.0449, 153    1    1,  64    1    1,"update_velocity_blocks_kernel(vmesh::VelocityMesh *, vmesh::VelocityBlockContainer *, split::SplitVector<unsigned int, split::split_unified_allocator<unsigned int>> *, split::SplitVector<Hashinator::hash_pair<unsigned int, unsigned int>, split::split_unified_allocator<Hashinator::hash_pair<unsigned int, unsigned int>>> *, split::SplitVector<Hashinator::hash_pair<unsigned int, unsigned int>, split::split_unified_allocator<Hashinator::hash_pair<unsigned int, unsigned int>>> *, split::SplitVector<Hashinator::hash_pair<unsigned int, unsigned int>, split::split_unified_allocator<Hashinator::hash_pair<unsigned int, unsigned int>>> *, unsigned int, unsigned int, unsigned int, float *)"
0.0,0.7172,25,0.0287,0.0079,0.0053,0.1211,0.0349, 249    1    1,  64    1    1,"update_velocity_blocks_kernel(vmesh::VelocityMesh *, vmesh::VelocityBlockContainer *, split::SplitVector<unsigned int, split::split_unified_allocator<unsigned int>> *, split::SplitVector<Hashinator::hash_pair<unsigned int, unsigned int>, split::split_unified_allocator<Hashinator::hash_pair<unsigned int, unsigned int>>> *, split::SplitVector<Hashinator::hash_pair<unsigned int, unsigned int>, split::split_unified_allocator<Hashinator::hash_pair<unsigned int, unsigned int>>> *, split::SplitVector<Hashinator::hash_pair<unsigned int, unsigned int>, split::split_unified_allocator<Hashinator::hash_pair<unsigned int, unsigned int>>> *, unsigned int, unsigned int, unsigned int, float *)"
0.0,0.7171,100,0.0072,0.0071,0.0066,0.0080,0.0003, 552    1    1,  64    1    1,"update_velocity_block_content_lists_kernel(vmesh::VelocityMesh *, vmesh::VelocityBlockContainer *, Hashinator::Hashmap<unsigned int, unsigned int, (unsigned int)4294967295, (unsigned int)4294967294, Hashinator::HashFunctions::Fibonacci<unsigned int>, Hashinator::Hashers::Hasher<unsigned int, unsigned int, Hashinator::HashFunctions::Fibonacci<unsigned int>, (unsigned int)4294967295, (unsigned int)4294967294, (int)32, (int)1>, split::split_unified_allocator<Hashinator::Info>> *, Hashinator::Hashmap<unsigned int, unsigned int, (unsigned int)4294967295, (unsigned int)4294967294, Hashinator::HashFunctions::Fibonacci<unsigned int>, Hashinator::Hashers::Hasher<unsigned int, unsigned int, Hashinator::HashFunctions::Fibonacci<unsigned int>, (unsigned int)4294967295, (unsigned int)4294967294, (int)32, (int)1>, split::split_unified_allocator<Hashinator::Info>> *, double)"
0.0,0.7132,100,0.0071,0.0070,0.0065,0.0087,0.0004, 538    1    1,  64    1    1,"update_velocity_block_content_lists_kernel(vmesh::VelocityMesh *, vmesh::VelocityBlockContainer *, Hashinator::Hashmap<unsigned int, unsigned int, (unsigned int)4294967295, (unsigned int)4294967294, Hashinator::HashFunctions::Fibonacci<unsigned int>, Hashinator::Hashers::Hasher<unsigned int, unsigned int, Hashinator::HashFunctions::Fibonacci<unsigned int>, (unsigned int)4294967295, (unsigned int)4294967294, (int)32, (int)1>, split::split_unified_allocator<Hashinator::Info>> *, Hashinator::Hashmap<unsigned int, unsigned int, (unsigned int)4294967295, (unsigned int)4294967294, Hashinator::HashFunctions::Fibonacci<unsigned int>, Hashinator::Hashers::Hasher<unsigned int, unsigned int, Hashinator::HashFunctions::Fibonacci<unsigned int>, (unsigned int)4294967295, (unsigned int)4294967294, (int)32, (int)1>, split::split_unified_allocator<Hashinator::Info>> *, double)"
0.0,0.7097,32,0.0222,0.0150,0.0132,0.0710,0.0169, 246    1    1, 832    1    1,"update_velocity_halo_kernel(vmesh::VelocityMesh *, unsigned int, unsigned int *, Hashinator::Hashmap<unsigned int, unsigned int, (unsigned int)4294967295, (unsigned int)4294967294, Hashinator::HashFunctions::Fibonacci<unsigned int>, Hashinator::Hashers::Hasher<unsigned int, unsigned int, Hashinator::HashFunctions::Fibonacci<unsigned int>, (unsigned int)4294967295, (unsigned int)4294967294, (int)32, (int)1>, split::split_unified_allocator<Hashinator::Info>> *, Hashinator::Hashmap<unsigned int, unsigned int, (unsigned int)4294967295, (unsigned int)4294967294, Hashinator::HashFunctions::Fibonacci<unsigned int>, Hashinator::Hashers::Hasher<unsigned int, unsigned int, Hashinator::HashFunctions::Fibonacci<unsigned int>, (unsigned int)4294967295, (unsigned int)4294967294, (int)32, (int)1>, split::split_unified_allocator<Hashinator::Info>> *)"
0.0,0.7030,24,0.0293,0.0081,0.0071,0.1727,0.0420, 752    1    1,  64    1    1,"update_velocity_blocks_kernel(vmesh::VelocityMesh *, vmesh::VelocityBlockContainer *, split::SplitVector<unsigned int, split::split_unified_allocator<unsigned int>> *, split::SplitVector<Hashinator::hash_pair<unsigned int, unsigned int>, split::split_unified_allocator<Hashinator::hash_pair<unsigned int, unsigned int>>> *, split::SplitVector<Hashinator::hash_pair<unsigned int, unsigned int>, split::split_unified_allocator<Hashinator::hash_pair<unsigned int, unsigned int>>> *, split::SplitVector<Hashinator::hash_pair<unsigned int, unsigned int>, split::split_unified_allocator<Hashinator::hash_pair<unsigned int, unsigned int>>> *, unsigned int, unsigned int, unsigned int, float *)"
0.0,0.7019,92,0.0076,0.0076,0.0071,0.0089,0.0004,1052    1    1,  64    1    1,"update_velocity_block_content_lists_kernel(vmesh::VelocityMesh *, vmesh::VelocityBlockContainer *, Hashinator::Hashmap<unsigned int, unsigned int, (unsigned int)4294967295, (unsigned int)4294967294, Hashinator::HashFunctions::Fibonacci<unsigned int>, Hashinator::Hashers::Hasher<unsigned int, unsigned int, Hashinator::HashFunctions::Fibonacci<unsigned int>, (unsigned int)4294967295, (unsigned int)4294967294, (int)32, (int)1>, split::split_unified_allocator<Hashinator::Info>> *, Hashinator::Hashmap<unsigned int, unsigned int, (unsigned int)4294967295, (unsigned int)4294967294, Hashinator::HashFunctions::Fibonacci<unsigned int>, Hashinator::Hashers::Hasher<unsigned int, unsigned int, Hashinator::HashFunctions::Fibonacci<unsigned int>, (unsigned int)4294967295, (unsigned int)4294967294, (int)32, (int)1>, split::split_unified_allocator<Hashinator::Info>> *, double)"
0.0,0.6965,92,0.0076,0.0075,0.0070,0.0091,0.0004, 954    1    1,  64    1    1,"update_velocity_block_content_lists_kernel(vmesh::VelocityMesh *, vmesh::VelocityBlockContainer *, Hashinator::Hashmap<unsigned int, unsigned int, (unsigned int)4294967295, (unsigned int)4294967294, Hashinator::HashFunctions::Fibonacci<unsigned int>, Hashinator::Hashers::Hasher<unsigned int, unsigned int, Hashinator::HashFunctions::Fibonacci<unsigned int>, (unsigned int)4294967295, (unsigned int)4294967294, (int)32, (int)1>, split::split_unified_allocator<Hashinator::Info>> *, Hashinator::Hashmap<unsigned int, unsigned int, (unsigned int)4294967295, (unsigned int)4294967294, Hashinator::HashFunctions::Fibonacci<unsigned int>, Hashinator::Hashers::Hasher<unsigned int, unsigned int, Hashinator::HashFunctions::Fibonacci<unsigned int>, (unsigned int)4294967295, (unsigned int)4294967294, (int)32, (int)1>, split::split_unified_allocator<Hashinator::Info>> *, double)"
0.0,0.6948,24,0.0289,0.0073,0.0067,0.1746,0.0418, 632    1    1,  64    1    1,"update_velocity_blocks_kernel(vmesh::VelocityMesh *, vmesh::VelocityBlockContainer *, split::SplitVector<unsigned int, split::split_unified_allocator<unsigned int>> *, split::SplitVector<Hashinator::hash_pair<unsigned int, unsigned int>, split::split_unified_allocator<Hashinator::hash_pair<unsigned int, unsigned int>>> *, split::SplitVector<Hashinator::hash_pair<unsigned int, unsigned int>, split::split_unified_allocator<Hashinator::hash_pair<unsigned int, unsigned int>>> *, split::SplitVector<Hashinator::hash_pair<unsigned int, unsigned int>, split::split_unified_allocator<Hashinator::hash_pair<unsigned int, unsigned int>>> *, unsigned int, unsigned int, unsigned int, float *)"
0.0,0.6921,96,0.0072,0.0071,0.0066,0.0095,0.0005, 581    1    1,  64    1    1,"update_velocity_block_content_lists_kernel(vmesh::VelocityMesh *, vmesh::VelocityBlockContainer *, Hashinator::Hashmap<unsigned int, unsigned int, (unsigned int)4294967295, (unsigned int)4294967294, Hashinator::HashFunctions::Fibonacci<unsigned int>, Hashinator::Hashers::Hasher<unsigned int, unsigned int, Hashinator::HashFunctions::Fibonacci<unsigned int>, (unsigned int)4294967295, (unsigned int)4294967294, (int)32, (int)1>, split::split_unified_allocator<Hashinator::Info>> *, Hashinator::Hashmap<unsigned int, unsigned int, (unsigned int)4294967295, (unsigned int)4294967294, Hashinator::HashFunctions::Fibonacci<unsigned int>, Hashinator::Hashers::Hasher<unsigned int, unsigned int, Hashinator::HashFunctions::Fibonacci<unsigned int>, (unsigned int)4294967295, (unsigned int)4294967294, (int)32, (int)1>, split::split_unified_allocator<Hashinator::Info>> *, double)"
0.0,0.6907,92,0.0075,0.0074,0.0070,0.0088,0.0004, 905    1    1,  64    1    1,"update_velocity_block_content_lists_kernel(vmesh::VelocityMesh *, vmesh::VelocityBlockContainer *, Hashinator::Hashmap<unsigned int, unsigned int, (unsigned int)4294967295, (unsigned int)4294967294, Hashinator::HashFunctions::Fibonacci<unsigned int>, Hashinator::Hashers::Hasher<unsigned int, unsigned int, Hashinator::HashFunctions::Fibonacci<unsigned int>, (unsigned int)4294967295, (unsigned int)4294967294, (int)32, (int)1>, split::split_unified_allocator<Hashinator::Info>> *, Hashinator::Hashmap<unsigned int, unsigned int, (unsigned int)4294967295, (unsigned int)4294967294, Hashinator::HashFunctions::Fibonacci<unsigned int>, Hashinator::Hashers::Hasher<unsigned int, unsigned int, Hashinator::HashFunctions::Fibonacci<unsigned int>, (unsigned int)4294967295, (unsigned int)4294967294, (int)32, (int)1>, split::split_unified_allocator<Hashinator::Info>> *, double)"
0.0,0.6903,32,0.0216,0.0113,0.0094,0.1686,0.0301, 204    1    1,1024    1    1,"update_neighbour_halo_kernel(vmesh::VelocityMesh *, unsigned int, unsigned int **, unsigned int *, Hashinator::Hashmap<unsigned int, unsigned int, (unsigned int)4294967295, (unsigned int)4294967294, Hashinator::HashFunctions::Fibonacci<unsigned int>, Hashinator::Hashers::Hasher<unsigned int, unsigned int, Hashinator::HashFunctions::Fibonacci<unsigned int>, (unsigned int)4294967295, (unsigned int)4294967294, (int)32, (int)1>, split::split_unified_allocator<Hashinator::Info>> *, Hashinator::Hashmap<unsigned int, unsigned int, (unsigned int)4294967295, (unsigned int)4294967294, Hashinator::HashFunctions::Fibonacci<unsigned int>, Hashinator::Hashers::Hasher<unsigned int, unsigned int, Hashinator::HashFunctions::Fibonacci<unsigned int>, (unsigned int)4294967295, (unsigned int)4294967294, (int)32, (int)1>, split::split_unified_allocator<Hashinator::Info>> *)"
0.0,0.6897,98,0.0070,0.0070,0.0065,0.0083,0.0003, 454    1    1,  64    1    1,"update_velocity_block_content_lists_kernel(vmesh::VelocityMesh *, vmesh::VelocityBlockContainer *, Hashinator::Hashmap<unsigned int, unsigned int, (unsigned int)4294967295, (unsigned int)4294967294, Hashinator::HashFunctions::Fibonacci<unsigned int>, Hashinator::Hashers::Hasher<unsigned int, unsigned int, Hashinator::HashFunctions::Fibonacci<unsigned int>, (unsigned int)4294967295, (unsigned int)4294967294, (int)32, (int)1>, split::split_unified_allocator<Hashinator::Info>> *, Hashinator::Hashmap<unsigned int, unsigned int, (unsigned int)4294967295, (unsigned int)4294967294, Hashinator::HashFunctions::Fibonacci<unsigned int>, Hashinator::Hashers::Hasher<unsigned int, unsigned int, Hashinator::HashFunctions::Fibonacci<unsigned int>, (unsigned int)4294967295, (unsigned int)4294967294, (int)32, (int)1>, split::split_unified_allocator<Hashinator::Info>> *, double)"
0.0,0.6877,94,0.0073,0.0072,0.0069,0.0083,0.0003, 683    1    1,  64    1    1,"update_velocity_block_content_lists_kernel(vmesh::VelocityMesh *, vmesh::VelocityBlockContainer *, Hashinator::Hashmap<unsigned int, unsigned int, (unsigned int)4294967295, (unsigned int)4294967294, Hashinator::HashFunctions::Fibonacci<unsigned int>, Hashinator::Hashers::Hasher<unsigned int, unsigned int, Hashinator::HashFunctions::Fibonacci<unsigned int>, (unsigned int)4294967295, (unsigned int)4294967294, (int)32, (int)1>, split::split_unified_allocator<Hashinator::Info>> *, Hashinator::Hashmap<unsigned int, unsigned int, (unsigned int)4294967295, (unsigned int)4294967294, Hashinator::HashFunctions::Fibonacci<unsigned int>, Hashinator::Hashers::Hasher<unsigned int, unsigned int, Hashinator::HashFunctions::Fibonacci<unsigned int>, (unsigned int)4294967295, (unsigned int)4294967294, (int)32, (int)1>, split::split_unified_allocator<Hashinator::Info>> *, double)"
0.0,0.6846,98,0.0070,0.0070,0.0064,0.0089,0.0004, 383    1    1,  64    1    1,"update_velocity_block_content_lists_kernel(vmesh::VelocityMesh *, vmesh::VelocityBlockContainer *, Hashinator::Hashmap<unsigned int, unsigned int, (unsigned int)4294967295, (unsigned int)4294967294, Hashinator::HashFunctions::Fibonacci<unsigned int>, Hashinator::Hashers::Hasher<unsigned int, unsigned int, Hashinator::HashFunctions::Fibonacci<unsigned int>, (unsigned int)4294967295, (unsigned int)4294967294, (int)32, (int)1>, split::split_unified_allocator<Hashinator::Info>> *, Hashinator::Hashmap<unsigned int, unsigned int, (unsigned int)4294967295, (unsigned int)4294967294, Hashinator::HashFunctions::Fibonacci<unsigned int>, Hashinator::Hashers::Hasher<unsigned int, unsigned int, Hashinator::HashFunctions::Fibonacci<unsigned int>, (unsigned int)4294967295, (unsigned int)4294967294, (int)32, (int)1>, split::split_unified_allocator<Hashinator::Info>> *, double)"
0.0,0.6820,95,0.0072,0.0071,0.0066,0.0084,0.0004, 542    1    1,  64    1    1,"update_velocity_block_content_lists_kernel(vmesh::VelocityMesh *, vmesh::VelocityBlockContainer *, Hashinator::Hashmap<unsigned int, unsigned int, (unsigned int)4294967295, (unsigned int)4294967294, Hashinator::HashFunctions::Fibonacci<unsigned int>, Hashinator::Hashers::Hasher<unsigned int, unsigned int, Hashinator::HashFunctions::Fibonacci<unsigned int>, (unsigned int)4294967295, (unsigned int)4294967294, (int)32, (int)1>, split::split_unified_allocator<Hashinator::Info>> *, Hashinator::Hashmap<unsigned int, unsigned int, (unsigned int)4294967295, (unsigned int)4294967294, Hashinator::HashFunctions::Fibonacci<unsigned int>, Hashinator::Hashers::Hasher<unsigned int, unsigned int, Hashinator::HashFunctions::Fibonacci<unsigned int>, (unsigned int)4294967295, (unsigned int)4294967294, (int)32, (int)1>, split::split_unified_allocator<Hashinator::Info>> *, double)"
0.0,0.6774,88,0.0077,0.0076,0.0072,0.0093,0.0004,1048    1    1,  64    1    1,"update_velocity_block_content_lists_kernel(vmesh::VelocityMesh *, vmesh::VelocityBlockContainer *, Hashinator::Hashmap<unsigned int, unsigned int, (unsigned int)4294967295, (unsigned int)4294967294, Hashinator::HashFunctions::Fibonacci<unsigned int>, Hashinator::Hashers::Hasher<unsigned int, unsigned int, Hashinator::HashFunctions::Fibonacci<unsigned int>, (unsigned int)4294967295, (unsigned int)4294967294, (int)32, (int)1>, split::split_unified_allocator<Hashinator::Info>> *, Hashinator::Hashmap<unsigned int, unsigned int, (unsigned int)4294967295, (unsigned int)4294967294, Hashinator::HashFunctions::Fibonacci<unsigned int>, Hashinator::Hashers::Hasher<unsigned int, unsigned int, Hashinator::HashFunctions::Fibonacci<unsigned int>, (unsigned int)4294967295, (unsigned int)4294967294, (int)32, (int)1>, split::split_unified_allocator<Hashinator::Info>> *, double)"
0.0,0.6737,91,0.0074,0.0073,0.0068,0.0089,0.0004, 771    1    1,  64    1    1,"update_velocity_block_content_lists_kernel(vmesh::VelocityMesh *, vmesh::VelocityBlockContainer *, Hashinator::Hashmap<unsigned int, unsigned int, (unsigned int)4294967295, (unsigned int)4294967294, Hashinator::HashFunctions::Fibonacci<unsigned int>, Hashinator::Hashers::Hasher<unsigned int, unsigned int, Hashinator::HashFunctions::Fibonacci<unsigned int>, (unsigned int)4294967295, (unsigned int)4294967294, (int)32, (int)1>, split::split_unified_allocator<Hashinator::Info>> *, Hashinator::Hashmap<unsigned int, unsigned int, (unsigned int)4294967295, (unsigned int)4294967294, Hashinator::HashFunctions::Fibonacci<unsigned int>, Hashinator::Hashers::Hasher<unsigned int, unsigned int, Hashinator::HashFunctions::Fibonacci<unsigned int>, (unsigned int)4294967295, (unsigned int)4294967294, (int)32, (int)1>, split::split_unified_allocator<Hashinator::Info>> *, double)"
0.0,0.6728,91,0.0074,0.0073,0.0069,0.0085,0.0003, 773    1    1,  64    1    1,"update_velocity_block_content_lists_kernel(vmesh::VelocityMesh *, vmesh::VelocityBlockContainer *, Hashinator::Hashmap<unsigned int, unsigned int, (unsigned int)4294967295, (unsigned int)4294967294, Hashinator::HashFunctions::Fibonacci<unsigned int>, Hashinator::Hashers::Hasher<unsigned int, unsigned int, Hashinator::HashFunctions::Fibonacci<unsigned int>, (unsigned int)4294967295, (unsigned int)4294967294, (int)32, (int)1>, split::split_unified_allocator<Hashinator::Info>> *, Hashinator::Hashmap<unsigned int, unsigned int, (unsigned int)4294967295, (unsigned int)4294967294, Hashinator::HashFunctions::Fibonacci<unsigned int>, Hashinator::Hashers::Hasher<unsigned int, unsigned int, Hashinator::HashFunctions::Fibonacci<unsigned int>, (unsigned int)4294967295, (unsigned int)4294967294, (int)32, (int)1>, split::split_unified_allocator<Hashinator::Info>> *, double)"
0.0,0.6718,93,0.0072,0.0072,0.0067,0.0089,0.0004, 537    1    1,  64    1    1,"update_velocity_block_content_lists_kernel(vmesh::VelocityMesh *, vmesh::VelocityBlockContainer *, Hashinator::Hashmap<unsigned int, unsigned int, (unsigned int)4294967295, (unsigned int)4294967294, Hashinator::HashFunctions::Fibonacci<unsigned int>, Hashinator::Hashers::Hasher<unsigned int, unsigned int, Hashinator::HashFunctions::Fibonacci<unsigned int>, (unsigned int)4294967295, (unsigned int)4294967294, (int)32, (int)1>, split::split_unified_allocator<Hashinator::Info>> *, Hashinator::Hashmap<unsigned int, unsigned int, (unsigned int)4294967295, (unsigned int)4294967294, Hashinator::HashFunctions::Fibonacci<unsigned int>, Hashinator::Hashers::Hasher<unsigned int, unsigned int, Hashinator::HashFunctions::Fibonacci<unsigned int>, (unsigned int)4294967295, (unsigned int)4294967294, (int)32, (int)1>, split::split_unified_allocator<Hashinator::Info>> *, double)"
0.0,0.6698,88,0.0076,0.0076,0.0071,0.0086,0.0003,1036    1    1,  64    1    1,"update_velocity_block_content_lists_kernel(vmesh::VelocityMesh *, vmesh::VelocityBlockContainer *, Hashinator::Hashmap<unsigned int, unsigned int, (unsigned int)4294967295, (unsigned int)4294967294, Hashinator::HashFunctions::Fibonacci<unsigned int>, Hashinator::Hashers::Hasher<unsigned int, unsigned int, Hashinator::HashFunctions::Fibonacci<unsigned int>, (unsigned int)4294967295, (unsigned int)4294967294, (int)32, (int)1>, split::split_unified_allocator<Hashinator::Info>> *, Hashinator::Hashmap<unsigned int, unsigned int, (unsigned int)4294967295, (unsigned int)4294967294, Hashinator::HashFunctions::Fibonacci<unsigned int>, Hashinator::Hashers::Hasher<unsigned int, unsigned int, Hashinator::HashFunctions::Fibonacci<unsigned int>, (unsigned int)4294967295, (unsigned int)4294967294, (int)32, (int)1>, split::split_unified_allocator<Hashinator::Info>> *, double)"
0.0,0.6679,88,0.0076,0.0075,0.0071,0.0087,0.0003,1046    1    1,  64    1    1,"update_velocity_block_content_lists_kernel(vmesh::VelocityMesh *, vmesh::VelocityBlockContainer *, Hashinator::Hashmap<unsigned int, unsigned int, (unsigned int)4294967295, (unsigned int)4294967294, Hashinator::HashFunctions::Fibonacci<unsigned int>, Hashinator::Hashers::Hasher<unsigned int, unsigned int, Hashinator::HashFunctions::Fibonacci<unsigned int>, (unsigned int)4294967295, (unsigned int)4294967294, (int)32, (int)1>, split::split_unified_allocator<Hashinator::Info>> *, Hashinator::Hashmap<unsigned int, unsigned int, (unsigned int)4294967295, (unsigned int)4294967294, Hashinator::HashFunctions::Fibonacci<unsigned int>, Hashinator::Hashers::Hasher<unsigned int, unsigned int, Hashinator::HashFunctions::Fibonacci<unsigned int>, (unsigned int)4294967295, (unsigned int)4294967294, (int)32, (int)1>, split::split_unified_allocator<Hashinator::Info>> *, double)"
0.0,0.6618,88,0.0075,0.0074,0.0068,0.0097,0.0005, 725    1    1,  64    1    1,"update_velocity_block_content_lists_kernel(vmesh::VelocityMesh *, vmesh::VelocityBlockContainer *, Hashinator::Hashmap<unsigned int, unsigned int, (unsigned int)4294967295, (unsigned int)4294967294, Hashinator::HashFunctions::Fibonacci<unsigned int>, Hashinator::Hashers::Hasher<unsigned int, unsigned int, Hashinator::HashFunctions::Fibonacci<unsigned int>, (unsigned int)4294967295, (unsigned int)4294967294, (int)32, (int)1>, split::split_unified_allocator<Hashinator::Info>> *, Hashinator::Hashmap<unsigned int, unsigned int, (unsigned int)4294967295, (unsigned int)4294967294, Hashinator::HashFunctions::Fibonacci<unsigned int>, Hashinator::Hashers::Hasher<unsigned int, unsigned int, Hashinator::HashFunctions::Fibonacci<unsigned int>, (unsigned int)4294967295, (unsigned int)4294967294, (int)32, (int)1>, split::split_unified_allocator<Hashinator::Info>> *, double)"
0.0,0.6569,56,0.0117,0.0031,0.0026,0.1100,0.0203,  24    1    1,  32    1    1,"blocksID_mapped_dim2_kernel(const vmesh::VelocityMesh *, unsigned int *, unsigned int *, unsigned int)"
0.0,0.6549,92,0.0071,0.0070,0.0066,0.0088,0.0004, 546    1    1,  64    1    1,"update_velocity_block_content_lists_kernel(vmesh::VelocityMesh *, vmesh::VelocityBlockContainer *, Hashinator::Hashmap<unsigned int, unsigned int, (unsigned int)4294967295, (unsigned int)4294967294, Hashinator::HashFunctions::Fibonacci<unsigned int>, Hashinator::Hashers::Hasher<unsigned int, unsigned int, Hashinator::HashFunctions::Fibonacci<unsigned int>, (unsigned int)4294967295, (unsigned int)4294967294, (int)32, (int)1>, split::split_unified_allocator<Hashinator::Info>> *, Hashinator::Hashmap<unsigned int, unsigned int, (unsigned int)4294967295, (unsigned int)4294967294, Hashinator::HashFunctions::Fibonacci<unsigned int>, Hashinator::Hashers::Hasher<unsigned int, unsigned int, Hashinator::HashFunctions::Fibonacci<unsigned int>, (unsigned int)4294967295, (unsigned int)4294967294, (int)32, (int)1>, split::split_unified_allocator<Hashinator::Info>> *, double)"
0.0,0.6548,88,0.0074,0.0074,0.0069,0.0088,0.0003, 822    1    1,  64    1    1,"update_velocity_block_content_lists_kernel(vmesh::VelocityMesh *, vmesh::VelocityBlockContainer *, Hashinator::Hashmap<unsigned int, unsigned int, (unsigned int)4294967295, (unsigned int)4294967294, Hashinator::HashFunctions::Fibonacci<unsigned int>, Hashinator::Hashers::Hasher<unsigned int, unsigned int, Hashinator::HashFunctions::Fibonacci<unsigned int>, (unsigned int)4294967295, (unsigned int)4294967294, (int)32, (int)1>, split::split_unified_allocator<Hashinator::Info>> *, Hashinator::Hashmap<unsigned int, unsigned int, (unsigned int)4294967295, (unsigned int)4294967294, Hashinator::HashFunctions::Fibonacci<unsigned int>, Hashinator::Hashers::Hasher<unsigned int, unsigned int, Hashinator::HashFunctions::Fibonacci<unsigned int>, (unsigned int)4294967295, (unsigned int)4294967294, (int)32, (int)1>, split::split_unified_allocator<Hashinator::Info>> *, double)"
0.0,0.6492,88,0.0074,0.0074,0.0068,0.0090,0.0004, 706    1    1,  64    1    1,"update_velocity_block_content_lists_kernel(vmesh::VelocityMesh *, vmesh::VelocityBlockContainer *, Hashinator::Hashmap<unsigned int, unsigned int, (unsigned int)4294967295, (unsigned int)4294967294, Hashinator::HashFunctions::Fibonacci<unsigned int>, Hashinator::Hashers::Hasher<unsigned int, unsigned int, Hashinator::HashFunctions::Fibonacci<unsigned int>, (unsigned int)4294967295, (unsigned int)4294967294, (int)32, (int)1>, split::split_unified_allocator<Hashinator::Info>> *, Hashinator::Hashmap<unsigned int, unsigned int, (unsigned int)4294967295, (unsigned int)4294967294, Hashinator::HashFunctions::Fibonacci<unsigned int>, Hashinator::Hashers::Hasher<unsigned int, unsigned int, Hashinator::HashFunctions::Fibonacci<unsigned int>, (unsigned int)4294967295, (unsigned int)4294967294, (int)32, (int)1>, split::split_unified_allocator<Hashinator::Info>> *, double)"
0.0,0.6492,86,0.0075,0.0075,0.0069,0.0098,0.0004, 949    1    1,  64    1    1,"update_velocity_block_content_lists_kernel(vmesh::VelocityMesh *, vmesh::VelocityBlockContainer *, Hashinator::Hashmap<unsigned int, unsigned int, (unsigned int)4294967295, (unsigned int)4294967294, Hashinator::HashFunctions::Fibonacci<unsigned int>, Hashinator::Hashers::Hasher<unsigned int, unsigned int, Hashinator::HashFunctions::Fibonacci<unsigned int>, (unsigned int)4294967295, (unsigned int)4294967294, (int)32, (int)1>, split::split_unified_allocator<Hashinator::Info>> *, Hashinator::Hashmap<unsigned int, unsigned int, (unsigned int)4294967295, (unsigned int)4294967294, Hashinator::HashFunctions::Fibonacci<unsigned int>, Hashinator::Hashers::Hasher<unsigned int, unsigned int, Hashinator::HashFunctions::Fibonacci<unsigned int>, (unsigned int)4294967295, (unsigned int)4294967294, (int)32, (int)1>, split::split_unified_allocator<Hashinator::Info>> *, double)"
0.0,0.6439,88,0.0073,0.0072,0.0067,0.0084,0.0004, 669    1    1,  64    1    1,"update_velocity_block_content_lists_kernel(vmesh::VelocityMesh *, vmesh::VelocityBlockContainer *, Hashinator::Hashmap<unsigned int, unsigned int, (unsigned int)4294967295, (unsigned int)4294967294, Hashinator::HashFunctions::Fibonacci<unsigned int>, Hashinator::Hashers::Hasher<unsigned int, unsigned int, Hashinator::HashFunctions::Fibonacci<unsigned int>, (unsigned int)4294967295, (unsigned int)4294967294, (int)32, (int)1>, split::split_unified_allocator<Hashinator::Info>> *, Hashinator::Hashmap<unsigned int, unsigned int, (unsigned int)4294967295, (unsigned int)4294967294, Hashinator::HashFunctions::Fibonacci<unsigned int>, Hashinator::Hashers::Hasher<unsigned int, unsigned int, Hashinator::HashFunctions::Fibonacci<unsigned int>, (unsigned int)4294967295, (unsigned int)4294967294, (int)32, (int)1>, split::split_unified_allocator<Hashinator::Info>> *, double)"
0.0,0.6411,88,0.0073,0.0072,0.0068,0.0086,0.0003, 682    1    1,  64    1    1,"update_velocity_block_content_lists_kernel(vmesh::VelocityMesh *, vmesh::VelocityBlockContainer *, Hashinator::Hashmap<unsigned int, unsigned int, (unsigned int)4294967295, (unsigned int)4294967294, Hashinator::HashFunctions::Fibonacci<unsigned int>, Hashinator::Hashers::Hasher<unsigned int, unsigned int, Hashinator::HashFunctions::Fibonacci<unsigned int>, (unsigned int)4294967295, (unsigned int)4294967294, (int)32, (int)1>, split::split_unified_allocator<Hashinator::Info>> *, Hashinator::Hashmap<unsigned int, unsigned int, (unsigned int)4294967295, (unsigned int)4294967294, Hashinator::HashFunctions::Fibonacci<unsigned int>, Hashinator::Hashers::Hasher<unsigned int, unsigned int, Hashinator::HashFunctions::Fibonacci<unsigned int>, (unsigned int)4294967295, (unsigned int)4294967294, (int)32, (int)1>, split::split_unified_allocator<Hashinator::Info>> *, double)"
0.0,0.6405,88,0.0073,0.0072,0.0066,0.0088,0.0005, 529    1    1,  64    1    1,"update_velocity_block_content_lists_kernel(vmesh::VelocityMesh *, vmesh::VelocityBlockContainer *, Hashinator::Hashmap<unsigned int, unsigned int, (unsigned int)4294967295, (unsigned int)4294967294, Hashinator::HashFunctions::Fibonacci<unsigned int>, Hashinator::Hashers::Hasher<unsigned int, unsigned int, Hashinator::HashFunctions::Fibonacci<unsigned int>, (unsigned int)4294967295, (unsigned int)4294967294, (int)32, (int)1>, split::split_unified_allocator<Hashinator::Info>> *, Hashinator::Hashmap<unsigned int, unsigned int, (unsigned int)4294967295, (unsigned int)4294967294, Hashinator::HashFunctions::Fibonacci<unsigned int>, Hashinator::Hashers::Hasher<unsigned int, unsigned int, Hashinator::HashFunctions::Fibonacci<unsigned int>, (unsigned int)4294967295, (unsigned int)4294967294, (int)32, (int)1>, split::split_unified_allocator<Hashinator::Info>> *, double)"
0.0,0.6362,86,0.0074,0.0074,0.0070,0.0080,0.0002, 913    1    1,  64    1    1,"update_velocity_block_content_lists_kernel(vmesh::VelocityMesh *, vmesh::VelocityBlockContainer *, Hashinator::Hashmap<unsigned int, unsigned int, (unsigned int)4294967295, (unsigned int)4294967294, Hashinator::HashFunctions::Fibonacci<unsigned int>, Hashinator::Hashers::Hasher<unsigned int, unsigned int, Hashinator::HashFunctions::Fibonacci<unsigned int>, (unsigned int)4294967295, (unsigned int)4294967294, (int)32, (int)1>, split::split_unified_allocator<Hashinator::Info>> *, Hashinator::Hashmap<unsigned int, unsigned int, (unsigned int)4294967295, (unsigned int)4294967294, Hashinator::HashFunctions::Fibonacci<unsigned int>, Hashinator::Hashers::Hasher<unsigned int, unsigned int, Hashinator::HashFunctions::Fibonacci<unsigned int>, (unsigned int)4294967295, (unsigned int)4294967294, (int)32, (int)1>, split::split_unified_allocator<Hashinator::Info>> *, double)"
0.0,0.6334,88,0.0072,0.0071,0.0067,0.0083,0.0004, 535    1    1,  64    1    1,"update_velocity_block_content_lists_kernel(vmesh::VelocityMesh *, vmesh::VelocityBlockContainer *, Hashinator::Hashmap<unsigned int, unsigned int, (unsigned int)4294967295, (unsigned int)4294967294, Hashinator::HashFunctions::Fibonacci<unsigned int>, Hashinator::Hashers::Hasher<unsigned int, unsigned int, Hashinator::HashFunctions::Fibonacci<unsigned int>, (unsigned int)4294967295, (unsigned int)4294967294, (int)32, (int)1>, split::split_unified_allocator<Hashinator::Info>> *, Hashinator::Hashmap<unsigned int, unsigned int, (unsigned int)4294967295, (unsigned int)4294967294, Hashinator::HashFunctions::Fibonacci<unsigned int>, Hashinator::Hashers::Hasher<unsigned int, unsigned int, Hashinator::HashFunctions::Fibonacci<unsigned int>, (unsigned int)4294967295, (unsigned int)4294967294, (int)32, (int)1>, split::split_unified_allocator<Hashinator::Info>> *, double)"
0.0,0.6260,8,0.0782,0.0778,0.0748,0.0830,0.0033, 720    1    1,  32    1    1,"void arch::reduction_kernel<(unsigned int)32, (arch::reduce_op)2, (unsigned int)4, (unsigned int)0, DRO::VariablePrecipitationDiffFlux::reduceData(const spatial_cell::SpatialCell *, char *)::[lambda(unsigned int, unsigned int, unsigned int, unsigned int, double *) (instance 1)], double>(T5, const T6 *, T6 *, const unsigned int *, unsigned int, unsigned int, T6 *)"
0.0,0.6255,88,0.0071,0.0070,0.0067,0.0090,0.0004, 499    1    1,  64    1    1,"update_velocity_block_content_lists_kernel(vmesh::VelocityMesh *, vmesh::VelocityBlockContainer *, Hashinator::Hashmap<unsigned int, unsigned int, (unsigned int)4294967295, (unsigned int)4294967294, Hashinator::HashFunctions::Fibonacci<unsigned int>, Hashinator::Hashers::Hasher<unsigned int, unsigned int, Hashinator::HashFunctions::Fibonacci<unsigned int>, (unsigned int)4294967295, (unsigned int)4294967294, (int)32, (int)1>, split::split_unified_allocator<Hashinator::Info>> *, Hashinator::Hashmap<unsigned int, unsigned int, (unsigned int)4294967295, (unsigned int)4294967294, Hashinator::HashFunctions::Fibonacci<unsigned int>, Hashinator::Hashers::Hasher<unsigned int, unsigned int, Hashinator::HashFunctions::Fibonacci<unsigned int>, (unsigned int)4294967295, (unsigned int)4294967294, (int)32, (int)1>, split::split_unified_allocator<Hashinator::Info>> *, double)"
0.0,0.6235,88,0.0071,0.0071,0.0066,0.0081,0.0003, 485    1    1,  64    1    1,"update_velocity_block_content_lists_kernel(vmesh::VelocityMesh *, vmesh::VelocityBlockContainer *, Hashinator::Hashmap<unsigned int, unsigned int, (unsigned int)4294967295, (unsigned int)4294967294, Hashinator::HashFunctions::Fibonacci<unsigned int>, Hashinator::Hashers::Hasher<unsigned int, unsigned int, Hashinator::HashFunctions::Fibonacci<unsigned int>, (unsigned int)4294967295, (unsigned int)4294967294, (int)32, (int)1>, split::split_unified_allocator<Hashinator::Info>> *, Hashinator::Hashmap<unsigned int, unsigned int, (unsigned int)4294967295, (unsigned int)4294967294, Hashinator::HashFunctions::Fibonacci<unsigned int>, Hashinator::Hashers::Hasher<unsigned int, unsigned int, Hashinator::HashFunctions::Fibonacci<unsigned int>, (unsigned int)4294967295, (unsigned int)4294967294, (int)32, (int)1>, split::split_unified_allocator<Hashinator::Info>> *, double)"
0.0,0.6235,24,0.0260,0.0080,0.0073,0.1449,0.0373, 408    1    1,  64    1    1,"update_velocity_blocks_kernel(vmesh::VelocityMesh *, vmesh::VelocityBlockContainer *, split::SplitVector<unsigned int, split::split_unified_allocator<unsigned int>> *, split::SplitVector<Hashinator::hash_pair<unsigned int, unsigned int>, split::split_unified_allocator<Hashinator::hash_pair<unsigned int, unsigned int>>> *, split::SplitVector<Hashinator::hash_pair<unsigned int, unsigned int>, split::split_unified_allocator<Hashinator::hash_pair<unsigned int, unsigned int>>> *, split::SplitVector<Hashinator::hash_pair<unsigned int, unsigned int>, split::split_unified_allocator<Hashinator::hash_pair<unsigned int, unsigned int>>> *, unsigned int, unsigned int, unsigned int, float *)"
0.0,0.6225,19,0.0328,0.0076,0.0054,0.1375,0.0425, 321    1    1,  64    1    1,"update_velocity_blocks_kernel(vmesh::VelocityMesh *, vmesh::VelocityBlockContainer *, split::SplitVector<unsigned int, split::split_unified_allocator<unsigned int>> *, split::SplitVector<Hashinator::hash_pair<unsigned int, unsigned int>, split::split_unified_allocator<Hashinator::hash_pair<unsigned int, unsigned int>>> *, split::SplitVector<Hashinator::hash_pair<unsigned int, unsigned int>, split::split_unified_allocator<Hashinator::hash_pair<unsigned int, unsigned int>>> *, split::SplitVector<Hashinator::hash_pair<unsigned int, unsigned int>, split::split_unified_allocator<Hashinator::hash_pair<unsigned int, unsigned int>>> *, unsigned int, unsigned int, unsigned int, float *)"
0.0,0.6206,14,0.0443,0.0072,0.0051,0.2271,0.0760, 200    1    1,  64    1    1,"update_velocity_blocks_kernel(vmesh::VelocityMesh *, vmesh::VelocityBlockContainer *, split::SplitVector<unsigned int, split::split_unified_allocator<unsigned int>> *, split::SplitVector<Hashinator::hash_pair<unsigned int, unsigned int>, split::split_unified_allocator<Hashinator::hash_pair<unsigned int, unsigned int>>> *, split::SplitVector<Hashinator::hash_pair<unsigned int, unsigned int>, split::split_unified_allocator<Hashinator::hash_pair<unsigned int, unsigned int>>> *, split::SplitVector<Hashinator::hash_pair<unsigned int, unsigned int>, split::split_unified_allocator<Hashinator::hash_pair<unsigned int, unsigned int>>> *, unsigned int, unsigned int, unsigned int, float *)"
0.0,0.6185,84,0.0074,0.0073,0.0068,0.0091,0.0004, 818    1    1,  64    1    1,"update_velocity_block_content_lists_kernel(vmesh::VelocityMesh *, vmesh::VelocityBlockContainer *, Hashinator::Hashmap<unsigned int, unsigned int, (unsigned int)4294967295, (unsigned int)4294967294, Hashinator::HashFunctions::Fibonacci<unsigned int>, Hashinator::Hashers::Hasher<unsigned int, unsigned int, Hashinator::HashFunctions::Fibonacci<unsigned int>, (unsigned int)4294967295, (unsigned int)4294967294, (int)32, (int)1>, split::split_unified_allocator<Hashinator::Info>> *, Hashinator::Hashmap<unsigned int, unsigned int, (unsigned int)4294967295, (unsigned int)4294967294, Hashinator::HashFunctions::Fibonacci<unsigned int>, Hashinator::Hashers::Hasher<unsigned int, unsigned int, Hashinator::HashFunctions::Fibonacci<unsigned int>, (unsigned int)4294967295, (unsigned int)4294967294, (int)32, (int)1>, split::split_unified_allocator<Hashinator::Info>> *, double)"
0.0,0.6170,88,0.0070,0.0069,0.0065,0.0087,0.0004, 435    1    1,  64    1    1,"update_velocity_block_content_lists_kernel(vmesh::VelocityMesh *, vmesh::VelocityBlockContainer *, Hashinator::Hashmap<unsigned int, unsigned int, (unsigned int)4294967295, (unsigned int)4294967294, Hashinator::HashFunctions::Fibonacci<unsigned int>, Hashinator::Hashers::Hasher<unsigned int, unsigned int, Hashinator::HashFunctions::Fibonacci<unsigned int>, (unsigned int)4294967295, (unsigned int)4294967294, (int)32, (int)1>, split::split_unified_allocator<Hashinator::Info>> *, Hashinator::Hashmap<unsigned int, unsigned int, (unsigned int)4294967295, (unsigned int)4294967294, Hashinator::HashFunctions::Fibonacci<unsigned int>, Hashinator::Hashers::Hasher<unsigned int, unsigned int, Hashinator::HashFunctions::Fibonacci<unsigned int>, (unsigned int)4294967295, (unsigned int)4294967294, (int)32, (int)1>, split::split_unified_allocator<Hashinator::Info>> *, double)"
0.0,0.6127,86,0.0071,0.0070,0.0066,0.0085,0.0004, 491    1    1,  64    1    1,"update_velocity_block_content_lists_kernel(vmesh::VelocityMesh *, vmesh::VelocityBlockContainer *, Hashinator::Hashmap<unsigned int, unsigned int, (unsigned int)4294967295, (unsigned int)4294967294, Hashinator::HashFunctions::Fibonacci<unsigned int>, Hashinator::Hashers::Hasher<unsigned int, unsigned int, Hashinator::HashFunctions::Fibonacci<unsigned int>, (unsigned int)4294967295, (unsigned int)4294967294, (int)32, (int)1>, split::split_unified_allocator<Hashinator::Info>> *, Hashinator::Hashmap<unsigned int, unsigned int, (unsigned int)4294967295, (unsigned int)4294967294, Hashinator::HashFunctions::Fibonacci<unsigned int>, Hashinator::Hashers::Hasher<unsigned int, unsigned int, Hashinator::HashFunctions::Fibonacci<unsigned int>, (unsigned int)4294967295, (unsigned int)4294967294, (int)32, (int)1>, split::split_unified_allocator<Hashinator::Info>> *, double)"
0.0,0.6112,12,0.0509,0.0214,0.0161,0.1374,0.0468, 223    1    1,1024    1    1,"update_neighbour_halo_kernel(vmesh::VelocityMesh *, unsigned int, unsigned int **, unsigned int *, Hashinator::Hashmap<unsigned int, unsigned int, (unsigned int)4294967295, (unsigned int)4294967294, Hashinator::HashFunctions::Fibonacci<unsigned int>, Hashinator::Hashers::Hasher<unsigned int, unsigned int, Hashinator::HashFunctions::Fibonacci<unsigned int>, (unsigned int)4294967295, (unsigned int)4294967294, (int)32, (int)1>, split::split_unified_allocator<Hashinator::Info>> *, Hashinator::Hashmap<unsigned int, unsigned int, (unsigned int)4294967295, (unsigned int)4294967294, Hashinator::HashFunctions::Fibonacci<unsigned int>, Hashinator::Hashers::Hasher<unsigned int, unsigned int, Hashinator::HashFunctions::Fibonacci<unsigned int>, (unsigned int)4294967295, (unsigned int)4294967294, (int)32, (int)1>, split::split_unified_allocator<Hashinator::Info>> *)"
0.0,0.6043,22,0.0275,0.0095,0.0080,0.1827,0.0444,  83    1    1, 832    1    1,"update_velocity_halo_kernel(vmesh::VelocityMesh *, unsigned int, unsigned int *, Hashinator::Hashmap<unsigned int, unsigned int, (unsigned int)4294967295, (unsigned int)4294967294, Hashinator::HashFunctions::Fibonacci<unsigned int>, Hashinator::Hashers::Hasher<unsigned int, unsigned int, Hashinator::HashFunctions::Fibonacci<unsigned int>, (unsigned int)4294967295, (unsigned int)4294967294, (int)32, (int)1>, split::split_unified_allocator<Hashinator::Info>> *, Hashinator::Hashmap<unsigned int, unsigned int, (unsigned int)4294967295, (unsigned int)4294967294, Hashinator::HashFunctions::Fibonacci<unsigned int>, Hashinator::Hashers::Hasher<unsigned int, unsigned int, Hashinator::HashFunctions::Fibonacci<unsigned int>, (unsigned int)4294967295, (unsigned int)4294967294, (int)32, (int)1>, split::split_unified_allocator<Hashinator::Info>> *)"
0.0,0.6023,85,0.0071,0.0069,0.0065,0.0084,0.0004, 443    1    1,  64    1    1,"update_velocity_block_content_lists_kernel(vmesh::VelocityMesh *, vmesh::VelocityBlockContainer *, Hashinator::Hashmap<unsigned int, unsigned int, (unsigned int)4294967295, (unsigned int)4294967294, Hashinator::HashFunctions::Fibonacci<unsigned int>, Hashinator::Hashers::Hasher<unsigned int, unsigned int, Hashinator::HashFunctions::Fibonacci<unsigned int>, (unsigned int)4294967295, (unsigned int)4294967294, (int)32, (int)1>, split::split_unified_allocator<Hashinator::Info>> *, Hashinator::Hashmap<unsigned int, unsigned int, (unsigned int)4294967295, (unsigned int)4294967294, Hashinator::HashFunctions::Fibonacci<unsigned int>, Hashinator::Hashers::Hasher<unsigned int, unsigned int, Hashinator::HashFunctions::Fibonacci<unsigned int>, (unsigned int)4294967295, (unsigned int)4294967294, (int)32, (int)1>, split::split_unified_allocator<Hashinator::Info>> *, double)"
0.0,0.6019,82,0.0073,0.0073,0.0068,0.0089,0.0004, 681    1    1,  64    1    1,"update_velocity_block_content_lists_kernel(vmesh::VelocityMesh *, vmesh::VelocityBlockContainer *, Hashinator::Hashmap<unsigned int, unsigned int, (unsigned int)4294967295, (unsigned int)4294967294, Hashinator::HashFunctions::Fibonacci<unsigned int>, Hashinator::Hashers::Hasher<unsigned int, unsigned int, Hashinator::HashFunctions::Fibonacci<unsigned int>, (unsigned int)4294967295, (unsigned int)4294967294, (int)32, (int)1>, split::split_unified_allocator<Hashinator::Info>> *, Hashinator::Hashmap<unsigned int, unsigned int, (unsigned int)4294967295, (unsigned int)4294967294, Hashinator::HashFunctions::Fibonacci<unsigned int>, Hashinator::Hashers::Hasher<unsigned int, unsigned int, Hashinator::HashFunctions::Fibonacci<unsigned int>, (unsigned int)4294967295, (unsigned int)4294967294, (int)32, (int)1>, split::split_unified_allocator<Hashinator::Info>> *, double)"
0.0,0.5992,24,0.0250,0.0106,0.0086,0.0822,0.0264,  97    1    1, 832    1    1,"update_velocity_halo_kernel(vmesh::VelocityMesh *, unsigned int, unsigned int *, Hashinator::Hashmap<unsigned int, unsigned int, (unsigned int)4294967295, (unsigned int)4294967294, Hashinator::HashFunctions::Fibonacci<unsigned int>, Hashinator::Hashers::Hasher<unsigned int, unsigned int, Hashinator::HashFunctions::Fibonacci<unsigned int>, (unsigned int)4294967295, (unsigned int)4294967294, (int)32, (int)1>, split::split_unified_allocator<Hashinator::Info>> *, Hashinator::Hashmap<unsigned int, unsigned int, (unsigned int)4294967295, (unsigned int)4294967294, Hashinator::HashFunctions::Fibonacci<unsigned int>, Hashinator::Hashers::Hasher<unsigned int, unsigned int, Hashinator::HashFunctions::Fibonacci<unsigned int>, (unsigned int)4294967295, (unsigned int)4294967294, (int)32, (int)1>, split::split_unified_allocator<Hashinator::Info>> *)"
0.0,0.5974,82,0.0073,0.0071,0.0067,0.0100,0.0005, 551    1    1,  64    1    1,"update_velocity_block_content_lists_kernel(vmesh::VelocityMesh *, vmesh::VelocityBlockContainer *, Hashinator::Hashmap<unsigned int, unsigned int, (unsigned int)4294967295, (unsigned int)4294967294, Hashinator::HashFunctions::Fibonacci<unsigned int>, Hashinator::Hashers::Hasher<unsigned int, unsigned int, Hashinator::HashFunctions::Fibonacci<unsigned int>, (unsigned int)4294967295, (unsigned int)4294967294, (int)32, (int)1>, split::split_unified_allocator<Hashinator::Info>> *, Hashinator::Hashmap<unsigned int, unsigned int, (unsigned int)4294967295, (unsigned int)4294967294, Hashinator::HashFunctions::Fibonacci<unsigned int>, Hashinator::Hashers::Hasher<unsigned int, unsigned int, Hashinator::HashFunctions::Fibonacci<unsigned int>, (unsigned int)4294967295, (unsigned int)4294967294, (int)32, (int)1>, split::split_unified_allocator<Hashinator::Info>> *, double)"
0.0,0.5955,24,0.0248,0.0086,0.0069,0.1271,0.0310, 808    1    1,  64    1    1,"update_velocity_blocks_kernel(vmesh::VelocityMesh *, vmesh::VelocityBlockContainer *, split::SplitVector<unsigned int, split::split_unified_allocator<unsigned int>> *, split::SplitVector<Hashinator::hash_pair<unsigned int, unsigned int>, split::split_unified_allocator<Hashinator::hash_pair<unsigned int, unsigned int>>> *, split::SplitVector<Hashinator::hash_pair<unsigned int, unsigned int>, split::split_unified_allocator<Hashinator::hash_pair<unsigned int, unsigned int>>> *, split::SplitVector<Hashinator::hash_pair<unsigned int, unsigned int>, split::split_unified_allocator<Hashinator::hash_pair<unsigned int, unsigned int>>> *, unsigned int, unsigned int, unsigned int, float *)"
0.0,0.5920,84,0.0070,0.0069,0.0065,0.0100,0.0005, 436    1    1,  64    1    1,"update_velocity_block_content_lists_kernel(vmesh::VelocityMesh *, vmesh::VelocityBlockContainer *, Hashinator::Hashmap<unsigned int, unsigned int, (unsigned int)4294967295, (unsigned int)4294967294, Hashinator::HashFunctions::Fibonacci<unsigned int>, Hashinator::Hashers::Hasher<unsigned int, unsigned int, Hashinator::HashFunctions::Fibonacci<unsigned int>, (unsigned int)4294967295, (unsigned int)4294967294, (int)32, (int)1>, split::split_unified_allocator<Hashinator::Info>> *, Hashinator::Hashmap<unsigned int, unsigned int, (unsigned int)4294967295, (unsigned int)4294967294, Hashinator::HashFunctions::Fibonacci<unsigned int>, Hashinator::Hashers::Hasher<unsigned int, unsigned int, Hashinator::HashFunctions::Fibonacci<unsigned int>, (unsigned int)4294967295, (unsigned int)4294967294, (int)32, (int)1>, split::split_unified_allocator<Hashinator::Info>> *, double)"
0.0,0.5899,48,0.0123,0.0048,0.0045,0.1095,0.0237,  78    1    1, 512    1    1,"void arch::reduction_kernel<(unsigned int)512, (arch::reduce_op)2, (unsigned int)4, (unsigned int)4, void blockVelocityFirstMoments<double, (unsigned int)4>(vmesh::VelocityBlockContainer *, T1 (&)[T2], unsigned int)::[lambda(unsigned int, unsigned int, unsigned int, unsigned int, double *) (instance 1)], double>(T5, const T6 *, T6 *, const unsigned int *, unsigned int, unsigned int, T6 *)"
0.0,0.5751,80,0.0072,0.0071,0.0067,0.0088,0.0003, 586    1    1,  64    1    1,"update_velocity_block_content_lists_kernel(vmesh::VelocityMesh *, vmesh::VelocityBlockContainer *, Hashinator::Hashmap<unsigned int, unsigned int, (unsigned int)4294967295, (unsigned int)4294967294, Hashinator::HashFunctions::Fibonacci<unsigned int>, Hashinator::Hashers::Hasher<unsigned int, unsigned int, Hashinator::HashFunctions::Fibonacci<unsigned int>, (unsigned int)4294967295, (unsigned int)4294967294, (int)32, (int)1>, split::split_unified_allocator<Hashinator::Info>> *, Hashinator::Hashmap<unsigned int, unsigned int, (unsigned int)4294967295, (unsigned int)4294967294, Hashinator::HashFunctions::Fibonacci<unsigned int>, Hashinator::Hashers::Hasher<unsigned int, unsigned int, Hashinator::HashFunctions::Fibonacci<unsigned int>, (unsigned int)4294967295, (unsigned int)4294967294, (int)32, (int)1>, split::split_unified_allocator<Hashinator::Info>> *, double)"
0.0,0.5694,14,0.0407,0.0105,0.0087,0.1882,0.0499, 138    1    1, 832    1    1,"update_velocity_halo_kernel(vmesh::VelocityMesh *, unsigned int, unsigned int *, Hashinator::Hashmap<unsigned int, unsigned int, (unsigned int)4294967295, (unsigned int)4294967294, Hashinator::HashFunctions::Fibonacci<unsigned int>, Hashinator::Hashers::Hasher<unsigned int, unsigned int, Hashinator::HashFunctions::Fibonacci<unsigned int>, (unsigned int)4294967295, (unsigned int)4294967294, (int)32, (int)1>, split::split_unified_allocator<Hashinator::Info>> *, Hashinator::Hashmap<unsigned int, unsigned int, (unsigned int)4294967295, (unsigned int)4294967294, Hashinator::HashFunctions::Fibonacci<unsigned int>, Hashinator::Hashers::Hasher<unsigned int, unsigned int, Hashinator::HashFunctions::Fibonacci<unsigned int>, (unsigned int)4294967295, (unsigned int)4294967294, (int)32, (int)1>, split::split_unified_allocator<Hashinator::Info>> *)"
0.0,0.5642,20,0.0282,0.0101,0.0084,0.1532,0.0400, 124    1    1, 832    1    1,"update_velocity_halo_kernel(vmesh::VelocityMesh *, unsigned int, unsigned int *, Hashinator::Hashmap<unsigned int, unsigned int, (unsigned int)4294967295, (unsigned int)4294967294, Hashinator::HashFunctions::Fibonacci<unsigned int>, Hashinator::Hashers::Hasher<unsigned int, unsigned int, Hashinator::HashFunctions::Fibonacci<unsigned int>, (unsigned int)4294967295, (unsigned int)4294967294, (int)32, (int)1>, split::split_unified_allocator<Hashinator::Info>> *, Hashinator::Hashmap<unsigned int, unsigned int, (unsigned int)4294967295, (unsigned int)4294967294, Hashinator::HashFunctions::Fibonacci<unsigned int>, Hashinator::Hashers::Hasher<unsigned int, unsigned int, Hashinator::HashFunctions::Fibonacci<unsigned int>, (unsigned int)4294967295, (unsigned int)4294967294, (int)32, (int)1>, split::split_unified_allocator<Hashinator::Info>> *)"
0.0,0.5625,76,0.0074,0.0073,0.0068,0.0086,0.0004, 782    1    1,  64    1    1,"update_velocity_block_content_lists_kernel(vmesh::VelocityMesh *, vmesh::VelocityBlockContainer *, Hashinator::Hashmap<unsigned int, unsigned int, (unsigned int)4294967295, (unsigned int)4294967294, Hashinator::HashFunctions::Fibonacci<unsigned int>, Hashinator::Hashers::Hasher<unsigned int, unsigned int, Hashinator::HashFunctions::Fibonacci<unsigned int>, (unsigned int)4294967295, (unsigned int)4294967294, (int)32, (int)1>, split::split_unified_allocator<Hashinator::Info>> *, Hashinator::Hashmap<unsigned int, unsigned int, (unsigned int)4294967295, (unsigned int)4294967294, Hashinator::HashFunctions::Fibonacci<unsigned int>, Hashinator::Hashers::Hasher<unsigned int, unsigned int, Hashinator::HashFunctions::Fibonacci<unsigned int>, (unsigned int)4294967295, (unsigned int)4294967294, (int)32, (int)1>, split::split_unified_allocator<Hashinator::Info>> *, double)"
0.0,0.5625,79,0.0071,0.0071,0.0066,0.0092,0.0004, 495    1    1,  64    1    1,"update_velocity_block_content_lists_kernel(vmesh::VelocityMesh *, vmesh::VelocityBlockContainer *, Hashinator::Hashmap<unsigned int, unsigned int, (unsigned int)4294967295, (unsigned int)4294967294, Hashinator::HashFunctions::Fibonacci<unsigned int>, Hashinator::Hashers::Hasher<unsigned int, unsigned int, Hashinator::HashFunctions::Fibonacci<unsigned int>, (unsigned int)4294967295, (unsigned int)4294967294, (int)32, (int)1>, split::split_unified_allocator<Hashinator::Info>> *, Hashinator::Hashmap<unsigned int, unsigned int, (unsigned int)4294967295, (unsigned int)4294967294, Hashinator::HashFunctions::Fibonacci<unsigned int>, Hashinator::Hashers::Hasher<unsigned int, unsigned int, Hashinator::HashFunctions::Fibonacci<unsigned int>, (unsigned int)4294967295, (unsigned int)4294967294, (int)32, (int)1>, split::split_unified_allocator<Hashinator::Info>> *, double)"
0.0,0.5604,20,0.0280,0.0098,0.0068,0.2320,0.0517,  83    1    1,1024    1    1,"update_neighbour_halo_kernel(vmesh::VelocityMesh *, unsigned int, unsigned int **, unsigned int *, Hashinator::Hashmap<unsigned int, unsigned int, (unsigned int)4294967295, (unsigned int)4294967294, Hashinator::HashFunctions::Fibonacci<unsigned int>, Hashinator::Hashers::Hasher<unsigned int, unsigned int, Hashinator::HashFunctions::Fibonacci<unsigned int>, (unsigned int)4294967295, (unsigned int)4294967294, (int)32, (int)1>, split::split_unified_allocator<Hashinator::Info>> *, Hashinator::Hashmap<unsigned int, unsigned int, (unsigned int)4294967295, (unsigned int)4294967294, Hashinator::HashFunctions::Fibonacci<unsigned int>, Hashinator::Hashers::Hasher<unsigned int, unsigned int, Hashinator::HashFunctions::Fibonacci<unsigned int>, (unsigned int)4294967295, (unsigned int)4294967294, (int)32, (int)1>, split::split_unified_allocator<Hashinator::Info>> *)"
0.0,0.5505,12,0.0459,0.0104,0.0082,0.2972,0.0822,  86    1    1, 832    1    1,"update_velocity_halo_kernel(vmesh::VelocityMesh *, unsigned int, unsigned int *, Hashinator::Hashmap<unsigned int, unsigned int, (unsigned int)4294967295, (unsigned int)4294967294, Hashinator::HashFunctions::Fibonacci<unsigned int>, Hashinator::Hashers::Hasher<unsigned int, unsigned int, Hashinator::HashFunctions::Fibonacci<unsigned int>, (unsigned int)4294967295, (unsigned int)4294967294, (int)32, (int)1>, split::split_unified_allocator<Hashinator::Info>> *, Hashinator::Hashmap<unsigned int, unsigned int, (unsigned int)4294967295, (unsigned int)4294967294, Hashinator::HashFunctions::Fibonacci<unsigned int>, Hashinator::Hashers::Hasher<unsigned int, unsigned int, Hashinator::HashFunctions::Fibonacci<unsigned int>, (unsigned int)4294967295, (unsigned int)4294967294, (int)32, (int)1>, split::split_unified_allocator<Hashinator::Info>> *)"
0.0,0.5504,24,0.0229,0.0086,0.0076,0.0742,0.0250, 496    1    1,  64    1    1,"update_velocity_blocks_kernel(vmesh::VelocityMesh *, vmesh::VelocityBlockContainer *, split::SplitVector<unsigned int, split::split_unified_allocator<unsigned int>> *, split::SplitVector<Hashinator::hash_pair<unsigned int, unsigned int>, split::split_unified_allocator<Hashinator::hash_pair<unsigned int, unsigned int>>> *, split::SplitVector<Hashinator::hash_pair<unsigned int, unsigned int>, split::split_unified_allocator<Hashinator::hash_pair<unsigned int, unsigned int>>> *, split::SplitVector<Hashinator::hash_pair<unsigned int, unsigned int>, split::split_unified_allocator<Hashinator::hash_pair<unsigned int, unsigned int>>> *, unsigned int, unsigned int, unsigned int, float *)"
0.0,0.5276,8,0.0660,0.0537,0.0232,0.1697,0.0497, 284    1    1,1024    1    1,"update_neighbour_halo_kernel(vmesh::VelocityMesh *, unsigned int, unsigned int **, unsigned int *, Hashinator::Hashmap<unsigned int, unsigned int, (unsigned int)4294967295, (unsigned int)4294967294, Hashinator::HashFunctions::Fibonacci<unsigned int>, Hashinator::Hashers::Hasher<unsigned int, unsigned int, Hashinator::HashFunctions::Fibonacci<unsigned int>, (unsigned int)4294967295, (unsigned int)4294967294, (int)32, (int)1>, split::split_unified_allocator<Hashinator::Info>> *, Hashinator::Hashmap<unsigned int, unsigned int, (unsigned int)4294967295, (unsigned int)4294967294, Hashinator::HashFunctions::Fibonacci<unsigned int>, Hashinator::Hashers::Hasher<unsigned int, unsigned int, Hashinator::HashFunctions::Fibonacci<unsigned int>, (unsigned int)4294967295, (unsigned int)4294967294, (int)32, (int)1>, split::split_unified_allocator<Hashinator::Info>> *)"
0.0,0.5255,8,0.0657,0.0568,0.0067,0.2095,0.0634, 341    1    1,  64    1    1,"update_velocity_blocks_kernel(vmesh::VelocityMesh *, vmesh::VelocityBlockContainer *, split::SplitVector<unsigned int, split::split_unified_allocator<unsigned int>> *, split::SplitVector<Hashinator::hash_pair<unsigned int, unsigned int>, split::split_unified_allocator<Hashinator::hash_pair<unsigned int, unsigned int>>> *, split::SplitVector<Hashinator::hash_pair<unsigned int, unsigned int>, split::split_unified_allocator<Hashinator::hash_pair<unsigned int, unsigned int>>> *, split::SplitVector<Hashinator::hash_pair<unsigned int, unsigned int>, split::split_unified_allocator<Hashinator::hash_pair<unsigned int, unsigned int>>> *, unsigned int, unsigned int, unsigned int, float *)"
0.0,0.5204,10,0.0520,0.0600,0.0059,0.0946,0.0344, 152    1    1,  64    1    1,"update_velocity_blocks_kernel(vmesh::VelocityMesh *, vmesh::VelocityBlockContainer *, split::SplitVector<unsigned int, split::split_unified_allocator<unsigned int>> *, split::SplitVector<Hashinator::hash_pair<unsigned int, unsigned int>, split::split_unified_allocator<Hashinator::hash_pair<unsigned int, unsigned int>>> *, split::SplitVector<Hashinator::hash_pair<unsigned int, unsigned int>, split::split_unified_allocator<Hashinator::hash_pair<unsigned int, unsigned int>>> *, split::SplitVector<Hashinator::hash_pair<unsigned int, unsigned int>, split::split_unified_allocator<Hashinator::hash_pair<unsigned int, unsigned int>>> *, unsigned int, unsigned int, unsigned int, float *)"
0.0,0.5175,73,0.0071,0.0070,0.0065,0.0087,0.0004, 459    1    1,  64    1    1,"update_velocity_block_content_lists_kernel(vmesh::VelocityMesh *, vmesh::VelocityBlockContainer *, Hashinator::Hashmap<unsigned int, unsigned int, (unsigned int)4294967295, (unsigned int)4294967294, Hashinator::HashFunctions::Fibonacci<unsigned int>, Hashinator::Hashers::Hasher<unsigned int, unsigned int, Hashinator::HashFunctions::Fibonacci<unsigned int>, (unsigned int)4294967295, (unsigned int)4294967294, (int)32, (int)1>, split::split_unified_allocator<Hashinator::Info>> *, Hashinator::Hashmap<unsigned int, unsigned int, (unsigned int)4294967295, (unsigned int)4294967294, Hashinator::HashFunctions::Fibonacci<unsigned int>, Hashinator::Hashers::Hasher<unsigned int, unsigned int, Hashinator::HashFunctions::Fibonacci<unsigned int>, (unsigned int)4294967295, (unsigned int)4294967294, (int)32, (int)1>, split::split_unified_allocator<Hashinator::Info>> *, double)"
0.0,0.5153,70,0.0074,0.0073,0.0069,0.0089,0.0003, 748    1    1,  64    1    1,"update_velocity_block_content_lists_kernel(vmesh::VelocityMesh *, vmesh::VelocityBlockContainer *, Hashinator::Hashmap<unsigned int, unsigned int, (unsigned int)4294967295, (unsigned int)4294967294, Hashinator::HashFunctions::Fibonacci<unsigned int>, Hashinator::Hashers::Hasher<unsigned int, unsigned int, Hashinator::HashFunctions::Fibonacci<unsigned int>, (unsigned int)4294967295, (unsigned int)4294967294, (int)32, (int)1>, split::split_unified_allocator<Hashinator::Info>> *, Hashinator::Hashmap<unsigned int, unsigned int, (unsigned int)4294967295, (unsigned int)4294967294, Hashinator::HashFunctions::Fibonacci<unsigned int>, Hashinator::Hashers::Hasher<unsigned int, unsigned int, Hashinator::HashFunctions::Fibonacci<unsigned int>, (unsigned int)4294967295, (unsigned int)4294967294, (int)32, (int)1>, split::split_unified_allocator<Hashinator::Info>> *, double)"
0.0,0.5107,15,0.0340,0.0070,0.0059,0.2091,0.0566, 256    1    1,  64    1    1,"update_velocity_blocks_kernel(vmesh::VelocityMesh *, vmesh::VelocityBlockContainer *, split::SplitVector<unsigned int, split::split_unified_allocator<unsigned int>> *, split::SplitVector<Hashinator::hash_pair<unsigned int, unsigned int>, split::split_unified_allocator<Hashinator::hash_pair<unsigned int, unsigned int>>> *, split::SplitVector<Hashinator::hash_pair<unsigned int, unsigned int>, split::split_unified_allocator<Hashinator::hash_pair<unsigned int, unsigned int>>> *, split::SplitVector<Hashinator::hash_pair<unsigned int, unsigned int>, split::split_unified_allocator<Hashinator::hash_pair<unsigned int, unsigned int>>> *, unsigned int, unsigned int, unsigned int, float *)"
0.0,0.5097,69,0.0074,0.0073,0.0068,0.0094,0.0004, 755    1    1,  64    1    1,"update_velocity_block_content_lists_kernel(vmesh::VelocityMesh *, vmesh::VelocityBlockContainer *, Hashinator::Hashmap<unsigned int, unsigned int, (unsigned int)4294967295, (unsigned int)4294967294, Hashinator::HashFunctions::Fibonacci<unsigned int>, Hashinator::Hashers::Hasher<unsigned int, unsigned int, Hashinator::HashFunctions::Fibonacci<unsigned int>, (unsigned int)4294967295, (unsigned int)4294967294, (int)32, (int)1>, split::split_unified_allocator<Hashinator::Info>> *, Hashinator::Hashmap<unsigned int, unsigned int, (unsigned int)4294967295, (unsigned int)4294967294, Hashinator::HashFunctions::Fibonacci<unsigned int>, Hashinator::Hashers::Hasher<unsigned int, unsigned int, Hashinator::HashFunctions::Fibonacci<unsigned int>, (unsigned int)4294967295, (unsigned int)4294967294, (int)32, (int)1>, split::split_unified_allocator<Hashinator::Info>> *, double)"
0.0,0.5064,68,0.0074,0.0072,0.0069,0.0092,0.0005, 713    1    1,  64    1    1,"update_velocity_block_content_lists_kernel(vmesh::VelocityMesh *, vmesh::VelocityBlockContainer *, Hashinator::Hashmap<unsigned int, unsigned int, (unsigned int)4294967295, (unsigned int)4294967294, Hashinator::HashFunctions::Fibonacci<unsigned int>, Hashinator::Hashers::Hasher<unsigned int, unsigned int, Hashinator::HashFunctions::Fibonacci<unsigned int>, (unsigned int)4294967295, (unsigned int)4294967294, (int)32, (int)1>, split::split_unified_allocator<Hashinator::Info>> *, Hashinator::Hashmap<unsigned int, unsigned int, (unsigned int)4294967295, (unsigned int)4294967294, Hashinator::HashFunctions::Fibonacci<unsigned int>, Hashinator::Hashers::Hasher<unsigned int, unsigned int, Hashinator::HashFunctions::Fibonacci<unsigned int>, (unsigned int)4294967295, (unsigned int)4294967294, (int)32, (int)1>, split::split_unified_allocator<Hashinator::Info>> *, double)"
0.0,0.5061,73,0.0069,0.0069,0.0064,0.0081,0.0003, 406    1    1,  64    1    1,"update_velocity_block_content_lists_kernel(vmesh::VelocityMesh *, vmesh::VelocityBlockContainer *, Hashinator::Hashmap<unsigned int, unsigned int, (unsigned int)4294967295, (unsigned int)4294967294, Hashinator::HashFunctions::Fibonacci<unsigned int>, Hashinator::Hashers::Hasher<unsigned int, unsigned int, Hashinator::HashFunctions::Fibonacci<unsigned int>, (unsigned int)4294967295, (unsigned int)4294967294, (int)32, (int)1>, split::split_unified_allocator<Hashinator::Info>> *, Hashinator::Hashmap<unsigned int, unsigned int, (unsigned int)4294967295, (unsigned int)4294967294, Hashinator::HashFunctions::Fibonacci<unsigned int>, Hashinator::Hashers::Hasher<unsigned int, unsigned int, Hashinator::HashFunctions::Fibonacci<unsigned int>, (unsigned int)4294967295, (unsigned int)4294967294, (int)32, (int)1>, split::split_unified_allocator<Hashinator::Info>> *, double)"
0.0,0.5024,4,0.1256,0.1135,0.0231,0.2523,0.1144, 286    1    1,1024    1    1,"update_neighbour_halo_kernel(vmesh::VelocityMesh *, unsigned int, unsigned int **, unsigned int *, Hashinator::Hashmap<unsigned int, unsigned int, (unsigned int)4294967295, (unsigned int)4294967294, Hashinator::HashFunctions::Fibonacci<unsigned int>, Hashinator::Hashers::Hasher<unsigned int, unsigned int, Hashinator::HashFunctions::Fibonacci<unsigned int>, (unsigned int)4294967295, (unsigned int)4294967294, (int)32, (int)1>, split::split_unified_allocator<Hashinator::Info>> *, Hashinator::Hashmap<unsigned int, unsigned int, (unsigned int)4294967295, (unsigned int)4294967294, Hashinator::HashFunctions::Fibonacci<unsigned int>, Hashinator::Hashers::Hasher<unsigned int, unsigned int, Hashinator::HashFunctions::Fibonacci<unsigned int>, (unsigned int)4294967295, (unsigned int)4294967294, (int)32, (int)1>, split::split_unified_allocator<Hashinator::Info>> *)"
0.0,0.4896,20,0.0245,0.0106,0.0090,0.1375,0.0333, 147    1    1,1024    1    1,"update_neighbour_halo_kernel(vmesh::VelocityMesh *, unsigned int, unsigned int **, unsigned int *, Hashinator::Hashmap<unsigned int, unsigned int, (unsigned int)4294967295, (unsigned int)4294967294, Hashinator::HashFunctions::Fibonacci<unsigned int>, Hashinator::Hashers::Hasher<unsigned int, unsigned int, Hashinator::HashFunctions::Fibonacci<unsigned int>, (unsigned int)4294967295, (unsigned int)4294967294, (int)32, (int)1>, split::split_unified_allocator<Hashinator::Info>> *, Hashinator::Hashmap<unsigned int, unsigned int, (unsigned int)4294967295, (unsigned int)4294967294, Hashinator::HashFunctions::Fibonacci<unsigned int>, Hashinator::Hashers::Hasher<unsigned int, unsigned int, Hashinator::HashFunctions::Fibonacci<unsigned int>, (unsigned int)4294967295, (unsigned int)4294967294, (int)32, (int)1>, split::split_unified_allocator<Hashinator::Info>> *)"
0.0,0.4893,8,0.0612,0.0553,0.0476,0.1035,0.0181,  74    1    1, 512    1    1,"void arch::reduction_kernel<(unsigned int)512, (arch::reduce_op)2, (unsigned int)4, (unsigned int)3, DRO::VariableEnergyDensity::reduceData(const spatial_cell::SpatialCell *, char *)::[lambda(unsigned int, unsigned int, unsigned int, unsigned int, double *) (instance 1)], double>(T5, const T6 *, T6 *, const unsigned int *, unsigned int, unsigned int, T6 *)"
0.0,0.4840,24,0.0202,0.0041,0.0039,0.3051,0.0630,  85    1    1, 512    1    1,"void arch::reduction_kernel<(unsigned int)512, (arch::reduce_op)2, (unsigned int)4, (unsigned int)3, void blockVelocitySecondMoments<double, (unsigned int)3>(vmesh::VelocityBlockContainer *, T1, T1, T1, T1 (&)[T2], unsigned int)::[lambda(unsigned int, unsigned int, unsigned int, unsigned int, double *) (instance 1)], double>(T5, const T6 *, T6 *, const unsigned int *, unsigned int, unsigned int, T6 *)"
0.0,0.4835,48,0.0101,0.0041,0.0039,0.2347,0.0338,  73    1    1, 512    1    1,"void arch::reduction_kernel<(unsigned int)512, (arch::reduce_op)2, (unsigned int)4, (unsigned int)3, void blockVelocitySecondMoments<double, (unsigned int)3>(vmesh::VelocityBlockContainer *, T1, T1, T1, T1 (&)[T2], unsigned int)::[lambda(unsigned int, unsigned int, unsigned int, unsigned int, double *) (instance 1)], double>(T5, const T6 *, T6 *, const unsigned int *, unsigned int, unsigned int, T6 *)"
0.0,0.4834,10,0.0483,0.0104,0.0089,0.1938,0.0645,  81    1    1, 832    1    1,"update_velocity_halo_kernel(vmesh::VelocityMesh *, unsigned int, unsigned int *, Hashinator::Hashmap<unsigned int, unsigned int, (unsigned int)4294967295, (unsigned int)4294967294, Hashinator::HashFunctions::Fibonacci<unsigned int>, Hashinator::Hashers::Hasher<unsigned int, unsigned int, Hashinator::HashFunctions::Fibonacci<unsigned int>, (unsigned int)4294967295, (unsigned int)4294967294, (int)32, (int)1>, split::split_unified_allocator<Hashinator::Info>> *, Hashinator::Hashmap<unsigned int, unsigned int, (unsigned int)4294967295, (unsigned int)4294967294, Hashinator::HashFunctions::Fibonacci<unsigned int>, Hashinator::Hashers::Hasher<unsigned int, unsigned int, Hashinator::HashFunctions::Fibonacci<unsigned int>, (unsigned int)4294967295, (unsigned int)4294967294, (int)32, (int)1>, split::split_unified_allocator<Hashinator::Info>> *)"
0.0,0.4782,64,0.0075,0.0074,0.0069,0.0088,0.0005, 714    1    1,  64    1    1,"update_velocity_block_content_lists_kernel(vmesh::VelocityMesh *, vmesh::VelocityBlockContainer *, Hashinator::Hashmap<unsigned int, unsigned int, (unsigned int)4294967295, (unsigned int)4294967294, Hashinator::HashFunctions::Fibonacci<unsigned int>, Hashinator::Hashers::Hasher<unsigned int, unsigned int, Hashinator::HashFunctions::Fibonacci<unsigned int>, (unsigned int)4294967295, (unsigned int)4294967294, (int)32, (int)1>, split::split_unified_allocator<Hashinator::Info>> *, Hashinator::Hashmap<unsigned int, unsigned int, (unsigned int)4294967295, (unsigned int)4294967294, Hashinator::HashFunctions::Fibonacci<unsigned int>, Hashinator::Hashers::Hasher<unsigned int, unsigned int, Hashinator::HashFunctions::Fibonacci<unsigned int>, (unsigned int)4294967295, (unsigned int)4294967294, (int)32, (int)1>, split::split_unified_allocator<Hashinator::Info>> *, double)"
0.0,0.4769,68,0.0070,0.0070,0.0065,0.0085,0.0004, 405    1    1,  64    1    1,"update_velocity_block_content_lists_kernel(vmesh::VelocityMesh *, vmesh::VelocityBlockContainer *, Hashinator::Hashmap<unsigned int, unsigned int, (unsigned int)4294967295, (unsigned int)4294967294, Hashinator::HashFunctions::Fibonacci<unsigned int>, Hashinator::Hashers::Hasher<unsigned int, unsigned int, Hashinator::HashFunctions::Fibonacci<unsigned int>, (unsigned int)4294967295, (unsigned int)4294967294, (int)32, (int)1>, split::split_unified_allocator<Hashinator::Info>> *, Hashinator::Hashmap<unsigned int, unsigned int, (unsigned int)4294967295, (unsigned int)4294967294, Hashinator::HashFunctions::Fibonacci<unsigned int>, Hashinator::Hashers::Hasher<unsigned int, unsigned int, Hashinator::HashFunctions::Fibonacci<unsigned int>, (unsigned int)4294967295, (unsigned int)4294967294, (int)32, (int)1>, split::split_unified_allocator<Hashinator::Info>> *, double)"
0.0,0.4760,65,0.0073,0.0073,0.0067,0.0083,0.0003, 647    1    1,  64    1    1,"update_velocity_block_content_lists_kernel(vmesh::VelocityMesh *, vmesh::VelocityBlockContainer *, Hashinator::Hashmap<unsigned int, unsigned int, (unsigned int)4294967295, (unsigned int)4294967294, Hashinator::HashFunctions::Fibonacci<unsigned int>, Hashinator::Hashers::Hasher<unsigned int, unsigned int, Hashinator::HashFunctions::Fibonacci<unsigned int>, (unsigned int)4294967295, (unsigned int)4294967294, (int)32, (int)1>, split::split_unified_allocator<Hashinator::Info>> *, Hashinator::Hashmap<unsigned int, unsigned int, (unsigned int)4294967295, (unsigned int)4294967294, Hashinator::HashFunctions::Fibonacci<unsigned int>, Hashinator::Hashers::Hasher<unsigned int, unsigned int, Hashinator::HashFunctions::Fibonacci<unsigned int>, (unsigned int)4294967295, (unsigned int)4294967294, (int)32, (int)1>, split::split_unified_allocator<Hashinator::Info>> *, double)"
0.0,0.4737,18,0.0263,0.0115,0.0094,0.1141,0.0312, 193    1    1,1024    1    1,"update_neighbour_halo_kernel(vmesh::VelocityMesh *, unsigned int, unsigned int **, unsigned int *, Hashinator::Hashmap<unsigned int, unsigned int, (unsigned int)4294967295, (unsigned int)4294967294, Hashinator::HashFunctions::Fibonacci<unsigned int>, Hashinator::Hashers::Hasher<unsigned int, unsigned int, Hashinator::HashFunctions::Fibonacci<unsigned int>, (unsigned int)4294967295, (unsigned int)4294967294, (int)32, (int)1>, split::split_unified_allocator<Hashinator::Info>> *, Hashinator::Hashmap<unsigned int, unsigned int, (unsigned int)4294967295, (unsigned int)4294967294, Hashinator::HashFunctions::Fibonacci<unsigned int>, Hashinator::Hashers::Hasher<unsigned int, unsigned int, Hashinator::HashFunctions::Fibonacci<unsigned int>, (unsigned int)4294967295, (unsigned int)4294967294, (int)32, (int)1>, split::split_unified_allocator<Hashinator::Info>> *)"
0.0,0.4652,64,0.0073,0.0072,0.0065,0.0099,0.0005, 492    1    1,  64    1    1,"update_velocity_block_content_lists_kernel(vmesh::VelocityMesh *, vmesh::VelocityBlockContainer *, Hashinator::Hashmap<unsigned int, unsigned int, (unsigned int)4294967295, (unsigned int)4294967294, Hashinator::HashFunctions::Fibonacci<unsigned int>, Hashinator::Hashers::Hasher<unsigned int, unsigned int, Hashinator::HashFunctions::Fibonacci<unsigned int>, (unsigned int)4294967295, (unsigned int)4294967294, (int)32, (int)1>, split::split_unified_allocator<Hashinator::Info>> *, Hashinator::Hashmap<unsigned int, unsigned int, (unsigned int)4294967295, (unsigned int)4294967294, Hashinator::HashFunctions::Fibonacci<unsigned int>, Hashinator::Hashers::Hasher<unsigned int, unsigned int, Hashinator::HashFunctions::Fibonacci<unsigned int>, (unsigned int)4294967295, (unsigned int)4294967294, (int)32, (int)1>, split::split_unified_allocator<Hashinator::Info>> *, double)"
0.0,0.4636,66,0.0070,0.0070,0.0065,0.0081,0.0003, 533    1    1,  64    1    1,"update_velocity_block_content_lists_kernel(vmesh::VelocityMesh *, vmesh::VelocityBlockContainer *, Hashinator::Hashmap<unsigned int, unsigned int, (unsigned int)4294967295, (unsigned int)4294967294, Hashinator::HashFunctions::Fibonacci<unsigned int>, Hashinator::Hashers::Hasher<unsigned int, unsigned int, Hashinator::HashFunctions::Fibonacci<unsigned int>, (unsigned int)4294967295, (unsigned int)4294967294, (int)32, (int)1>, split::split_unified_allocator<Hashinator::Info>> *, Hashinator::Hashmap<unsigned int, unsigned int, (unsigned int)4294967295, (unsigned int)4294967294, Hashinator::HashFunctions::Fibonacci<unsigned int>, Hashinator::Hashers::Hasher<unsigned int, unsigned int, Hashinator::HashFunctions::Fibonacci<unsigned int>, (unsigned int)4294967295, (unsigned int)4294967294, (int)32, (int)1>, split::split_unified_allocator<Hashinator::Info>> *, double)"
0.0,0.4635,48,0.0097,0.0040,0.0039,0.0952,0.0175,  44    1    1, 512    1    1,"void arch::reduction_kernel<(unsigned int)512, (arch::reduce_op)2, (unsigned int)4, (unsigned int)3, void blockVelocitySecondMoments<double, (unsigned int)3>(vmesh::VelocityBlockContainer *, T1, T1, T1, T1 (&)[T2], unsigned int)::[lambda(unsigned int, unsigned int, unsigned int, unsigned int, double *) (instance 1)], double>(T5, const T6 *, T6 *, const unsigned int *, unsigned int, unsigned int, T6 *)"
0.0,0.4630,48,0.0096,0.0047,0.0045,0.1185,0.0202,  44    1    1, 512    1    1,"void arch::reduction_kernel<(unsigned int)512, (arch::reduce_op)2, (unsigned int)4, (unsigned int)4, void blockVelocityFirstMoments<double, (unsigned int)4>(vmesh::VelocityBlockContainer *, T1 (&)[T2], unsigned int)::[lambda(unsigned int, unsigned int, unsigned int, unsigned int, double *) (instance 1)], double>(T5, const T6 *, T6 *, const unsigned int *, unsigned int, unsigned int, T6 *)"
0.0,0.4622,65,0.0071,0.0070,0.0066,0.0096,0.0005, 501    1    1,  64    1    1,"update_velocity_block_content_lists_kernel(vmesh::VelocityMesh *, vmesh::VelocityBlockContainer *, Hashinator::Hashmap<unsigned int, unsigned int, (unsigned int)4294967295, (unsigned int)4294967294, Hashinator::HashFunctions::Fibonacci<unsigned int>, Hashinator::Hashers::Hasher<unsigned int, unsigned int, Hashinator::HashFunctions::Fibonacci<unsigned int>, (unsigned int)4294967295, (unsigned int)4294967294, (int)32, (int)1>, split::split_unified_allocator<Hashinator::Info>> *, Hashinator::Hashmap<unsigned int, unsigned int, (unsigned int)4294967295, (unsigned int)4294967294, Hashinator::HashFunctions::Fibonacci<unsigned int>, Hashinator::Hashers::Hasher<unsigned int, unsigned int, Hashinator::HashFunctions::Fibonacci<unsigned int>, (unsigned int)4294967295, (unsigned int)4294967294, (int)32, (int)1>, split::split_unified_allocator<Hashinator::Info>> *, double)"
0.0,0.4583,62,0.0074,0.0073,0.0067,0.0106,0.0006, 652    1    1,  64    1    1,"update_velocity_block_content_lists_kernel(vmesh::VelocityMesh *, vmesh::VelocityBlockContainer *, Hashinator::Hashmap<unsigned int, unsigned int, (unsigned int)4294967295, (unsigned int)4294967294, Hashinator::HashFunctions::Fibonacci<unsigned int>, Hashinator::Hashers::Hasher<unsigned int, unsigned int, Hashinator::HashFunctions::Fibonacci<unsigned int>, (unsigned int)4294967295, (unsigned int)4294967294, (int)32, (int)1>, split::split_unified_allocator<Hashinator::Info>> *, Hashinator::Hashmap<unsigned int, unsigned int, (unsigned int)4294967295, (unsigned int)4294967294, Hashinator::HashFunctions::Fibonacci<unsigned int>, Hashinator::Hashers::Hasher<unsigned int, unsigned int, Hashinator::HashFunctions::Fibonacci<unsigned int>, (unsigned int)4294967295, (unsigned int)4294967294, (int)32, (int)1>, split::split_unified_allocator<Hashinator::Info>> *, double)"
0.0,0.4535,13,0.0349,0.0081,0.0056,0.1200,0.0386, 293    1    1,  64    1    1,"update_velocity_blocks_kernel(vmesh::VelocityMesh *, vmesh::VelocityBlockContainer *, split::SplitVector<unsigned int, split::split_unified_allocator<unsigned int>> *, split::SplitVector<Hashinator::hash_pair<unsigned int, unsigned int>, split::split_unified_allocator<Hashinator::hash_pair<unsigned int, unsigned int>>> *, split::SplitVector<Hashinator::hash_pair<unsigned int, unsigned int>, split::split_unified_allocator<Hashinator::hash_pair<unsigned int, unsigned int>>> *, split::SplitVector<Hashinator::hash_pair<unsigned int, unsigned int>, split::split_unified_allocator<Hashinator::hash_pair<unsigned int, unsigned int>>> *, unsigned int, unsigned int, unsigned int, float *)"
0.0,0.4515,18,0.0251,0.0109,0.0085,0.0980,0.0272, 137    1    1, 832    1    1,"update_velocity_halo_kernel(vmesh::VelocityMesh *, unsigned int, unsigned int *, Hashinator::Hashmap<unsigned int, unsigned int, (unsigned int)4294967295, (unsigned int)4294967294, Hashinator::HashFunctions::Fibonacci<unsigned int>, Hashinator::Hashers::Hasher<unsigned int, unsigned int, Hashinator::HashFunctions::Fibonacci<unsigned int>, (unsigned int)4294967295, (unsigned int)4294967294, (int)32, (int)1>, split::split_unified_allocator<Hashinator::Info>> *, Hashinator::Hashmap<unsigned int, unsigned int, (unsigned int)4294967295, (unsigned int)4294967294, Hashinator::HashFunctions::Fibonacci<unsigned int>, Hashinator::Hashers::Hasher<unsigned int, unsigned int, Hashinator::HashFunctions::Fibonacci<unsigned int>, (unsigned int)4294967295, (unsigned int)4294967294, (int)32, (int)1>, split::split_unified_allocator<Hashinator::Info>> *)"
0.0,0.4512,9,0.0501,0.0519,0.0072,0.1360,0.0488, 234    1    1,  64    1    1,"update_velocity_blocks_kernel(vmesh::VelocityMesh *, vmesh::VelocityBlockContainer *, split::SplitVector<unsigned int, split::split_unified_allocator<unsigned int>> *, split::SplitVector<Hashinator::hash_pair<unsigned int, unsigned int>, split::split_unified_allocator<Hashinator::hash_pair<unsigned int, unsigned int>>> *, split::SplitVector<Hashinator::hash_pair<unsigned int, unsigned int>, split::split_unified_allocator<Hashinator::hash_pair<unsigned int, unsigned int>>> *, split::SplitVector<Hashinator::hash_pair<unsigned int, unsigned int>, split::split_unified_allocator<Hashinator::hash_pair<unsigned int, unsigned int>>> *, unsigned int, unsigned int, unsigned int, float *)"
0.0,0.4511,60,0.0075,0.0075,0.0070,0.0089,0.0004, 960    1    1,  64    1    1,"update_velocity_block_content_lists_kernel(vmesh::VelocityMesh *, vmesh::VelocityBlockContainer *, Hashinator::Hashmap<unsigned int, unsigned int, (unsigned int)4294967295, (unsigned int)4294967294, Hashinator::HashFunctions::Fibonacci<unsigned int>, Hashinator::Hashers::Hasher<unsigned int, unsigned int, Hashinator::HashFunctions::Fibonacci<unsigned int>, (unsigned int)4294967295, (unsigned int)4294967294, (int)32, (int)1>, split::split_unified_allocator<Hashinator::Info>> *, Hashinator::Hashmap<unsigned int, unsigned int, (unsigned int)4294967295, (unsigned int)4294967294, Hashinator::HashFunctions::Fibonacci<unsigned int>, Hashinator::Hashers::Hasher<unsigned int, unsigned int, Hashinator::HashFunctions::Fibonacci<unsigned int>, (unsigned int)4294967295, (unsigned int)4294967294, (int)32, (int)1>, split::split_unified_allocator<Hashinator::Info>> *, double)"
0.0,0.4484,64,0.0070,0.0070,0.0065,0.0082,0.0003, 404    1    1,  64    1    1,"update_velocity_block_content_lists_kernel(vmesh::VelocityMesh *, vmesh::VelocityBlockContainer *, Hashinator::Hashmap<unsigned int, unsigned int, (unsigned int)4294967295, (unsigned int)4294967294, Hashinator::HashFunctions::Fibonacci<unsigned int>, Hashinator::Hashers::Hasher<unsigned int, unsigned int, Hashinator::HashFunctions::Fibonacci<unsigned int>, (unsigned int)4294967295, (unsigned int)4294967294, (int)32, (int)1>, split::split_unified_allocator<Hashinator::Info>> *, Hashinator::Hashmap<unsigned int, unsigned int, (unsigned int)4294967295, (unsigned int)4294967294, Hashinator::HashFunctions::Fibonacci<unsigned int>, Hashinator::Hashers::Hasher<unsigned int, unsigned int, Hashinator::HashFunctions::Fibonacci<unsigned int>, (unsigned int)4294967295, (unsigned int)4294967294, (int)32, (int)1>, split::split_unified_allocator<Hashinator::Info>> *, double)"
0.0,0.4476,12,0.0373,0.0258,0.0235,0.0812,0.0219, 299    1    1,1024    1    1,"update_neighbour_halo_kernel(vmesh::VelocityMesh *, unsigned int, unsigned int **, unsigned int *, Hashinator::Hashmap<unsigned int, unsigned int, (unsigned int)4294967295, (unsigned int)4294967294, Hashinator::HashFunctions::Fibonacci<unsigned int>, Hashinator::Hashers::Hasher<unsigned int, unsigned int, Hashinator::HashFunctions::Fibonacci<unsigned int>, (unsigned int)4294967295, (unsigned int)4294967294, (int)32, (int)1>, split::split_unified_allocator<Hashinator::Info>> *, Hashinator::Hashmap<unsigned int, unsigned int, (unsigned int)4294967295, (unsigned int)4294967294, Hashinator::HashFunctions::Fibonacci<unsigned int>, Hashinator::Hashers::Hasher<unsigned int, unsigned int, Hashinator::HashFunctions::Fibonacci<unsigned int>, (unsigned int)4294967295, (unsigned int)4294967294, (int)32, (int)1>, split::split_unified_allocator<Hashinator::Info>> *)"
0.0,0.4429,60,0.0074,0.0073,0.0069,0.0082,0.0003, 815    1    1,  64    1    1,"update_velocity_block_content_lists_kernel(vmesh::VelocityMesh *, vmesh::VelocityBlockContainer *, Hashinator::Hashmap<unsigned int, unsigned int, (unsigned int)4294967295, (unsigned int)4294967294, Hashinator::HashFunctions::Fibonacci<unsigned int>, Hashinator::Hashers::Hasher<unsigned int, unsigned int, Hashinator::HashFunctions::Fibonacci<unsigned int>, (unsigned int)4294967295, (unsigned int)4294967294, (int)32, (int)1>, split::split_unified_allocator<Hashinator::Info>> *, Hashinator::Hashmap<unsigned int, unsigned int, (unsigned int)4294967295, (unsigned int)4294967294, Hashinator::HashFunctions::Fibonacci<unsigned int>, Hashinator::Hashers::Hasher<unsigned int, unsigned int, Hashinator::HashFunctions::Fibonacci<unsigned int>, (unsigned int)4294967295, (unsigned int)4294967294, (int)32, (int)1>, split::split_unified_allocator<Hashinator::Info>> *, double)"
0.0,0.4422,58,0.0076,0.0075,0.0070,0.0090,0.0004, 961    1    1,  64    1    1,"update_velocity_block_content_lists_kernel(vmesh::VelocityMesh *, vmesh::VelocityBlockContainer *, Hashinator::Hashmap<unsigned int, unsigned int, (unsigned int)4294967295, (unsigned int)4294967294, Hashinator::HashFunctions::Fibonacci<unsigned int>, Hashinator::Hashers::Hasher<unsigned int, unsigned int, Hashinator::HashFunctions::Fibonacci<unsigned int>, (unsigned int)4294967295, (unsigned int)4294967294, (int)32, (int)1>, split::split_unified_allocator<Hashinator::Info>> *, Hashinator::Hashmap<unsigned int, unsigned int, (unsigned int)4294967295, (unsigned int)4294967294, Hashinator::HashFunctions::Fibonacci<unsigned int>, Hashinator::Hashers::Hasher<unsigned int, unsigned int, Hashinator::HashFunctions::Fibonacci<unsigned int>, (unsigned int)4294967295, (unsigned int)4294967294, (int)32, (int)1>, split::split_unified_allocator<Hashinator::Info>> *, double)"
0.0,0.4414,48,0.0092,0.0041,0.0039,0.1254,0.0220,  36    1    1, 512    1    1,"void arch::reduction_kernel<(unsigned int)512, (arch::reduce_op)2, (unsigned int)4, (unsigned int)3, void blockVelocitySecondMoments<double, (unsigned int)3>(vmesh::VelocityBlockContainer *, T1, T1, T1, T1 (&)[T2], unsigned int)::[lambda(unsigned int, unsigned int, unsigned int, unsigned int, double *) (instance 1)], double>(T5, const T6 *, T6 *, const unsigned int *, unsigned int, unsigned int, T6 *)"
0.0,0.4393,62,0.0071,0.0070,0.0066,0.0080,0.0004, 442    1    1,  64    1    1,"update_velocity_block_content_lists_kernel(vmesh::VelocityMesh *, vmesh::VelocityBlockContainer *, Hashinator::Hashmap<unsigned int, unsigned int, (unsigned int)4294967295, (unsigned int)4294967294, Hashinator::HashFunctions::Fibonacci<unsigned int>, Hashinator::Hashers::Hasher<unsigned int, unsigned int, Hashinator::HashFunctions::Fibonacci<unsigned int>, (unsigned int)4294967295, (unsigned int)4294967294, (int)32, (int)1>, split::split_unified_allocator<Hashinator::Info>> *, Hashinator::Hashmap<unsigned int, unsigned int, (unsigned int)4294967295, (unsigned int)4294967294, Hashinator::HashFunctions::Fibonacci<unsigned int>, Hashinator::Hashers::Hasher<unsigned int, unsigned int, Hashinator::HashFunctions::Fibonacci<unsigned int>, (unsigned int)4294967295, (unsigned int)4294967294, (int)32, (int)1>, split::split_unified_allocator<Hashinator::Info>> *, double)"
0.0,0.4370,58,0.0075,0.0075,0.0071,0.0087,0.0003, 970    1    1,  64    1    1,"update_velocity_block_content_lists_kernel(vmesh::VelocityMesh *, vmesh::VelocityBlockContainer *, Hashinator::Hashmap<unsigned int, unsigned int, (unsigned int)4294967295, (unsigned int)4294967294, Hashinator::HashFunctions::Fibonacci<unsigned int>, Hashinator::Hashers::Hasher<unsigned int, unsigned int, Hashinator::HashFunctions::Fibonacci<unsigned int>, (unsigned int)4294967295, (unsigned int)4294967294, (int)32, (int)1>, split::split_unified_allocator<Hashinator::Info>> *, Hashinator::Hashmap<unsigned int, unsigned int, (unsigned int)4294967295, (unsigned int)4294967294, Hashinator::HashFunctions::Fibonacci<unsigned int>, Hashinator::Hashers::Hasher<unsigned int, unsigned int, Hashinator::HashFunctions::Fibonacci<unsigned int>, (unsigned int)4294967295, (unsigned int)4294967294, (int)32, (int)1>, split::split_unified_allocator<Hashinator::Info>> *, double)"
0.0,0.4362,48,0.0091,0.0048,0.0045,0.1150,0.0182,  66    1    1, 512    1    1,"void arch::reduction_kernel<(unsigned int)512, (arch::reduce_op)2, (unsigned int)4, (unsigned int)4, void blockVelocityFirstMoments<double, (unsigned int)4>(vmesh::VelocityBlockContainer *, T1 (&)[T2], unsigned int)::[lambda(unsigned int, unsigned int, unsigned int, unsigned int, double *) (instance 1)], double>(T5, const T6 *, T6 *, const unsigned int *, unsigned int, unsigned int, T6 *)"
0.0,0.4339,8,0.0542,0.0110,0.0086,0.1618,0.0662, 104    1    1, 832    1    1,"update_velocity_halo_kernel(vmesh::VelocityMesh *, unsigned int, unsigned int *, Hashinator::Hashmap<unsigned int, unsigned int, (unsigned int)4294967295, (unsigned int)4294967294, Hashinator::HashFunctions::Fibonacci<unsigned int>, Hashinator::Hashers::Hasher<unsigned int, unsigned int, Hashinator::HashFunctions::Fibonacci<unsigned int>, (unsigned int)4294967295, (unsigned int)4294967294, (int)32, (int)1>, split::split_unified_allocator<Hashinator::Info>> *, Hashinator::Hashmap<unsigned int, unsigned int, (unsigned int)4294967295, (unsigned int)4294967294, Hashinator::HashFunctions::Fibonacci<unsigned int>, Hashinator::Hashers::Hasher<unsigned int, unsigned int, Hashinator::HashFunctions::Fibonacci<unsigned int>, (unsigned int)4294967295, (unsigned int)4294967294, (int)32, (int)1>, split::split_unified_allocator<Hashinator::Info>> *)"
0.0,0.4231,57,0.0074,0.0073,0.0069,0.0088,0.0004, 757    1    1,  64    1    1,"update_velocity_block_content_lists_kernel(vmesh::VelocityMesh *, vmesh::VelocityBlockContainer *, Hashinator::Hashmap<unsigned int, unsigned int, (unsigned int)4294967295, (unsigned int)4294967294, Hashinator::HashFunctions::Fibonacci<unsigned int>, Hashinator::Hashers::Hasher<unsigned int, unsigned int, Hashinator::HashFunctions::Fibonacci<unsigned int>, (unsigned int)4294967295, (unsigned int)4294967294, (int)32, (int)1>, split::split_unified_allocator<Hashinator::Info>> *, Hashinator::Hashmap<unsigned int, unsigned int, (unsigned int)4294967295, (unsigned int)4294967294, Hashinator::HashFunctions::Fibonacci<unsigned int>, Hashinator::Hashers::Hasher<unsigned int, unsigned int, Hashinator::HashFunctions::Fibonacci<unsigned int>, (unsigned int)4294967295, (unsigned int)4294967294, (int)32, (int)1>, split::split_unified_allocator<Hashinator::Info>> *, double)"
0.0,0.4222,56,0.0075,0.0075,0.0070,0.0084,0.0003,1013    1    1,  64    1    1,"update_velocity_block_content_lists_kernel(vmesh::VelocityMesh *, vmesh::VelocityBlockContainer *, Hashinator::Hashmap<unsigned int, unsigned int, (unsigned int)4294967295, (unsigned int)4294967294, Hashinator::HashFunctions::Fibonacci<unsigned int>, Hashinator::Hashers::Hasher<unsigned int, unsigned int, Hashinator::HashFunctions::Fibonacci<unsigned int>, (unsigned int)4294967295, (unsigned int)4294967294, (int)32, (int)1>, split::split_unified_allocator<Hashinator::Info>> *, Hashinator::Hashmap<unsigned int, unsigned int, (unsigned int)4294967295, (unsigned int)4294967294, Hashinator::HashFunctions::Fibonacci<unsigned int>, Hashinator::Hashers::Hasher<unsigned int, unsigned int, Hashinator::HashFunctions::Fibonacci<unsigned int>, (unsigned int)4294967295, (unsigned int)4294967294, (int)32, (int)1>, split::split_unified_allocator<Hashinator::Info>> *, double)"
0.0,0.4204,18,0.0234,0.0074,0.0024,0.0736,0.0248,   1    1    1, 160    1    1,"void Hashinator::Hashers::reset_to_empty<unsigned int, unsigned int, (unsigned int)4294967295, Hashinator::HashFunctions::Fibonacci<unsigned int>, (int)32, (int)1>(Hashinator::hash_pair<T1, T2> *, Hashinator::hash_pair<T1, T2> *, Hashinator::Info *, unsigned long)"
0.0,0.4194,57,0.0074,0.0073,0.0069,0.0088,0.0003, 776    1    1,  64    1    1,"update_velocity_block_content_lists_kernel(vmesh::VelocityMesh *, vmesh::VelocityBlockContainer *, Hashinator::Hashmap<unsigned int, unsigned int, (unsigned int)4294967295, (unsigned int)4294967294, Hashinator::HashFunctions::Fibonacci<unsigned int>, Hashinator::Hashers::Hasher<unsigned int, unsigned int, Hashinator::HashFunctions::Fibonacci<unsigned int>, (unsigned int)4294967295, (unsigned int)4294967294, (int)32, (int)1>, split::split_unified_allocator<Hashinator::Info>> *, Hashinator::Hashmap<unsigned int, unsigned int, (unsigned int)4294967295, (unsigned int)4294967294, Hashinator::HashFunctions::Fibonacci<unsigned int>, Hashinator::Hashers::Hasher<unsigned int, unsigned int, Hashinator::HashFunctions::Fibonacci<unsigned int>, (unsigned int)4294967295, (unsigned int)4294967294, (int)32, (int)1>, split::split_unified_allocator<Hashinator::Info>> *, double)"
0.0,0.4147,24,0.0173,0.0077,0.0068,0.0764,0.0230, 740    1    1,  64    1    1,"update_velocity_blocks_kernel(vmesh::VelocityMesh *, vmesh::VelocityBlockContainer *, split::SplitVector<unsigned int, split::split_unified_allocator<unsigned int>> *, split::SplitVector<Hashinator::hash_pair<unsigned int, unsigned int>, split::split_unified_allocator<Hashinator::hash_pair<unsigned int, unsigned int>>> *, split::SplitVector<Hashinator::hash_pair<unsigned int, unsigned int>, split::split_unified_allocator<Hashinator::hash_pair<unsigned int, unsigned int>>> *, split::SplitVector<Hashinator::hash_pair<unsigned int, unsigned int>, split::split_unified_allocator<Hashinator::hash_pair<unsigned int, unsigned int>>> *, unsigned int, unsigned int, unsigned int, float *)"
0.0,0.4129,8,0.0516,0.0521,0.0415,0.0622,0.0072,  74    1    1, 512    1    1,"void arch::reduction_kernel<(unsigned int)512, (arch::reduce_op)2, (unsigned int)4, (unsigned int)3, DRO::VariablePTensorOffDiagonal::reduceData(const spatial_cell::SpatialCell *, char *)::[lambda(unsigned int, unsigned int, unsigned int, unsigned int, double *) (instance 1)], double>(T5, const T6 *, T6 *, const unsigned int *, unsigned int, unsigned int, T6 *)"
0.0,0.4123,56,0.0074,0.0073,0.0069,0.0086,0.0003, 779    1    1,  64    1    1,"update_velocity_block_content_lists_kernel(vmesh::VelocityMesh *, vmesh::VelocityBlockContainer *, Hashinator::Hashmap<unsigned int, unsigned int, (unsigned int)4294967295, (unsigned int)4294967294, Hashinator::HashFunctions::Fibonacci<unsigned int>, Hashinator::Hashers::Hasher<unsigned int, unsigned int, Hashinator::HashFunctions::Fibonacci<unsigned int>, (unsigned int)4294967295, (unsigned int)4294967294, (int)32, (int)1>, split::split_unified_allocator<Hashinator::Info>> *, Hashinator::Hashmap<unsigned int, unsigned int, (unsigned int)4294967295, (unsigned int)4294967294, Hashinator::HashFunctions::Fibonacci<unsigned int>, Hashinator::Hashers::Hasher<unsigned int, unsigned int, Hashinator::HashFunctions::Fibonacci<unsigned int>, (unsigned int)4294967295, (unsigned int)4294967294, (int)32, (int)1>, split::split_unified_allocator<Hashinator::Info>> *, double)"
0.0,0.4107,48,0.0086,0.0047,0.0045,0.0862,0.0151,  38    1    1, 512    1    1,"void arch::reduction_kernel<(unsigned int)512, (arch::reduce_op)2, (unsigned int)4, (unsigned int)4, void blockVelocityFirstMoments<double, (unsigned int)4>(vmesh::VelocityBlockContainer *, T1 (&)[T2], unsigned int)::[lambda(unsigned int, unsigned int, unsigned int, unsigned int, double *) (instance 1)], double>(T5, const T6 *, T6 *, const unsigned int *, unsigned int, unsigned int, T6 *)"
0.0,0.4080,55,0.0074,0.0074,0.0068,0.0086,0.0004, 770    1    1,  64    1    1,"update_velocity_block_content_lists_kernel(vmesh::VelocityMesh *, vmesh::VelocityBlockContainer *, Hashinator::Hashmap<unsigned int, unsigned int, (unsigned int)4294967295, (unsigned int)4294967294, Hashinator::HashFunctions::Fibonacci<unsigned int>, Hashinator::Hashers::Hasher<unsigned int, unsigned int, Hashinator::HashFunctions::Fibonacci<unsigned int>, (unsigned int)4294967295, (unsigned int)4294967294, (int)32, (int)1>, split::split_unified_allocator<Hashinator::Info>> *, Hashinator::Hashmap<unsigned int, unsigned int, (unsigned int)4294967295, (unsigned int)4294967294, Hashinator::HashFunctions::Fibonacci<unsigned int>, Hashinator::Hashers::Hasher<unsigned int, unsigned int, Hashinator::HashFunctions::Fibonacci<unsigned int>, (unsigned int)4294967295, (unsigned int)4294967294, (int)32, (int)1>, split::split_unified_allocator<Hashinator::Info>> *, double)"
0.0,0.4076,12,0.0340,0.0076,0.0053,0.1023,0.0380, 221    1    1,  64    1    1,"update_velocity_blocks_kernel(vmesh::VelocityMesh *, vmesh::VelocityBlockContainer *, split::SplitVector<unsigned int, split::split_unified_allocator<unsigned int>> *, split::SplitVector<Hashinator::hash_pair<unsigned int, unsigned int>, split::split_unified_allocator<Hashinator::hash_pair<unsigned int, unsigned int>>> *, split::SplitVector<Hashinator::hash_pair<unsigned int, unsigned int>, split::split_unified_allocator<Hashinator::hash_pair<unsigned int, unsigned int>>> *, split::SplitVector<Hashinator::hash_pair<unsigned int, unsigned int>, split::split_unified_allocator<Hashinator::hash_pair<unsigned int, unsigned int>>> *, unsigned int, unsigned int, unsigned int, float *)"
0.0,0.4059,55,0.0074,0.0073,0.0069,0.0084,0.0003, 754    1    1,  64    1    1,"update_velocity_block_content_lists_kernel(vmesh::VelocityMesh *, vmesh::VelocityBlockContainer *, Hashinator::Hashmap<unsigned int, unsigned int, (unsigned int)4294967295, (unsigned int)4294967294, Hashinator::HashFunctions::Fibonacci<unsigned int>, Hashinator::Hashers::Hasher<unsigned int, unsigned int, Hashinator::HashFunctions::Fibonacci<unsigned int>, (unsigned int)4294967295, (unsigned int)4294967294, (int)32, (int)1>, split::split_unified_allocator<Hashinator::Info>> *, Hashinator::Hashmap<unsigned int, unsigned int, (unsigned int)4294967295, (unsigned int)4294967294, Hashinator::HashFunctions::Fibonacci<unsigned int>, Hashinator::Hashers::Hasher<unsigned int, unsigned int, Hashinator::HashFunctions::Fibonacci<unsigned int>, (unsigned int)4294967295, (unsigned int)4294967294, (int)32, (int)1>, split::split_unified_allocator<Hashinator::Info>> *, double)"
0.0,0.3979,8,0.0497,0.0504,0.0087,0.1270,0.0382,  98    1    1, 832    1    1,"update_velocity_halo_kernel(vmesh::VelocityMesh *, unsigned int, unsigned int *, Hashinator::Hashmap<unsigned int, unsigned int, (unsigned int)4294967295, (unsigned int)4294967294, Hashinator::HashFunctions::Fibonacci<unsigned int>, Hashinator::Hashers::Hasher<unsigned int, unsigned int, Hashinator::HashFunctions::Fibonacci<unsigned int>, (unsigned int)4294967295, (unsigned int)4294967294, (int)32, (int)1>, split::split_unified_allocator<Hashinator::Info>> *, Hashinator::Hashmap<unsigned int, unsigned int, (unsigned int)4294967295, (unsigned int)4294967294, Hashinator::HashFunctions::Fibonacci<unsigned int>, Hashinator::Hashers::Hasher<unsigned int, unsigned int, Hashinator::HashFunctions::Fibonacci<unsigned int>, (unsigned int)4294967295, (unsigned int)4294967294, (int)32, (int)1>, split::split_unified_allocator<Hashinator::Info>> *)"
0.0,0.3932,52,0.0076,0.0075,0.0069,0.0089,0.0004, 966    1    1,  64    1    1,"update_velocity_block_content_lists_kernel(vmesh::VelocityMesh *, vmesh::VelocityBlockContainer *, Hashinator::Hashmap<unsigned int, unsigned int, (unsigned int)4294967295, (unsigned int)4294967294, Hashinator::HashFunctions::Fibonacci<unsigned int>, Hashinator::Hashers::Hasher<unsigned int, unsigned int, Hashinator::HashFunctions::Fibonacci<unsigned int>, (unsigned int)4294967295, (unsigned int)4294967294, (int)32, (int)1>, split::split_unified_allocator<Hashinator::Info>> *, Hashinator::Hashmap<unsigned int, unsigned int, (unsigned int)4294967295, (unsigned int)4294967294, Hashinator::HashFunctions::Fibonacci<unsigned int>, Hashinator::Hashers::Hasher<unsigned int, unsigned int, Hashinator::HashFunctions::Fibonacci<unsigned int>, (unsigned int)4294967295, (unsigned int)4294967294, (int)32, (int)1>, split::split_unified_allocator<Hashinator::Info>> *, double)"
0.0,0.3924,52,0.0075,0.0075,0.0070,0.0084,0.0003,1038    1    1,  64    1    1,"update_velocity_block_content_lists_kernel(vmesh::VelocityMesh *, vmesh::VelocityBlockContainer *, Hashinator::Hashmap<unsigned int, unsigned int, (unsigned int)4294967295, (unsigned int)4294967294, Hashinator::HashFunctions::Fibonacci<unsigned int>, Hashinator::Hashers::Hasher<unsigned int, unsigned int, Hashinator::HashFunctions::Fibonacci<unsigned int>, (unsigned int)4294967295, (unsigned int)4294967294, (int)32, (int)1>, split::split_unified_allocator<Hashinator::Info>> *, Hashinator::Hashmap<unsigned int, unsigned int, (unsigned int)4294967295, (unsigned int)4294967294, Hashinator::HashFunctions::Fibonacci<unsigned int>, Hashinator::Hashers::Hasher<unsigned int, unsigned int, Hashinator::HashFunctions::Fibonacci<unsigned int>, (unsigned int)4294967295, (unsigned int)4294967294, (int)32, (int)1>, split::split_unified_allocator<Hashinator::Info>> *, double)"
0.0,0.3920,16,0.0245,0.0103,0.0068,0.0618,0.0205,  65    1    1,1024    1    1,"update_neighbour_halo_kernel(vmesh::VelocityMesh *, unsigned int, unsigned int **, unsigned int *, Hashinator::Hashmap<unsigned int, unsigned int, (unsigned int)4294967295, (unsigned int)4294967294, Hashinator::HashFunctions::Fibonacci<unsigned int>, Hashinator::Hashers::Hasher<unsigned int, unsigned int, Hashinator::HashFunctions::Fibonacci<unsigned int>, (unsigned int)4294967295, (unsigned int)4294967294, (int)32, (int)1>, split::split_unified_allocator<Hashinator::Info>> *, Hashinator::Hashmap<unsigned int, unsigned int, (unsigned int)4294967295, (unsigned int)4294967294, Hashinator::HashFunctions::Fibonacci<unsigned int>, Hashinator::Hashers::Hasher<unsigned int, unsigned int, Hashinator::HashFunctions::Fibonacci<unsigned int>, (unsigned int)4294967295, (unsigned int)4294967294, (int)32, (int)1>, split::split_unified_allocator<Hashinator::Info>> *)"
0.0,0.3789,1,0.3789,0.3789,0.3789,0.3789,0.0000,9120    1    1,1024    1    1,"reduce_v_dt_kernel(const split::SplitVector<vmesh::VelocityMesh *, split::split_unified_allocator<vmesh::VelocityMesh *>> *, double *, const double *, unsigned int)"
0.0,0.3722,51,0.0073,0.0073,0.0069,0.0080,0.0002, 820    1    1,  64    1    1,"update_velocity_block_content_lists_kernel(vmesh::VelocityMesh *, vmesh::VelocityBlockContainer *, Hashinator::Hashmap<unsigned int, unsigned int, (unsigned int)4294967295, (unsigned int)4294967294, Hashinator::HashFunctions::Fibonacci<unsigned int>, Hashinator::Hashers::Hasher<unsigned int, unsigned int, Hashinator::HashFunctions::Fibonacci<unsigned int>, (unsigned int)4294967295, (unsigned int)4294967294, (int)32, (int)1>, split::split_unified_allocator<Hashinator::Info>> *, Hashinator::Hashmap<unsigned int, unsigned int, (unsigned int)4294967295, (unsigned int)4294967294, Hashinator::HashFunctions::Fibonacci<unsigned int>, Hashinator::Hashers::Hasher<unsigned int, unsigned int, Hashinator::HashFunctions::Fibonacci<unsigned int>, (unsigned int)4294967295, (unsigned int)4294967294, (int)32, (int)1>, split::split_unified_allocator<Hashinator::Info>> *, double)"
0.0,0.3714,48,0.0077,0.0077,0.0071,0.0098,0.0005, 955    1    1,  64    1    1,"update_velocity_block_content_lists_kernel(vmesh::VelocityMesh *, vmesh::VelocityBlockContainer *, Hashinator::Hashmap<unsigned int, unsigned int, (unsigned int)4294967295, (unsigned int)4294967294, Hashinator::HashFunctions::Fibonacci<unsigned int>, Hashinator::Hashers::Hasher<unsigned int, unsigned int, Hashinator::HashFunctions::Fibonacci<unsigned int>, (unsigned int)4294967295, (unsigned int)4294967294, (int)32, (int)1>, split::split_unified_allocator<Hashinator::Info>> *, Hashinator::Hashmap<unsigned int, unsigned int, (unsigned int)4294967295, (unsigned int)4294967294, Hashinator::HashFunctions::Fibonacci<unsigned int>, Hashinator::Hashers::Hasher<unsigned int, unsigned int, Hashinator::HashFunctions::Fibonacci<unsigned int>, (unsigned int)4294967295, (unsigned int)4294967294, (int)32, (int)1>, split::split_unified_allocator<Hashinator::Info>> *, double)"
0.0,0.3678,48,0.0077,0.0048,0.0045,0.0687,0.0115,  73    1    1, 512    1    1,"void arch::reduction_kernel<(unsigned int)512, (arch::reduce_op)2, (unsigned int)4, (unsigned int)4, void blockVelocityFirstMoments<double, (unsigned int)4>(vmesh::VelocityBlockContainer *, T1 (&)[T2], unsigned int)::[lambda(unsigned int, unsigned int, unsigned int, unsigned int, double *) (instance 1)], double>(T5, const T6 *, T6 *, const unsigned int *, unsigned int, unsigned int, T6 *)"
0.0,0.3668,48,0.0076,0.0041,0.0039,0.0598,0.0125,  60    1    1, 512    1    1,"void arch::reduction_kernel<(unsigned int)512, (arch::reduce_op)2, (unsigned int)4, (unsigned int)3, void blockVelocitySecondMoments<double, (unsigned int)3>(vmesh::VelocityBlockContainer *, T1, T1, T1, T1 (&)[T2], unsigned int)::[lambda(unsigned int, unsigned int, unsigned int, unsigned int, double *) (instance 1)], double>(T5, const T6 *, T6 *, const unsigned int *, unsigned int, unsigned int, T6 *)"
0.0,0.3663,24,0.0153,0.0076,0.0064,0.0619,0.0165, 484    1    1,  64    1    1,"update_velocity_blocks_kernel(vmesh::VelocityMesh *, vmesh::VelocityBlockContainer *, split::SplitVector<unsigned int, split::split_unified_allocator<unsigned int>> *, split::SplitVector<Hashinator::hash_pair<unsigned int, unsigned int>, split::split_unified_allocator<Hashinator::hash_pair<unsigned int, unsigned int>>> *, split::SplitVector<Hashinator::hash_pair<unsigned int, unsigned int>, split::split_unified_allocator<Hashinator::hash_pair<unsigned int, unsigned int>>> *, split::SplitVector<Hashinator::hash_pair<unsigned int, unsigned int>, split::split_unified_allocator<Hashinator::hash_pair<unsigned int, unsigned int>>> *, unsigned int, unsigned int, unsigned int, float *)"
0.0,0.3651,24,0.0152,0.0082,0.0073,0.1232,0.0251, 448    1    1,  64    1    1,"update_velocity_blocks_kernel(vmesh::VelocityMesh *, vmesh::VelocityBlockContainer *, split::SplitVector<unsigned int, split::split_unified_allocator<unsigned int>> *, split::SplitVector<Hashinator::hash_pair<unsigned int, unsigned int>, split::split_unified_allocator<Hashinator::hash_pair<unsigned int, unsigned int>>> *, split::SplitVector<Hashinator::hash_pair<unsigned int, unsigned int>, split::split_unified_allocator<Hashinator::hash_pair<unsigned int, unsigned int>>> *, split::SplitVector<Hashinator::hash_pair<unsigned int, unsigned int>, split::split_unified_allocator<Hashinator::hash_pair<unsigned int, unsigned int>>> *, unsigned int, unsigned int, unsigned int, float *)"
0.0,0.3640,49,0.0074,0.0074,0.0068,0.0088,0.0004, 728    1    1,  64    1    1,"update_velocity_block_content_lists_kernel(vmesh::VelocityMesh *, vmesh::VelocityBlockContainer *, Hashinator::Hashmap<unsigned int, unsigned int, (unsigned int)4294967295, (unsigned int)4294967294, Hashinator::HashFunctions::Fibonacci<unsigned int>, Hashinator::Hashers::Hasher<unsigned int, unsigned int, Hashinator::HashFunctions::Fibonacci<unsigned int>, (unsigned int)4294967295, (unsigned int)4294967294, (int)32, (int)1>, split::split_unified_allocator<Hashinator::Info>> *, Hashinator::Hashmap<unsigned int, unsigned int, (unsigned int)4294967295, (unsigned int)4294967294, Hashinator::HashFunctions::Fibonacci<unsigned int>, Hashinator::Hashers::Hasher<unsigned int, unsigned int, Hashinator::HashFunctions::Fibonacci<unsigned int>, (unsigned int)4294967295, (unsigned int)4294967294, (int)32, (int)1>, split::split_unified_allocator<Hashinator::Info>> *, double)"
0.0,0.3624,8,0.0453,0.0084,0.0074,0.1729,0.0692,  77    1    1,1024    1    1,"update_neighbour_halo_kernel(vmesh::VelocityMesh *, unsigned int, unsigned int **, unsigned int *, Hashinator::Hashmap<unsigned int, unsigned int, (unsigned int)4294967295, (unsigned int)4294967294, Hashinator::HashFunctions::Fibonacci<unsigned int>, Hashinator::Hashers::Hasher<unsigned int, unsigned int, Hashinator::HashFunctions::Fibonacci<unsigned int>, (unsigned int)4294967295, (unsigned int)4294967294, (int)32, (int)1>, split::split_unified_allocator<Hashinator::Info>> *, Hashinator::Hashmap<unsigned int, unsigned int, (unsigned int)4294967295, (unsigned int)4294967294, Hashinator::HashFunctions::Fibonacci<unsigned int>, Hashinator::Hashers::Hasher<unsigned int, unsigned int, Hashinator::HashFunctions::Fibonacci<unsigned int>, (unsigned int)4294967295, (unsigned int)4294967294, (int)32, (int)1>, split::split_unified_allocator<Hashinator::Info>> *)"
0.0,0.3618,24,0.0151,0.0049,0.0046,0.1668,0.0362,  65    1    1, 512    1    1,"void arch::reduction_kernel<(unsigned int)512, (arch::reduce_op)2, (unsigned int)4, (unsigned int)4, void blockVelocityFirstMoments<double, (unsigned int)4>(vmesh::VelocityBlockContainer *, T1 (&)[T2], unsigned int)::[lambda(unsigned int, unsigned int, unsigned int, unsigned int, double *) (instance 1)], double>(T5, const T6 *, T6 *, const unsigned int *, unsigned int, unsigned int, T6 *)"
0.0,0.3596,48,0.0075,0.0074,0.0070,0.0082,0.0003,1034    1    1,  64    1    1,"update_velocity_block_content_lists_kernel(vmesh::VelocityMesh *, vmesh::VelocityBlockContainer *, Hashinator::Hashmap<unsigned int, unsigned int, (unsigned int)4294967295, (unsigned int)4294967294, Hashinator::HashFunctions::Fibonacci<unsigned int>, Hashinator::Hashers::Hasher<unsigned int, unsigned int, Hashinator::HashFunctions::Fibonacci<unsigned int>, (unsigned int)4294967295, (unsigned int)4294967294, (int)32, (int)1>, split::split_unified_allocator<Hashinator::Info>> *, Hashinator::Hashmap<unsigned int, unsigned int, (unsigned int)4294967295, (unsigned int)4294967294, Hashinator::HashFunctions::Fibonacci<unsigned int>, Hashinator::Hashers::Hasher<unsigned int, unsigned int, Hashinator::HashFunctions::Fibonacci<unsigned int>, (unsigned int)4294967295, (unsigned int)4294967294, (int)32, (int)1>, split::split_unified_allocator<Hashinator::Info>> *, double)"
0.0,0.3583,48,0.0075,0.0074,0.0070,0.0083,0.0003, 856    1    1,  64    1    1,"update_velocity_block_content_lists_kernel(vmesh::VelocityMesh *, vmesh::VelocityBlockContainer *, Hashinator::Hashmap<unsigned int, unsigned int, (unsigned int)4294967295, (unsigned int)4294967294, Hashinator::HashFunctions::Fibonacci<unsigned int>, Hashinator::Hashers::Hasher<unsigned int, unsigned int, Hashinator::HashFunctions::Fibonacci<unsigned int>, (unsigned int)4294967295, (unsigned int)4294967294, (int)32, (int)1>, split::split_unified_allocator<Hashinator::Info>> *, Hashinator::Hashmap<unsigned int, unsigned int, (unsigned int)4294967295, (unsigned int)4294967294, Hashinator::HashFunctions::Fibonacci<unsigned int>, Hashinator::Hashers::Hasher<unsigned int, unsigned int, Hashinator::HashFunctions::Fibonacci<unsigned int>, (unsigned int)4294967295, (unsigned int)4294967294, (int)32, (int)1>, split::split_unified_allocator<Hashinator::Info>> *, double)"
0.0,0.3574,72,0.0050,0.0040,0.0039,0.0402,0.0051,  55    1    1, 512    1    1,"void arch::reduction_kernel<(unsigned int)512, (arch::reduce_op)2, (unsigned int)4, (unsigned int)3, void blockVelocitySecondMoments<double, (unsigned int)3>(vmesh::VelocityBlockContainer *, T1, T1, T1, T1 (&)[T2], unsigned int)::[lambda(unsigned int, unsigned int, unsigned int, unsigned int, double *) (instance 1)], double>(T5, const T6 *, T6 *, const unsigned int *, unsigned int, unsigned int, T6 *)"
0.0,0.3572,48,0.0074,0.0073,0.0069,0.0103,0.0006, 731    1    1,  64    1    1,"update_velocity_block_content_lists_kernel(vmesh::VelocityMesh *, vmesh::VelocityBlockContainer *, Hashinator::Hashmap<unsigned int, unsigned int, (unsigned int)4294967295, (unsigned int)4294967294, Hashinator::HashFunctions::Fibonacci<unsigned int>, Hashinator::Hashers::Hasher<unsigned int, unsigned int, Hashinator::HashFunctions::Fibonacci<unsigned int>, (unsigned int)4294967295, (unsigned int)4294967294, (int)32, (int)1>, split::split_unified_allocator<Hashinator::Info>> *, Hashinator::Hashmap<unsigned int, unsigned int, (unsigned int)4294967295, (unsigned int)4294967294, Hashinator::HashFunctions::Fibonacci<unsigned int>, Hashinator::Hashers::Hasher<unsigned int, unsigned int, Hashinator::HashFunctions::Fibonacci<unsigned int>, (unsigned int)4294967295, (unsigned int)4294967294, (int)32, (int)1>, split::split_unified_allocator<Hashinator::Info>> *, double)"
0.0,0.3567,8,0.0446,0.0500,0.0045,0.0624,0.0176,  74    1    1, 512    1    1,"void arch::reduction_kernel<(unsigned int)512, (arch::reduce_op)2, (unsigned int)4, (unsigned int)3, DRO::VariablePTensorDiagonal::reduceData(const spatial_cell::SpatialCell *, char *)::[lambda(unsigned int, unsigned int, unsigned int, unsigned int, double *) (instance 1)], double>(T5, const T6 *, T6 *, const unsigned int *, unsigned int, unsigned int, T6 *)"
0.0,0.3523,48,0.0073,0.0073,0.0066,0.0083,0.0003, 732    1    1,  64    1    1,"update_velocity_block_content_lists_kernel(vmesh::VelocityMesh *, vmesh::VelocityBlockContainer *, Hashinator::Hashmap<unsigned int, unsigned int, (unsigned int)4294967295, (unsigned int)4294967294, Hashinator::HashFunctions::Fibonacci<unsigned int>, Hashinator::Hashers::Hasher<unsigned int, unsigned int, Hashinator::HashFunctions::Fibonacci<unsigned int>, (unsigned int)4294967295, (unsigned int)4294967294, (int)32, (int)1>, split::split_unified_allocator<Hashinator::Info>> *, Hashinator::Hashmap<unsigned int, unsigned int, (unsigned int)4294967295, (unsigned int)4294967294, Hashinator::HashFunctions::Fibonacci<unsigned int>, Hashinator::Hashers::Hasher<unsigned int, unsigned int, Hashinator::HashFunctions::Fibonacci<unsigned int>, (unsigned int)4294967295, (unsigned int)4294967294, (int)32, (int)1>, split::split_unified_allocator<Hashinator::Info>> *, double)"
0.0,0.3515,48,0.0073,0.0072,0.0068,0.0083,0.0003, 715    1    1,  64    1    1,"update_velocity_block_content_lists_kernel(vmesh::VelocityMesh *, vmesh::VelocityBlockContainer *, Hashinator::Hashmap<unsigned int, unsigned int, (unsigned int)4294967295, (unsigned int)4294967294, Hashinator::HashFunctions::Fibonacci<unsigned int>, Hashinator::Hashers::Hasher<unsigned int, unsigned int, Hashinator::HashFunctions::Fibonacci<unsigned int>, (unsigned int)4294967295, (unsigned int)4294967294, (int)32, (int)1>, split::split_unified_allocator<Hashinator::Info>> *, Hashinator::Hashmap<unsigned int, unsigned int, (unsigned int)4294967295, (unsigned int)4294967294, Hashinator::HashFunctions::Fibonacci<unsigned int>, Hashinator::Hashers::Hasher<unsigned int, unsigned int, Hashinator::HashFunctions::Fibonacci<unsigned int>, (unsigned int)4294967295, (unsigned int)4294967294, (int)32, (int)1>, split::split_unified_allocator<Hashinator::Info>> *, double)"
0.0,0.3504,48,0.0073,0.0072,0.0068,0.0081,0.0003, 724    1    1,  64    1    1,"update_velocity_block_content_lists_kernel(vmesh::VelocityMesh *, vmesh::VelocityBlockContainer *, Hashinator::Hashmap<unsigned int, unsigned int, (unsigned int)4294967295, (unsigned int)4294967294, Hashinator::HashFunctions::Fibonacci<unsigned int>, Hashinator::Hashers::Hasher<unsigned int, unsigned int, Hashinator::HashFunctions::Fibonacci<unsigned int>, (unsigned int)4294967295, (unsigned int)4294967294, (int)32, (int)1>, split::split_unified_allocator<Hashinator::Info>> *, Hashinator::Hashmap<unsigned int, unsigned int, (unsigned int)4294967295, (unsigned int)4294967294, Hashinator::HashFunctions::Fibonacci<unsigned int>, Hashinator::Hashers::Hasher<unsigned int, unsigned int, Hashinator::HashFunctions::Fibonacci<unsigned int>, (unsigned int)4294967295, (unsigned int)4294967294, (int)32, (int)1>, split::split_unified_allocator<Hashinator::Info>> *, double)"
0.0,0.3501,48,0.0073,0.0072,0.0068,0.0079,0.0003, 744    1    1,  64    1    1,"update_velocity_block_content_lists_kernel(vmesh::VelocityMesh *, vmesh::VelocityBlockContainer *, Hashinator::Hashmap<unsigned int, unsigned int, (unsigned int)4294967295, (unsigned int)4294967294, Hashinator::HashFunctions::Fibonacci<unsigned int>, Hashinator::Hashers::Hasher<unsigned int, unsigned int, Hashinator::HashFunctions::Fibonacci<unsigned int>, (unsigned int)4294967295, (unsigned int)4294967294, (int)32, (int)1>, split::split_unified_allocator<Hashinator::Info>> *, Hashinator::Hashmap<unsigned int, unsigned int, (unsigned int)4294967295, (unsigned int)4294967294, Hashinator::HashFunctions::Fibonacci<unsigned int>, Hashinator::Hashers::Hasher<unsigned int, unsigned int, Hashinator::HashFunctions::Fibonacci<unsigned int>, (unsigned int)4294967295, (unsigned int)4294967294, (int)32, (int)1>, split::split_unified_allocator<Hashinator::Info>> *, double)"
0.0,0.3471,49,0.0071,0.0071,0.0064,0.0082,0.0004, 448    1    1,  64    1    1,"update_velocity_block_content_lists_kernel(vmesh::VelocityMesh *, vmesh::VelocityBlockContainer *, Hashinator::Hashmap<unsigned int, unsigned int, (unsigned int)4294967295, (unsigned int)4294967294, Hashinator::HashFunctions::Fibonacci<unsigned int>, Hashinator::Hashers::Hasher<unsigned int, unsigned int, Hashinator::HashFunctions::Fibonacci<unsigned int>, (unsigned int)4294967295, (unsigned int)4294967294, (int)32, (int)1>, split::split_unified_allocator<Hashinator::Info>> *, Hashinator::Hashmap<unsigned int, unsigned int, (unsigned int)4294967295, (unsigned int)4294967294, Hashinator::HashFunctions::Fibonacci<unsigned int>, Hashinator::Hashers::Hasher<unsigned int, unsigned int, Hashinator::HashFunctions::Fibonacci<unsigned int>, (unsigned int)4294967295, (unsigned int)4294967294, (int)32, (int)1>, split::split_unified_allocator<Hashinator::Info>> *, double)"
0.0,0.3445,48,0.0072,0.0072,0.0068,0.0078,0.0002, 723    1    1,  64    1    1,"update_velocity_block_content_lists_kernel(vmesh::VelocityMesh *, vmesh::VelocityBlockContainer *, Hashinator::Hashmap<unsigned int, unsigned int, (unsigned int)4294967295, (unsigned int)4294967294, Hashinator::HashFunctions::Fibonacci<unsigned int>, Hashinator::Hashers::Hasher<unsigned int, unsigned int, Hashinator::HashFunctions::Fibonacci<unsigned int>, (unsigned int)4294967295, (unsigned int)4294967294, (int)32, (int)1>, split::split_unified_allocator<Hashinator::Info>> *, Hashinator::Hashmap<unsigned int, unsigned int, (unsigned int)4294967295, (unsigned int)4294967294, Hashinator::HashFunctions::Fibonacci<unsigned int>, Hashinator::Hashers::Hasher<unsigned int, unsigned int, Hashinator::HashFunctions::Fibonacci<unsigned int>, (unsigned int)4294967295, (unsigned int)4294967294, (int)32, (int)1>, split::split_unified_allocator<Hashinator::Info>> *, double)"
0.0,0.3443,16,0.0215,0.0085,0.0068,0.0787,0.0246,  95    1    1,1024    1    1,"update_neighbour_halo_kernel(vmesh::VelocityMesh *, unsigned int, unsigned int **, unsigned int *, Hashinator::Hashmap<unsigned int, unsigned int, (unsigned int)4294967295, (unsigned int)4294967294, Hashinator::HashFunctions::Fibonacci<unsigned int>, Hashinator::Hashers::Hasher<unsigned int, unsigned int, Hashinator::HashFunctions::Fibonacci<unsigned int>, (unsigned int)4294967295, (unsigned int)4294967294, (int)32, (int)1>, split::split_unified_allocator<Hashinator::Info>> *, Hashinator::Hashmap<unsigned int, unsigned int, (unsigned int)4294967295, (unsigned int)4294967294, Hashinator::HashFunctions::Fibonacci<unsigned int>, Hashinator::Hashers::Hasher<unsigned int, unsigned int, Hashinator::HashFunctions::Fibonacci<unsigned int>, (unsigned int)4294967295, (unsigned int)4294967294, (int)32, (int)1>, split::split_unified_allocator<Hashinator::Info>> *)"
0.0,0.3398,44,0.0077,0.0077,0.0071,0.0087,0.0004,1028    1    1,  64    1    1,"update_velocity_block_content_lists_kernel(vmesh::VelocityMesh *, vmesh::VelocityBlockContainer *, Hashinator::Hashmap<unsigned int, unsigned int, (unsigned int)4294967295, (unsigned int)4294967294, Hashinator::HashFunctions::Fibonacci<unsigned int>, Hashinator::Hashers::Hasher<unsigned int, unsigned int, Hashinator::HashFunctions::Fibonacci<unsigned int>, (unsigned int)4294967295, (unsigned int)4294967294, (int)32, (int)1>, split::split_unified_allocator<Hashinator::Info>> *, Hashinator::Hashmap<unsigned int, unsigned int, (unsigned int)4294967295, (unsigned int)4294967294, Hashinator::HashFunctions::Fibonacci<unsigned int>, Hashinator::Hashers::Hasher<unsigned int, unsigned int, Hashinator::HashFunctions::Fibonacci<unsigned int>, (unsigned int)4294967295, (unsigned int)4294967294, (int)32, (int)1>, split::split_unified_allocator<Hashinator::Info>> *, double)"
0.0,0.3396,46,0.0074,0.0073,0.0068,0.0090,0.0004, 585    1    1,  64    1    1,"update_velocity_block_content_lists_kernel(vmesh::VelocityMesh *, vmesh::VelocityBlockContainer *, Hashinator::Hashmap<unsigned int, unsigned int, (unsigned int)4294967295, (unsigned int)4294967294, Hashinator::HashFunctions::Fibonacci<unsigned int>, Hashinator::Hashers::Hasher<unsigned int, unsigned int, Hashinator::HashFunctions::Fibonacci<unsigned int>, (unsigned int)4294967295, (unsigned int)4294967294, (int)32, (int)1>, split::split_unified_allocator<Hashinator::Info>> *, Hashinator::Hashmap<unsigned int, unsigned int, (unsigned int)4294967295, (unsigned int)4294967294, Hashinator::HashFunctions::Fibonacci<unsigned int>, Hashinator::Hashers::Hasher<unsigned int, unsigned int, Hashinator::HashFunctions::Fibonacci<unsigned int>, (unsigned int)4294967295, (unsigned int)4294967294, (int)32, (int)1>, split::split_unified_allocator<Hashinator::Info>> *, double)"
0.0,0.3365,48,0.0070,0.0069,0.0065,0.0078,0.0003, 466    1    1,  64    1    1,"update_velocity_block_content_lists_kernel(vmesh::VelocityMesh *, vmesh::VelocityBlockContainer *, Hashinator::Hashmap<unsigned int, unsigned int, (unsigned int)4294967295, (unsigned int)4294967294, Hashinator::HashFunctions::Fibonacci<unsigned int>, Hashinator::Hashers::Hasher<unsigned int, unsigned int, Hashinator::HashFunctions::Fibonacci<unsigned int>, (unsigned int)4294967295, (unsigned int)4294967294, (int)32, (int)1>, split::split_unified_allocator<Hashinator::Info>> *, Hashinator::Hashmap<unsigned int, unsigned int, (unsigned int)4294967295, (unsigned int)4294967294, Hashinator::HashFunctions::Fibonacci<unsigned int>, Hashinator::Hashers::Hasher<unsigned int, unsigned int, Hashinator::HashFunctions::Fibonacci<unsigned int>, (unsigned int)4294967295, (unsigned int)4294967294, (int)32, (int)1>, split::split_unified_allocator<Hashinator::Info>> *, double)"
0.0,0.3360,44,0.0076,0.0076,0.0072,0.0088,0.0003,1030    1    1,  64    1    1,"update_velocity_block_content_lists_kernel(vmesh::VelocityMesh *, vmesh::VelocityBlockContainer *, Hashinator::Hashmap<unsigned int, unsigned int, (unsigned int)4294967295, (unsigned int)4294967294, Hashinator::HashFunctions::Fibonacci<unsigned int>, Hashinator::Hashers::Hasher<unsigned int, unsigned int, Hashinator::HashFunctions::Fibonacci<unsigned int>, (unsigned int)4294967295, (unsigned int)4294967294, (int)32, (int)1>, split::split_unified_allocator<Hashinator::Info>> *, Hashinator::Hashmap<unsigned int, unsigned int, (unsigned int)4294967295, (unsigned int)4294967294, Hashinator::HashFunctions::Fibonacci<unsigned int>, Hashinator::Hashers::Hasher<unsigned int, unsigned int, Hashinator::HashFunctions::Fibonacci<unsigned int>, (unsigned int)4294967295, (unsigned int)4294967294, (int)32, (int)1>, split::split_unified_allocator<Hashinator::Info>> *, double)"
0.0,0.3354,4,0.0838,0.0356,0.0171,0.2470,0.1098, 199    1    1,1024    1    1,"update_neighbour_halo_kernel(vmesh::VelocityMesh *, unsigned int, unsigned int **, unsigned int *, Hashinator::Hashmap<unsigned int, unsigned int, (unsigned int)4294967295, (unsigned int)4294967294, Hashinator::HashFunctions::Fibonacci<unsigned int>, Hashinator::Hashers::Hasher<unsigned int, unsigned int, Hashinator::HashFunctions::Fibonacci<unsigned int>, (unsigned int)4294967295, (unsigned int)4294967294, (int)32, (int)1>, split::split_unified_allocator<Hashinator::Info>> *, Hashinator::Hashmap<unsigned int, unsigned int, (unsigned int)4294967295, (unsigned int)4294967294, Hashinator::HashFunctions::Fibonacci<unsigned int>, Hashinator::Hashers::Hasher<unsigned int, unsigned int, Hashinator::HashFunctions::Fibonacci<unsigned int>, (unsigned int)4294967295, (unsigned int)4294967294, (int)32, (int)1>, split::split_unified_allocator<Hashinator::Info>> *)"
0.0,0.3348,44,0.0076,0.0076,0.0071,0.0089,0.0004, 924    1    1,  64    1    1,"update_velocity_block_content_lists_kernel(vmesh::VelocityMesh *, vmesh::VelocityBlockContainer *, Hashinator::Hashmap<unsigned int, unsigned int, (unsigned int)4294967295, (unsigned int)4294967294, Hashinator::HashFunctions::Fibonacci<unsigned int>, Hashinator::Hashers::Hasher<unsigned int, unsigned int, Hashinator::HashFunctions::Fibonacci<unsigned int>, (unsigned int)4294967295, (unsigned int)4294967294, (int)32, (int)1>, split::split_unified_allocator<Hashinator::Info>> *, Hashinator::Hashmap<unsigned int, unsigned int, (unsigned int)4294967295, (unsigned int)4294967294, Hashinator::HashFunctions::Fibonacci<unsigned int>, Hashinator::Hashers::Hasher<unsigned int, unsigned int, Hashinator::HashFunctions::Fibonacci<unsigned int>, (unsigned int)4294967295, (unsigned int)4294967294, (int)32, (int)1>, split::split_unified_allocator<Hashinator::Info>> *, double)"
0.0,0.3345,44,0.0076,0.0075,0.0070,0.0090,0.0004, 923    1    1,  64    1    1,"update_velocity_block_content_lists_kernel(vmesh::VelocityMesh *, vmesh::VelocityBlockContainer *, Hashinator::Hashmap<unsigned int, unsigned int, (unsigned int)4294967295, (unsigned int)4294967294, Hashinator::HashFunctions::Fibonacci<unsigned int>, Hashinator::Hashers::Hasher<unsigned int, unsigned int, Hashinator::HashFunctions::Fibonacci<unsigned int>, (unsigned int)4294967295, (unsigned int)4294967294, (int)32, (int)1>, split::split_unified_allocator<Hashinator::Info>> *, Hashinator::Hashmap<unsigned int, unsigned int, (unsigned int)4294967295, (unsigned int)4294967294, Hashinator::HashFunctions::Fibonacci<unsigned int>, Hashinator::Hashers::Hasher<unsigned int, unsigned int, Hashinator::HashFunctions::Fibonacci<unsigned int>, (unsigned int)4294967295, (unsigned int)4294967294, (int)32, (int)1>, split::split_unified_allocator<Hashinator::Info>> *, double)"
0.0,0.3304,44,0.0075,0.0074,0.0070,0.0092,0.0004, 941    1    1,  64    1    1,"update_velocity_block_content_lists_kernel(vmesh::VelocityMesh *, vmesh::VelocityBlockContainer *, Hashinator::Hashmap<unsigned int, unsigned int, (unsigned int)4294967295, (unsigned int)4294967294, Hashinator::HashFunctions::Fibonacci<unsigned int>, Hashinator::Hashers::Hasher<unsigned int, unsigned int, Hashinator::HashFunctions::Fibonacci<unsigned int>, (unsigned int)4294967295, (unsigned int)4294967294, (int)32, (int)1>, split::split_unified_allocator<Hashinator::Info>> *, Hashinator::Hashmap<unsigned int, unsigned int, (unsigned int)4294967295, (unsigned int)4294967294, Hashinator::HashFunctions::Fibonacci<unsigned int>, Hashinator::Hashers::Hasher<unsigned int, unsigned int, Hashinator::HashFunctions::Fibonacci<unsigned int>, (unsigned int)4294967295, (unsigned int)4294967294, (int)32, (int)1>, split::split_unified_allocator<Hashinator::Info>> *, double)"
0.0,0.3300,8,0.0412,0.0240,0.0221,0.0969,0.0328, 285    1    1,1024    1    1,"update_neighbour_halo_kernel(vmesh::VelocityMesh *, unsigned int, unsigned int **, unsigned int *, Hashinator::Hashmap<unsigned int, unsigned int, (unsigned int)4294967295, (unsigned int)4294967294, Hashinator::HashFunctions::Fibonacci<unsigned int>, Hashinator::Hashers::Hasher<unsigned int, unsigned int, Hashinator::HashFunctions::Fibonacci<unsigned int>, (unsigned int)4294967295, (unsigned int)4294967294, (int)32, (int)1>, split::split_unified_allocator<Hashinator::Info>> *, Hashinator::Hashmap<unsigned int, unsigned int, (unsigned int)4294967295, (unsigned int)4294967294, Hashinator::HashFunctions::Fibonacci<unsigned int>, Hashinator::Hashers::Hasher<unsigned int, unsigned int, Hashinator::HashFunctions::Fibonacci<unsigned int>, (unsigned int)4294967295, (unsigned int)4294967294, (int)32, (int)1>, split::split_unified_allocator<Hashinator::Info>> *)"
0.0,0.3297,44,0.0075,0.0074,0.0069,0.0089,0.0004, 790    1    1,  64    1    1,"update_velocity_block_content_lists_kernel(vmesh::VelocityMesh *, vmesh::VelocityBlockContainer *, Hashinator::Hashmap<unsigned int, unsigned int, (unsigned int)4294967295, (unsigned int)4294967294, Hashinator::HashFunctions::Fibonacci<unsigned int>, Hashinator::Hashers::Hasher<unsigned int, unsigned int, Hashinator::HashFunctions::Fibonacci<unsigned int>, (unsigned int)4294967295, (unsigned int)4294967294, (int)32, (int)1>, split::split_unified_allocator<Hashinator::Info>> *, Hashinator::Hashmap<unsigned int, unsigned int, (unsigned int)4294967295, (unsigned int)4294967294, Hashinator::HashFunctions::Fibonacci<unsigned int>, Hashinator::Hashers::Hasher<unsigned int, unsigned int, Hashinator::HashFunctions::Fibonacci<unsigned int>, (unsigned int)4294967295, (unsigned int)4294967294, (int)32, (int)1>, split::split_unified_allocator<Hashinator::Info>> *, double)"
0.0,0.3296,48,0.0069,0.0041,0.0040,0.1140,0.0159,  78    1    1, 512    1    1,"void arch::reduction_kernel<(unsigned int)512, (arch::reduce_op)2, (unsigned int)4, (unsigned int)3, void blockVelocitySecondMoments<double, (unsigned int)3>(vmesh::VelocityBlockContainer *, T1, T1, T1, T1 (&)[T2], unsigned int)::[lambda(unsigned int, unsigned int, unsigned int, unsigned int, double *) (instance 1)], double>(T5, const T6 *, T6 *, const unsigned int *, unsigned int, unsigned int, T6 *)"
0.0,0.3294,44,0.0075,0.0075,0.0068,0.0083,0.0004, 812    1    1,  64    1    1,"update_velocity_block_content_lists_kernel(vmesh::VelocityMesh *, vmesh::VelocityBlockContainer *, Hashinator::Hashmap<unsigned int, unsigned int, (unsigned int)4294967295, (unsigned int)4294967294, Hashinator::HashFunctions::Fibonacci<unsigned int>, Hashinator::Hashers::Hasher<unsigned int, unsigned int, Hashinator::HashFunctions::Fibonacci<unsigned int>, (unsigned int)4294967295, (unsigned int)4294967294, (int)32, (int)1>, split::split_unified_allocator<Hashinator::Info>> *, Hashinator::Hashmap<unsigned int, unsigned int, (unsigned int)4294967295, (unsigned int)4294967294, Hashinator::HashFunctions::Fibonacci<unsigned int>, Hashinator::Hashers::Hasher<unsigned int, unsigned int, Hashinator::HashFunctions::Fibonacci<unsigned int>, (unsigned int)4294967295, (unsigned int)4294967294, (int)32, (int)1>, split::split_unified_allocator<Hashinator::Info>> *, double)"
0.0,0.3291,44,0.0075,0.0074,0.0069,0.0090,0.0004, 697    1    1,  64    1    1,"update_velocity_block_content_lists_kernel(vmesh::VelocityMesh *, vmesh::VelocityBlockContainer *, Hashinator::Hashmap<unsigned int, unsigned int, (unsigned int)4294967295, (unsigned int)4294967294, Hashinator::HashFunctions::Fibonacci<unsigned int>, Hashinator::Hashers::Hasher<unsigned int, unsigned int, Hashinator::HashFunctions::Fibonacci<unsigned int>, (unsigned int)4294967295, (unsigned int)4294967294, (int)32, (int)1>, split::split_unified_allocator<Hashinator::Info>> *, Hashinator::Hashmap<unsigned int, unsigned int, (unsigned int)4294967295, (unsigned int)4294967294, Hashinator::HashFunctions::Fibonacci<unsigned int>, Hashinator::Hashers::Hasher<unsigned int, unsigned int, Hashinator::HashFunctions::Fibonacci<unsigned int>, (unsigned int)4294967295, (unsigned int)4294967294, (int)32, (int)1>, split::split_unified_allocator<Hashinator::Info>> *, double)"
0.0,0.3285,44,0.0075,0.0075,0.0069,0.0080,0.0003, 909    1    1,  64    1    1,"update_velocity_block_content_lists_kernel(vmesh::VelocityMesh *, vmesh::VelocityBlockContainer *, Hashinator::Hashmap<unsigned int, unsigned int, (unsigned int)4294967295, (unsigned int)4294967294, Hashinator::HashFunctions::Fibonacci<unsigned int>, Hashinator::Hashers::Hasher<unsigned int, unsigned int, Hashinator::HashFunctions::Fibonacci<unsigned int>, (unsigned int)4294967295, (unsigned int)4294967294, (int)32, (int)1>, split::split_unified_allocator<Hashinator::Info>> *, Hashinator::Hashmap<unsigned int, unsigned int, (unsigned int)4294967295, (unsigned int)4294967294, Hashinator::HashFunctions::Fibonacci<unsigned int>, Hashinator::Hashers::Hasher<unsigned int, unsigned int, Hashinator::HashFunctions::Fibonacci<unsigned int>, (unsigned int)4294967295, (unsigned int)4294967294, (int)32, (int)1>, split::split_unified_allocator<Hashinator::Info>> *, double)"
0.0,0.3285,44,0.0075,0.0073,0.0071,0.0086,0.0003, 947    1    1,  64    1    1,"update_velocity_block_content_lists_kernel(vmesh::VelocityMesh *, vmesh::VelocityBlockContainer *, Hashinator::Hashmap<unsigned int, unsigned int, (unsigned int)4294967295, (unsigned int)4294967294, Hashinator::HashFunctions::Fibonacci<unsigned int>, Hashinator::Hashers::Hasher<unsigned int, unsigned int, Hashinator::HashFunctions::Fibonacci<unsigned int>, (unsigned int)4294967295, (unsigned int)4294967294, (int)32, (int)1>, split::split_unified_allocator<Hashinator::Info>> *, Hashinator::Hashmap<unsigned int, unsigned int, (unsigned int)4294967295, (unsigned int)4294967294, Hashinator::HashFunctions::Fibonacci<unsigned int>, Hashinator::Hashers::Hasher<unsigned int, unsigned int, Hashinator::HashFunctions::Fibonacci<unsigned int>, (unsigned int)4294967295, (unsigned int)4294967294, (int)32, (int)1>, split::split_unified_allocator<Hashinator::Info>> *, double)"
0.0,0.3275,44,0.0074,0.0073,0.0070,0.0082,0.0003, 810    1    1,  64    1    1,"update_velocity_block_content_lists_kernel(vmesh::VelocityMesh *, vmesh::VelocityBlockContainer *, Hashinator::Hashmap<unsigned int, unsigned int, (unsigned int)4294967295, (unsigned int)4294967294, Hashinator::HashFunctions::Fibonacci<unsigned int>, Hashinator::Hashers::Hasher<unsigned int, unsigned int, Hashinator::HashFunctions::Fibonacci<unsigned int>, (unsigned int)4294967295, (unsigned int)4294967294, (int)32, (int)1>, split::split_unified_allocator<Hashinator::Info>> *, Hashinator::Hashmap<unsigned int, unsigned int, (unsigned int)4294967295, (unsigned int)4294967294, Hashinator::HashFunctions::Fibonacci<unsigned int>, Hashinator::Hashers::Hasher<unsigned int, unsigned int, Hashinator::HashFunctions::Fibonacci<unsigned int>, (unsigned int)4294967295, (unsigned int)4294967294, (int)32, (int)1>, split::split_unified_allocator<Hashinator::Info>> *, double)"
0.0,0.3275,44,0.0074,0.0074,0.0069,0.0079,0.0002, 806    1    1,  64    1    1,"update_velocity_block_content_lists_kernel(vmesh::VelocityMesh *, vmesh::VelocityBlockContainer *, Hashinator::Hashmap<unsigned int, unsigned int, (unsigned int)4294967295, (unsigned int)4294967294, Hashinator::HashFunctions::Fibonacci<unsigned int>, Hashinator::Hashers::Hasher<unsigned int, unsigned int, Hashinator::HashFunctions::Fibonacci<unsigned int>, (unsigned int)4294967295, (unsigned int)4294967294, (int)32, (int)1>, split::split_unified_allocator<Hashinator::Info>> *, Hashinator::Hashmap<unsigned int, unsigned int, (unsigned int)4294967295, (unsigned int)4294967294, Hashinator::HashFunctions::Fibonacci<unsigned int>, Hashinator::Hashers::Hasher<unsigned int, unsigned int, Hashinator::HashFunctions::Fibonacci<unsigned int>, (unsigned int)4294967295, (unsigned int)4294967294, (int)32, (int)1>, split::split_unified_allocator<Hashinator::Info>> *, double)"
0.0,0.3274,45,0.0073,0.0072,0.0068,0.0081,0.0003, 554    1    1,  64    1    1,"update_velocity_block_content_lists_kernel(vmesh::VelocityMesh *, vmesh::VelocityBlockContainer *, Hashinator::Hashmap<unsigned int, unsigned int, (unsigned int)4294967295, (unsigned int)4294967294, Hashinator::HashFunctions::Fibonacci<unsigned int>, Hashinator::Hashers::Hasher<unsigned int, unsigned int, Hashinator::HashFunctions::Fibonacci<unsigned int>, (unsigned int)4294967295, (unsigned int)4294967294, (int)32, (int)1>, split::split_unified_allocator<Hashinator::Info>> *, Hashinator::Hashmap<unsigned int, unsigned int, (unsigned int)4294967295, (unsigned int)4294967294, Hashinator::HashFunctions::Fibonacci<unsigned int>, Hashinator::Hashers::Hasher<unsigned int, unsigned int, Hashinator::HashFunctions::Fibonacci<unsigned int>, (unsigned int)4294967295, (unsigned int)4294967294, (int)32, (int)1>, split::split_unified_allocator<Hashinator::Info>> *, double)"
0.0,0.3271,44,0.0074,0.0074,0.0069,0.0084,0.0003, 826    1    1,  64    1    1,"update_velocity_block_content_lists_kernel(vmesh::VelocityMesh *, vmesh::VelocityBlockContainer *, Hashinator::Hashmap<unsigned int, unsigned int, (unsigned int)4294967295, (unsigned int)4294967294, Hashinator::HashFunctions::Fibonacci<unsigned int>, Hashinator::Hashers::Hasher<unsigned int, unsigned int, Hashinator::HashFunctions::Fibonacci<unsigned int>, (unsigned int)4294967295, (unsigned int)4294967294, (int)32, (int)1>, split::split_unified_allocator<Hashinator::Info>> *, Hashinator::Hashmap<unsigned int, unsigned int, (unsigned int)4294967295, (unsigned int)4294967294, Hashinator::HashFunctions::Fibonacci<unsigned int>, Hashinator::Hashers::Hasher<unsigned int, unsigned int, Hashinator::HashFunctions::Fibonacci<unsigned int>, (unsigned int)4294967295, (unsigned int)4294967294, (int)32, (int)1>, split::split_unified_allocator<Hashinator::Info>> *, double)"
0.0,0.3267,44,0.0074,0.0074,0.0069,0.0082,0.0003, 808    1    1,  64    1    1,"update_velocity_block_content_lists_kernel(vmesh::VelocityMesh *, vmesh::VelocityBlockContainer *, Hashinator::Hashmap<unsigned int, unsigned int, (unsigned int)4294967295, (unsigned int)4294967294, Hashinator::HashFunctions::Fibonacci<unsigned int>, Hashinator::Hashers::Hasher<unsigned int, unsigned int, Hashinator::HashFunctions::Fibonacci<unsigned int>, (unsigned int)4294967295, (unsigned int)4294967294, (int)32, (int)1>, split::split_unified_allocator<Hashinator::Info>> *, Hashinator::Hashmap<unsigned int, unsigned int, (unsigned int)4294967295, (unsigned int)4294967294, Hashinator::HashFunctions::Fibonacci<unsigned int>, Hashinator::Hashers::Hasher<unsigned int, unsigned int, Hashinator::HashFunctions::Fibonacci<unsigned int>, (unsigned int)4294967295, (unsigned int)4294967294, (int)32, (int)1>, split::split_unified_allocator<Hashinator::Info>> *, double)"
0.0,0.3257,44,0.0074,0.0073,0.0069,0.0085,0.0004, 684    1    1,  64    1    1,"update_velocity_block_content_lists_kernel(vmesh::VelocityMesh *, vmesh::VelocityBlockContainer *, Hashinator::Hashmap<unsigned int, unsigned int, (unsigned int)4294967295, (unsigned int)4294967294, Hashinator::HashFunctions::Fibonacci<unsigned int>, Hashinator::Hashers::Hasher<unsigned int, unsigned int, Hashinator::HashFunctions::Fibonacci<unsigned int>, (unsigned int)4294967295, (unsigned int)4294967294, (int)32, (int)1>, split::split_unified_allocator<Hashinator::Info>> *, Hashinator::Hashmap<unsigned int, unsigned int, (unsigned int)4294967295, (unsigned int)4294967294, Hashinator::HashFunctions::Fibonacci<unsigned int>, Hashinator::Hashers::Hasher<unsigned int, unsigned int, Hashinator::HashFunctions::Fibonacci<unsigned int>, (unsigned int)4294967295, (unsigned int)4294967294, (int)32, (int)1>, split::split_unified_allocator<Hashinator::Info>> *, double)"
0.0,0.3257,44,0.0074,0.0073,0.0069,0.0091,0.0004, 759    1    1,  64    1    1,"update_velocity_block_content_lists_kernel(vmesh::VelocityMesh *, vmesh::VelocityBlockContainer *, Hashinator::Hashmap<unsigned int, unsigned int, (unsigned int)4294967295, (unsigned int)4294967294, Hashinator::HashFunctions::Fibonacci<unsigned int>, Hashinator::Hashers::Hasher<unsigned int, unsigned int, Hashinator::HashFunctions::Fibonacci<unsigned int>, (unsigned int)4294967295, (unsigned int)4294967294, (int)32, (int)1>, split::split_unified_allocator<Hashinator::Info>> *, Hashinator::Hashmap<unsigned int, unsigned int, (unsigned int)4294967295, (unsigned int)4294967294, Hashinator::HashFunctions::Fibonacci<unsigned int>, Hashinator::Hashers::Hasher<unsigned int, unsigned int, Hashinator::HashFunctions::Fibonacci<unsigned int>, (unsigned int)4294967295, (unsigned int)4294967294, (int)32, (int)1>, split::split_unified_allocator<Hashinator::Info>> *, double)"
0.0,0.3252,44,0.0074,0.0074,0.0068,0.0083,0.0003, 705    1    1,  64    1    1,"update_velocity_block_content_lists_kernel(vmesh::VelocityMesh *, vmesh::VelocityBlockContainer *, Hashinator::Hashmap<unsigned int, unsigned int, (unsigned int)4294967295, (unsigned int)4294967294, Hashinator::HashFunctions::Fibonacci<unsigned int>, Hashinator::Hashers::Hasher<unsigned int, unsigned int, Hashinator::HashFunctions::Fibonacci<unsigned int>, (unsigned int)4294967295, (unsigned int)4294967294, (int)32, (int)1>, split::split_unified_allocator<Hashinator::Info>> *, Hashinator::Hashmap<unsigned int, unsigned int, (unsigned int)4294967295, (unsigned int)4294967294, Hashinator::HashFunctions::Fibonacci<unsigned int>, Hashinator::Hashers::Hasher<unsigned int, unsigned int, Hashinator::HashFunctions::Fibonacci<unsigned int>, (unsigned int)4294967295, (unsigned int)4294967294, (int)32, (int)1>, split::split_unified_allocator<Hashinator::Info>> *, double)"
0.0,0.3250,44,0.0074,0.0073,0.0070,0.0087,0.0003, 939    1    1,  64    1    1,"update_velocity_block_content_lists_kernel(vmesh::VelocityMesh *, vmesh::VelocityBlockContainer *, Hashinator::Hashmap<unsigned int, unsigned int, (unsigned int)4294967295, (unsigned int)4294967294, Hashinator::HashFunctions::Fibonacci<unsigned int>, Hashinator::Hashers::Hasher<unsigned int, unsigned int, Hashinator::HashFunctions::Fibonacci<unsigned int>, (unsigned int)4294967295, (unsigned int)4294967294, (int)32, (int)1>, split::split_unified_allocator<Hashinator::Info>> *, Hashinator::Hashmap<unsigned int, unsigned int, (unsigned int)4294967295, (unsigned int)4294967294, Hashinator::HashFunctions::Fibonacci<unsigned int>, Hashinator::Hashers::Hasher<unsigned int, unsigned int, Hashinator::HashFunctions::Fibonacci<unsigned int>, (unsigned int)4294967295, (unsigned int)4294967294, (int)32, (int)1>, split::split_unified_allocator<Hashinator::Info>> *, double)"
0.0,0.3250,8,0.0406,0.0107,0.0086,0.1582,0.0584, 146    1    1,1024    1    1,"update_neighbour_halo_kernel(vmesh::VelocityMesh *, unsigned int, unsigned int **, unsigned int *, Hashinator::Hashmap<unsigned int, unsigned int, (unsigned int)4294967295, (unsigned int)4294967294, Hashinator::HashFunctions::Fibonacci<unsigned int>, Hashinator::Hashers::Hasher<unsigned int, unsigned int, Hashinator::HashFunctions::Fibonacci<unsigned int>, (unsigned int)4294967295, (unsigned int)4294967294, (int)32, (int)1>, split::split_unified_allocator<Hashinator::Info>> *, Hashinator::Hashmap<unsigned int, unsigned int, (unsigned int)4294967295, (unsigned int)4294967294, Hashinator::HashFunctions::Fibonacci<unsigned int>, Hashinator::Hashers::Hasher<unsigned int, unsigned int, Hashinator::HashFunctions::Fibonacci<unsigned int>, (unsigned int)4294967295, (unsigned int)4294967294, (int)32, (int)1>, split::split_unified_allocator<Hashinator::Info>> *)"
0.0,0.3248,44,0.0074,0.0073,0.0069,0.0089,0.0004, 718    1    1,  64    1    1,"update_velocity_block_content_lists_kernel(vmesh::VelocityMesh *, vmesh::VelocityBlockContainer *, Hashinator::Hashmap<unsigned int, unsigned int, (unsigned int)4294967295, (unsigned int)4294967294, Hashinator::HashFunctions::Fibonacci<unsigned int>, Hashinator::Hashers::Hasher<unsigned int, unsigned int, Hashinator::HashFunctions::Fibonacci<unsigned int>, (unsigned int)4294967295, (unsigned int)4294967294, (int)32, (int)1>, split::split_unified_allocator<Hashinator::Info>> *, Hashinator::Hashmap<unsigned int, unsigned int, (unsigned int)4294967295, (unsigned int)4294967294, Hashinator::HashFunctions::Fibonacci<unsigned int>, Hashinator::Hashers::Hasher<unsigned int, unsigned int, Hashinator::HashFunctions::Fibonacci<unsigned int>, (unsigned int)4294967295, (unsigned int)4294967294, (int)32, (int)1>, split::split_unified_allocator<Hashinator::Info>> *, double)"
0.0,0.3245,44,0.0074,0.0074,0.0070,0.0081,0.0003, 794    1    1,  64    1    1,"update_velocity_block_content_lists_kernel(vmesh::VelocityMesh *, vmesh::VelocityBlockContainer *, Hashinator::Hashmap<unsigned int, unsigned int, (unsigned int)4294967295, (unsigned int)4294967294, Hashinator::HashFunctions::Fibonacci<unsigned int>, Hashinator::Hashers::Hasher<unsigned int, unsigned int, Hashinator::HashFunctions::Fibonacci<unsigned int>, (unsigned int)4294967295, (unsigned int)4294967294, (int)32, (int)1>, split::split_unified_allocator<Hashinator::Info>> *, Hashinator::Hashmap<unsigned int, unsigned int, (unsigned int)4294967295, (unsigned int)4294967294, Hashinator::HashFunctions::Fibonacci<unsigned int>, Hashinator::Hashers::Hasher<unsigned int, unsigned int, Hashinator::HashFunctions::Fibonacci<unsigned int>, (unsigned int)4294967295, (unsigned int)4294967294, (int)32, (int)1>, split::split_unified_allocator<Hashinator::Info>> *, double)"
0.0,0.3241,44,0.0074,0.0072,0.0069,0.0101,0.0006, 716    1    1,  64    1    1,"update_velocity_block_content_lists_kernel(vmesh::VelocityMesh *, vmesh::VelocityBlockContainer *, Hashinator::Hashmap<unsigned int, unsigned int, (unsigned int)4294967295, (unsigned int)4294967294, Hashinator::HashFunctions::Fibonacci<unsigned int>, Hashinator::Hashers::Hasher<unsigned int, unsigned int, Hashinator::HashFunctions::Fibonacci<unsigned int>, (unsigned int)4294967295, (unsigned int)4294967294, (int)32, (int)1>, split::split_unified_allocator<Hashinator::Info>> *, Hashinator::Hashmap<unsigned int, unsigned int, (unsigned int)4294967295, (unsigned int)4294967294, Hashinator::HashFunctions::Fibonacci<unsigned int>, Hashinator::Hashers::Hasher<unsigned int, unsigned int, Hashinator::HashFunctions::Fibonacci<unsigned int>, (unsigned int)4294967295, (unsigned int)4294967294, (int)32, (int)1>, split::split_unified_allocator<Hashinator::Info>> *, double)"
0.0,0.3236,44,0.0074,0.0073,0.0067,0.0089,0.0004, 674    1    1,  64    1    1,"update_velocity_block_content_lists_kernel(vmesh::VelocityMesh *, vmesh::VelocityBlockContainer *, Hashinator::Hashmap<unsigned int, unsigned int, (unsigned int)4294967295, (unsigned int)4294967294, Hashinator::HashFunctions::Fibonacci<unsigned int>, Hashinator::Hashers::Hasher<unsigned int, unsigned int, Hashinator::HashFunctions::Fibonacci<unsigned int>, (unsigned int)4294967295, (unsigned int)4294967294, (int)32, (int)1>, split::split_unified_allocator<Hashinator::Info>> *, Hashinator::Hashmap<unsigned int, unsigned int, (unsigned int)4294967295, (unsigned int)4294967294, Hashinator::HashFunctions::Fibonacci<unsigned int>, Hashinator::Hashers::Hasher<unsigned int, unsigned int, Hashinator::HashFunctions::Fibonacci<unsigned int>, (unsigned int)4294967295, (unsigned int)4294967294, (int)32, (int)1>, split::split_unified_allocator<Hashinator::Info>> *, double)"
0.0,0.3234,44,0.0073,0.0073,0.0068,0.0089,0.0004, 722    1    1,  64    1    1,"update_velocity_block_content_lists_kernel(vmesh::VelocityMesh *, vmesh::VelocityBlockContainer *, Hashinator::Hashmap<unsigned int, unsigned int, (unsigned int)4294967295, (unsigned int)4294967294, Hashinator::HashFunctions::Fibonacci<unsigned int>, Hashinator::Hashers::Hasher<unsigned int, unsigned int, Hashinator::HashFunctions::Fibonacci<unsigned int>, (unsigned int)4294967295, (unsigned int)4294967294, (int)32, (int)1>, split::split_unified_allocator<Hashinator::Info>> *, Hashinator::Hashmap<unsigned int, unsigned int, (unsigned int)4294967295, (unsigned int)4294967294, Hashinator::HashFunctions::Fibonacci<unsigned int>, Hashinator::Hashers::Hasher<unsigned int, unsigned int, Hashinator::HashFunctions::Fibonacci<unsigned int>, (unsigned int)4294967295, (unsigned int)4294967294, (int)32, (int)1>, split::split_unified_allocator<Hashinator::Info>> *, double)"
0.0,0.3233,44,0.0073,0.0073,0.0069,0.0090,0.0003, 710    1    1,  64    1    1,"update_velocity_block_content_lists_kernel(vmesh::VelocityMesh *, vmesh::VelocityBlockContainer *, Hashinator::Hashmap<unsigned int, unsigned int, (unsigned int)4294967295, (unsigned int)4294967294, Hashinator::HashFunctions::Fibonacci<unsigned int>, Hashinator::Hashers::Hasher<unsigned int, unsigned int, Hashinator::HashFunctions::Fibonacci<unsigned int>, (unsigned int)4294967295, (unsigned int)4294967294, (int)32, (int)1>, split::split_unified_allocator<Hashinator::Info>> *, Hashinator::Hashmap<unsigned int, unsigned int, (unsigned int)4294967295, (unsigned int)4294967294, Hashinator::HashFunctions::Fibonacci<unsigned int>, Hashinator::Hashers::Hasher<unsigned int, unsigned int, Hashinator::HashFunctions::Fibonacci<unsigned int>, (unsigned int)4294967295, (unsigned int)4294967294, (int)32, (int)1>, split::split_unified_allocator<Hashinator::Info>> *, double)"
0.0,0.3225,44,0.0073,0.0071,0.0068,0.0095,0.0005, 655    1    1,  64    1    1,"update_velocity_block_content_lists_kernel(vmesh::VelocityMesh *, vmesh::VelocityBlockContainer *, Hashinator::Hashmap<unsigned int, unsigned int, (unsigned int)4294967295, (unsigned int)4294967294, Hashinator::HashFunctions::Fibonacci<unsigned int>, Hashinator::Hashers::Hasher<unsigned int, unsigned int, Hashinator::HashFunctions::Fibonacci<unsigned int>, (unsigned int)4294967295, (unsigned int)4294967294, (int)32, (int)1>, split::split_unified_allocator<Hashinator::Info>> *, Hashinator::Hashmap<unsigned int, unsigned int, (unsigned int)4294967295, (unsigned int)4294967294, Hashinator::HashFunctions::Fibonacci<unsigned int>, Hashinator::Hashers::Hasher<unsigned int, unsigned int, Hashinator::HashFunctions::Fibonacci<unsigned int>, (unsigned int)4294967295, (unsigned int)4294967294, (int)32, (int)1>, split::split_unified_allocator<Hashinator::Info>> *, double)"
0.0,0.3224,44,0.0073,0.0073,0.0068,0.0085,0.0003, 679    1    1,  64    1    1,"update_velocity_block_content_lists_kernel(vmesh::VelocityMesh *, vmesh::VelocityBlockContainer *, Hashinator::Hashmap<unsigned int, unsigned int, (unsigned int)4294967295, (unsigned int)4294967294, Hashinator::HashFunctions::Fibonacci<unsigned int>, Hashinator::Hashers::Hasher<unsigned int, unsigned int, Hashinator::HashFunctions::Fibonacci<unsigned int>, (unsigned int)4294967295, (unsigned int)4294967294, (int)32, (int)1>, split::split_unified_allocator<Hashinator::Info>> *, Hashinator::Hashmap<unsigned int, unsigned int, (unsigned int)4294967295, (unsigned int)4294967294, Hashinator::HashFunctions::Fibonacci<unsigned int>, Hashinator::Hashers::Hasher<unsigned int, unsigned int, Hashinator::HashFunctions::Fibonacci<unsigned int>, (unsigned int)4294967295, (unsigned int)4294967294, (int)32, (int)1>, split::split_unified_allocator<Hashinator::Info>> *, double)"
0.0,0.3222,44,0.0073,0.0073,0.0070,0.0080,0.0003, 721    1    1,  64    1    1,"update_velocity_block_content_lists_kernel(vmesh::VelocityMesh *, vmesh::VelocityBlockContainer *, Hashinator::Hashmap<unsigned int, unsigned int, (unsigned int)4294967295, (unsigned int)4294967294, Hashinator::HashFunctions::Fibonacci<unsigned int>, Hashinator::Hashers::Hasher<unsigned int, unsigned int, Hashinator::HashFunctions::Fibonacci<unsigned int>, (unsigned int)4294967295, (unsigned int)4294967294, (int)32, (int)1>, split::split_unified_allocator<Hashinator::Info>> *, Hashinator::Hashmap<unsigned int, unsigned int, (unsigned int)4294967295, (unsigned int)4294967294, Hashinator::HashFunctions::Fibonacci<unsigned int>, Hashinator::Hashers::Hasher<unsigned int, unsigned int, Hashinator::HashFunctions::Fibonacci<unsigned int>, (unsigned int)4294967295, (unsigned int)4294967294, (int)32, (int)1>, split::split_unified_allocator<Hashinator::Info>> *, double)"
0.0,0.3215,44,0.0073,0.0072,0.0068,0.0089,0.0004, 708    1    1,  64    1    1,"update_velocity_block_content_lists_kernel(vmesh::VelocityMesh *, vmesh::VelocityBlockContainer *, Hashinator::Hashmap<unsigned int, unsigned int, (unsigned int)4294967295, (unsigned int)4294967294, Hashinator::HashFunctions::Fibonacci<unsigned int>, Hashinator::Hashers::Hasher<unsigned int, unsigned int, Hashinator::HashFunctions::Fibonacci<unsigned int>, (unsigned int)4294967295, (unsigned int)4294967294, (int)32, (int)1>, split::split_unified_allocator<Hashinator::Info>> *, Hashinator::Hashmap<unsigned int, unsigned int, (unsigned int)4294967295, (unsigned int)4294967294, Hashinator::HashFunctions::Fibonacci<unsigned int>, Hashinator::Hashers::Hasher<unsigned int, unsigned int, Hashinator::HashFunctions::Fibonacci<unsigned int>, (unsigned int)4294967295, (unsigned int)4294967294, (int)32, (int)1>, split::split_unified_allocator<Hashinator::Info>> *, double)"
0.0,0.3212,44,0.0073,0.0072,0.0069,0.0084,0.0003, 700    1    1,  64    1    1,"update_velocity_block_content_lists_kernel(vmesh::VelocityMesh *, vmesh::VelocityBlockContainer *, Hashinator::Hashmap<unsigned int, unsigned int, (unsigned int)4294967295, (unsigned int)4294967294, Hashinator::HashFunctions::Fibonacci<unsigned int>, Hashinator::Hashers::Hasher<unsigned int, unsigned int, Hashinator::HashFunctions::Fibonacci<unsigned int>, (unsigned int)4294967295, (unsigned int)4294967294, (int)32, (int)1>, split::split_unified_allocator<Hashinator::Info>> *, Hashinator::Hashmap<unsigned int, unsigned int, (unsigned int)4294967295, (unsigned int)4294967294, Hashinator::HashFunctions::Fibonacci<unsigned int>, Hashinator::Hashers::Hasher<unsigned int, unsigned int, Hashinator::HashFunctions::Fibonacci<unsigned int>, (unsigned int)4294967295, (unsigned int)4294967294, (int)32, (int)1>, split::split_unified_allocator<Hashinator::Info>> *, double)"
0.0,0.3211,44,0.0073,0.0072,0.0068,0.0086,0.0004, 619    1    1,  64    1    1,"update_velocity_block_content_lists_kernel(vmesh::VelocityMesh *, vmesh::VelocityBlockContainer *, Hashinator::Hashmap<unsigned int, unsigned int, (unsigned int)4294967295, (unsigned int)4294967294, Hashinator::HashFunctions::Fibonacci<unsigned int>, Hashinator::Hashers::Hasher<unsigned int, unsigned int, Hashinator::HashFunctions::Fibonacci<unsigned int>, (unsigned int)4294967295, (unsigned int)4294967294, (int)32, (int)1>, split::split_unified_allocator<Hashinator::Info>> *, Hashinator::Hashmap<unsigned int, unsigned int, (unsigned int)4294967295, (unsigned int)4294967294, Hashinator::HashFunctions::Fibonacci<unsigned int>, Hashinator::Hashers::Hasher<unsigned int, unsigned int, Hashinator::HashFunctions::Fibonacci<unsigned int>, (unsigned int)4294967295, (unsigned int)4294967294, (int)32, (int)1>, split::split_unified_allocator<Hashinator::Info>> *, double)"
0.0,0.3207,44,0.0073,0.0072,0.0066,0.0085,0.0004, 547    1    1,  64    1    1,"update_velocity_block_content_lists_kernel(vmesh::VelocityMesh *, vmesh::VelocityBlockContainer *, Hashinator::Hashmap<unsigned int, unsigned int, (unsigned int)4294967295, (unsigned int)4294967294, Hashinator::HashFunctions::Fibonacci<unsigned int>, Hashinator::Hashers::Hasher<unsigned int, unsigned int, Hashinator::HashFunctions::Fibonacci<unsigned int>, (unsigned int)4294967295, (unsigned int)4294967294, (int)32, (int)1>, split::split_unified_allocator<Hashinator::Info>> *, Hashinator::Hashmap<unsigned int, unsigned int, (unsigned int)4294967295, (unsigned int)4294967294, Hashinator::HashFunctions::Fibonacci<unsigned int>, Hashinator::Hashers::Hasher<unsigned int, unsigned int, Hashinator::HashFunctions::Fibonacci<unsigned int>, (unsigned int)4294967295, (unsigned int)4294967294, (int)32, (int)1>, split::split_unified_allocator<Hashinator::Info>> *, double)"
0.0,0.3207,44,0.0073,0.0071,0.0068,0.0099,0.0005, 654    1    1,  64    1    1,"update_velocity_block_content_lists_kernel(vmesh::VelocityMesh *, vmesh::VelocityBlockContainer *, Hashinator::Hashmap<unsigned int, unsigned int, (unsigned int)4294967295, (unsigned int)4294967294, Hashinator::HashFunctions::Fibonacci<unsigned int>, Hashinator::Hashers::Hasher<unsigned int, unsigned int, Hashinator::HashFunctions::Fibonacci<unsigned int>, (unsigned int)4294967295, (unsigned int)4294967294, (int)32, (int)1>, split::split_unified_allocator<Hashinator::Info>> *, Hashinator::Hashmap<unsigned int, unsigned int, (unsigned int)4294967295, (unsigned int)4294967294, Hashinator::HashFunctions::Fibonacci<unsigned int>, Hashinator::Hashers::Hasher<unsigned int, unsigned int, Hashinator::HashFunctions::Fibonacci<unsigned int>, (unsigned int)4294967295, (unsigned int)4294967294, (int)32, (int)1>, split::split_unified_allocator<Hashinator::Info>> *, double)"
0.0,0.3184,44,0.0072,0.0072,0.0068,0.0081,0.0003, 612    1    1,  64    1    1,"update_velocity_block_content_lists_kernel(vmesh::VelocityMesh *, vmesh::VelocityBlockContainer *, Hashinator::Hashmap<unsigned int, unsigned int, (unsigned int)4294967295, (unsigned int)4294967294, Hashinator::HashFunctions::Fibonacci<unsigned int>, Hashinator::Hashers::Hasher<unsigned int, unsigned int, Hashinator::HashFunctions::Fibonacci<unsigned int>, (unsigned int)4294967295, (unsigned int)4294967294, (int)32, (int)1>, split::split_unified_allocator<Hashinator::Info>> *, Hashinator::Hashmap<unsigned int, unsigned int, (unsigned int)4294967295, (unsigned int)4294967294, Hashinator::HashFunctions::Fibonacci<unsigned int>, Hashinator::Hashers::Hasher<unsigned int, unsigned int, Hashinator::HashFunctions::Fibonacci<unsigned int>, (unsigned int)4294967295, (unsigned int)4294967294, (int)32, (int)1>, split::split_unified_allocator<Hashinator::Info>> *, double)"
0.0,0.3181,48,0.0066,0.0041,0.0039,0.1148,0.0160,  31    1    1, 512    1    1,"void arch::reduction_kernel<(unsigned int)512, (arch::reduce_op)2, (unsigned int)4, (unsigned int)3, void blockVelocitySecondMoments<double, (unsigned int)3>(vmesh::VelocityBlockContainer *, T1, T1, T1, T1 (&)[T2], unsigned int)::[lambda(unsigned int, unsigned int, unsigned int, unsigned int, double *) (instance 1)], double>(T5, const T6 *, T6 *, const unsigned int *, unsigned int, unsigned int, T6 *)"
0.0,0.3169,42,0.0075,0.0075,0.0070,0.0088,0.0003, 962    1    1,  64    1    1,"update_velocity_block_content_lists_kernel(vmesh::VelocityMesh *, vmesh::VelocityBlockContainer *, Hashinator::Hashmap<unsigned int, unsigned int, (unsigned int)4294967295, (unsigned int)4294967294, Hashinator::HashFunctions::Fibonacci<unsigned int>, Hashinator::Hashers::Hasher<unsigned int, unsigned int, Hashinator::HashFunctions::Fibonacci<unsigned int>, (unsigned int)4294967295, (unsigned int)4294967294, (int)32, (int)1>, split::split_unified_allocator<Hashinator::Info>> *, Hashinator::Hashmap<unsigned int, unsigned int, (unsigned int)4294967295, (unsigned int)4294967294, Hashinator::HashFunctions::Fibonacci<unsigned int>, Hashinator::Hashers::Hasher<unsigned int, unsigned int, Hashinator::HashFunctions::Fibonacci<unsigned int>, (unsigned int)4294967295, (unsigned int)4294967294, (int)32, (int)1>, split::split_unified_allocator<Hashinator::Info>> *, double)"
0.0,0.3167,44,0.0072,0.0071,0.0067,0.0087,0.0004, 548    1    1,  64    1    1,"update_velocity_block_content_lists_kernel(vmesh::VelocityMesh *, vmesh::VelocityBlockContainer *, Hashinator::Hashmap<unsigned int, unsigned int, (unsigned int)4294967295, (unsigned int)4294967294, Hashinator::HashFunctions::Fibonacci<unsigned int>, Hashinator::Hashers::Hasher<unsigned int, unsigned int, Hashinator::HashFunctions::Fibonacci<unsigned int>, (unsigned int)4294967295, (unsigned int)4294967294, (int)32, (int)1>, split::split_unified_allocator<Hashinator::Info>> *, Hashinator::Hashmap<unsigned int, unsigned int, (unsigned int)4294967295, (unsigned int)4294967294, Hashinator::HashFunctions::Fibonacci<unsigned int>, Hashinator::Hashers::Hasher<unsigned int, unsigned int, Hashinator::HashFunctions::Fibonacci<unsigned int>, (unsigned int)4294967295, (unsigned int)4294967294, (int)32, (int)1>, split::split_unified_allocator<Hashinator::Info>> *, double)"
0.0,0.3167,44,0.0072,0.0071,0.0068,0.0092,0.0004, 544    1    1,  64    1    1,"update_velocity_block_content_lists_kernel(vmesh::VelocityMesh *, vmesh::VelocityBlockContainer *, Hashinator::Hashmap<unsigned int, unsigned int, (unsigned int)4294967295, (unsigned int)4294967294, Hashinator::HashFunctions::Fibonacci<unsigned int>, Hashinator::Hashers::Hasher<unsigned int, unsigned int, Hashinator::HashFunctions::Fibonacci<unsigned int>, (unsigned int)4294967295, (unsigned int)4294967294, (int)32, (int)1>, split::split_unified_allocator<Hashinator::Info>> *, Hashinator::Hashmap<unsigned int, unsigned int, (unsigned int)4294967295, (unsigned int)4294967294, Hashinator::HashFunctions::Fibonacci<unsigned int>, Hashinator::Hashers::Hasher<unsigned int, unsigned int, Hashinator::HashFunctions::Fibonacci<unsigned int>, (unsigned int)4294967295, (unsigned int)4294967294, (int)32, (int)1>, split::split_unified_allocator<Hashinator::Info>> *, double)"
0.0,0.3161,44,0.0072,0.0071,0.0066,0.0086,0.0004, 496    1    1,  64    1    1,"update_velocity_block_content_lists_kernel(vmesh::VelocityMesh *, vmesh::VelocityBlockContainer *, Hashinator::Hashmap<unsigned int, unsigned int, (unsigned int)4294967295, (unsigned int)4294967294, Hashinator::HashFunctions::Fibonacci<unsigned int>, Hashinator::Hashers::Hasher<unsigned int, unsigned int, Hashinator::HashFunctions::Fibonacci<unsigned int>, (unsigned int)4294967295, (unsigned int)4294967294, (int)32, (int)1>, split::split_unified_allocator<Hashinator::Info>> *, Hashinator::Hashmap<unsigned int, unsigned int, (unsigned int)4294967295, (unsigned int)4294967294, Hashinator::HashFunctions::Fibonacci<unsigned int>, Hashinator::Hashers::Hasher<unsigned int, unsigned int, Hashinator::HashFunctions::Fibonacci<unsigned int>, (unsigned int)4294967295, (unsigned int)4294967294, (int)32, (int)1>, split::split_unified_allocator<Hashinator::Info>> *, double)"
0.0,0.3158,44,0.0072,0.0071,0.0067,0.0080,0.0003, 556    1    1,  64    1    1,"update_velocity_block_content_lists_kernel(vmesh::VelocityMesh *, vmesh::VelocityBlockContainer *, Hashinator::Hashmap<unsigned int, unsigned int, (unsigned int)4294967295, (unsigned int)4294967294, Hashinator::HashFunctions::Fibonacci<unsigned int>, Hashinator::Hashers::Hasher<unsigned int, unsigned int, Hashinator::HashFunctions::Fibonacci<unsigned int>, (unsigned int)4294967295, (unsigned int)4294967294, (int)32, (int)1>, split::split_unified_allocator<Hashinator::Info>> *, Hashinator::Hashmap<unsigned int, unsigned int, (unsigned int)4294967295, (unsigned int)4294967294, Hashinator::HashFunctions::Fibonacci<unsigned int>, Hashinator::Hashers::Hasher<unsigned int, unsigned int, Hashinator::HashFunctions::Fibonacci<unsigned int>, (unsigned int)4294967295, (unsigned int)4294967294, (int)32, (int)1>, split::split_unified_allocator<Hashinator::Info>> *, double)"
0.0,0.3157,44,0.0072,0.0071,0.0067,0.0089,0.0004, 545    1    1,  64    1    1,"update_velocity_block_content_lists_kernel(vmesh::VelocityMesh *, vmesh::VelocityBlockContainer *, Hashinator::Hashmap<unsigned int, unsigned int, (unsigned int)4294967295, (unsigned int)4294967294, Hashinator::HashFunctions::Fibonacci<unsigned int>, Hashinator::Hashers::Hasher<unsigned int, unsigned int, Hashinator::HashFunctions::Fibonacci<unsigned int>, (unsigned int)4294967295, (unsigned int)4294967294, (int)32, (int)1>, split::split_unified_allocator<Hashinator::Info>> *, Hashinator::Hashmap<unsigned int, unsigned int, (unsigned int)4294967295, (unsigned int)4294967294, Hashinator::HashFunctions::Fibonacci<unsigned int>, Hashinator::Hashers::Hasher<unsigned int, unsigned int, Hashinator::HashFunctions::Fibonacci<unsigned int>, (unsigned int)4294967295, (unsigned int)4294967294, (int)32, (int)1>, split::split_unified_allocator<Hashinator::Info>> *, double)"
0.0,0.3154,44,0.0072,0.0071,0.0066,0.0080,0.0004, 480    1    1,  64    1    1,"update_velocity_block_content_lists_kernel(vmesh::VelocityMesh *, vmesh::VelocityBlockContainer *, Hashinator::Hashmap<unsigned int, unsigned int, (unsigned int)4294967295, (unsigned int)4294967294, Hashinator::HashFunctions::Fibonacci<unsigned int>, Hashinator::Hashers::Hasher<unsigned int, unsigned int, Hashinator::HashFunctions::Fibonacci<unsigned int>, (unsigned int)4294967295, (unsigned int)4294967294, (int)32, (int)1>, split::split_unified_allocator<Hashinator::Info>> *, Hashinator::Hashmap<unsigned int, unsigned int, (unsigned int)4294967295, (unsigned int)4294967294, Hashinator::HashFunctions::Fibonacci<unsigned int>, Hashinator::Hashers::Hasher<unsigned int, unsigned int, Hashinator::HashFunctions::Fibonacci<unsigned int>, (unsigned int)4294967295, (unsigned int)4294967294, (int)32, (int)1>, split::split_unified_allocator<Hashinator::Info>> *, double)"
0.0,0.3152,44,0.0072,0.0072,0.0068,0.0080,0.0002, 611    1    1,  64    1    1,"update_velocity_block_content_lists_kernel(vmesh::VelocityMesh *, vmesh::VelocityBlockContainer *, Hashinator::Hashmap<unsigned int, unsigned int, (unsigned int)4294967295, (unsigned int)4294967294, Hashinator::HashFunctions::Fibonacci<unsigned int>, Hashinator::Hashers::Hasher<unsigned int, unsigned int, Hashinator::HashFunctions::Fibonacci<unsigned int>, (unsigned int)4294967295, (unsigned int)4294967294, (int)32, (int)1>, split::split_unified_allocator<Hashinator::Info>> *, Hashinator::Hashmap<unsigned int, unsigned int, (unsigned int)4294967295, (unsigned int)4294967294, Hashinator::HashFunctions::Fibonacci<unsigned int>, Hashinator::Hashers::Hasher<unsigned int, unsigned int, Hashinator::HashFunctions::Fibonacci<unsigned int>, (unsigned int)4294967295, (unsigned int)4294967294, (int)32, (int)1>, split::split_unified_allocator<Hashinator::Info>> *, double)"
0.0,0.3142,44,0.0071,0.0071,0.0066,0.0085,0.0004, 483    1    1,  64    1    1,"update_velocity_block_content_lists_kernel(vmesh::VelocityMesh *, vmesh::VelocityBlockContainer *, Hashinator::Hashmap<unsigned int, unsigned int, (unsigned int)4294967295, (unsigned int)4294967294, Hashinator::HashFunctions::Fibonacci<unsigned int>, Hashinator::Hashers::Hasher<unsigned int, unsigned int, Hashinator::HashFunctions::Fibonacci<unsigned int>, (unsigned int)4294967295, (unsigned int)4294967294, (int)32, (int)1>, split::split_unified_allocator<Hashinator::Info>> *, Hashinator::Hashmap<unsigned int, unsigned int, (unsigned int)4294967295, (unsigned int)4294967294, Hashinator::HashFunctions::Fibonacci<unsigned int>, Hashinator::Hashers::Hasher<unsigned int, unsigned int, Hashinator::HashFunctions::Fibonacci<unsigned int>, (unsigned int)4294967295, (unsigned int)4294967294, (int)32, (int)1>, split::split_unified_allocator<Hashinator::Info>> *, double)"
0.0,0.3140,44,0.0071,0.0071,0.0068,0.0080,0.0003, 541    1    1,  64    1    1,"update_velocity_block_content_lists_kernel(vmesh::VelocityMesh *, vmesh::VelocityBlockContainer *, Hashinator::Hashmap<unsigned int, unsigned int, (unsigned int)4294967295, (unsigned int)4294967294, Hashinator::HashFunctions::Fibonacci<unsigned int>, Hashinator::Hashers::Hasher<unsigned int, unsigned int, Hashinator::HashFunctions::Fibonacci<unsigned int>, (unsigned int)4294967295, (unsigned int)4294967294, (int)32, (int)1>, split::split_unified_allocator<Hashinator::Info>> *, Hashinator::Hashmap<unsigned int, unsigned int, (unsigned int)4294967295, (unsigned int)4294967294, Hashinator::HashFunctions::Fibonacci<unsigned int>, Hashinator::Hashers::Hasher<unsigned int, unsigned int, Hashinator::HashFunctions::Fibonacci<unsigned int>, (unsigned int)4294967295, (unsigned int)4294967294, (int)32, (int)1>, split::split_unified_allocator<Hashinator::Info>> *, double)"
0.0,0.3120,6,0.0520,0.0084,0.0070,0.1960,0.0770, 319    1    1,  64    1    1,"update_velocity_blocks_kernel(vmesh::VelocityMesh *, vmesh::VelocityBlockContainer *, split::SplitVector<unsigned int, split::split_unified_allocator<unsigned int>> *, split::SplitVector<Hashinator::hash_pair<unsigned int, unsigned int>, split::split_unified_allocator<Hashinator::hash_pair<unsigned int, unsigned int>>> *, split::SplitVector<Hashinator::hash_pair<unsigned int, unsigned int>, split::split_unified_allocator<Hashinator::hash_pair<unsigned int, unsigned int>>> *, split::SplitVector<Hashinator::hash_pair<unsigned int, unsigned int>, split::split_unified_allocator<Hashinator::hash_pair<unsigned int, unsigned int>>> *, unsigned int, unsigned int, unsigned int, float *)"
0.0,0.3119,44,0.0071,0.0070,0.0066,0.0082,0.0004, 506    1    1,  64    1    1,"update_velocity_block_content_lists_kernel(vmesh::VelocityMesh *, vmesh::VelocityBlockContainer *, Hashinator::Hashmap<unsigned int, unsigned int, (unsigned int)4294967295, (unsigned int)4294967294, Hashinator::HashFunctions::Fibonacci<unsigned int>, Hashinator::Hashers::Hasher<unsigned int, unsigned int, Hashinator::HashFunctions::Fibonacci<unsigned int>, (unsigned int)4294967295, (unsigned int)4294967294, (int)32, (int)1>, split::split_unified_allocator<Hashinator::Info>> *, Hashinator::Hashmap<unsigned int, unsigned int, (unsigned int)4294967295, (unsigned int)4294967294, Hashinator::HashFunctions::Fibonacci<unsigned int>, Hashinator::Hashers::Hasher<unsigned int, unsigned int, Hashinator::HashFunctions::Fibonacci<unsigned int>, (unsigned int)4294967295, (unsigned int)4294967294, (int)32, (int)1>, split::split_unified_allocator<Hashinator::Info>> *, double)"
0.0,0.3112,5,0.0622,0.0699,0.0055,0.1523,0.0607, 225    1    1,  64    1    1,"update_velocity_blocks_kernel(vmesh::VelocityMesh *, vmesh::VelocityBlockContainer *, split::SplitVector<unsigned int, split::split_unified_allocator<unsigned int>> *, split::SplitVector<Hashinator::hash_pair<unsigned int, unsigned int>, split::split_unified_allocator<Hashinator::hash_pair<unsigned int, unsigned int>>> *, split::SplitVector<Hashinator::hash_pair<unsigned int, unsigned int>, split::split_unified_allocator<Hashinator::hash_pair<unsigned int, unsigned int>>> *, split::SplitVector<Hashinator::hash_pair<unsigned int, unsigned int>, split::split_unified_allocator<Hashinator::hash_pair<unsigned int, unsigned int>>> *, unsigned int, unsigned int, unsigned int, float *)"
0.0,0.3098,44,0.0070,0.0069,0.0066,0.0081,0.0003, 497    1    1,  64    1    1,"update_velocity_block_content_lists_kernel(vmesh::VelocityMesh *, vmesh::VelocityBlockContainer *, Hashinator::Hashmap<unsigned int, unsigned int, (unsigned int)4294967295, (unsigned int)4294967294, Hashinator::HashFunctions::Fibonacci<unsigned int>, Hashinator::Hashers::Hasher<unsigned int, unsigned int, Hashinator::HashFunctions::Fibonacci<unsigned int>, (unsigned int)4294967295, (unsigned int)4294967294, (int)32, (int)1>, split::split_unified_allocator<Hashinator::Info>> *, Hashinator::Hashmap<unsigned int, unsigned int, (unsigned int)4294967295, (unsigned int)4294967294, Hashinator::HashFunctions::Fibonacci<unsigned int>, Hashinator::Hashers::Hasher<unsigned int, unsigned int, Hashinator::HashFunctions::Fibonacci<unsigned int>, (unsigned int)4294967295, (unsigned int)4294967294, (int)32, (int)1>, split::split_unified_allocator<Hashinator::Info>> *, double)"
0.0,0.3093,3,0.1031,0.0840,0.0489,0.1764,0.0658, 230    1    1,  64    1    1,"update_velocity_blocks_kernel(vmesh::VelocityMesh *, vmesh::VelocityBlockContainer *, split::SplitVector<unsigned int, split::split_unified_allocator<unsigned int>> *, split::SplitVector<Hashinator::hash_pair<unsigned int, unsigned int>, split::split_unified_allocator<Hashinator::hash_pair<unsigned int, unsigned int>>> *, split::SplitVector<Hashinator::hash_pair<unsigned int, unsigned int>, split::split_unified_allocator<Hashinator::hash_pair<unsigned int, unsigned int>>> *, split::SplitVector<Hashinator::hash_pair<unsigned int, unsigned int>, split::split_unified_allocator<Hashinator::hash_pair<unsigned int, unsigned int>>> *, unsigned int, unsigned int, unsigned int, float *)"
0.0,0.3087,44,0.0070,0.0070,0.0064,0.0086,0.0004, 440    1    1,  64    1    1,"update_velocity_block_content_lists_kernel(vmesh::VelocityMesh *, vmesh::VelocityBlockContainer *, Hashinator::Hashmap<unsigned int, unsigned int, (unsigned int)4294967295, (unsigned int)4294967294, Hashinator::HashFunctions::Fibonacci<unsigned int>, Hashinator::Hashers::Hasher<unsigned int, unsigned int, Hashinator::HashFunctions::Fibonacci<unsigned int>, (unsigned int)4294967295, (unsigned int)4294967294, (int)32, (int)1>, split::split_unified_allocator<Hashinator::Info>> *, Hashinator::Hashmap<unsigned int, unsigned int, (unsigned int)4294967295, (unsigned int)4294967294, Hashinator::HashFunctions::Fibonacci<unsigned int>, Hashinator::Hashers::Hasher<unsigned int, unsigned int, Hashinator::HashFunctions::Fibonacci<unsigned int>, (unsigned int)4294967295, (unsigned int)4294967294, (int)32, (int)1>, split::split_unified_allocator<Hashinator::Info>> *, double)"
0.0,0.3072,42,0.0073,0.0072,0.0068,0.0109,0.0006, 671    1    1,  64    1    1,"update_velocity_block_content_lists_kernel(vmesh::VelocityMesh *, vmesh::VelocityBlockContainer *, Hashinator::Hashmap<unsigned int, unsigned int, (unsigned int)4294967295, (unsigned int)4294967294, Hashinator::HashFunctions::Fibonacci<unsigned int>, Hashinator::Hashers::Hasher<unsigned int, unsigned int, Hashinator::HashFunctions::Fibonacci<unsigned int>, (unsigned int)4294967295, (unsigned int)4294967294, (int)32, (int)1>, split::split_unified_allocator<Hashinator::Info>> *, Hashinator::Hashmap<unsigned int, unsigned int, (unsigned int)4294967295, (unsigned int)4294967294, Hashinator::HashFunctions::Fibonacci<unsigned int>, Hashinator::Hashers::Hasher<unsigned int, unsigned int, Hashinator::HashFunctions::Fibonacci<unsigned int>, (unsigned int)4294967295, (unsigned int)4294967294, (int)32, (int)1>, split::split_unified_allocator<Hashinator::Info>> *, double)"
0.0,0.3052,8,0.0381,0.0494,0.0043,0.0499,0.0208,  45    1    1, 512    1    1,"void arch::reduction_kernel<(unsigned int)512, (arch::reduce_op)2, (unsigned int)4, (unsigned int)3, DRO::VariablePTensorDiagonal::reduceData(const spatial_cell::SpatialCell *, char *)::[lambda(unsigned int, unsigned int, unsigned int, unsigned int, double *) (instance 1)], double>(T5, const T6 *, T6 *, const unsigned int *, unsigned int, unsigned int, T6 *)"
0.0,0.3031,8,0.0379,0.0489,0.0044,0.0498,0.0207,  45    1    1, 512    1    1,"void arch::reduction_kernel<(unsigned int)512, (arch::reduce_op)2, (unsigned int)4, (unsigned int)3, DRO::VariablePTensorOffDiagonal::reduceData(const spatial_cell::SpatialCell *, char *)::[lambda(unsigned int, unsigned int, unsigned int, unsigned int, double *) (instance 1)], double>(T5, const T6 *, T6 *, const unsigned int *, unsigned int, unsigned int, T6 *)"
0.0,0.3023,40,0.0076,0.0074,0.0070,0.0100,0.0005, 917    1    1,  64    1    1,"update_velocity_block_content_lists_kernel(vmesh::VelocityMesh *, vmesh::VelocityBlockContainer *, Hashinator::Hashmap<unsigned int, unsigned int, (unsigned int)4294967295, (unsigned int)4294967294, Hashinator::HashFunctions::Fibonacci<unsigned int>, Hashinator::Hashers::Hasher<unsigned int, unsigned int, Hashinator::HashFunctions::Fibonacci<unsigned int>, (unsigned int)4294967295, (unsigned int)4294967294, (int)32, (int)1>, split::split_unified_allocator<Hashinator::Info>> *, Hashinator::Hashmap<unsigned int, unsigned int, (unsigned int)4294967295, (unsigned int)4294967294, Hashinator::HashFunctions::Fibonacci<unsigned int>, Hashinator::Hashers::Hasher<unsigned int, unsigned int, Hashinator::HashFunctions::Fibonacci<unsigned int>, (unsigned int)4294967295, (unsigned int)4294967294, (int)32, (int)1>, split::split_unified_allocator<Hashinator::Info>> *, double)"
0.0,0.3019,48,0.0063,0.0041,0.0039,0.0628,0.0107,  38    1    1, 512    1    1,"void arch::reduction_kernel<(unsigned int)512, (arch::reduce_op)2, (unsigned int)4, (unsigned int)3, void blockVelocitySecondMoments<double, (unsigned int)3>(vmesh::VelocityBlockContainer *, T1, T1, T1, T1 (&)[T2], unsigned int)::[lambda(unsigned int, unsigned int, unsigned int, unsigned int, double *) (instance 1)], double>(T5, const T6 *, T6 *, const unsigned int *, unsigned int, unsigned int, T6 *)"
0.0,0.2995,40,0.0075,0.0074,0.0070,0.0095,0.0004, 814    1    1,  64    1    1,"update_velocity_block_content_lists_kernel(vmesh::VelocityMesh *, vmesh::VelocityBlockContainer *, Hashinator::Hashmap<unsigned int, unsigned int, (unsigned int)4294967295, (unsigned int)4294967294, Hashinator::HashFunctions::Fibonacci<unsigned int>, Hashinator::Hashers::Hasher<unsigned int, unsigned int, Hashinator::HashFunctions::Fibonacci<unsigned int>, (unsigned int)4294967295, (unsigned int)4294967294, (int)32, (int)1>, split::split_unified_allocator<Hashinator::Info>> *, Hashinator::Hashmap<unsigned int, unsigned int, (unsigned int)4294967295, (unsigned int)4294967294, Hashinator::HashFunctions::Fibonacci<unsigned int>, Hashinator::Hashers::Hasher<unsigned int, unsigned int, Hashinator::HashFunctions::Fibonacci<unsigned int>, (unsigned int)4294967295, (unsigned int)4294967294, (int)32, (int)1>, split::split_unified_allocator<Hashinator::Info>> *, double)"
0.0,0.2980,72,0.0041,0.0041,0.0039,0.0052,0.0002,  47    1    1, 512    1    1,"void arch::reduction_kernel<(unsigned int)512, (arch::reduce_op)2, (unsigned int)4, (unsigned int)3, void blockVelocitySecondMoments<double, (unsigned int)3>(vmesh::VelocityBlockContainer *, T1, T1, T1, T1 (&)[T2], unsigned int)::[lambda(unsigned int, unsigned int, unsigned int, unsigned int, double *) (instance 1)], double>(T5, const T6 *, T6 *, const unsigned int *, unsigned int, unsigned int, T6 *)"
0.0,0.2978,40,0.0074,0.0074,0.0070,0.0081,0.0003,1011    1    1,  64    1    1,"update_velocity_block_content_lists_kernel(vmesh::VelocityMesh *, vmesh::VelocityBlockContainer *, Hashinator::Hashmap<unsigned int, unsigned int, (unsigned int)4294967295, (unsigned int)4294967294, Hashinator::HashFunctions::Fibonacci<unsigned int>, Hashinator::Hashers::Hasher<unsigned int, unsigned int, Hashinator::HashFunctions::Fibonacci<unsigned int>, (unsigned int)4294967295, (unsigned int)4294967294, (int)32, (int)1>, split::split_unified_allocator<Hashinator::Info>> *, Hashinator::Hashmap<unsigned int, unsigned int, (unsigned int)4294967295, (unsigned int)4294967294, Hashinator::HashFunctions::Fibonacci<unsigned int>, Hashinator::Hashers::Hasher<unsigned int, unsigned int, Hashinator::HashFunctions::Fibonacci<unsigned int>, (unsigned int)4294967295, (unsigned int)4294967294, (int)32, (int)1>, split::split_unified_allocator<Hashinator::Info>> *, double)"
0.0,0.2962,39,0.0076,0.0075,0.0071,0.0086,0.0003, 819    1    1,  64    1    1,"update_velocity_block_content_lists_kernel(vmesh::VelocityMesh *, vmesh::VelocityBlockContainer *, Hashinator::Hashmap<unsigned int, unsigned int, (unsigned int)4294967295, (unsigned int)4294967294, Hashinator::HashFunctions::Fibonacci<unsigned int>, Hashinator::Hashers::Hasher<unsigned int, unsigned int, Hashinator::HashFunctions::Fibonacci<unsigned int>, (unsigned int)4294967295, (unsigned int)4294967294, (int)32, (int)1>, split::split_unified_allocator<Hashinator::Info>> *, Hashinator::Hashmap<unsigned int, unsigned int, (unsigned int)4294967295, (unsigned int)4294967294, Hashinator::HashFunctions::Fibonacci<unsigned int>, Hashinator::Hashers::Hasher<unsigned int, unsigned int, Hashinator::HashFunctions::Fibonacci<unsigned int>, (unsigned int)4294967295, (unsigned int)4294967294, (int)32, (int)1>, split::split_unified_allocator<Hashinator::Info>> *, double)"
0.0,0.2948,8,0.0368,0.0254,0.0074,0.1160,0.0370, 580    1    1,  64    1    1,"update_velocity_blocks_kernel(vmesh::VelocityMesh *, vmesh::VelocityBlockContainer *, split::SplitVector<unsigned int, split::split_unified_allocator<unsigned int>> *, split::SplitVector<Hashinator::hash_pair<unsigned int, unsigned int>, split::split_unified_allocator<Hashinator::hash_pair<unsigned int, unsigned int>>> *, split::SplitVector<Hashinator::hash_pair<unsigned int, unsigned int>, split::split_unified_allocator<Hashinator::hash_pair<unsigned int, unsigned int>>> *, split::SplitVector<Hashinator::hash_pair<unsigned int, unsigned int>, split::split_unified_allocator<Hashinator::hash_pair<unsigned int, unsigned int>>> *, unsigned int, unsigned int, unsigned int, float *)"
0.0,0.2909,39,0.0075,0.0074,0.0070,0.0090,0.0004, 825    1    1,  64    1    1,"update_velocity_block_content_lists_kernel(vmesh::VelocityMesh *, vmesh::VelocityBlockContainer *, Hashinator::Hashmap<unsigned int, unsigned int, (unsigned int)4294967295, (unsigned int)4294967294, Hashinator::HashFunctions::Fibonacci<unsigned int>, Hashinator::Hashers::Hasher<unsigned int, unsigned int, Hashinator::HashFunctions::Fibonacci<unsigned int>, (unsigned int)4294967295, (unsigned int)4294967294, (int)32, (int)1>, split::split_unified_allocator<Hashinator::Info>> *, Hashinator::Hashmap<unsigned int, unsigned int, (unsigned int)4294967295, (unsigned int)4294967294, Hashinator::HashFunctions::Fibonacci<unsigned int>, Hashinator::Hashers::Hasher<unsigned int, unsigned int, Hashinator::HashFunctions::Fibonacci<unsigned int>, (unsigned int)4294967295, (unsigned int)4294967294, (int)32, (int)1>, split::split_unified_allocator<Hashinator::Info>> *, double)"
0.0,0.2896,38,0.0076,0.0076,0.0072,0.0083,0.0003, 974    1    1,  64    1    1,"update_velocity_block_content_lists_kernel(vmesh::VelocityMesh *, vmesh::VelocityBlockContainer *, Hashinator::Hashmap<unsigned int, unsigned int, (unsigned int)4294967295, (unsigned int)4294967294, Hashinator::HashFunctions::Fibonacci<unsigned int>, Hashinator::Hashers::Hasher<unsigned int, unsigned int, Hashinator::HashFunctions::Fibonacci<unsigned int>, (unsigned int)4294967295, (unsigned int)4294967294, (int)32, (int)1>, split::split_unified_allocator<Hashinator::Info>> *, Hashinator::Hashmap<unsigned int, unsigned int, (unsigned int)4294967295, (unsigned int)4294967294, Hashinator::HashFunctions::Fibonacci<unsigned int>, Hashinator::Hashers::Hasher<unsigned int, unsigned int, Hashinator::HashFunctions::Fibonacci<unsigned int>, (unsigned int)4294967295, (unsigned int)4294967294, (int)32, (int)1>, split::split_unified_allocator<Hashinator::Info>> *, double)"
0.0,0.2884,39,0.0074,0.0073,0.0068,0.0086,0.0004, 756    1    1,  64    1    1,"update_velocity_block_content_lists_kernel(vmesh::VelocityMesh *, vmesh::VelocityBlockContainer *, Hashinator::Hashmap<unsigned int, unsigned int, (unsigned int)4294967295, (unsigned int)4294967294, Hashinator::HashFunctions::Fibonacci<unsigned int>, Hashinator::Hashers::Hasher<unsigned int, unsigned int, Hashinator::HashFunctions::Fibonacci<unsigned int>, (unsigned int)4294967295, (unsigned int)4294967294, (int)32, (int)1>, split::split_unified_allocator<Hashinator::Info>> *, Hashinator::Hashmap<unsigned int, unsigned int, (unsigned int)4294967295, (unsigned int)4294967294, Hashinator::HashFunctions::Fibonacci<unsigned int>, Hashinator::Hashers::Hasher<unsigned int, unsigned int, Hashinator::HashFunctions::Fibonacci<unsigned int>, (unsigned int)4294967295, (unsigned int)4294967294, (int)32, (int)1>, split::split_unified_allocator<Hashinator::Info>> *, double)"
0.0,0.2863,24,0.0119,0.0049,0.0046,0.0756,0.0188,  77    1    1, 512    1    1,"void arch::reduction_kernel<(unsigned int)512, (arch::reduce_op)2, (unsigned int)4, (unsigned int)4, void blockVelocityFirstMoments<double, (unsigned int)4>(vmesh::VelocityBlockContainer *, T1 (&)[T2], unsigned int)::[lambda(unsigned int, unsigned int, unsigned int, unsigned int, double *) (instance 1)], double>(T5, const T6 *, T6 *, const unsigned int *, unsigned int, unsigned int, T6 *)"
0.0,0.2862,38,0.0075,0.0074,0.0069,0.0082,0.0003, 952    1    1,  64    1    1,"update_velocity_block_content_lists_kernel(vmesh::VelocityMesh *, vmesh::VelocityBlockContainer *, Hashinator::Hashmap<unsigned int, unsigned int, (unsigned int)4294967295, (unsigned int)4294967294, Hashinator::HashFunctions::Fibonacci<unsigned int>, Hashinator::Hashers::Hasher<unsigned int, unsigned int, Hashinator::HashFunctions::Fibonacci<unsigned int>, (unsigned int)4294967295, (unsigned int)4294967294, (int)32, (int)1>, split::split_unified_allocator<Hashinator::Info>> *, Hashinator::Hashmap<unsigned int, unsigned int, (unsigned int)4294967295, (unsigned int)4294967294, Hashinator::HashFunctions::Fibonacci<unsigned int>, Hashinator::Hashers::Hasher<unsigned int, unsigned int, Hashinator::HashFunctions::Fibonacci<unsigned int>, (unsigned int)4294967295, (unsigned int)4294967294, (int)32, (int)1>, split::split_unified_allocator<Hashinator::Info>> *, double)"
0.0,0.2820,40,0.0070,0.0070,0.0063,0.0086,0.0005, 378    1    1,  64    1    1,"update_velocity_block_content_lists_kernel(vmesh::VelocityMesh *, vmesh::VelocityBlockContainer *, Hashinator::Hashmap<unsigned int, unsigned int, (unsigned int)4294967295, (unsigned int)4294967294, Hashinator::HashFunctions::Fibonacci<unsigned int>, Hashinator::Hashers::Hasher<unsigned int, unsigned int, Hashinator::HashFunctions::Fibonacci<unsigned int>, (unsigned int)4294967295, (unsigned int)4294967294, (int)32, (int)1>, split::split_unified_allocator<Hashinator::Info>> *, Hashinator::Hashmap<unsigned int, unsigned int, (unsigned int)4294967295, (unsigned int)4294967294, Hashinator::HashFunctions::Fibonacci<unsigned int>, Hashinator::Hashers::Hasher<unsigned int, unsigned int, Hashinator::HashFunctions::Fibonacci<unsigned int>, (unsigned int)4294967295, (unsigned int)4294967294, (int)32, (int)1>, split::split_unified_allocator<Hashinator::Info>> *, double)"
0.0,0.2721,48,0.0057,0.0041,0.0039,0.0772,0.0105,  66    1    1, 512    1    1,"void arch::reduction_kernel<(unsigned int)512, (arch::reduce_op)2, (unsigned int)4, (unsigned int)3, void blockVelocitySecondMoments<double, (unsigned int)3>(vmesh::VelocityBlockContainer *, T1, T1, T1, T1 (&)[T2], unsigned int)::[lambda(unsigned int, unsigned int, unsigned int, unsigned int, double *) (instance 1)], double>(T5, const T6 *, T6 *, const unsigned int *, unsigned int, unsigned int, T6 *)"
0.0,0.2691,24,0.0112,0.0048,0.0046,0.0606,0.0171,  59    1    1, 512    1    1,"void arch::reduction_kernel<(unsigned int)512, (arch::reduce_op)2, (unsigned int)4, (unsigned int)4, void blockVelocityFirstMoments<double, (unsigned int)4>(vmesh::VelocityBlockContainer *, T1 (&)[T2], unsigned int)::[lambda(unsigned int, unsigned int, unsigned int, unsigned int, double *) (instance 1)], double>(T5, const T6 *, T6 *, const unsigned int *, unsigned int, unsigned int, T6 *)"
0.0,0.2546,18,0.0141,0.0039,0.0033,0.0788,0.0240,   1    1    1, 160    1    1,"void Hashinator::Hashers::insert_kernel<unsigned int, unsigned int, (unsigned int)4294967295, Hashinator::HashFunctions::Fibonacci<unsigned int>, (int)32, (int)1>(Hashinator::hash_pair<T1, T2> *, Hashinator::hash_pair<T1, T2> *, Hashinator::Info *, unsigned long)"
0.0,0.2378,34,0.0070,0.0070,0.0064,0.0081,0.0004, 410    1    1,  64    1    1,"update_velocity_block_content_lists_kernel(vmesh::VelocityMesh *, vmesh::VelocityBlockContainer *, Hashinator::Hashmap<unsigned int, unsigned int, (unsigned int)4294967295, (unsigned int)4294967294, Hashinator::HashFunctions::Fibonacci<unsigned int>, Hashinator::Hashers::Hasher<unsigned int, unsigned int, Hashinator::HashFunctions::Fibonacci<unsigned int>, (unsigned int)4294967295, (unsigned int)4294967294, (int)32, (int)1>, split::split_unified_allocator<Hashinator::Info>> *, Hashinator::Hashmap<unsigned int, unsigned int, (unsigned int)4294967295, (unsigned int)4294967294, Hashinator::HashFunctions::Fibonacci<unsigned int>, Hashinator::Hashers::Hasher<unsigned int, unsigned int, Hashinator::HashFunctions::Fibonacci<unsigned int>, (unsigned int)4294967295, (unsigned int)4294967294, (int)32, (int)1>, split::split_unified_allocator<Hashinator::Info>> *, double)"
0.0,0.2335,32,0.0073,0.0073,0.0069,0.0078,0.0002, 752    1    1,  64    1    1,"update_velocity_block_content_lists_kernel(vmesh::VelocityMesh *, vmesh::VelocityBlockContainer *, Hashinator::Hashmap<unsigned int, unsigned int, (unsigned int)4294967295, (unsigned int)4294967294, Hashinator::HashFunctions::Fibonacci<unsigned int>, Hashinator::Hashers::Hasher<unsigned int, unsigned int, Hashinator::HashFunctions::Fibonacci<unsigned int>, (unsigned int)4294967295, (unsigned int)4294967294, (int)32, (int)1>, split::split_unified_allocator<Hashinator::Info>> *, Hashinator::Hashmap<unsigned int, unsigned int, (unsigned int)4294967295, (unsigned int)4294967294, Hashinator::HashFunctions::Fibonacci<unsigned int>, Hashinator::Hashers::Hasher<unsigned int, unsigned int, Hashinator::HashFunctions::Fibonacci<unsigned int>, (unsigned int)4294967295, (unsigned int)4294967294, (int)32, (int)1>, split::split_unified_allocator<Hashinator::Info>> *, double)"
0.0,0.2328,32,0.0073,0.0072,0.0067,0.0089,0.0005, 589    1    1,  64    1    1,"update_velocity_block_content_lists_kernel(vmesh::VelocityMesh *, vmesh::VelocityBlockContainer *, Hashinator::Hashmap<unsigned int, unsigned int, (unsigned int)4294967295, (unsigned int)4294967294, Hashinator::HashFunctions::Fibonacci<unsigned int>, Hashinator::Hashers::Hasher<unsigned int, unsigned int, Hashinator::HashFunctions::Fibonacci<unsigned int>, (unsigned int)4294967295, (unsigned int)4294967294, (int)32, (int)1>, split::split_unified_allocator<Hashinator::Info>> *, Hashinator::Hashmap<unsigned int, unsigned int, (unsigned int)4294967295, (unsigned int)4294967294, Hashinator::HashFunctions::Fibonacci<unsigned int>, Hashinator::Hashers::Hasher<unsigned int, unsigned int, Hashinator::HashFunctions::Fibonacci<unsigned int>, (unsigned int)4294967295, (unsigned int)4294967294, (int)32, (int)1>, split::split_unified_allocator<Hashinator::Info>> *, double)"
0.0,0.2324,8,0.0291,0.0261,0.0043,0.0568,0.0265,  45    1    1, 512    1    1,"void arch::reduction_kernel<(unsigned int)512, (arch::reduce_op)2, (unsigned int)4, (unsigned int)3, DRO::VariableEnergyDensity::reduceData(const spatial_cell::SpatialCell *, char *)::[lambda(unsigned int, unsigned int, unsigned int, unsigned int, double *) (instance 1)], double>(T5, const T6 *, T6 *, const unsigned int *, unsigned int, unsigned int, T6 *)"
0.0,0.2309,32,0.0072,0.0072,0.0067,0.0081,0.0003, 516    1    1,  64    1    1,"update_velocity_block_content_lists_kernel(vmesh::VelocityMesh *, vmesh::VelocityBlockContainer *, Hashinator::Hashmap<unsigned int, unsigned int, (unsigned int)4294967295, (unsigned int)4294967294, Hashinator::HashFunctions::Fibonacci<unsigned int>, Hashinator::Hashers::Hasher<unsigned int, unsigned int, Hashinator::HashFunctions::Fibonacci<unsigned int>, (unsigned int)4294967295, (unsigned int)4294967294, (int)32, (int)1>, split::split_unified_allocator<Hashinator::Info>> *, Hashinator::Hashmap<unsigned int, unsigned int, (unsigned int)4294967295, (unsigned int)4294967294, Hashinator::HashFunctions::Fibonacci<unsigned int>, Hashinator::Hashers::Hasher<unsigned int, unsigned int, Hashinator::HashFunctions::Fibonacci<unsigned int>, (unsigned int)4294967295, (unsigned int)4294967294, (int)32, (int)1>, split::split_unified_allocator<Hashinator::Info>> *, double)"
0.0,0.2273,32,0.0071,0.0070,0.0067,0.0088,0.0004, 518    1    1,  64    1    1,"update_velocity_block_content_lists_kernel(vmesh::VelocityMesh *, vmesh::VelocityBlockContainer *, Hashinator::Hashmap<unsigned int, unsigned int, (unsigned int)4294967295, (unsigned int)4294967294, Hashinator::HashFunctions::Fibonacci<unsigned int>, Hashinator::Hashers::Hasher<unsigned int, unsigned int, Hashinator::HashFunctions::Fibonacci<unsigned int>, (unsigned int)4294967295, (unsigned int)4294967294, (int)32, (int)1>, split::split_unified_allocator<Hashinator::Info>> *, Hashinator::Hashmap<unsigned int, unsigned int, (unsigned int)4294967295, (unsigned int)4294967294, Hashinator::HashFunctions::Fibonacci<unsigned int>, Hashinator::Hashers::Hasher<unsigned int, unsigned int, Hashinator::HashFunctions::Fibonacci<unsigned int>, (unsigned int)4294967295, (unsigned int)4294967294, (int)32, (int)1>, split::split_unified_allocator<Hashinator::Info>> *, double)"
0.0,0.2227,4,0.0557,0.0550,0.0068,0.1059,0.0564, 320    1    1,  64    1    1,"update_velocity_blocks_kernel(vmesh::VelocityMesh *, vmesh::VelocityBlockContainer *, split::SplitVector<unsigned int, split::split_unified_allocator<unsigned int>> *, split::SplitVector<Hashinator::hash_pair<unsigned int, unsigned int>, split::split_unified_allocator<Hashinator::hash_pair<unsigned int, unsigned int>>> *, split::SplitVector<Hashinator::hash_pair<unsigned int, unsigned int>, split::split_unified_allocator<Hashinator::hash_pair<unsigned int, unsigned int>>> *, split::SplitVector<Hashinator::hash_pair<unsigned int, unsigned int>, split::split_unified_allocator<Hashinator::hash_pair<unsigned int, unsigned int>>> *, unsigned int, unsigned int, unsigned int, float *)"
0.0,0.2198,29,0.0076,0.0075,0.0069,0.0084,0.0003, 964    1    1,  64    1    1,"update_velocity_block_content_lists_kernel(vmesh::VelocityMesh *, vmesh::VelocityBlockContainer *, Hashinator::Hashmap<unsigned int, unsigned int, (unsigned int)4294967295, (unsigned int)4294967294, Hashinator::HashFunctions::Fibonacci<unsigned int>, Hashinator::Hashers::Hasher<unsigned int, unsigned int, Hashinator::HashFunctions::Fibonacci<unsigned int>, (unsigned int)4294967295, (unsigned int)4294967294, (int)32, (int)1>, split::split_unified_allocator<Hashinator::Info>> *, Hashinator::Hashmap<unsigned int, unsigned int, (unsigned int)4294967295, (unsigned int)4294967294, Hashinator::HashFunctions::Fibonacci<unsigned int>, Hashinator::Hashers::Hasher<unsigned int, unsigned int, Hashinator::HashFunctions::Fibonacci<unsigned int>, (unsigned int)4294967295, (unsigned int)4294967294, (int)32, (int)1>, split::split_unified_allocator<Hashinator::Info>> *, double)"
0.0,0.2191,29,0.0076,0.0075,0.0071,0.0087,0.0003, 965    1    1,  64    1    1,"update_velocity_block_content_lists_kernel(vmesh::VelocityMesh *, vmesh::VelocityBlockContainer *, Hashinator::Hashmap<unsigned int, unsigned int, (unsigned int)4294967295, (unsigned int)4294967294, Hashinator::HashFunctions::Fibonacci<unsigned int>, Hashinator::Hashers::Hasher<unsigned int, unsigned int, Hashinator::HashFunctions::Fibonacci<unsigned int>, (unsigned int)4294967295, (unsigned int)4294967294, (int)32, (int)1>, split::split_unified_allocator<Hashinator::Info>> *, Hashinator::Hashmap<unsigned int, unsigned int, (unsigned int)4294967295, (unsigned int)4294967294, Hashinator::HashFunctions::Fibonacci<unsigned int>, Hashinator::Hashers::Hasher<unsigned int, unsigned int, Hashinator::HashFunctions::Fibonacci<unsigned int>, (unsigned int)4294967295, (unsigned int)4294967294, (int)32, (int)1>, split::split_unified_allocator<Hashinator::Info>> *, double)"
0.0,0.2177,28,0.0078,0.0077,0.0073,0.0094,0.0004,1039    1    1,  64    1    1,"update_velocity_block_content_lists_kernel(vmesh::VelocityMesh *, vmesh::VelocityBlockContainer *, Hashinator::Hashmap<unsigned int, unsigned int, (unsigned int)4294967295, (unsigned int)4294967294, Hashinator::HashFunctions::Fibonacci<unsigned int>, Hashinator::Hashers::Hasher<unsigned int, unsigned int, Hashinator::HashFunctions::Fibonacci<unsigned int>, (unsigned int)4294967295, (unsigned int)4294967294, (int)32, (int)1>, split::split_unified_allocator<Hashinator::Info>> *, Hashinator::Hashmap<unsigned int, unsigned int, (unsigned int)4294967295, (unsigned int)4294967294, Hashinator::HashFunctions::Fibonacci<unsigned int>, Hashinator::Hashers::Hasher<unsigned int, unsigned int, Hashinator::HashFunctions::Fibonacci<unsigned int>, (unsigned int)4294967295, (unsigned int)4294967294, (int)32, (int)1>, split::split_unified_allocator<Hashinator::Info>> *, double)"
0.0,0.2173,30,0.0072,0.0071,0.0068,0.0089,0.0004, 593    1    1,  64    1    1,"update_velocity_block_content_lists_kernel(vmesh::VelocityMesh *, vmesh::VelocityBlockContainer *, Hashinator::Hashmap<unsigned int, unsigned int, (unsigned int)4294967295, (unsigned int)4294967294, Hashinator::HashFunctions::Fibonacci<unsigned int>, Hashinator::Hashers::Hasher<unsigned int, unsigned int, Hashinator::HashFunctions::Fibonacci<unsigned int>, (unsigned int)4294967295, (unsigned int)4294967294, (int)32, (int)1>, split::split_unified_allocator<Hashinator::Info>> *, Hashinator::Hashmap<unsigned int, unsigned int, (unsigned int)4294967295, (unsigned int)4294967294, Hashinator::HashFunctions::Fibonacci<unsigned int>, Hashinator::Hashers::Hasher<unsigned int, unsigned int, Hashinator::HashFunctions::Fibonacci<unsigned int>, (unsigned int)4294967295, (unsigned int)4294967294, (int)32, (int)1>, split::split_unified_allocator<Hashinator::Info>> *, double)"
0.0,0.2128,28,0.0076,0.0075,0.0071,0.0090,0.0004, 963    1    1,  64    1    1,"update_velocity_block_content_lists_kernel(vmesh::VelocityMesh *, vmesh::VelocityBlockContainer *, Hashinator::Hashmap<unsigned int, unsigned int, (unsigned int)4294967295, (unsigned int)4294967294, Hashinator::HashFunctions::Fibonacci<unsigned int>, Hashinator::Hashers::Hasher<unsigned int, unsigned int, Hashinator::HashFunctions::Fibonacci<unsigned int>, (unsigned int)4294967295, (unsigned int)4294967294, (int)32, (int)1>, split::split_unified_allocator<Hashinator::Info>> *, Hashinator::Hashmap<unsigned int, unsigned int, (unsigned int)4294967295, (unsigned int)4294967294, Hashinator::HashFunctions::Fibonacci<unsigned int>, Hashinator::Hashers::Hasher<unsigned int, unsigned int, Hashinator::HashFunctions::Fibonacci<unsigned int>, (unsigned int)4294967295, (unsigned int)4294967294, (int)32, (int)1>, split::split_unified_allocator<Hashinator::Info>> *, double)"
0.0,0.2102,29,0.0072,0.0071,0.0066,0.0095,0.0006, 455    1    1,  64    1    1,"update_velocity_block_content_lists_kernel(vmesh::VelocityMesh *, vmesh::VelocityBlockContainer *, Hashinator::Hashmap<unsigned int, unsigned int, (unsigned int)4294967295, (unsigned int)4294967294, Hashinator::HashFunctions::Fibonacci<unsigned int>, Hashinator::Hashers::Hasher<unsigned int, unsigned int, Hashinator::HashFunctions::Fibonacci<unsigned int>, (unsigned int)4294967295, (unsigned int)4294967294, (int)32, (int)1>, split::split_unified_allocator<Hashinator::Info>> *, Hashinator::Hashmap<unsigned int, unsigned int, (unsigned int)4294967295, (unsigned int)4294967294, Hashinator::HashFunctions::Fibonacci<unsigned int>, Hashinator::Hashers::Hasher<unsigned int, unsigned int, Hashinator::HashFunctions::Fibonacci<unsigned int>, (unsigned int)4294967295, (unsigned int)4294967294, (int)32, (int)1>, split::split_unified_allocator<Hashinator::Info>> *, double)"
0.0,0.2100,8,0.0262,0.0161,0.0143,0.0493,0.0156, 247    1    1, 832    1    1,"update_velocity_halo_kernel(vmesh::VelocityMesh *, unsigned int, unsigned int *, Hashinator::Hashmap<unsigned int, unsigned int, (unsigned int)4294967295, (unsigned int)4294967294, Hashinator::HashFunctions::Fibonacci<unsigned int>, Hashinator::Hashers::Hasher<unsigned int, unsigned int, Hashinator::HashFunctions::Fibonacci<unsigned int>, (unsigned int)4294967295, (unsigned int)4294967294, (int)32, (int)1>, split::split_unified_allocator<Hashinator::Info>> *, Hashinator::Hashmap<unsigned int, unsigned int, (unsigned int)4294967295, (unsigned int)4294967294, Hashinator::HashFunctions::Fibonacci<unsigned int>, Hashinator::Hashers::Hasher<unsigned int, unsigned int, Hashinator::HashFunctions::Fibonacci<unsigned int>, (unsigned int)4294967295, (unsigned int)4294967294, (int)32, (int)1>, split::split_unified_allocator<Hashinator::Info>> *)"
0.0,0.2041,28,0.0073,0.0072,0.0067,0.0087,0.0004, 584    1    1,  64    1    1,"update_velocity_block_content_lists_kernel(vmesh::VelocityMesh *, vmesh::VelocityBlockContainer *, Hashinator::Hashmap<unsigned int, unsigned int, (unsigned int)4294967295, (unsigned int)4294967294, Hashinator::HashFunctions::Fibonacci<unsigned int>, Hashinator::Hashers::Hasher<unsigned int, unsigned int, Hashinator::HashFunctions::Fibonacci<unsigned int>, (unsigned int)4294967295, (unsigned int)4294967294, (int)32, (int)1>, split::split_unified_allocator<Hashinator::Info>> *, Hashinator::Hashmap<unsigned int, unsigned int, (unsigned int)4294967295, (unsigned int)4294967294, Hashinator::HashFunctions::Fibonacci<unsigned int>, Hashinator::Hashers::Hasher<unsigned int, unsigned int, Hashinator::HashFunctions::Fibonacci<unsigned int>, (unsigned int)4294967295, (unsigned int)4294967294, (int)32, (int)1>, split::split_unified_allocator<Hashinator::Info>> *, double)"
0.0,0.2018,29,0.0070,0.0069,0.0065,0.0082,0.0003, 407    1    1,  64    1    1,"update_velocity_block_content_lists_kernel(vmesh::VelocityMesh *, vmesh::VelocityBlockContainer *, Hashinator::Hashmap<unsigned int, unsigned int, (unsigned int)4294967295, (unsigned int)4294967294, Hashinator::HashFunctions::Fibonacci<unsigned int>, Hashinator::Hashers::Hasher<unsigned int, unsigned int, Hashinator::HashFunctions::Fibonacci<unsigned int>, (unsigned int)4294967295, (unsigned int)4294967294, (int)32, (int)1>, split::split_unified_allocator<Hashinator::Info>> *, Hashinator::Hashmap<unsigned int, unsigned int, (unsigned int)4294967295, (unsigned int)4294967294, Hashinator::HashFunctions::Fibonacci<unsigned int>, Hashinator::Hashers::Hasher<unsigned int, unsigned int, Hashinator::HashFunctions::Fibonacci<unsigned int>, (unsigned int)4294967295, (unsigned int)4294967294, (int)32, (int)1>, split::split_unified_allocator<Hashinator::Info>> *, double)"
0.0,0.1973,26,0.0076,0.0075,0.0070,0.0090,0.0005, 978    1    1,  64    1    1,"update_velocity_block_content_lists_kernel(vmesh::VelocityMesh *, vmesh::VelocityBlockContainer *, Hashinator::Hashmap<unsigned int, unsigned int, (unsigned int)4294967295, (unsigned int)4294967294, Hashinator::HashFunctions::Fibonacci<unsigned int>, Hashinator::Hashers::Hasher<unsigned int, unsigned int, Hashinator::HashFunctions::Fibonacci<unsigned int>, (unsigned int)4294967295, (unsigned int)4294967294, (int)32, (int)1>, split::split_unified_allocator<Hashinator::Info>> *, Hashinator::Hashmap<unsigned int, unsigned int, (unsigned int)4294967295, (unsigned int)4294967294, Hashinator::HashFunctions::Fibonacci<unsigned int>, Hashinator::Hashers::Hasher<unsigned int, unsigned int, Hashinator::HashFunctions::Fibonacci<unsigned int>, (unsigned int)4294967295, (unsigned int)4294967294, (int)32, (int)1>, split::split_unified_allocator<Hashinator::Info>> *, double)"
0.0,0.1963,26,0.0075,0.0075,0.0071,0.0082,0.0003, 971    1    1,  64    1    1,"update_velocity_block_content_lists_kernel(vmesh::VelocityMesh *, vmesh::VelocityBlockContainer *, Hashinator::Hashmap<unsigned int, unsigned int, (unsigned int)4294967295, (unsigned int)4294967294, Hashinator::HashFunctions::Fibonacci<unsigned int>, Hashinator::Hashers::Hasher<unsigned int, unsigned int, Hashinator::HashFunctions::Fibonacci<unsigned int>, (unsigned int)4294967295, (unsigned int)4294967294, (int)32, (int)1>, split::split_unified_allocator<Hashinator::Info>> *, Hashinator::Hashmap<unsigned int, unsigned int, (unsigned int)4294967295, (unsigned int)4294967294, Hashinator::HashFunctions::Fibonacci<unsigned int>, Hashinator::Hashers::Hasher<unsigned int, unsigned int, Hashinator::HashFunctions::Fibonacci<unsigned int>, (unsigned int)4294967295, (unsigned int)4294967294, (int)32, (int)1>, split::split_unified_allocator<Hashinator::Info>> *, double)"
0.0,0.1918,24,0.0080,0.0040,0.0039,0.0977,0.0191,  59    1    1, 512    1    1,"void arch::reduction_kernel<(unsigned int)512, (arch::reduce_op)2, (unsigned int)4, (unsigned int)3, void blockVelocitySecondMoments<double, (unsigned int)3>(vmesh::VelocityBlockContainer *, T1, T1, T1, T1 (&)[T2], unsigned int)::[lambda(unsigned int, unsigned int, unsigned int, unsigned int, double *) (instance 1)], double>(T5, const T6 *, T6 *, const unsigned int *, unsigned int, unsigned int, T6 *)"
0.0,0.1884,25,0.0075,0.0075,0.0072,0.0082,0.0003, 969    1    1,  64    1    1,"update_velocity_block_content_lists_kernel(vmesh::VelocityMesh *, vmesh::VelocityBlockContainer *, Hashinator::Hashmap<unsigned int, unsigned int, (unsigned int)4294967295, (unsigned int)4294967294, Hashinator::HashFunctions::Fibonacci<unsigned int>, Hashinator::Hashers::Hasher<unsigned int, unsigned int, Hashinator::HashFunctions::Fibonacci<unsigned int>, (unsigned int)4294967295, (unsigned int)4294967294, (int)32, (int)1>, split::split_unified_allocator<Hashinator::Info>> *, Hashinator::Hashmap<unsigned int, unsigned int, (unsigned int)4294967295, (unsigned int)4294967294, Hashinator::HashFunctions::Fibonacci<unsigned int>, Hashinator::Hashers::Hasher<unsigned int, unsigned int, Hashinator::HashFunctions::Fibonacci<unsigned int>, (unsigned int)4294967295, (unsigned int)4294967294, (int)32, (int)1>, split::split_unified_allocator<Hashinator::Info>> *, double)"
0.0,0.1881,25,0.0075,0.0074,0.0069,0.0092,0.0005, 816    1    1,  64    1    1,"update_velocity_block_content_lists_kernel(vmesh::VelocityMesh *, vmesh::VelocityBlockContainer *, Hashinator::Hashmap<unsigned int, unsigned int, (unsigned int)4294967295, (unsigned int)4294967294, Hashinator::HashFunctions::Fibonacci<unsigned int>, Hashinator::Hashers::Hasher<unsigned int, unsigned int, Hashinator::HashFunctions::Fibonacci<unsigned int>, (unsigned int)4294967295, (unsigned int)4294967294, (int)32, (int)1>, split::split_unified_allocator<Hashinator::Info>> *, Hashinator::Hashmap<unsigned int, unsigned int, (unsigned int)4294967295, (unsigned int)4294967294, Hashinator::HashFunctions::Fibonacci<unsigned int>, Hashinator::Hashers::Hasher<unsigned int, unsigned int, Hashinator::HashFunctions::Fibonacci<unsigned int>, (unsigned int)4294967295, (unsigned int)4294967294, (int)32, (int)1>, split::split_unified_allocator<Hashinator::Info>> *, double)"
0.0,0.1875,24,0.0078,0.0048,0.0046,0.0755,0.0144,  79    1    1, 512    1    1,"void arch::reduction_kernel<(unsigned int)512, (arch::reduce_op)2, (unsigned int)4, (unsigned int)4, void blockVelocityFirstMoments<double, (unsigned int)4>(vmesh::VelocityBlockContainer *, T1 (&)[T2], unsigned int)::[lambda(unsigned int, unsigned int, unsigned int, unsigned int, double *) (instance 1)], double>(T5, const T6 *, T6 *, const unsigned int *, unsigned int, unsigned int, T6 *)"
0.0,0.1847,25,0.0074,0.0073,0.0068,0.0082,0.0003, 729    1    1,  64    1    1,"update_velocity_block_content_lists_kernel(vmesh::VelocityMesh *, vmesh::VelocityBlockContainer *, Hashinator::Hashmap<unsigned int, unsigned int, (unsigned int)4294967295, (unsigned int)4294967294, Hashinator::HashFunctions::Fibonacci<unsigned int>, Hashinator::Hashers::Hasher<unsigned int, unsigned int, Hashinator::HashFunctions::Fibonacci<unsigned int>, (unsigned int)4294967295, (unsigned int)4294967294, (int)32, (int)1>, split::split_unified_allocator<Hashinator::Info>> *, Hashinator::Hashmap<unsigned int, unsigned int, (unsigned int)4294967295, (unsigned int)4294967294, Hashinator::HashFunctions::Fibonacci<unsigned int>, Hashinator::Hashers::Hasher<unsigned int, unsigned int, Hashinator::HashFunctions::Fibonacci<unsigned int>, (unsigned int)4294967295, (unsigned int)4294967294, (int)32, (int)1>, split::split_unified_allocator<Hashinator::Info>> *, double)"
0.0,0.1836,24,0.0076,0.0076,0.0070,0.0087,0.0004, 982    1    1,  64    1    1,"update_velocity_block_content_lists_kernel(vmesh::VelocityMesh *, vmesh::VelocityBlockContainer *, Hashinator::Hashmap<unsigned int, unsigned int, (unsigned int)4294967295, (unsigned int)4294967294, Hashinator::HashFunctions::Fibonacci<unsigned int>, Hashinator::Hashers::Hasher<unsigned int, unsigned int, Hashinator::HashFunctions::Fibonacci<unsigned int>, (unsigned int)4294967295, (unsigned int)4294967294, (int)32, (int)1>, split::split_unified_allocator<Hashinator::Info>> *, Hashinator::Hashmap<unsigned int, unsigned int, (unsigned int)4294967295, (unsigned int)4294967294, Hashinator::HashFunctions::Fibonacci<unsigned int>, Hashinator::Hashers::Hasher<unsigned int, unsigned int, Hashinator::HashFunctions::Fibonacci<unsigned int>, (unsigned int)4294967295, (unsigned int)4294967294, (int)32, (int)1>, split::split_unified_allocator<Hashinator::Info>> *, double)"
0.0,0.1824,24,0.0076,0.0076,0.0071,0.0085,0.0004, 992    1    1,  64    1    1,"update_velocity_block_content_lists_kernel(vmesh::VelocityMesh *, vmesh::VelocityBlockContainer *, Hashinator::Hashmap<unsigned int, unsigned int, (unsigned int)4294967295, (unsigned int)4294967294, Hashinator::HashFunctions::Fibonacci<unsigned int>, Hashinator::Hashers::Hasher<unsigned int, unsigned int, Hashinator::HashFunctions::Fibonacci<unsigned int>, (unsigned int)4294967295, (unsigned int)4294967294, (int)32, (int)1>, split::split_unified_allocator<Hashinator::Info>> *, Hashinator::Hashmap<unsigned int, unsigned int, (unsigned int)4294967295, (unsigned int)4294967294, Hashinator::HashFunctions::Fibonacci<unsigned int>, Hashinator::Hashers::Hasher<unsigned int, unsigned int, Hashinator::HashFunctions::Fibonacci<unsigned int>, (unsigned int)4294967295, (unsigned int)4294967294, (int)32, (int)1>, split::split_unified_allocator<Hashinator::Info>> *, double)"
0.0,0.1814,4,0.0453,0.0229,0.0091,0.1265,0.0556,  96    1    1,1024    1    1,"update_neighbour_halo_kernel(vmesh::VelocityMesh *, unsigned int, unsigned int **, unsigned int *, Hashinator::Hashmap<unsigned int, unsigned int, (unsigned int)4294967295, (unsigned int)4294967294, Hashinator::HashFunctions::Fibonacci<unsigned int>, Hashinator::Hashers::Hasher<unsigned int, unsigned int, Hashinator::HashFunctions::Fibonacci<unsigned int>, (unsigned int)4294967295, (unsigned int)4294967294, (int)32, (int)1>, split::split_unified_allocator<Hashinator::Info>> *, Hashinator::Hashmap<unsigned int, unsigned int, (unsigned int)4294967295, (unsigned int)4294967294, Hashinator::HashFunctions::Fibonacci<unsigned int>, Hashinator::Hashers::Hasher<unsigned int, unsigned int, Hashinator::HashFunctions::Fibonacci<unsigned int>, (unsigned int)4294967295, (unsigned int)4294967294, (int)32, (int)1>, split::split_unified_allocator<Hashinator::Info>> *)"
0.0,0.1814,25,0.0073,0.0072,0.0068,0.0076,0.0002, 653    1    1,  64    1    1,"update_velocity_block_content_lists_kernel(vmesh::VelocityMesh *, vmesh::VelocityBlockContainer *, Hashinator::Hashmap<unsigned int, unsigned int, (unsigned int)4294967295, (unsigned int)4294967294, Hashinator::HashFunctions::Fibonacci<unsigned int>, Hashinator::Hashers::Hasher<unsigned int, unsigned int, Hashinator::HashFunctions::Fibonacci<unsigned int>, (unsigned int)4294967295, (unsigned int)4294967294, (int)32, (int)1>, split::split_unified_allocator<Hashinator::Info>> *, Hashinator::Hashmap<unsigned int, unsigned int, (unsigned int)4294967295, (unsigned int)4294967294, Hashinator::HashFunctions::Fibonacci<unsigned int>, Hashinator::Hashers::Hasher<unsigned int, unsigned int, Hashinator::HashFunctions::Fibonacci<unsigned int>, (unsigned int)4294967295, (unsigned int)4294967294, (int)32, (int)1>, split::split_unified_allocator<Hashinator::Info>> *, double)"
0.0,0.1803,24,0.0075,0.0075,0.0072,0.0080,0.0002, 948    1    1,  64    1    1,"update_velocity_block_content_lists_kernel(vmesh::VelocityMesh *, vmesh::VelocityBlockContainer *, Hashinator::Hashmap<unsigned int, unsigned int, (unsigned int)4294967295, (unsigned int)4294967294, Hashinator::HashFunctions::Fibonacci<unsigned int>, Hashinator::Hashers::Hasher<unsigned int, unsigned int, Hashinator::HashFunctions::Fibonacci<unsigned int>, (unsigned int)4294967295, (unsigned int)4294967294, (int)32, (int)1>, split::split_unified_allocator<Hashinator::Info>> *, Hashinator::Hashmap<unsigned int, unsigned int, (unsigned int)4294967295, (unsigned int)4294967294, Hashinator::HashFunctions::Fibonacci<unsigned int>, Hashinator::Hashers::Hasher<unsigned int, unsigned int, Hashinator::HashFunctions::Fibonacci<unsigned int>, (unsigned int)4294967295, (unsigned int)4294967294, (int)32, (int)1>, split::split_unified_allocator<Hashinator::Info>> *, double)"
0.0,0.1781,24,0.0074,0.0073,0.0070,0.0084,0.0004, 892    1    1,  64    1    1,"update_velocity_block_content_lists_kernel(vmesh::VelocityMesh *, vmesh::VelocityBlockContainer *, Hashinator::Hashmap<unsigned int, unsigned int, (unsigned int)4294967295, (unsigned int)4294967294, Hashinator::HashFunctions::Fibonacci<unsigned int>, Hashinator::Hashers::Hasher<unsigned int, unsigned int, Hashinator::HashFunctions::Fibonacci<unsigned int>, (unsigned int)4294967295, (unsigned int)4294967294, (int)32, (int)1>, split::split_unified_allocator<Hashinator::Info>> *, Hashinator::Hashmap<unsigned int, unsigned int, (unsigned int)4294967295, (unsigned int)4294967294, Hashinator::HashFunctions::Fibonacci<unsigned int>, Hashinator::Hashers::Hasher<unsigned int, unsigned int, Hashinator::HashFunctions::Fibonacci<unsigned int>, (unsigned int)4294967295, (unsigned int)4294967294, (int)32, (int)1>, split::split_unified_allocator<Hashinator::Info>> *, double)"
0.0,0.1771,24,0.0074,0.0073,0.0070,0.0081,0.0003, 703    1    1,  64    1    1,"update_velocity_block_content_lists_kernel(vmesh::VelocityMesh *, vmesh::VelocityBlockContainer *, Hashinator::Hashmap<unsigned int, unsigned int, (unsigned int)4294967295, (unsigned int)4294967294, Hashinator::HashFunctions::Fibonacci<unsigned int>, Hashinator::Hashers::Hasher<unsigned int, unsigned int, Hashinator::HashFunctions::Fibonacci<unsigned int>, (unsigned int)4294967295, (unsigned int)4294967294, (int)32, (int)1>, split::split_unified_allocator<Hashinator::Info>> *, Hashinator::Hashmap<unsigned int, unsigned int, (unsigned int)4294967295, (unsigned int)4294967294, Hashinator::HashFunctions::Fibonacci<unsigned int>, Hashinator::Hashers::Hasher<unsigned int, unsigned int, Hashinator::HashFunctions::Fibonacci<unsigned int>, (unsigned int)4294967295, (unsigned int)4294967294, (int)32, (int)1>, split::split_unified_allocator<Hashinator::Info>> *, double)"
0.0,0.1771,24,0.0074,0.0073,0.0070,0.0080,0.0003, 907    1    1,  64    1    1,"update_velocity_block_content_lists_kernel(vmesh::VelocityMesh *, vmesh::VelocityBlockContainer *, Hashinator::Hashmap<unsigned int, unsigned int, (unsigned int)4294967295, (unsigned int)4294967294, Hashinator::HashFunctions::Fibonacci<unsigned int>, Hashinator::Hashers::Hasher<unsigned int, unsigned int, Hashinator::HashFunctions::Fibonacci<unsigned int>, (unsigned int)4294967295, (unsigned int)4294967294, (int)32, (int)1>, split::split_unified_allocator<Hashinator::Info>> *, Hashinator::Hashmap<unsigned int, unsigned int, (unsigned int)4294967295, (unsigned int)4294967294, Hashinator::HashFunctions::Fibonacci<unsigned int>, Hashinator::Hashers::Hasher<unsigned int, unsigned int, Hashinator::HashFunctions::Fibonacci<unsigned int>, (unsigned int)4294967295, (unsigned int)4294967294, (int)32, (int)1>, split::split_unified_allocator<Hashinator::Info>> *, double)"
0.0,0.1768,24,0.0074,0.0073,0.0067,0.0082,0.0003, 736    1    1,  64    1    1,"update_velocity_block_content_lists_kernel(vmesh::VelocityMesh *, vmesh::VelocityBlockContainer *, Hashinator::Hashmap<unsigned int, unsigned int, (unsigned int)4294967295, (unsigned int)4294967294, Hashinator::HashFunctions::Fibonacci<unsigned int>, Hashinator::Hashers::Hasher<unsigned int, unsigned int, Hashinator::HashFunctions::Fibonacci<unsigned int>, (unsigned int)4294967295, (unsigned int)4294967294, (int)32, (int)1>, split::split_unified_allocator<Hashinator::Info>> *, Hashinator::Hashmap<unsigned int, unsigned int, (unsigned int)4294967295, (unsigned int)4294967294, Hashinator::HashFunctions::Fibonacci<unsigned int>, Hashinator::Hashers::Hasher<unsigned int, unsigned int, Hashinator::HashFunctions::Fibonacci<unsigned int>, (unsigned int)4294967295, (unsigned int)4294967294, (int)32, (int)1>, split::split_unified_allocator<Hashinator::Info>> *, double)"
0.0,0.1756,24,0.0073,0.0072,0.0068,0.0082,0.0004, 597    1    1,  64    1    1,"update_velocity_block_content_lists_kernel(vmesh::VelocityMesh *, vmesh::VelocityBlockContainer *, Hashinator::Hashmap<unsigned int, unsigned int, (unsigned int)4294967295, (unsigned int)4294967294, Hashinator::HashFunctions::Fibonacci<unsigned int>, Hashinator::Hashers::Hasher<unsigned int, unsigned int, Hashinator::HashFunctions::Fibonacci<unsigned int>, (unsigned int)4294967295, (unsigned int)4294967294, (int)32, (int)1>, split::split_unified_allocator<Hashinator::Info>> *, Hashinator::Hashmap<unsigned int, unsigned int, (unsigned int)4294967295, (unsigned int)4294967294, Hashinator::HashFunctions::Fibonacci<unsigned int>, Hashinator::Hashers::Hasher<unsigned int, unsigned int, Hashinator::HashFunctions::Fibonacci<unsigned int>, (unsigned int)4294967295, (unsigned int)4294967294, (int)32, (int)1>, split::split_unified_allocator<Hashinator::Info>> *, double)"
0.0,0.1740,8,0.0217,0.0076,0.0059,0.0710,0.0236, 204    1    1,  64    1    1,"update_velocity_blocks_kernel(vmesh::VelocityMesh *, vmesh::VelocityBlockContainer *, split::SplitVector<unsigned int, split::split_unified_allocator<unsigned int>> *, split::SplitVector<Hashinator::hash_pair<unsigned int, unsigned int>, split::split_unified_allocator<Hashinator::hash_pair<unsigned int, unsigned int>>> *, split::SplitVector<Hashinator::hash_pair<unsigned int, unsigned int>, split::split_unified_allocator<Hashinator::hash_pair<unsigned int, unsigned int>>> *, split::SplitVector<Hashinator::hash_pair<unsigned int, unsigned int>, split::split_unified_allocator<Hashinator::hash_pair<unsigned int, unsigned int>>> *, unsigned int, unsigned int, unsigned int, float *)"
0.0,0.1739,4,0.0435,0.0347,0.0255,0.0790,0.0244, 283    1    1,1024    1    1,"update_neighbour_halo_kernel(vmesh::VelocityMesh *, unsigned int, unsigned int **, unsigned int *, Hashinator::Hashmap<unsigned int, unsigned int, (unsigned int)4294967295, (unsigned int)4294967294, Hashinator::HashFunctions::Fibonacci<unsigned int>, Hashinator::Hashers::Hasher<unsigned int, unsigned int, Hashinator::HashFunctions::Fibonacci<unsigned int>, (unsigned int)4294967295, (unsigned int)4294967294, (int)32, (int)1>, split::split_unified_allocator<Hashinator::Info>> *, Hashinator::Hashmap<unsigned int, unsigned int, (unsigned int)4294967295, (unsigned int)4294967294, Hashinator::HashFunctions::Fibonacci<unsigned int>, Hashinator::Hashers::Hasher<unsigned int, unsigned int, Hashinator::HashFunctions::Fibonacci<unsigned int>, (unsigned int)4294967295, (unsigned int)4294967294, (int)32, (int)1>, split::split_unified_allocator<Hashinator::Info>> *)"
0.0,0.1731,24,0.0072,0.0072,0.0068,0.0078,0.0003, 614    1    1,  64    1    1,"update_velocity_block_content_lists_kernel(vmesh::VelocityMesh *, vmesh::VelocityBlockContainer *, Hashinator::Hashmap<unsigned int, unsigned int, (unsigned int)4294967295, (unsigned int)4294967294, Hashinator::HashFunctions::Fibonacci<unsigned int>, Hashinator::Hashers::Hasher<unsigned int, unsigned int, Hashinator::HashFunctions::Fibonacci<unsigned int>, (unsigned int)4294967295, (unsigned int)4294967294, (int)32, (int)1>, split::split_unified_allocator<Hashinator::Info>> *, Hashinator::Hashmap<unsigned int, unsigned int, (unsigned int)4294967295, (unsigned int)4294967294, Hashinator::HashFunctions::Fibonacci<unsigned int>, Hashinator::Hashers::Hasher<unsigned int, unsigned int, Hashinator::HashFunctions::Fibonacci<unsigned int>, (unsigned int)4294967295, (unsigned int)4294967294, (int)32, (int)1>, split::split_unified_allocator<Hashinator::Info>> *, double)"
0.0,0.1729,2,0.0865,0.0865,0.0059,0.1670,0.1139, 305    1    1,  64    1    1,"update_velocity_blocks_kernel(vmesh::VelocityMesh *, vmesh::VelocityBlockContainer *, split::SplitVector<unsigned int, split::split_unified_allocator<unsigned int>> *, split::SplitVector<Hashinator::hash_pair<unsigned int, unsigned int>, split::split_unified_allocator<Hashinator::hash_pair<unsigned int, unsigned int>>> *, split::SplitVector<Hashinator::hash_pair<unsigned int, unsigned int>, split::split_unified_allocator<Hashinator::hash_pair<unsigned int, unsigned int>>> *, split::SplitVector<Hashinator::hash_pair<unsigned int, unsigned int>, split::split_unified_allocator<Hashinator::hash_pair<unsigned int, unsigned int>>> *, unsigned int, unsigned int, unsigned int, float *)"
0.0,0.1722,6,0.0287,0.0033,0.0023,0.0929,0.0407,   1    1    1, 192    1    1,"void Hashinator::Hashers::reset_to_empty<unsigned int, unsigned int, (unsigned int)4294967295, Hashinator::HashFunctions::Fibonacci<unsigned int>, (int)32, (int)1>(Hashinator::hash_pair<T1, T2> *, Hashinator::hash_pair<T1, T2> *, Hashinator::Info *, unsigned long)"
0.0,0.1693,23,0.0074,0.0073,0.0070,0.0080,0.0003, 726    1    1,  64    1    1,"update_velocity_block_content_lists_kernel(vmesh::VelocityMesh *, vmesh::VelocityBlockContainer *, Hashinator::Hashmap<unsigned int, unsigned int, (unsigned int)4294967295, (unsigned int)4294967294, Hashinator::HashFunctions::Fibonacci<unsigned int>, Hashinator::Hashers::Hasher<unsigned int, unsigned int, Hashinator::HashFunctions::Fibonacci<unsigned int>, (unsigned int)4294967295, (unsigned int)4294967294, (int)32, (int)1>, split::split_unified_allocator<Hashinator::Info>> *, Hashinator::Hashmap<unsigned int, unsigned int, (unsigned int)4294967295, (unsigned int)4294967294, Hashinator::HashFunctions::Fibonacci<unsigned int>, Hashinator::Hashers::Hasher<unsigned int, unsigned int, Hashinator::HashFunctions::Fibonacci<unsigned int>, (unsigned int)4294967295, (unsigned int)4294967294, (int)32, (int)1>, split::split_unified_allocator<Hashinator::Info>> *, double)"
0.0,0.1660,23,0.0072,0.0071,0.0069,0.0078,0.0003, 648    1    1,  64    1    1,"update_velocity_block_content_lists_kernel(vmesh::VelocityMesh *, vmesh::VelocityBlockContainer *, Hashinator::Hashmap<unsigned int, unsigned int, (unsigned int)4294967295, (unsigned int)4294967294, Hashinator::HashFunctions::Fibonacci<unsigned int>, Hashinator::Hashers::Hasher<unsigned int, unsigned int, Hashinator::HashFunctions::Fibonacci<unsigned int>, (unsigned int)4294967295, (unsigned int)4294967294, (int)32, (int)1>, split::split_unified_allocator<Hashinator::Info>> *, Hashinator::Hashmap<unsigned int, unsigned int, (unsigned int)4294967295, (unsigned int)4294967294, Hashinator::HashFunctions::Fibonacci<unsigned int>, Hashinator::Hashers::Hasher<unsigned int, unsigned int, Hashinator::HashFunctions::Fibonacci<unsigned int>, (unsigned int)4294967295, (unsigned int)4294967294, (int)32, (int)1>, split::split_unified_allocator<Hashinator::Info>> *, double)"
0.0,0.1654,22,0.0075,0.0075,0.0071,0.0079,0.0002, 951    1    1,  64    1    1,"update_velocity_block_content_lists_kernel(vmesh::VelocityMesh *, vmesh::VelocityBlockContainer *, Hashinator::Hashmap<unsigned int, unsigned int, (unsigned int)4294967295, (unsigned int)4294967294, Hashinator::HashFunctions::Fibonacci<unsigned int>, Hashinator::Hashers::Hasher<unsigned int, unsigned int, Hashinator::HashFunctions::Fibonacci<unsigned int>, (unsigned int)4294967295, (unsigned int)4294967294, (int)32, (int)1>, split::split_unified_allocator<Hashinator::Info>> *, Hashinator::Hashmap<unsigned int, unsigned int, (unsigned int)4294967295, (unsigned int)4294967294, Hashinator::HashFunctions::Fibonacci<unsigned int>, Hashinator::Hashers::Hasher<unsigned int, unsigned int, Hashinator::HashFunctions::Fibonacci<unsigned int>, (unsigned int)4294967295, (unsigned int)4294967294, (int)32, (int)1>, split::split_unified_allocator<Hashinator::Info>> *, double)"
0.0,0.1620,23,0.0070,0.0070,0.0066,0.0077,0.0003, 382    1    1,  64    1    1,"update_velocity_block_content_lists_kernel(vmesh::VelocityMesh *, vmesh::VelocityBlockContainer *, Hashinator::Hashmap<unsigned int, unsigned int, (unsigned int)4294967295, (unsigned int)4294967294, Hashinator::HashFunctions::Fibonacci<unsigned int>, Hashinator::Hashers::Hasher<unsigned int, unsigned int, Hashinator::HashFunctions::Fibonacci<unsigned int>, (unsigned int)4294967295, (unsigned int)4294967294, (int)32, (int)1>, split::split_unified_allocator<Hashinator::Info>> *, Hashinator::Hashmap<unsigned int, unsigned int, (unsigned int)4294967295, (unsigned int)4294967294, Hashinator::HashFunctions::Fibonacci<unsigned int>, Hashinator::Hashers::Hasher<unsigned int, unsigned int, Hashinator::HashFunctions::Fibonacci<unsigned int>, (unsigned int)4294967295, (unsigned int)4294967294, (int)32, (int)1>, split::split_unified_allocator<Hashinator::Info>> *, double)"
0.0,0.1608,23,0.0070,0.0069,0.0065,0.0078,0.0004, 451    1    1,  64    1    1,"update_velocity_block_content_lists_kernel(vmesh::VelocityMesh *, vmesh::VelocityBlockContainer *, Hashinator::Hashmap<unsigned int, unsigned int, (unsigned int)4294967295, (unsigned int)4294967294, Hashinator::HashFunctions::Fibonacci<unsigned int>, Hashinator::Hashers::Hasher<unsigned int, unsigned int, Hashinator::HashFunctions::Fibonacci<unsigned int>, (unsigned int)4294967295, (unsigned int)4294967294, (int)32, (int)1>, split::split_unified_allocator<Hashinator::Info>> *, Hashinator::Hashmap<unsigned int, unsigned int, (unsigned int)4294967295, (unsigned int)4294967294, Hashinator::HashFunctions::Fibonacci<unsigned int>, Hashinator::Hashers::Hasher<unsigned int, unsigned int, Hashinator::HashFunctions::Fibonacci<unsigned int>, (unsigned int)4294967295, (unsigned int)4294967294, (int)32, (int)1>, split::split_unified_allocator<Hashinator::Info>> *, double)"
0.0,0.1529,4,0.0382,0.0070,0.0068,0.1321,0.0626, 135    1    1,  64    1    1,"update_velocity_blocks_kernel(vmesh::VelocityMesh *, vmesh::VelocityBlockContainer *, split::SplitVector<unsigned int, split::split_unified_allocator<unsigned int>> *, split::SplitVector<Hashinator::hash_pair<unsigned int, unsigned int>, split::split_unified_allocator<Hashinator::hash_pair<unsigned int, unsigned int>>> *, split::SplitVector<Hashinator::hash_pair<unsigned int, unsigned int>, split::split_unified_allocator<Hashinator::hash_pair<unsigned int, unsigned int>>> *, split::SplitVector<Hashinator::hash_pair<unsigned int, unsigned int>, split::split_unified_allocator<Hashinator::hash_pair<unsigned int, unsigned int>>> *, unsigned int, unsigned int, unsigned int, float *)"
0.0,0.1514,9,0.0168,0.0103,0.0066,0.0373,0.0116, 229    1    1,  64    1    1,"update_velocity_blocks_kernel(vmesh::VelocityMesh *, vmesh::VelocityBlockContainer *, split::SplitVector<unsigned int, split::split_unified_allocator<unsigned int>> *, split::SplitVector<Hashinator::hash_pair<unsigned int, unsigned int>, split::split_unified_allocator<Hashinator::hash_pair<unsigned int, unsigned int>>> *, split::SplitVector<Hashinator::hash_pair<unsigned int, unsigned int>, split::split_unified_allocator<Hashinator::hash_pair<unsigned int, unsigned int>>> *, split::SplitVector<Hashinator::hash_pair<unsigned int, unsigned int>, split::split_unified_allocator<Hashinator::hash_pair<unsigned int, unsigned int>>> *, unsigned int, unsigned int, unsigned int, float *)"
0.0,0.1513,4,0.0378,0.0269,0.0085,0.0890,0.0376, 118    1    1, 832    1    1,"update_velocity_halo_kernel(vmesh::VelocityMesh *, unsigned int, unsigned int *, Hashinator::Hashmap<unsigned int, unsigned int, (unsigned int)4294967295, (unsigned int)4294967294, Hashinator::HashFunctions::Fibonacci<unsigned int>, Hashinator::Hashers::Hasher<unsigned int, unsigned int, Hashinator::HashFunctions::Fibonacci<unsigned int>, (unsigned int)4294967295, (unsigned int)4294967294, (int)32, (int)1>, split::split_unified_allocator<Hashinator::Info>> *, Hashinator::Hashmap<unsigned int, unsigned int, (unsigned int)4294967295, (unsigned int)4294967294, Hashinator::HashFunctions::Fibonacci<unsigned int>, Hashinator::Hashers::Hasher<unsigned int, unsigned int, Hashinator::HashFunctions::Fibonacci<unsigned int>, (unsigned int)4294967295, (unsigned int)4294967294, (int)32, (int)1>, split::split_unified_allocator<Hashinator::Info>> *)"
0.0,0.1507,20,0.0075,0.0075,0.0071,0.0090,0.0005, 957    1    1,  64    1    1,"update_velocity_block_content_lists_kernel(vmesh::VelocityMesh *, vmesh::VelocityBlockContainer *, Hashinator::Hashmap<unsigned int, unsigned int, (unsigned int)4294967295, (unsigned int)4294967294, Hashinator::HashFunctions::Fibonacci<unsigned int>, Hashinator::Hashers::Hasher<unsigned int, unsigned int, Hashinator::HashFunctions::Fibonacci<unsigned int>, (unsigned int)4294967295, (unsigned int)4294967294, (int)32, (int)1>, split::split_unified_allocator<Hashinator::Info>> *, Hashinator::Hashmap<unsigned int, unsigned int, (unsigned int)4294967295, (unsigned int)4294967294, Hashinator::HashFunctions::Fibonacci<unsigned int>, Hashinator::Hashers::Hasher<unsigned int, unsigned int, Hashinator::HashFunctions::Fibonacci<unsigned int>, (unsigned int)4294967295, (unsigned int)4294967294, (int)32, (int)1>, split::split_unified_allocator<Hashinator::Info>> *, double)"
0.0,0.1505,20,0.0075,0.0075,0.0070,0.0079,0.0003, 975    1    1,  64    1    1,"update_velocity_block_content_lists_kernel(vmesh::VelocityMesh *, vmesh::VelocityBlockContainer *, Hashinator::Hashmap<unsigned int, unsigned int, (unsigned int)4294967295, (unsigned int)4294967294, Hashinator::HashFunctions::Fibonacci<unsigned int>, Hashinator::Hashers::Hasher<unsigned int, unsigned int, Hashinator::HashFunctions::Fibonacci<unsigned int>, (unsigned int)4294967295, (unsigned int)4294967294, (int)32, (int)1>, split::split_unified_allocator<Hashinator::Info>> *, Hashinator::Hashmap<unsigned int, unsigned int, (unsigned int)4294967295, (unsigned int)4294967294, Hashinator::HashFunctions::Fibonacci<unsigned int>, Hashinator::Hashers::Hasher<unsigned int, unsigned int, Hashinator::HashFunctions::Fibonacci<unsigned int>, (unsigned int)4294967295, (unsigned int)4294967294, (int)32, (int)1>, split::split_unified_allocator<Hashinator::Info>> *, double)"
0.0,0.1502,20,0.0075,0.0075,0.0071,0.0079,0.0003, 950    1    1,  64    1    1,"update_velocity_block_content_lists_kernel(vmesh::VelocityMesh *, vmesh::VelocityBlockContainer *, Hashinator::Hashmap<unsigned int, unsigned int, (unsigned int)4294967295, (unsigned int)4294967294, Hashinator::HashFunctions::Fibonacci<unsigned int>, Hashinator::Hashers::Hasher<unsigned int, unsigned int, Hashinator::HashFunctions::Fibonacci<unsigned int>, (unsigned int)4294967295, (unsigned int)4294967294, (int)32, (int)1>, split::split_unified_allocator<Hashinator::Info>> *, Hashinator::Hashmap<unsigned int, unsigned int, (unsigned int)4294967295, (unsigned int)4294967294, Hashinator::HashFunctions::Fibonacci<unsigned int>, Hashinator::Hashers::Hasher<unsigned int, unsigned int, Hashinator::HashFunctions::Fibonacci<unsigned int>, (unsigned int)4294967295, (unsigned int)4294967294, (int)32, (int)1>, split::split_unified_allocator<Hashinator::Info>> *, double)"
0.0,0.1494,3,0.0498,0.0093,0.0072,0.1328,0.0719, 124    1    1,1024    1    1,"update_neighbour_halo_kernel(vmesh::VelocityMesh *, unsigned int, unsigned int **, unsigned int *, Hashinator::Hashmap<unsigned int, unsigned int, (unsigned int)4294967295, (unsigned int)4294967294, Hashinator::HashFunctions::Fibonacci<unsigned int>, Hashinator::Hashers::Hasher<unsigned int, unsigned int, Hashinator::HashFunctions::Fibonacci<unsigned int>, (unsigned int)4294967295, (unsigned int)4294967294, (int)32, (int)1>, split::split_unified_allocator<Hashinator::Info>> *, Hashinator::Hashmap<unsigned int, unsigned int, (unsigned int)4294967295, (unsigned int)4294967294, Hashinator::HashFunctions::Fibonacci<unsigned int>, Hashinator::Hashers::Hasher<unsigned int, unsigned int, Hashinator::HashFunctions::Fibonacci<unsigned int>, (unsigned int)4294967295, (unsigned int)4294967294, (int)32, (int)1>, split::split_unified_allocator<Hashinator::Info>> *)"
0.0,0.1462,30,0.0049,0.0032,0.0030,0.0532,0.0091,   8    1    1,1024    1    1,"void split::tools::split_compact_keys_raw<Hashinator::hash_pair<unsigned int, unsigned int>, unsigned int, unsigned long Hashinator::Hashmap<unsigned int, unsigned int, (unsigned int)4294967295, (unsigned int)4294967294, Hashinator::HashFunctions::Fibonacci<unsigned int>, Hashinator::Hashers::Hasher<unsigned int, unsigned int, Hashinator::HashFunctions::Fibonacci<unsigned int>, (unsigned int)4294967295, (unsigned int)4294967294, (int)32, (int)1>, split::split_unified_allocator<Hashinator::Info>>::extractAllKeys<(bool)0>(split::SplitVector<unsigned int, split::split_unified_allocator<unsigned int>> &, CUstream_st *)::[lambda(const Hashinator::hash_pair<unsigned int, unsigned int> &) (instance 1)], (unsigned long)1024, (unsigned long)32>(T1 *, unsigned int *, unsigned int *, T2 *, T3, unsigned long, unsigned long, unsigned int *)"
0.0,0.1403,24,0.0058,0.0041,0.0039,0.0436,0.0080,  77    1    1, 512    1    1,"void arch::reduction_kernel<(unsigned int)512, (arch::reduce_op)2, (unsigned int)4, (unsigned int)3, void blockVelocitySecondMoments<double, (unsigned int)3>(vmesh::VelocityBlockContainer *, T1, T1, T1, T1 (&)[T2], unsigned int)::[lambda(unsigned int, unsigned int, unsigned int, unsigned int, double *) (instance 1)], double>(T5, const T6 *, T6 *, const unsigned int *, unsigned int, unsigned int, T6 *)"
0.0,0.1396,20,0.0070,0.0069,0.0065,0.0083,0.0004, 411    1    1,  64    1    1,"update_velocity_block_content_lists_kernel(vmesh::VelocityMesh *, vmesh::VelocityBlockContainer *, Hashinator::Hashmap<unsigned int, unsigned int, (unsigned int)4294967295, (unsigned int)4294967294, Hashinator::HashFunctions::Fibonacci<unsigned int>, Hashinator::Hashers::Hasher<unsigned int, unsigned int, Hashinator::HashFunctions::Fibonacci<unsigned int>, (unsigned int)4294967295, (unsigned int)4294967294, (int)32, (int)1>, split::split_unified_allocator<Hashinator::Info>> *, Hashinator::Hashmap<unsigned int, unsigned int, (unsigned int)4294967295, (unsigned int)4294967294, Hashinator::HashFunctions::Fibonacci<unsigned int>, Hashinator::Hashers::Hasher<unsigned int, unsigned int, Hashinator::HashFunctions::Fibonacci<unsigned int>, (unsigned int)4294967295, (unsigned int)4294967294, (int)32, (int)1>, split::split_unified_allocator<Hashinator::Info>> *, double)"
0.0,0.1354,18,0.0075,0.0075,0.0070,0.0087,0.0004, 958    1    1,  64    1    1,"update_velocity_block_content_lists_kernel(vmesh::VelocityMesh *, vmesh::VelocityBlockContainer *, Hashinator::Hashmap<unsigned int, unsigned int, (unsigned int)4294967295, (unsigned int)4294967294, Hashinator::HashFunctions::Fibonacci<unsigned int>, Hashinator::Hashers::Hasher<unsigned int, unsigned int, Hashinator::HashFunctions::Fibonacci<unsigned int>, (unsigned int)4294967295, (unsigned int)4294967294, (int)32, (int)1>, split::split_unified_allocator<Hashinator::Info>> *, Hashinator::Hashmap<unsigned int, unsigned int, (unsigned int)4294967295, (unsigned int)4294967294, Hashinator::HashFunctions::Fibonacci<unsigned int>, Hashinator::Hashers::Hasher<unsigned int, unsigned int, Hashinator::HashFunctions::Fibonacci<unsigned int>, (unsigned int)4294967295, (unsigned int)4294967294, (int)32, (int)1>, split::split_unified_allocator<Hashinator::Info>> *, double)"
0.0,0.1301,18,0.0072,0.0071,0.0068,0.0079,0.0003, 592    1    1,  64    1    1,"update_velocity_block_content_lists_kernel(vmesh::VelocityMesh *, vmesh::VelocityBlockContainer *, Hashinator::Hashmap<unsigned int, unsigned int, (unsigned int)4294967295, (unsigned int)4294967294, Hashinator::HashFunctions::Fibonacci<unsigned int>, Hashinator::Hashers::Hasher<unsigned int, unsigned int, Hashinator::HashFunctions::Fibonacci<unsigned int>, (unsigned int)4294967295, (unsigned int)4294967294, (int)32, (int)1>, split::split_unified_allocator<Hashinator::Info>> *, Hashinator::Hashmap<unsigned int, unsigned int, (unsigned int)4294967295, (unsigned int)4294967294, Hashinator::HashFunctions::Fibonacci<unsigned int>, Hashinator::Hashers::Hasher<unsigned int, unsigned int, Hashinator::HashFunctions::Fibonacci<unsigned int>, (unsigned int)4294967295, (unsigned int)4294967294, (int)32, (int)1>, split::split_unified_allocator<Hashinator::Info>> *, double)"
0.0,0.1287,18,0.0072,0.0071,0.0066,0.0083,0.0004, 582    1    1,  64    1    1,"update_velocity_block_content_lists_kernel(vmesh::VelocityMesh *, vmesh::VelocityBlockContainer *, Hashinator::Hashmap<unsigned int, unsigned int, (unsigned int)4294967295, (unsigned int)4294967294, Hashinator::HashFunctions::Fibonacci<unsigned int>, Hashinator::Hashers::Hasher<unsigned int, unsigned int, Hashinator::HashFunctions::Fibonacci<unsigned int>, (unsigned int)4294967295, (unsigned int)4294967294, (int)32, (int)1>, split::split_unified_allocator<Hashinator::Info>> *, Hashinator::Hashmap<unsigned int, unsigned int, (unsigned int)4294967295, (unsigned int)4294967294, Hashinator::HashFunctions::Fibonacci<unsigned int>, Hashinator::Hashers::Hasher<unsigned int, unsigned int, Hashinator::HashFunctions::Fibonacci<unsigned int>, (unsigned int)4294967295, (unsigned int)4294967294, (int)32, (int)1>, split::split_unified_allocator<Hashinator::Info>> *, double)"
0.0,0.1251,16,0.0078,0.0077,0.0073,0.0099,0.0006,1023    1    1,  64    1    1,"update_velocity_block_content_lists_kernel(vmesh::VelocityMesh *, vmesh::VelocityBlockContainer *, Hashinator::Hashmap<unsigned int, unsigned int, (unsigned int)4294967295, (unsigned int)4294967294, Hashinator::HashFunctions::Fibonacci<unsigned int>, Hashinator::Hashers::Hasher<unsigned int, unsigned int, Hashinator::HashFunctions::Fibonacci<unsigned int>, (unsigned int)4294967295, (unsigned int)4294967294, (int)32, (int)1>, split::split_unified_allocator<Hashinator::Info>> *, Hashinator::Hashmap<unsigned int, unsigned int, (unsigned int)4294967295, (unsigned int)4294967294, Hashinator::HashFunctions::Fibonacci<unsigned int>, Hashinator::Hashers::Hasher<unsigned int, unsigned int, Hashinator::HashFunctions::Fibonacci<unsigned int>, (unsigned int)4294967295, (unsigned int)4294967294, (int)32, (int)1>, split::split_unified_allocator<Hashinator::Info>> *, double)"
0.0,0.1244,16,0.0078,0.0076,0.0072,0.0087,0.0004,1024    1    1,  64    1    1,"update_velocity_block_content_lists_kernel(vmesh::VelocityMesh *, vmesh::VelocityBlockContainer *, Hashinator::Hashmap<unsigned int, unsigned int, (unsigned int)4294967295, (unsigned int)4294967294, Hashinator::HashFunctions::Fibonacci<unsigned int>, Hashinator::Hashers::Hasher<unsigned int, unsigned int, Hashinator::HashFunctions::Fibonacci<unsigned int>, (unsigned int)4294967295, (unsigned int)4294967294, (int)32, (int)1>, split::split_unified_allocator<Hashinator::Info>> *, Hashinator::Hashmap<unsigned int, unsigned int, (unsigned int)4294967295, (unsigned int)4294967294, Hashinator::HashFunctions::Fibonacci<unsigned int>, Hashinator::Hashers::Hasher<unsigned int, unsigned int, Hashinator::HashFunctions::Fibonacci<unsigned int>, (unsigned int)4294967295, (unsigned int)4294967294, (int)32, (int)1>, split::split_unified_allocator<Hashinator::Info>> *, double)"
0.0,0.1214,24,0.0051,0.0041,0.0040,0.0236,0.0040,  65    1    1, 512    1    1,"void arch::reduction_kernel<(unsigned int)512, (arch::reduce_op)2, (unsigned int)4, (unsigned int)3, void blockVelocitySecondMoments<double, (unsigned int)3>(vmesh::VelocityBlockContainer *, T1, T1, T1, T1 (&)[T2], unsigned int)::[lambda(unsigned int, unsigned int, unsigned int, unsigned int, double *) (instance 1)], double>(T5, const T6 *, T6 *, const unsigned int *, unsigned int, unsigned int, T6 *)"
0.0,0.1212,8,0.0151,0.0082,0.0073,0.0646,0.0200, 860    1    1,  64    1    1,"update_velocity_blocks_kernel(vmesh::VelocityMesh *, vmesh::VelocityBlockContainer *, split::SplitVector<unsigned int, split::split_unified_allocator<unsigned int>> *, split::SplitVector<Hashinator::hash_pair<unsigned int, unsigned int>, split::split_unified_allocator<Hashinator::hash_pair<unsigned int, unsigned int>>> *, split::SplitVector<Hashinator::hash_pair<unsigned int, unsigned int>, split::split_unified_allocator<Hashinator::hash_pair<unsigned int, unsigned int>>> *, split::SplitVector<Hashinator::hash_pair<unsigned int, unsigned int>, split::split_unified_allocator<Hashinator::hash_pair<unsigned int, unsigned int>>> *, unsigned int, unsigned int, unsigned int, float *)"
0.0,0.1211,4,0.0303,0.0274,0.0084,0.0578,0.0251, 318    1    1,  64    1    1,"update_velocity_blocks_kernel(vmesh::VelocityMesh *, vmesh::VelocityBlockContainer *, split::SplitVector<unsigned int, split::split_unified_allocator<unsigned int>> *, split::SplitVector<Hashinator::hash_pair<unsigned int, unsigned int>, split::split_unified_allocator<Hashinator::hash_pair<unsigned int, unsigned int>>> *, split::SplitVector<Hashinator::hash_pair<unsigned int, unsigned int>, split::split_unified_allocator<Hashinator::hash_pair<unsigned int, unsigned int>>> *, split::SplitVector<Hashinator::hash_pair<unsigned int, unsigned int>, split::split_unified_allocator<Hashinator::hash_pair<unsigned int, unsigned int>>> *, unsigned int, unsigned int, unsigned int, float *)"
0.0,0.1208,24,0.0050,0.0048,0.0047,0.0062,0.0004,  85    1    1, 512    1    1,"void arch::reduction_kernel<(unsigned int)512, (arch::reduce_op)2, (unsigned int)4, (unsigned int)4, void blockVelocityFirstMoments<double, (unsigned int)4>(vmesh::VelocityBlockContainer *, T1 (&)[T2], unsigned int)::[lambda(unsigned int, unsigned int, unsigned int, unsigned int, double *) (instance 1)], double>(T5, const T6 *, T6 *, const unsigned int *, unsigned int, unsigned int, T6 *)"
0.0,0.1192,16,0.0075,0.0073,0.0069,0.0084,0.0004, 727    1    1,  64    1    1,"update_velocity_block_content_lists_kernel(vmesh::VelocityMesh *, vmesh::VelocityBlockContainer *, Hashinator::Hashmap<unsigned int, unsigned int, (unsigned int)4294967295, (unsigned int)4294967294, Hashinator::HashFunctions::Fibonacci<unsigned int>, Hashinator::Hashers::Hasher<unsigned int, unsigned int, Hashinator::HashFunctions::Fibonacci<unsigned int>, (unsigned int)4294967295, (unsigned int)4294967294, (int)32, (int)1>, split::split_unified_allocator<Hashinator::Info>> *, Hashinator::Hashmap<unsigned int, unsigned int, (unsigned int)4294967295, (unsigned int)4294967294, Hashinator::HashFunctions::Fibonacci<unsigned int>, Hashinator::Hashers::Hasher<unsigned int, unsigned int, Hashinator::HashFunctions::Fibonacci<unsigned int>, (unsigned int)4294967295, (unsigned int)4294967294, (int)32, (int)1>, split::split_unified_allocator<Hashinator::Info>> *, double)"
0.0,0.1146,16,0.0072,0.0071,0.0068,0.0077,0.0003, 579    1    1,  64    1    1,"update_velocity_block_content_lists_kernel(vmesh::VelocityMesh *, vmesh::VelocityBlockContainer *, Hashinator::Hashmap<unsigned int, unsigned int, (unsigned int)4294967295, (unsigned int)4294967294, Hashinator::HashFunctions::Fibonacci<unsigned int>, Hashinator::Hashers::Hasher<unsigned int, unsigned int, Hashinator::HashFunctions::Fibonacci<unsigned int>, (unsigned int)4294967295, (unsigned int)4294967294, (int)32, (int)1>, split::split_unified_allocator<Hashinator::Info>> *, Hashinator::Hashmap<unsigned int, unsigned int, (unsigned int)4294967295, (unsigned int)4294967294, Hashinator::HashFunctions::Fibonacci<unsigned int>, Hashinator::Hashers::Hasher<unsigned int, unsigned int, Hashinator::HashFunctions::Fibonacci<unsigned int>, (unsigned int)4294967295, (unsigned int)4294967294, (int)32, (int)1>, split::split_unified_allocator<Hashinator::Info>> *, double)"
0.0,0.1141,16,0.0071,0.0071,0.0067,0.0077,0.0003, 539    1    1,  64    1    1,"update_velocity_block_content_lists_kernel(vmesh::VelocityMesh *, vmesh::VelocityBlockContainer *, Hashinator::Hashmap<unsigned int, unsigned int, (unsigned int)4294967295, (unsigned int)4294967294, Hashinator::HashFunctions::Fibonacci<unsigned int>, Hashinator::Hashers::Hasher<unsigned int, unsigned int, Hashinator::HashFunctions::Fibonacci<unsigned int>, (unsigned int)4294967295, (unsigned int)4294967294, (int)32, (int)1>, split::split_unified_allocator<Hashinator::Info>> *, Hashinator::Hashmap<unsigned int, unsigned int, (unsigned int)4294967295, (unsigned int)4294967294, Hashinator::HashFunctions::Fibonacci<unsigned int>, Hashinator::Hashers::Hasher<unsigned int, unsigned int, Hashinator::HashFunctions::Fibonacci<unsigned int>, (unsigned int)4294967295, (unsigned int)4294967294, (int)32, (int)1>, split::split_unified_allocator<Hashinator::Info>> *, double)"
0.0,0.1093,15,0.0073,0.0072,0.0069,0.0079,0.0003, 730    1    1,  64    1    1,"update_velocity_block_content_lists_kernel(vmesh::VelocityMesh *, vmesh::VelocityBlockContainer *, Hashinator::Hashmap<unsigned int, unsigned int, (unsigned int)4294967295, (unsigned int)4294967294, Hashinator::HashFunctions::Fibonacci<unsigned int>, Hashinator::Hashers::Hasher<unsigned int, unsigned int, Hashinator::HashFunctions::Fibonacci<unsigned int>, (unsigned int)4294967295, (unsigned int)4294967294, (int)32, (int)1>, split::split_unified_allocator<Hashinator::Info>> *, Hashinator::Hashmap<unsigned int, unsigned int, (unsigned int)4294967295, (unsigned int)4294967294, Hashinator::HashFunctions::Fibonacci<unsigned int>, Hashinator::Hashers::Hasher<unsigned int, unsigned int, Hashinator::HashFunctions::Fibonacci<unsigned int>, (unsigned int)4294967295, (unsigned int)4294967294, (int)32, (int)1>, split::split_unified_allocator<Hashinator::Info>> *, double)"
0.0,0.1021,24,0.0043,0.0041,0.0040,0.0054,0.0004,  79    1    1, 512    1    1,"void arch::reduction_kernel<(unsigned int)512, (arch::reduce_op)2, (unsigned int)4, (unsigned int)3, void blockVelocitySecondMoments<double, (unsigned int)3>(vmesh::VelocityBlockContainer *, T1, T1, T1, T1 (&)[T2], unsigned int)::[lambda(unsigned int, unsigned int, unsigned int, unsigned int, double *) (instance 1)], double>(T5, const T6 *, T6 *, const unsigned int *, unsigned int, unsigned int, T6 *)"
0.0,0.1020,14,0.0073,0.0073,0.0069,0.0079,0.0003, 588    1    1,  64    1    1,"update_velocity_block_content_lists_kernel(vmesh::VelocityMesh *, vmesh::VelocityBlockContainer *, Hashinator::Hashmap<unsigned int, unsigned int, (unsigned int)4294967295, (unsigned int)4294967294, Hashinator::HashFunctions::Fibonacci<unsigned int>, Hashinator::Hashers::Hasher<unsigned int, unsigned int, Hashinator::HashFunctions::Fibonacci<unsigned int>, (unsigned int)4294967295, (unsigned int)4294967294, (int)32, (int)1>, split::split_unified_allocator<Hashinator::Info>> *, Hashinator::Hashmap<unsigned int, unsigned int, (unsigned int)4294967295, (unsigned int)4294967294, Hashinator::HashFunctions::Fibonacci<unsigned int>, Hashinator::Hashers::Hasher<unsigned int, unsigned int, Hashinator::HashFunctions::Fibonacci<unsigned int>, (unsigned int)4294967295, (unsigned int)4294967294, (int)32, (int)1>, split::split_unified_allocator<Hashinator::Info>> *, double)"
0.0,0.1015,24,0.0042,0.0040,0.0039,0.0059,0.0005,  64    1    1, 512    1    1,"void arch::reduction_kernel<(unsigned int)512, (arch::reduce_op)2, (unsigned int)4, (unsigned int)3, void blockVelocitySecondMoments<double, (unsigned int)3>(vmesh::VelocityBlockContainer *, T1, T1, T1, T1 (&)[T2], unsigned int)::[lambda(unsigned int, unsigned int, unsigned int, unsigned int, double *) (instance 1)], double>(T5, const T6 *, T6 *, const unsigned int *, unsigned int, unsigned int, T6 *)"
0.0,0.0980,14,0.0070,0.0069,0.0067,0.0075,0.0003, 381    1    1,  64    1    1,"update_velocity_block_content_lists_kernel(vmesh::VelocityMesh *, vmesh::VelocityBlockContainer *, Hashinator::Hashmap<unsigned int, unsigned int, (unsigned int)4294967295, (unsigned int)4294967294, Hashinator::HashFunctions::Fibonacci<unsigned int>, Hashinator::Hashers::Hasher<unsigned int, unsigned int, Hashinator::HashFunctions::Fibonacci<unsigned int>, (unsigned int)4294967295, (unsigned int)4294967294, (int)32, (int)1>, split::split_unified_allocator<Hashinator::Info>> *, Hashinator::Hashmap<unsigned int, unsigned int, (unsigned int)4294967295, (unsigned int)4294967294, Hashinator::HashFunctions::Fibonacci<unsigned int>, Hashinator::Hashers::Hasher<unsigned int, unsigned int, Hashinator::HashFunctions::Fibonacci<unsigned int>, (unsigned int)4294967295, (unsigned int)4294967294, (int)32, (int)1>, split::split_unified_allocator<Hashinator::Info>> *, double)"
0.0,0.0961,7,0.0137,0.0073,0.0054,0.0472,0.0151, 304    1    1,  64    1    1,"update_velocity_blocks_kernel(vmesh::VelocityMesh *, vmesh::VelocityBlockContainer *, split::SplitVector<unsigned int, split::split_unified_allocator<unsigned int>> *, split::SplitVector<Hashinator::hash_pair<unsigned int, unsigned int>, split::split_unified_allocator<Hashinator::hash_pair<unsigned int, unsigned int>>> *, split::SplitVector<Hashinator::hash_pair<unsigned int, unsigned int>, split::split_unified_allocator<Hashinator::hash_pair<unsigned int, unsigned int>>> *, split::SplitVector<Hashinator::hash_pair<unsigned int, unsigned int>, split::split_unified_allocator<Hashinator::hash_pair<unsigned int, unsigned int>>> *, unsigned int, unsigned int, unsigned int, float *)"
0.0,0.0922,12,0.0077,0.0076,0.0071,0.0092,0.0005, 945    1    1,  64    1    1,"update_velocity_block_content_lists_kernel(vmesh::VelocityMesh *, vmesh::VelocityBlockContainer *, Hashinator::Hashmap<unsigned int, unsigned int, (unsigned int)4294967295, (unsigned int)4294967294, Hashinator::HashFunctions::Fibonacci<unsigned int>, Hashinator::Hashers::Hasher<unsigned int, unsigned int, Hashinator::HashFunctions::Fibonacci<unsigned int>, (unsigned int)4294967295, (unsigned int)4294967294, (int)32, (int)1>, split::split_unified_allocator<Hashinator::Info>> *, Hashinator::Hashmap<unsigned int, unsigned int, (unsigned int)4294967295, (unsigned int)4294967294, Hashinator::HashFunctions::Fibonacci<unsigned int>, Hashinator::Hashers::Hasher<unsigned int, unsigned int, Hashinator::HashFunctions::Fibonacci<unsigned int>, (unsigned int)4294967295, (unsigned int)4294967294, (int)32, (int)1>, split::split_unified_allocator<Hashinator::Info>> *, double)"
0.0,0.0901,12,0.0075,0.0074,0.0068,0.0093,0.0007, 598    1    1,  64    1    1,"update_velocity_block_content_lists_kernel(vmesh::VelocityMesh *, vmesh::VelocityBlockContainer *, Hashinator::Hashmap<unsigned int, unsigned int, (unsigned int)4294967295, (unsigned int)4294967294, Hashinator::HashFunctions::Fibonacci<unsigned int>, Hashinator::Hashers::Hasher<unsigned int, unsigned int, Hashinator::HashFunctions::Fibonacci<unsigned int>, (unsigned int)4294967295, (unsigned int)4294967294, (int)32, (int)1>, split::split_unified_allocator<Hashinator::Info>> *, Hashinator::Hashmap<unsigned int, unsigned int, (unsigned int)4294967295, (unsigned int)4294967294, Hashinator::HashFunctions::Fibonacci<unsigned int>, Hashinator::Hashers::Hasher<unsigned int, unsigned int, Hashinator::HashFunctions::Fibonacci<unsigned int>, (unsigned int)4294967295, (unsigned int)4294967294, (int)32, (int)1>, split::split_unified_allocator<Hashinator::Info>> *, double)"
0.0,0.0891,12,0.0074,0.0073,0.0070,0.0081,0.0004, 751    1    1,  64    1    1,"update_velocity_block_content_lists_kernel(vmesh::VelocityMesh *, vmesh::VelocityBlockContainer *, Hashinator::Hashmap<unsigned int, unsigned int, (unsigned int)4294967295, (unsigned int)4294967294, Hashinator::HashFunctions::Fibonacci<unsigned int>, Hashinator::Hashers::Hasher<unsigned int, unsigned int, Hashinator::HashFunctions::Fibonacci<unsigned int>, (unsigned int)4294967295, (unsigned int)4294967294, (int)32, (int)1>, split::split_unified_allocator<Hashinator::Info>> *, Hashinator::Hashmap<unsigned int, unsigned int, (unsigned int)4294967295, (unsigned int)4294967294, Hashinator::HashFunctions::Fibonacci<unsigned int>, Hashinator::Hashers::Hasher<unsigned int, unsigned int, Hashinator::HashFunctions::Fibonacci<unsigned int>, (unsigned int)4294967295, (unsigned int)4294967294, (int)32, (int)1>, split::split_unified_allocator<Hashinator::Info>> *, double)"
0.0,0.0879,12,0.0073,0.0072,0.0069,0.0086,0.0005, 527    1    1,  64    1    1,"update_velocity_block_content_lists_kernel(vmesh::VelocityMesh *, vmesh::VelocityBlockContainer *, Hashinator::Hashmap<unsigned int, unsigned int, (unsigned int)4294967295, (unsigned int)4294967294, Hashinator::HashFunctions::Fibonacci<unsigned int>, Hashinator::Hashers::Hasher<unsigned int, unsigned int, Hashinator::HashFunctions::Fibonacci<unsigned int>, (unsigned int)4294967295, (unsigned int)4294967294, (int)32, (int)1>, split::split_unified_allocator<Hashinator::Info>> *, Hashinator::Hashmap<unsigned int, unsigned int, (unsigned int)4294967295, (unsigned int)4294967294, Hashinator::HashFunctions::Fibonacci<unsigned int>, Hashinator::Hashers::Hasher<unsigned int, unsigned int, Hashinator::HashFunctions::Fibonacci<unsigned int>, (unsigned int)4294967295, (unsigned int)4294967294, (int)32, (int)1>, split::split_unified_allocator<Hashinator::Info>> *, double)"
0.0,0.0856,8,0.0107,0.0040,0.0040,0.0573,0.0188,  45    1    1, 512    1    1,"void arch::reduction_kernel<(unsigned int)512, (arch::reduce_op)2, (unsigned int)4, (unsigned int)3, void blockVelocitySecondMoments<double, (unsigned int)3>(vmesh::VelocityBlockContainer *, T1, T1, T1, T1 (&)[T2], unsigned int)::[lambda(unsigned int, unsigned int, unsigned int, unsigned int, double *) (instance 1)], double>(T5, const T6 *, T6 *, const unsigned int *, unsigned int, unsigned int, T6 *)"
0.0,0.0843,12,0.0070,0.0069,0.0068,0.0074,0.0002, 525    1    1,  64    1    1,"update_velocity_block_content_lists_kernel(vmesh::VelocityMesh *, vmesh::VelocityBlockContainer *, Hashinator::Hashmap<unsigned int, unsigned int, (unsigned int)4294967295, (unsigned int)4294967294, Hashinator::HashFunctions::Fibonacci<unsigned int>, Hashinator::Hashers::Hasher<unsigned int, unsigned int, Hashinator::HashFunctions::Fibonacci<unsigned int>, (unsigned int)4294967295, (unsigned int)4294967294, (int)32, (int)1>, split::split_unified_allocator<Hashinator::Info>> *, Hashinator::Hashmap<unsigned int, unsigned int, (unsigned int)4294967295, (unsigned int)4294967294, Hashinator::HashFunctions::Fibonacci<unsigned int>, Hashinator::Hashers::Hasher<unsigned int, unsigned int, Hashinator::HashFunctions::Fibonacci<unsigned int>, (unsigned int)4294967295, (unsigned int)4294967294, (int)32, (int)1>, split::split_unified_allocator<Hashinator::Info>> *, double)"
0.0,0.0834,30,0.0028,0.0028,0.0023,0.0033,0.0002,   8    1    1,1024    1    1,"void split::tools::scan_reduce_raw<Hashinator::hash_pair<unsigned int, unsigned int>, unsigned long Hashinator::Hashmap<unsigned int, unsigned int, (unsigned int)4294967295, (unsigned int)4294967294, Hashinator::HashFunctions::Fibonacci<unsigned int>, Hashinator::Hashers::Hasher<unsigned int, unsigned int, Hashinator::HashFunctions::Fibonacci<unsigned int>, (unsigned int)4294967295, (unsigned int)4294967294, (int)32, (int)1>, split::split_unified_allocator<Hashinator::Info>>::extractAllKeys<(bool)0>(split::SplitVector<unsigned int, split::split_unified_allocator<unsigned int>> &, CUstream_st *)::[lambda(const Hashinator::hash_pair<unsigned int, unsigned int> &) (instance 1)]>(T1 *, unsigned int *, T2, unsigned long)"
0.0,0.0798,11,0.0073,0.0072,0.0069,0.0075,0.0002, 775    1    1,  64    1    1,"update_velocity_block_content_lists_kernel(vmesh::VelocityMesh *, vmesh::VelocityBlockContainer *, Hashinator::Hashmap<unsigned int, unsigned int, (unsigned int)4294967295, (unsigned int)4294967294, Hashinator::HashFunctions::Fibonacci<unsigned int>, Hashinator::Hashers::Hasher<unsigned int, unsigned int, Hashinator::HashFunctions::Fibonacci<unsigned int>, (unsigned int)4294967295, (unsigned int)4294967294, (int)32, (int)1>, split::split_unified_allocator<Hashinator::Info>> *, Hashinator::Hashmap<unsigned int, unsigned int, (unsigned int)4294967295, (unsigned int)4294967294, Hashinator::HashFunctions::Fibonacci<unsigned int>, Hashinator::Hashers::Hasher<unsigned int, unsigned int, Hashinator::HashFunctions::Fibonacci<unsigned int>, (unsigned int)4294967295, (unsigned int)4294967294, (int)32, (int)1>, split::split_unified_allocator<Hashinator::Info>> *, double)"
0.0,0.0767,11,0.0070,0.0070,0.0066,0.0074,0.0002, 460    1    1,  64    1    1,"update_velocity_block_content_lists_kernel(vmesh::VelocityMesh *, vmesh::VelocityBlockContainer *, Hashinator::Hashmap<unsigned int, unsigned int, (unsigned int)4294967295, (unsigned int)4294967294, Hashinator::HashFunctions::Fibonacci<unsigned int>, Hashinator::Hashers::Hasher<unsigned int, unsigned int, Hashinator::HashFunctions::Fibonacci<unsigned int>, (unsigned int)4294967295, (unsigned int)4294967294, (int)32, (int)1>, split::split_unified_allocator<Hashinator::Info>> *, Hashinator::Hashmap<unsigned int, unsigned int, (unsigned int)4294967295, (unsigned int)4294967294, Hashinator::HashFunctions::Fibonacci<unsigned int>, Hashinator::Hashers::Hasher<unsigned int, unsigned int, Hashinator::HashFunctions::Fibonacci<unsigned int>, (unsigned int)4294967295, (unsigned int)4294967294, (int)32, (int)1>, split::split_unified_allocator<Hashinator::Info>> *, double)"
0.0,0.0736,30,0.0025,0.0025,0.0023,0.0028,0.0001,   1    1    1,   4    1    1,"void split::tools::split_prescan<unsigned int>(T1 *, T1 *, T1 *, int, unsigned long)"
0.0,0.0734,10,0.0073,0.0074,0.0069,0.0077,0.0002, 953    1    1,  64    1    1,"update_velocity_block_content_lists_kernel(vmesh::VelocityMesh *, vmesh::VelocityBlockContainer *, Hashinator::Hashmap<unsigned int, unsigned int, (unsigned int)4294967295, (unsigned int)4294967294, Hashinator::HashFunctions::Fibonacci<unsigned int>, Hashinator::Hashers::Hasher<unsigned int, unsigned int, Hashinator::HashFunctions::Fibonacci<unsigned int>, (unsigned int)4294967295, (unsigned int)4294967294, (int)32, (int)1>, split::split_unified_allocator<Hashinator::Info>> *, Hashinator::Hashmap<unsigned int, unsigned int, (unsigned int)4294967295, (unsigned int)4294967294, Hashinator::HashFunctions::Fibonacci<unsigned int>, Hashinator::Hashers::Hasher<unsigned int, unsigned int, Hashinator::HashFunctions::Fibonacci<unsigned int>, (unsigned int)4294967295, (unsigned int)4294967294, (int)32, (int)1>, split::split_unified_allocator<Hashinator::Info>> *, double)"
0.0,0.0699,10,0.0070,0.0069,0.0066,0.0076,0.0003, 380    1    1,  64    1    1,"update_velocity_block_content_lists_kernel(vmesh::VelocityMesh *, vmesh::VelocityBlockContainer *, Hashinator::Hashmap<unsigned int, unsigned int, (unsigned int)4294967295, (unsigned int)4294967294, Hashinator::HashFunctions::Fibonacci<unsigned int>, Hashinator::Hashers::Hasher<unsigned int, unsigned int, Hashinator::HashFunctions::Fibonacci<unsigned int>, (unsigned int)4294967295, (unsigned int)4294967294, (int)32, (int)1>, split::split_unified_allocator<Hashinator::Info>> *, Hashinator::Hashmap<unsigned int, unsigned int, (unsigned int)4294967295, (unsigned int)4294967294, Hashinator::HashFunctions::Fibonacci<unsigned int>, Hashinator::Hashers::Hasher<unsigned int, unsigned int, Hashinator::HashFunctions::Fibonacci<unsigned int>, (unsigned int)4294967295, (unsigned int)4294967294, (int)32, (int)1>, split::split_unified_allocator<Hashinator::Info>> *, double)"
0.0,0.0695,10,0.0070,0.0069,0.0066,0.0072,0.0002, 453    1    1,  64    1    1,"update_velocity_block_content_lists_kernel(vmesh::VelocityMesh *, vmesh::VelocityBlockContainer *, Hashinator::Hashmap<unsigned int, unsigned int, (unsigned int)4294967295, (unsigned int)4294967294, Hashinator::HashFunctions::Fibonacci<unsigned int>, Hashinator::Hashers::Hasher<unsigned int, unsigned int, Hashinator::HashFunctions::Fibonacci<unsigned int>, (unsigned int)4294967295, (unsigned int)4294967294, (int)32, (int)1>, split::split_unified_allocator<Hashinator::Info>> *, Hashinator::Hashmap<unsigned int, unsigned int, (unsigned int)4294967295, (unsigned int)4294967294, Hashinator::HashFunctions::Fibonacci<unsigned int>, Hashinator::Hashers::Hasher<unsigned int, unsigned int, Hashinator::HashFunctions::Fibonacci<unsigned int>, (unsigned int)4294967295, (unsigned int)4294967294, (int)32, (int)1>, split::split_unified_allocator<Hashinator::Info>> *, double)"
0.0,0.0692,10,0.0069,0.0069,0.0066,0.0074,0.0003, 420    1    1,  64    1    1,"update_velocity_block_content_lists_kernel(vmesh::VelocityMesh *, vmesh::VelocityBlockContainer *, Hashinator::Hashmap<unsigned int, unsigned int, (unsigned int)4294967295, (unsigned int)4294967294, Hashinator::HashFunctions::Fibonacci<unsigned int>, Hashinator::Hashers::Hasher<unsigned int, unsigned int, Hashinator::HashFunctions::Fibonacci<unsigned int>, (unsigned int)4294967295, (unsigned int)4294967294, (int)32, (int)1>, split::split_unified_allocator<Hashinator::Info>> *, Hashinator::Hashmap<unsigned int, unsigned int, (unsigned int)4294967295, (unsigned int)4294967294, Hashinator::HashFunctions::Fibonacci<unsigned int>, Hashinator::Hashers::Hasher<unsigned int, unsigned int, Hashinator::HashFunctions::Fibonacci<unsigned int>, (unsigned int)4294967295, (unsigned int)4294967294, (int)32, (int)1>, split::split_unified_allocator<Hashinator::Info>> *, double)"
0.0,0.0670,9,0.0074,0.0074,0.0072,0.0081,0.0003, 968    1    1,  64    1    1,"update_velocity_block_content_lists_kernel(vmesh::VelocityMesh *, vmesh::VelocityBlockContainer *, Hashinator::Hashmap<unsigned int, unsigned int, (unsigned int)4294967295, (unsigned int)4294967294, Hashinator::HashFunctions::Fibonacci<unsigned int>, Hashinator::Hashers::Hasher<unsigned int, unsigned int, Hashinator::HashFunctions::Fibonacci<unsigned int>, (unsigned int)4294967295, (unsigned int)4294967294, (int)32, (int)1>, split::split_unified_allocator<Hashinator::Info>> *, Hashinator::Hashmap<unsigned int, unsigned int, (unsigned int)4294967295, (unsigned int)4294967294, Hashinator::HashFunctions::Fibonacci<unsigned int>, Hashinator::Hashers::Hasher<unsigned int, unsigned int, Hashinator::HashFunctions::Fibonacci<unsigned int>, (unsigned int)4294967295, (unsigned int)4294967294, (int)32, (int)1>, split::split_unified_allocator<Hashinator::Info>> *, double)"
0.0,0.0646,9,0.0072,0.0070,0.0067,0.0083,0.0005, 536    1    1,  64    1    1,"update_velocity_block_content_lists_kernel(vmesh::VelocityMesh *, vmesh::VelocityBlockContainer *, Hashinator::Hashmap<unsigned int, unsigned int, (unsigned int)4294967295, (unsigned int)4294967294, Hashinator::HashFunctions::Fibonacci<unsigned int>, Hashinator::Hashers::Hasher<unsigned int, unsigned int, Hashinator::HashFunctions::Fibonacci<unsigned int>, (unsigned int)4294967295, (unsigned int)4294967294, (int)32, (int)1>, split::split_unified_allocator<Hashinator::Info>> *, Hashinator::Hashmap<unsigned int, unsigned int, (unsigned int)4294967295, (unsigned int)4294967294, Hashinator::HashFunctions::Fibonacci<unsigned int>, Hashinator::Hashers::Hasher<unsigned int, unsigned int, Hashinator::HashFunctions::Fibonacci<unsigned int>, (unsigned int)4294967295, (unsigned int)4294967294, (int)32, (int)1>, split::split_unified_allocator<Hashinator::Info>> *, double)"
0.0,0.0635,9,0.0071,0.0069,0.0067,0.0082,0.0004, 493    1    1,  64    1    1,"update_velocity_block_content_lists_kernel(vmesh::VelocityMesh *, vmesh::VelocityBlockContainer *, Hashinator::Hashmap<unsigned int, unsigned int, (unsigned int)4294967295, (unsigned int)4294967294, Hashinator::HashFunctions::Fibonacci<unsigned int>, Hashinator::Hashers::Hasher<unsigned int, unsigned int, Hashinator::HashFunctions::Fibonacci<unsigned int>, (unsigned int)4294967295, (unsigned int)4294967294, (int)32, (int)1>, split::split_unified_allocator<Hashinator::Info>> *, Hashinator::Hashmap<unsigned int, unsigned int, (unsigned int)4294967295, (unsigned int)4294967294, Hashinator::HashFunctions::Fibonacci<unsigned int>, Hashinator::Hashers::Hasher<unsigned int, unsigned int, Hashinator::HashFunctions::Fibonacci<unsigned int>, (unsigned int)4294967295, (unsigned int)4294967294, (int)32, (int)1>, split::split_unified_allocator<Hashinator::Info>> *, double)"
0.0,0.0602,8,0.0075,0.0074,0.0073,0.0081,0.0003, 972    1    1,  64    1    1,"update_velocity_block_content_lists_kernel(vmesh::VelocityMesh *, vmesh::VelocityBlockContainer *, Hashinator::Hashmap<unsigned int, unsigned int, (unsigned int)4294967295, (unsigned int)4294967294, Hashinator::HashFunctions::Fibonacci<unsigned int>, Hashinator::Hashers::Hasher<unsigned int, unsigned int, Hashinator::HashFunctions::Fibonacci<unsigned int>, (unsigned int)4294967295, (unsigned int)4294967294, (int)32, (int)1>, split::split_unified_allocator<Hashinator::Info>> *, Hashinator::Hashmap<unsigned int, unsigned int, (unsigned int)4294967295, (unsigned int)4294967294, Hashinator::HashFunctions::Fibonacci<unsigned int>, Hashinator::Hashers::Hasher<unsigned int, unsigned int, Hashinator::HashFunctions::Fibonacci<unsigned int>, (unsigned int)4294967295, (unsigned int)4294967294, (int)32, (int)1>, split::split_unified_allocator<Hashinator::Info>> *, double)"
0.0,0.0602,8,0.0075,0.0075,0.0072,0.0080,0.0003, 986    1    1,  64    1    1,"update_velocity_block_content_lists_kernel(vmesh::VelocityMesh *, vmesh::VelocityBlockContainer *, Hashinator::Hashmap<unsigned int, unsigned int, (unsigned int)4294967295, (unsigned int)4294967294, Hashinator::HashFunctions::Fibonacci<unsigned int>, Hashinator::Hashers::Hasher<unsigned int, unsigned int, Hashinator::HashFunctions::Fibonacci<unsigned int>, (unsigned int)4294967295, (unsigned int)4294967294, (int)32, (int)1>, split::split_unified_allocator<Hashinator::Info>> *, Hashinator::Hashmap<unsigned int, unsigned int, (unsigned int)4294967295, (unsigned int)4294967294, Hashinator::HashFunctions::Fibonacci<unsigned int>, Hashinator::Hashers::Hasher<unsigned int, unsigned int, Hashinator::HashFunctions::Fibonacci<unsigned int>, (unsigned int)4294967295, (unsigned int)4294967294, (int)32, (int)1>, split::split_unified_allocator<Hashinator::Info>> *, double)"
0.0,0.0592,8,0.0074,0.0072,0.0069,0.0092,0.0007, 564    1    1,  64    1    1,"update_velocity_block_content_lists_kernel(vmesh::VelocityMesh *, vmesh::VelocityBlockContainer *, Hashinator::Hashmap<unsigned int, unsigned int, (unsigned int)4294967295, (unsigned int)4294967294, Hashinator::HashFunctions::Fibonacci<unsigned int>, Hashinator::Hashers::Hasher<unsigned int, unsigned int, Hashinator::HashFunctions::Fibonacci<unsigned int>, (unsigned int)4294967295, (unsigned int)4294967294, (int)32, (int)1>, split::split_unified_allocator<Hashinator::Info>> *, Hashinator::Hashmap<unsigned int, unsigned int, (unsigned int)4294967295, (unsigned int)4294967294, Hashinator::HashFunctions::Fibonacci<unsigned int>, Hashinator::Hashers::Hasher<unsigned int, unsigned int, Hashinator::HashFunctions::Fibonacci<unsigned int>, (unsigned int)4294967295, (unsigned int)4294967294, (int)32, (int)1>, split::split_unified_allocator<Hashinator::Info>> *, double)"
0.0,0.0589,8,0.0074,0.0074,0.0071,0.0076,0.0002, 868    1    1,  64    1    1,"update_velocity_block_content_lists_kernel(vmesh::VelocityMesh *, vmesh::VelocityBlockContainer *, Hashinator::Hashmap<unsigned int, unsigned int, (unsigned int)4294967295, (unsigned int)4294967294, Hashinator::HashFunctions::Fibonacci<unsigned int>, Hashinator::Hashers::Hasher<unsigned int, unsigned int, Hashinator::HashFunctions::Fibonacci<unsigned int>, (unsigned int)4294967295, (unsigned int)4294967294, (int)32, (int)1>, split::split_unified_allocator<Hashinator::Info>> *, Hashinator::Hashmap<unsigned int, unsigned int, (unsigned int)4294967295, (unsigned int)4294967294, Hashinator::HashFunctions::Fibonacci<unsigned int>, Hashinator::Hashers::Hasher<unsigned int, unsigned int, Hashinator::HashFunctions::Fibonacci<unsigned int>, (unsigned int)4294967295, (unsigned int)4294967294, (int)32, (int)1>, split::split_unified_allocator<Hashinator::Info>> *, double)"
0.0,0.0582,8,0.0073,0.0072,0.0068,0.0078,0.0003, 788    1    1,  64    1    1,"update_velocity_block_content_lists_kernel(vmesh::VelocityMesh *, vmesh::VelocityBlockContainer *, Hashinator::Hashmap<unsigned int, unsigned int, (unsigned int)4294967295, (unsigned int)4294967294, Hashinator::HashFunctions::Fibonacci<unsigned int>, Hashinator::Hashers::Hasher<unsigned int, unsigned int, Hashinator::HashFunctions::Fibonacci<unsigned int>, (unsigned int)4294967295, (unsigned int)4294967294, (int)32, (int)1>, split::split_unified_allocator<Hashinator::Info>> *, Hashinator::Hashmap<unsigned int, unsigned int, (unsigned int)4294967295, (unsigned int)4294967294, Hashinator::HashFunctions::Fibonacci<unsigned int>, Hashinator::Hashers::Hasher<unsigned int, unsigned int, Hashinator::HashFunctions::Fibonacci<unsigned int>, (unsigned int)4294967295, (unsigned int)4294967294, (int)32, (int)1>, split::split_unified_allocator<Hashinator::Info>> *, double)"
0.0,0.0578,8,0.0072,0.0072,0.0069,0.0075,0.0002, 587    1    1,  64    1    1,"update_velocity_block_content_lists_kernel(vmesh::VelocityMesh *, vmesh::VelocityBlockContainer *, Hashinator::Hashmap<unsigned int, unsigned int, (unsigned int)4294967295, (unsigned int)4294967294, Hashinator::HashFunctions::Fibonacci<unsigned int>, Hashinator::Hashers::Hasher<unsigned int, unsigned int, Hashinator::HashFunctions::Fibonacci<unsigned int>, (unsigned int)4294967295, (unsigned int)4294967294, (int)32, (int)1>, split::split_unified_allocator<Hashinator::Info>> *, Hashinator::Hashmap<unsigned int, unsigned int, (unsigned int)4294967295, (unsigned int)4294967294, Hashinator::HashFunctions::Fibonacci<unsigned int>, Hashinator::Hashers::Hasher<unsigned int, unsigned int, Hashinator::HashFunctions::Fibonacci<unsigned int>, (unsigned int)4294967295, (unsigned int)4294967294, (int)32, (int)1>, split::split_unified_allocator<Hashinator::Info>> *, double)"
0.0,0.0576,8,0.0072,0.0071,0.0069,0.0078,0.0003, 644    1    1,  64    1    1,"update_velocity_block_content_lists_kernel(vmesh::VelocityMesh *, vmesh::VelocityBlockContainer *, Hashinator::Hashmap<unsigned int, unsigned int, (unsigned int)4294967295, (unsigned int)4294967294, Hashinator::HashFunctions::Fibonacci<unsigned int>, Hashinator::Hashers::Hasher<unsigned int, unsigned int, Hashinator::HashFunctions::Fibonacci<unsigned int>, (unsigned int)4294967295, (unsigned int)4294967294, (int)32, (int)1>, split::split_unified_allocator<Hashinator::Info>> *, Hashinator::Hashmap<unsigned int, unsigned int, (unsigned int)4294967295, (unsigned int)4294967294, Hashinator::HashFunctions::Fibonacci<unsigned int>, Hashinator::Hashers::Hasher<unsigned int, unsigned int, Hashinator::HashFunctions::Fibonacci<unsigned int>, (unsigned int)4294967295, (unsigned int)4294967294, (int)32, (int)1>, split::split_unified_allocator<Hashinator::Info>> *, double)"
0.0,0.0569,8,0.0071,0.0070,0.0069,0.0077,0.0002, 745    1    1,  64    1    1,"update_velocity_block_content_lists_kernel(vmesh::VelocityMesh *, vmesh::VelocityBlockContainer *, Hashinator::Hashmap<unsigned int, unsigned int, (unsigned int)4294967295, (unsigned int)4294967294, Hashinator::HashFunctions::Fibonacci<unsigned int>, Hashinator::Hashers::Hasher<unsigned int, unsigned int, Hashinator::HashFunctions::Fibonacci<unsigned int>, (unsigned int)4294967295, (unsigned int)4294967294, (int)32, (int)1>, split::split_unified_allocator<Hashinator::Info>> *, Hashinator::Hashmap<unsigned int, unsigned int, (unsigned int)4294967295, (unsigned int)4294967294, Hashinator::HashFunctions::Fibonacci<unsigned int>, Hashinator::Hashers::Hasher<unsigned int, unsigned int, Hashinator::HashFunctions::Fibonacci<unsigned int>, (unsigned int)4294967295, (unsigned int)4294967294, (int)32, (int)1>, split::split_unified_allocator<Hashinator::Info>> *, double)"
0.0,0.0524,7,0.0075,0.0075,0.0072,0.0078,0.0002, 817    1    1,  64    1    1,"update_velocity_block_content_lists_kernel(vmesh::VelocityMesh *, vmesh::VelocityBlockContainer *, Hashinator::Hashmap<unsigned int, unsigned int, (unsigned int)4294967295, (unsigned int)4294967294, Hashinator::HashFunctions::Fibonacci<unsigned int>, Hashinator::Hashers::Hasher<unsigned int, unsigned int, Hashinator::HashFunctions::Fibonacci<unsigned int>, (unsigned int)4294967295, (unsigned int)4294967294, (int)32, (int)1>, split::split_unified_allocator<Hashinator::Info>> *, Hashinator::Hashmap<unsigned int, unsigned int, (unsigned int)4294967295, (unsigned int)4294967294, Hashinator::HashFunctions::Fibonacci<unsigned int>, Hashinator::Hashers::Hasher<unsigned int, unsigned int, Hashinator::HashFunctions::Fibonacci<unsigned int>, (unsigned int)4294967295, (unsigned int)4294967294, (int)32, (int)1>, split::split_unified_allocator<Hashinator::Info>> *, double)"
0.0,0.0475,8,0.0059,0.0048,0.0047,0.0124,0.0027,  74    1    1, 512    1    1,"void arch::reduction_kernel<(unsigned int)512, (arch::reduce_op)2, (unsigned int)4, (unsigned int)4, void blockVelocityFirstMoments<double, (unsigned int)4>(vmesh::VelocityBlockContainer *, T1 (&)[T2], unsigned int)::[lambda(unsigned int, unsigned int, unsigned int, unsigned int, double *) (instance 1)], double>(T5, const T6 *, T6 *, const unsigned int *, unsigned int, unsigned int, T6 *)"
0.0,0.0452,6,0.0075,0.0075,0.0072,0.0079,0.0002, 977    1    1,  64    1    1,"update_velocity_block_content_lists_kernel(vmesh::VelocityMesh *, vmesh::VelocityBlockContainer *, Hashinator::Hashmap<unsigned int, unsigned int, (unsigned int)4294967295, (unsigned int)4294967294, Hashinator::HashFunctions::Fibonacci<unsigned int>, Hashinator::Hashers::Hasher<unsigned int, unsigned int, Hashinator::HashFunctions::Fibonacci<unsigned int>, (unsigned int)4294967295, (unsigned int)4294967294, (int)32, (int)1>, split::split_unified_allocator<Hashinator::Info>> *, Hashinator::Hashmap<unsigned int, unsigned int, (unsigned int)4294967295, (unsigned int)4294967294, Hashinator::HashFunctions::Fibonacci<unsigned int>, Hashinator::Hashers::Hasher<unsigned int, unsigned int, Hashinator::HashFunctions::Fibonacci<unsigned int>, (unsigned int)4294967295, (unsigned int)4294967294, (int)32, (int)1>, split::split_unified_allocator<Hashinator::Info>> *, double)"
0.0,0.0445,6,0.0074,0.0074,0.0072,0.0076,0.0001, 753    1    1,  64    1    1,"update_velocity_block_content_lists_kernel(vmesh::VelocityMesh *, vmesh::VelocityBlockContainer *, Hashinator::Hashmap<unsigned int, unsigned int, (unsigned int)4294967295, (unsigned int)4294967294, Hashinator::HashFunctions::Fibonacci<unsigned int>, Hashinator::Hashers::Hasher<unsigned int, unsigned int, Hashinator::HashFunctions::Fibonacci<unsigned int>, (unsigned int)4294967295, (unsigned int)4294967294, (int)32, (int)1>, split::split_unified_allocator<Hashinator::Info>> *, Hashinator::Hashmap<unsigned int, unsigned int, (unsigned int)4294967295, (unsigned int)4294967294, Hashinator::HashFunctions::Fibonacci<unsigned int>, Hashinator::Hashers::Hasher<unsigned int, unsigned int, Hashinator::HashFunctions::Fibonacci<unsigned int>, (unsigned int)4294967295, (unsigned int)4294967294, (int)32, (int)1>, split::split_unified_allocator<Hashinator::Info>> *, double)"
0.0,0.0445,6,0.0074,0.0074,0.0070,0.0078,0.0003, 767    1    1,  64    1    1,"update_velocity_block_content_lists_kernel(vmesh::VelocityMesh *, vmesh::VelocityBlockContainer *, Hashinator::Hashmap<unsigned int, unsigned int, (unsigned int)4294967295, (unsigned int)4294967294, Hashinator::HashFunctions::Fibonacci<unsigned int>, Hashinator::Hashers::Hasher<unsigned int, unsigned int, Hashinator::HashFunctions::Fibonacci<unsigned int>, (unsigned int)4294967295, (unsigned int)4294967294, (int)32, (int)1>, split::split_unified_allocator<Hashinator::Info>> *, Hashinator::Hashmap<unsigned int, unsigned int, (unsigned int)4294967295, (unsigned int)4294967294, Hashinator::HashFunctions::Fibonacci<unsigned int>, Hashinator::Hashers::Hasher<unsigned int, unsigned int, Hashinator::HashFunctions::Fibonacci<unsigned int>, (unsigned int)4294967295, (unsigned int)4294967294, (int)32, (int)1>, split::split_unified_allocator<Hashinator::Info>> *, double)"
0.0,0.0440,6,0.0073,0.0073,0.0071,0.0076,0.0002, 749    1    1,  64    1    1,"update_velocity_block_content_lists_kernel(vmesh::VelocityMesh *, vmesh::VelocityBlockContainer *, Hashinator::Hashmap<unsigned int, unsigned int, (unsigned int)4294967295, (unsigned int)4294967294, Hashinator::HashFunctions::Fibonacci<unsigned int>, Hashinator::Hashers::Hasher<unsigned int, unsigned int, Hashinator::HashFunctions::Fibonacci<unsigned int>, (unsigned int)4294967295, (unsigned int)4294967294, (int)32, (int)1>, split::split_unified_allocator<Hashinator::Info>> *, Hashinator::Hashmap<unsigned int, unsigned int, (unsigned int)4294967295, (unsigned int)4294967294, Hashinator::HashFunctions::Fibonacci<unsigned int>, Hashinator::Hashers::Hasher<unsigned int, unsigned int, Hashinator::HashFunctions::Fibonacci<unsigned int>, (unsigned int)4294967295, (unsigned int)4294967294, (int)32, (int)1>, split::split_unified_allocator<Hashinator::Info>> *, double)"
0.0,0.0435,6,0.0072,0.0071,0.0070,0.0079,0.0003, 580    1    1,  64    1    1,"update_velocity_block_content_lists_kernel(vmesh::VelocityMesh *, vmesh::VelocityBlockContainer *, Hashinator::Hashmap<unsigned int, unsigned int, (unsigned int)4294967295, (unsigned int)4294967294, Hashinator::HashFunctions::Fibonacci<unsigned int>, Hashinator::Hashers::Hasher<unsigned int, unsigned int, Hashinator::HashFunctions::Fibonacci<unsigned int>, (unsigned int)4294967295, (unsigned int)4294967294, (int)32, (int)1>, split::split_unified_allocator<Hashinator::Info>> *, Hashinator::Hashmap<unsigned int, unsigned int, (unsigned int)4294967295, (unsigned int)4294967294, Hashinator::HashFunctions::Fibonacci<unsigned int>, Hashinator::Hashers::Hasher<unsigned int, unsigned int, Hashinator::HashFunctions::Fibonacci<unsigned int>, (unsigned int)4294967295, (unsigned int)4294967294, (int)32, (int)1>, split::split_unified_allocator<Hashinator::Info>> *, double)"
0.0,0.0434,6,0.0072,0.0071,0.0069,0.0080,0.0004, 747    1    1,  64    1    1,"update_velocity_block_content_lists_kernel(vmesh::VelocityMesh *, vmesh::VelocityBlockContainer *, Hashinator::Hashmap<unsigned int, unsigned int, (unsigned int)4294967295, (unsigned int)4294967294, Hashinator::HashFunctions::Fibonacci<unsigned int>, Hashinator::Hashers::Hasher<unsigned int, unsigned int, Hashinator::HashFunctions::Fibonacci<unsigned int>, (unsigned int)4294967295, (unsigned int)4294967294, (int)32, (int)1>, split::split_unified_allocator<Hashinator::Info>> *, Hashinator::Hashmap<unsigned int, unsigned int, (unsigned int)4294967295, (unsigned int)4294967294, Hashinator::HashFunctions::Fibonacci<unsigned int>, Hashinator::Hashers::Hasher<unsigned int, unsigned int, Hashinator::HashFunctions::Fibonacci<unsigned int>, (unsigned int)4294967295, (unsigned int)4294967294, (int)32, (int)1>, split::split_unified_allocator<Hashinator::Info>> *, double)"
0.0,0.0432,6,0.0072,0.0072,0.0067,0.0078,0.0004, 412    1    1,  64    1    1,"update_velocity_block_content_lists_kernel(vmesh::VelocityMesh *, vmesh::VelocityBlockContainer *, Hashinator::Hashmap<unsigned int, unsigned int, (unsigned int)4294967295, (unsigned int)4294967294, Hashinator::HashFunctions::Fibonacci<unsigned int>, Hashinator::Hashers::Hasher<unsigned int, unsigned int, Hashinator::HashFunctions::Fibonacci<unsigned int>, (unsigned int)4294967295, (unsigned int)4294967294, (int)32, (int)1>, split::split_unified_allocator<Hashinator::Info>> *, Hashinator::Hashmap<unsigned int, unsigned int, (unsigned int)4294967295, (unsigned int)4294967294, Hashinator::HashFunctions::Fibonacci<unsigned int>, Hashinator::Hashers::Hasher<unsigned int, unsigned int, Hashinator::HashFunctions::Fibonacci<unsigned int>, (unsigned int)4294967295, (unsigned int)4294967294, (int)32, (int)1>, split::split_unified_allocator<Hashinator::Info>> *, double)"
0.0,0.0375,8,0.0047,0.0047,0.0045,0.0049,0.0001,  45    1    1, 512    1    1,"void arch::reduction_kernel<(unsigned int)512, (arch::reduce_op)2, (unsigned int)4, (unsigned int)4, void blockVelocityFirstMoments<double, (unsigned int)4>(vmesh::VelocityBlockContainer *, T1 (&)[T2], unsigned int)::[lambda(unsigned int, unsigned int, unsigned int, unsigned int, double *) (instance 1)], double>(T5, const T6 *, T6 *, const unsigned int *, unsigned int, unsigned int, T6 *)"
0.0,0.0368,5,0.0074,0.0071,0.0070,0.0082,0.0005, 553    1    1,  64    1    1,"update_velocity_block_content_lists_kernel(vmesh::VelocityMesh *, vmesh::VelocityBlockContainer *, Hashinator::Hashmap<unsigned int, unsigned int, (unsigned int)4294967295, (unsigned int)4294967294, Hashinator::HashFunctions::Fibonacci<unsigned int>, Hashinator::Hashers::Hasher<unsigned int, unsigned int, Hashinator::HashFunctions::Fibonacci<unsigned int>, (unsigned int)4294967295, (unsigned int)4294967294, (int)32, (int)1>, split::split_unified_allocator<Hashinator::Info>> *, Hashinator::Hashmap<unsigned int, unsigned int, (unsigned int)4294967295, (unsigned int)4294967294, Hashinator::HashFunctions::Fibonacci<unsigned int>, Hashinator::Hashers::Hasher<unsigned int, unsigned int, Hashinator::HashFunctions::Fibonacci<unsigned int>, (unsigned int)4294967295, (unsigned int)4294967294, (int)32, (int)1>, split::split_unified_allocator<Hashinator::Info>> *, double)"
0.0,0.0350,5,0.0070,0.0069,0.0067,0.0074,0.0003, 415    1    1,  64    1    1,"update_velocity_block_content_lists_kernel(vmesh::VelocityMesh *, vmesh::VelocityBlockContainer *, Hashinator::Hashmap<unsigned int, unsigned int, (unsigned int)4294967295, (unsigned int)4294967294, Hashinator::HashFunctions::Fibonacci<unsigned int>, Hashinator::Hashers::Hasher<unsigned int, unsigned int, Hashinator::HashFunctions::Fibonacci<unsigned int>, (unsigned int)4294967295, (unsigned int)4294967294, (int)32, (int)1>, split::split_unified_allocator<Hashinator::Info>> *, Hashinator::Hashmap<unsigned int, unsigned int, (unsigned int)4294967295, (unsigned int)4294967294, Hashinator::HashFunctions::Fibonacci<unsigned int>, Hashinator::Hashers::Hasher<unsigned int, unsigned int, Hashinator::HashFunctions::Fibonacci<unsigned int>, (unsigned int)4294967295, (unsigned int)4294967294, (int)32, (int)1>, split::split_unified_allocator<Hashinator::Info>> *, double)"
0.0,0.0342,8,0.0043,0.0042,0.0040,0.0052,0.0004,  74    1    1, 512    1    1,"void arch::reduction_kernel<(unsigned int)512, (arch::reduce_op)2, (unsigned int)4, (unsigned int)3, void blockVelocitySecondMoments<double, (unsigned int)3>(vmesh::VelocityBlockContainer *, T1, T1, T1, T1 (&)[T2], unsigned int)::[lambda(unsigned int, unsigned int, unsigned int, unsigned int, double *) (instance 1)], double>(T5, const T6 *, T6 *, const unsigned int *, unsigned int, unsigned int, T6 *)"
0.0,0.0315,4,0.0079,0.0074,0.0071,0.0097,0.0012, 457    1    1,  64    1    1,"update_velocity_block_content_lists_kernel(vmesh::VelocityMesh *, vmesh::VelocityBlockContainer *, Hashinator::Hashmap<unsigned int, unsigned int, (unsigned int)4294967295, (unsigned int)4294967294, Hashinator::HashFunctions::Fibonacci<unsigned int>, Hashinator::Hashers::Hasher<unsigned int, unsigned int, Hashinator::HashFunctions::Fibonacci<unsigned int>, (unsigned int)4294967295, (unsigned int)4294967294, (int)32, (int)1>, split::split_unified_allocator<Hashinator::Info>> *, Hashinator::Hashmap<unsigned int, unsigned int, (unsigned int)4294967295, (unsigned int)4294967294, Hashinator::HashFunctions::Fibonacci<unsigned int>, Hashinator::Hashers::Hasher<unsigned int, unsigned int, Hashinator::HashFunctions::Fibonacci<unsigned int>, (unsigned int)4294967295, (unsigned int)4294967294, (int)32, (int)1>, split::split_unified_allocator<Hashinator::Info>> *, double)"
0.0,0.0301,4,0.0075,0.0075,0.0073,0.0078,0.0002, 916    1    1,  64    1    1,"update_velocity_block_content_lists_kernel(vmesh::VelocityMesh *, vmesh::VelocityBlockContainer *, Hashinator::Hashmap<unsigned int, unsigned int, (unsigned int)4294967295, (unsigned int)4294967294, Hashinator::HashFunctions::Fibonacci<unsigned int>, Hashinator::Hashers::Hasher<unsigned int, unsigned int, Hashinator::HashFunctions::Fibonacci<unsigned int>, (unsigned int)4294967295, (unsigned int)4294967294, (int)32, (int)1>, split::split_unified_allocator<Hashinator::Info>> *, Hashinator::Hashmap<unsigned int, unsigned int, (unsigned int)4294967295, (unsigned int)4294967294, Hashinator::HashFunctions::Fibonacci<unsigned int>, Hashinator::Hashers::Hasher<unsigned int, unsigned int, Hashinator::HashFunctions::Fibonacci<unsigned int>, (unsigned int)4294967295, (unsigned int)4294967294, (int)32, (int)1>, split::split_unified_allocator<Hashinator::Info>> *, double)"
0.0,0.0300,4,0.0075,0.0074,0.0072,0.0079,0.0003, 967    1    1,  64    1    1,"update_velocity_block_content_lists_kernel(vmesh::VelocityMesh *, vmesh::VelocityBlockContainer *, Hashinator::Hashmap<unsigned int, unsigned int, (unsigned int)4294967295, (unsigned int)4294967294, Hashinator::HashFunctions::Fibonacci<unsigned int>, Hashinator::Hashers::Hasher<unsigned int, unsigned int, Hashinator::HashFunctions::Fibonacci<unsigned int>, (unsigned int)4294967295, (unsigned int)4294967294, (int)32, (int)1>, split::split_unified_allocator<Hashinator::Info>> *, Hashinator::Hashmap<unsigned int, unsigned int, (unsigned int)4294967295, (unsigned int)4294967294, Hashinator::HashFunctions::Fibonacci<unsigned int>, Hashinator::Hashers::Hasher<unsigned int, unsigned int, Hashinator::HashFunctions::Fibonacci<unsigned int>, (unsigned int)4294967295, (unsigned int)4294967294, (int)32, (int)1>, split::split_unified_allocator<Hashinator::Info>> *, double)"
0.0,0.0300,4,0.0075,0.0076,0.0072,0.0077,0.0003,1017    1    1,  64    1    1,"update_velocity_block_content_lists_kernel(vmesh::VelocityMesh *, vmesh::VelocityBlockContainer *, Hashinator::Hashmap<unsigned int, unsigned int, (unsigned int)4294967295, (unsigned int)4294967294, Hashinator::HashFunctions::Fibonacci<unsigned int>, Hashinator::Hashers::Hasher<unsigned int, unsigned int, Hashinator::HashFunctions::Fibonacci<unsigned int>, (unsigned int)4294967295, (unsigned int)4294967294, (int)32, (int)1>, split::split_unified_allocator<Hashinator::Info>> *, Hashinator::Hashmap<unsigned int, unsigned int, (unsigned int)4294967295, (unsigned int)4294967294, Hashinator::HashFunctions::Fibonacci<unsigned int>, Hashinator::Hashers::Hasher<unsigned int, unsigned int, Hashinator::HashFunctions::Fibonacci<unsigned int>, (unsigned int)4294967295, (unsigned int)4294967294, (int)32, (int)1>, split::split_unified_allocator<Hashinator::Info>> *, double)"
0.0,0.0297,4,0.0074,0.0074,0.0072,0.0077,0.0002, 746    1    1,  64    1    1,"update_velocity_block_content_lists_kernel(vmesh::VelocityMesh *, vmesh::VelocityBlockContainer *, Hashinator::Hashmap<unsigned int, unsigned int, (unsigned int)4294967295, (unsigned int)4294967294, Hashinator::HashFunctions::Fibonacci<unsigned int>, Hashinator::Hashers::Hasher<unsigned int, unsigned int, Hashinator::HashFunctions::Fibonacci<unsigned int>, (unsigned int)4294967295, (unsigned int)4294967294, (int)32, (int)1>, split::split_unified_allocator<Hashinator::Info>> *, Hashinator::Hashmap<unsigned int, unsigned int, (unsigned int)4294967295, (unsigned int)4294967294, Hashinator::HashFunctions::Fibonacci<unsigned int>, Hashinator::Hashers::Hasher<unsigned int, unsigned int, Hashinator::HashFunctions::Fibonacci<unsigned int>, (unsigned int)4294967295, (unsigned int)4294967294, (int)32, (int)1>, split::split_unified_allocator<Hashinator::Info>> *, double)"
0.0,0.0284,4,0.0071,0.0071,0.0069,0.0073,0.0002, 766    1    1,  64    1    1,"update_velocity_block_content_lists_kernel(vmesh::VelocityMesh *, vmesh::VelocityBlockContainer *, Hashinator::Hashmap<unsigned int, unsigned int, (unsigned int)4294967295, (unsigned int)4294967294, Hashinator::HashFunctions::Fibonacci<unsigned int>, Hashinator::Hashers::Hasher<unsigned int, unsigned int, Hashinator::HashFunctions::Fibonacci<unsigned int>, (unsigned int)4294967295, (unsigned int)4294967294, (int)32, (int)1>, split::split_unified_allocator<Hashinator::Info>> *, Hashinator::Hashmap<unsigned int, unsigned int, (unsigned int)4294967295, (unsigned int)4294967294, Hashinator::HashFunctions::Fibonacci<unsigned int>, Hashinator::Hashers::Hasher<unsigned int, unsigned int, Hashinator::HashFunctions::Fibonacci<unsigned int>, (unsigned int)4294967295, (unsigned int)4294967294, (int)32, (int)1>, split::split_unified_allocator<Hashinator::Info>> *, double)"
0.0,0.0279,6,0.0047,0.0038,0.0036,0.0090,0.0022,   1    1    1, 192    1    1,"void Hashinator::Hashers::insert_kernel<unsigned int, unsigned int, (unsigned int)4294967295, Hashinator::HashFunctions::Fibonacci<unsigned int>, (int)32, (int)1>(Hashinator::hash_pair<T1, T2> *, Hashinator::hash_pair<T1, T2> *, Hashinator::Info *, unsigned long)"
0.0,0.0278,4,0.0069,0.0070,0.0066,0.0072,0.0003, 458    1    1,  64    1    1,"update_velocity_block_content_lists_kernel(vmesh::VelocityMesh *, vmesh::VelocityBlockContainer *, Hashinator::Hashmap<unsigned int, unsigned int, (unsigned int)4294967295, (unsigned int)4294967294, Hashinator::HashFunctions::Fibonacci<unsigned int>, Hashinator::Hashers::Hasher<unsigned int, unsigned int, Hashinator::HashFunctions::Fibonacci<unsigned int>, (unsigned int)4294967295, (unsigned int)4294967294, (int)32, (int)1>, split::split_unified_allocator<Hashinator::Info>> *, Hashinator::Hashmap<unsigned int, unsigned int, (unsigned int)4294967295, (unsigned int)4294967294, Hashinator::HashFunctions::Fibonacci<unsigned int>, Hashinator::Hashers::Hasher<unsigned int, unsigned int, Hashinator::HashFunctions::Fibonacci<unsigned int>, (unsigned int)4294967295, (unsigned int)4294967294, (int)32, (int)1>, split::split_unified_allocator<Hashinator::Info>> *, double)"
0.0,0.0209,3,0.0070,0.0068,0.0066,0.0074,0.0004, 500    1    1,  64    1    1,"update_velocity_block_content_lists_kernel(vmesh::VelocityMesh *, vmesh::VelocityBlockContainer *, Hashinator::Hashmap<unsigned int, unsigned int, (unsigned int)4294967295, (unsigned int)4294967294, Hashinator::HashFunctions::Fibonacci<unsigned int>, Hashinator::Hashers::Hasher<unsigned int, unsigned int, Hashinator::HashFunctions::Fibonacci<unsigned int>, (unsigned int)4294967295, (unsigned int)4294967294, (int)32, (int)1>, split::split_unified_allocator<Hashinator::Info>> *, Hashinator::Hashmap<unsigned int, unsigned int, (unsigned int)4294967295, (unsigned int)4294967294, Hashinator::HashFunctions::Fibonacci<unsigned int>, Hashinator::Hashers::Hasher<unsigned int, unsigned int, Hashinator::HashFunctions::Fibonacci<unsigned int>, (unsigned int)4294967295, (unsigned int)4294967294, (int)32, (int)1>, split::split_unified_allocator<Hashinator::Info>> *, double)"
0.0,0.0204,2,0.0102,0.0102,0.0102,0.0102,0.0000,  75    1    1,1024    1    1,"update_neighbour_halo_kernel(vmesh::VelocityMesh *, unsigned int, unsigned int **, unsigned int *, Hashinator::Hashmap<unsigned int, unsigned int, (unsigned int)4294967295, (unsigned int)4294967294, Hashinator::HashFunctions::Fibonacci<unsigned int>, Hashinator::Hashers::Hasher<unsigned int, unsigned int, Hashinator::HashFunctions::Fibonacci<unsigned int>, (unsigned int)4294967295, (unsigned int)4294967294, (int)32, (int)1>, split::split_unified_allocator<Hashinator::Info>> *, Hashinator::Hashmap<unsigned int, unsigned int, (unsigned int)4294967295, (unsigned int)4294967294, Hashinator::HashFunctions::Fibonacci<unsigned int>, Hashinator::Hashers::Hasher<unsigned int, unsigned int, Hashinator::HashFunctions::Fibonacci<unsigned int>, (unsigned int)4294967295, (unsigned int)4294967294, (int)32, (int)1>, split::split_unified_allocator<Hashinator::Info>> *)"
0.0,0.0156,2,0.0078,0.0078,0.0076,0.0080,0.0003, 750    1    1,  64    1    1,"update_velocity_block_content_lists_kernel(vmesh::VelocityMesh *, vmesh::VelocityBlockContainer *, Hashinator::Hashmap<unsigned int, unsigned int, (unsigned int)4294967295, (unsigned int)4294967294, Hashinator::HashFunctions::Fibonacci<unsigned int>, Hashinator::Hashers::Hasher<unsigned int, unsigned int, Hashinator::HashFunctions::Fibonacci<unsigned int>, (unsigned int)4294967295, (unsigned int)4294967294, (int)32, (int)1>, split::split_unified_allocator<Hashinator::Info>> *, Hashinator::Hashmap<unsigned int, unsigned int, (unsigned int)4294967295, (unsigned int)4294967294, Hashinator::HashFunctions::Fibonacci<unsigned int>, Hashinator::Hashers::Hasher<unsigned int, unsigned int, Hashinator::HashFunctions::Fibonacci<unsigned int>, (unsigned int)4294967295, (unsigned int)4294967294, (int)32, (int)1>, split::split_unified_allocator<Hashinator::Info>> *, double)"
0.0,0.0156,2,0.0078,0.0078,0.0074,0.0083,0.0007, 976    1    1,  64    1    1,"update_velocity_block_content_lists_kernel(vmesh::VelocityMesh *, vmesh::VelocityBlockContainer *, Hashinator::Hashmap<unsigned int, unsigned int, (unsigned int)4294967295, (unsigned int)4294967294, Hashinator::HashFunctions::Fibonacci<unsigned int>, Hashinator::Hashers::Hasher<unsigned int, unsigned int, Hashinator::HashFunctions::Fibonacci<unsigned int>, (unsigned int)4294967295, (unsigned int)4294967294, (int)32, (int)1>, split::split_unified_allocator<Hashinator::Info>> *, Hashinator::Hashmap<unsigned int, unsigned int, (unsigned int)4294967295, (unsigned int)4294967294, Hashinator::HashFunctions::Fibonacci<unsigned int>, Hashinator::Hashers::Hasher<unsigned int, unsigned int, Hashinator::HashFunctions::Fibonacci<unsigned int>, (unsigned int)4294967295, (unsigned int)4294967294, (int)32, (int)1>, split::split_unified_allocator<Hashinator::Info>> *, double)"
0.0,0.0155,2,0.0077,0.0077,0.0073,0.0081,0.0006, 821    1    1,  64    1    1,"update_velocity_block_content_lists_kernel(vmesh::VelocityMesh *, vmesh::VelocityBlockContainer *, Hashinator::Hashmap<unsigned int, unsigned int, (unsigned int)4294967295, (unsigned int)4294967294, Hashinator::HashFunctions::Fibonacci<unsigned int>, Hashinator::Hashers::Hasher<unsigned int, unsigned int, Hashinator::HashFunctions::Fibonacci<unsigned int>, (unsigned int)4294967295, (unsigned int)4294967294, (int)32, (int)1>, split::split_unified_allocator<Hashinator::Info>> *, Hashinator::Hashmap<unsigned int, unsigned int, (unsigned int)4294967295, (unsigned int)4294967294, Hashinator::HashFunctions::Fibonacci<unsigned int>, Hashinator::Hashers::Hasher<unsigned int, unsigned int, Hashinator::HashFunctions::Fibonacci<unsigned int>, (unsigned int)4294967295, (unsigned int)4294967294, (int)32, (int)1>, split::split_unified_allocator<Hashinator::Info>> *, double)"
0.0,0.0153,2,0.0076,0.0076,0.0073,0.0080,0.0005, 973    1    1,  64    1    1,"update_velocity_block_content_lists_kernel(vmesh::VelocityMesh *, vmesh::VelocityBlockContainer *, Hashinator::Hashmap<unsigned int, unsigned int, (unsigned int)4294967295, (unsigned int)4294967294, Hashinator::HashFunctions::Fibonacci<unsigned int>, Hashinator::Hashers::Hasher<unsigned int, unsigned int, Hashinator::HashFunctions::Fibonacci<unsigned int>, (unsigned int)4294967295, (unsigned int)4294967294, (int)32, (int)1>, split::split_unified_allocator<Hashinator::Info>> *, Hashinator::Hashmap<unsigned int, unsigned int, (unsigned int)4294967295, (unsigned int)4294967294, Hashinator::HashFunctions::Fibonacci<unsigned int>, Hashinator::Hashers::Hasher<unsigned int, unsigned int, Hashinator::HashFunctions::Fibonacci<unsigned int>, (unsigned int)4294967295, (unsigned int)4294967294, (int)32, (int)1>, split::split_unified_allocator<Hashinator::Info>> *, double)"
0.0,0.0153,2,0.0076,0.0076,0.0075,0.0078,0.0002, 979    1    1,  64    1    1,"update_velocity_block_content_lists_kernel(vmesh::VelocityMesh *, vmesh::VelocityBlockContainer *, Hashinator::Hashmap<unsigned int, unsigned int, (unsigned int)4294967295, (unsigned int)4294967294, Hashinator::HashFunctions::Fibonacci<unsigned int>, Hashinator::Hashers::Hasher<unsigned int, unsigned int, Hashinator::HashFunctions::Fibonacci<unsigned int>, (unsigned int)4294967295, (unsigned int)4294967294, (int)32, (int)1>, split::split_unified_allocator<Hashinator::Info>> *, Hashinator::Hashmap<unsigned int, unsigned int, (unsigned int)4294967295, (unsigned int)4294967294, Hashinator::HashFunctions::Fibonacci<unsigned int>, Hashinator::Hashers::Hasher<unsigned int, unsigned int, Hashinator::HashFunctions::Fibonacci<unsigned int>, (unsigned int)4294967295, (unsigned int)4294967294, (int)32, (int)1>, split::split_unified_allocator<Hashinator::Info>> *, double)"
0.0,0.0152,2,0.0076,0.0076,0.0073,0.0079,0.0005, 959    1    1,  64    1    1,"update_velocity_block_content_lists_kernel(vmesh::VelocityMesh *, vmesh::VelocityBlockContainer *, Hashinator::Hashmap<unsigned int, unsigned int, (unsigned int)4294967295, (unsigned int)4294967294, Hashinator::HashFunctions::Fibonacci<unsigned int>, Hashinator::Hashers::Hasher<unsigned int, unsigned int, Hashinator::HashFunctions::Fibonacci<unsigned int>, (unsigned int)4294967295, (unsigned int)4294967294, (int)32, (int)1>, split::split_unified_allocator<Hashinator::Info>> *, Hashinator::Hashmap<unsigned int, unsigned int, (unsigned int)4294967295, (unsigned int)4294967294, Hashinator::HashFunctions::Fibonacci<unsigned int>, Hashinator::Hashers::Hasher<unsigned int, unsigned int, Hashinator::HashFunctions::Fibonacci<unsigned int>, (unsigned int)4294967295, (unsigned int)4294967294, (int)32, (int)1>, split::split_unified_allocator<Hashinator::Info>> *, double)"
0.0,0.0147,2,0.0073,0.0073,0.0072,0.0075,0.0002, 578    1    1,  64    1    1,"update_velocity_block_content_lists_kernel(vmesh::VelocityMesh *, vmesh::VelocityBlockContainer *, Hashinator::Hashmap<unsigned int, unsigned int, (unsigned int)4294967295, (unsigned int)4294967294, Hashinator::HashFunctions::Fibonacci<unsigned int>, Hashinator::Hashers::Hasher<unsigned int, unsigned int, Hashinator::HashFunctions::Fibonacci<unsigned int>, (unsigned int)4294967295, (unsigned int)4294967294, (int)32, (int)1>, split::split_unified_allocator<Hashinator::Info>> *, Hashinator::Hashmap<unsigned int, unsigned int, (unsigned int)4294967295, (unsigned int)4294967294, Hashinator::HashFunctions::Fibonacci<unsigned int>, Hashinator::Hashers::Hasher<unsigned int, unsigned int, Hashinator::HashFunctions::Fibonacci<unsigned int>, (unsigned int)4294967295, (unsigned int)4294967294, (int)32, (int)1>, split::split_unified_allocator<Hashinator::Info>> *, double)"
0.0,0.0132,2,0.0066,0.0066,0.0066,0.0067,0.0001, 490    1    1,  64    1    1,"update_velocity_block_content_lists_kernel(vmesh::VelocityMesh *, vmesh::VelocityBlockContainer *, Hashinator::Hashmap<unsigned int, unsigned int, (unsigned int)4294967295, (unsigned int)4294967294, Hashinator::HashFunctions::Fibonacci<unsigned int>, Hashinator::Hashers::Hasher<unsigned int, unsigned int, Hashinator::HashFunctions::Fibonacci<unsigned int>, (unsigned int)4294967295, (unsigned int)4294967294, (int)32, (int)1>, split::split_unified_allocator<Hashinator::Info>> *, Hashinator::Hashmap<unsigned int, unsigned int, (unsigned int)4294967295, (unsigned int)4294967294, Hashinator::HashFunctions::Fibonacci<unsigned int>, Hashinator::Hashers::Hasher<unsigned int, unsigned int, Hashinator::HashFunctions::Fibonacci<unsigned int>, (unsigned int)4294967295, (unsigned int)4294967294, (int)32, (int)1>, split::split_unified_allocator<Hashinator::Info>> *, double)"
0.0,0.0075,1,0.0075,0.0075,0.0075,0.0075,0.0000, 651    1    1,  64    1    1,"update_velocity_block_content_lists_kernel(vmesh::VelocityMesh *, vmesh::VelocityBlockContainer *, Hashinator::Hashmap<unsigned int, unsigned int, (unsigned int)4294967295, (unsigned int)4294967294, Hashinator::HashFunctions::Fibonacci<unsigned int>, Hashinator::Hashers::Hasher<unsigned int, unsigned int, Hashinator::HashFunctions::Fibonacci<unsigned int>, (unsigned int)4294967295, (unsigned int)4294967294, (int)32, (int)1>, split::split_unified_allocator<Hashinator::Info>> *, Hashinator::Hashmap<unsigned int, unsigned int, (unsigned int)4294967295, (unsigned int)4294967294, Hashinator::HashFunctions::Fibonacci<unsigned int>, Hashinator::Hashers::Hasher<unsigned int, unsigned int, Hashinator::HashFunctions::Fibonacci<unsigned int>, (unsigned int)4294967295, (unsigned int)4294967294, (int)32, (int)1>, split::split_unified_allocator<Hashinator::Info>> *, double)"
0.0,0.0053,1,0.0053,0.0053,0.0053,0.0053,0.0000, 247    1    1,  64    1    1,"update_velocity_blocks_kernel(vmesh::VelocityMesh *, vmesh::VelocityBlockContainer *, split::SplitVector<unsigned int, split::split_unified_allocator<unsigned int>> *, split::SplitVector<Hashinator::hash_pair<unsigned int, unsigned int>, split::split_unified_allocator<Hashinator::hash_pair<unsigned int, unsigned int>>> *, split::SplitVector<Hashinator::hash_pair<unsigned int, unsigned int>, split::split_unified_allocator<Hashinator::hash_pair<unsigned int, unsigned int>>> *, split::SplitVector<Hashinator::hash_pair<unsigned int, unsigned int>, split::split_unified_allocator<Hashinator::hash_pair<unsigned int, unsigned int>>> *, unsigned int, unsigned int, unsigned int, float *)"
0.0,0.0036,1,0.0036,0.0036,0.0036,0.0036,0.0000,   1    1    1, 224    1    1,"void Hashinator::Hashers::insert_kernel<unsigned int, unsigned int, (unsigned int)4294967295, Hashinator::HashFunctions::Fibonacci<unsigned int>, (int)32, (int)1>(Hashinator::hash_pair<T1, T2> *, Hashinator::hash_pair<T1, T2> *, Hashinator::Info *, unsigned long)"
0.0,0.0027,1,0.0027,0.0027,0.0027,0.0027,0.0000,   1    1    1, 224    1    1,"void Hashinator::Hashers::reset_to_empty<unsigned int, unsigned int, (unsigned int)4294967295, Hashinator::HashFunctions::Fibonacci<unsigned int>, (int)32, (int)1>(Hashinator::hash_pair<T1, T2> *, Hashinator::hash_pair<T1, T2> *, Hashinator::Info *, unsigned long)"
